ticker,side,entry,exit,days,trade_ret
A,long,2025-02-20,2025-03-04,9,-0.10273417415817976
A,long,2025-03-06,2025-03-11,4,-0.04331676317367694
A,long,2025-03-21,2025-04-04,11,-0.1418454409342591
A,long,2025-04-08,2025-04-15,6,-0.004537033326088014
A,long,2025-10-16,2025-10-20,3,0.02398865033892217
A,long,2025-10-22,2026-01-14,58,0.003437665323831496
A,long,2026-01-27,2026-02-03,6,-0.025875442770194046
A,long,2026-06-16,2026-06-18,3,-0.02703114102960502
A,long,2026-08-07,2026-08-24,12,0.08553841799915052
AAPL,long,2024-12-12,2024-12-13,2,0.006653437623741265
AAPL,long,2025-02-05,2025-03-18,29,-0.08537862113345618
AAPL,long,2025-04-21,2025-04-25,5,0.06244290025193111
AAPL,long,2025-05-07,2025-05-12,4,0.06325333966965241
AAPL,long,2025-08-07,2025-08-07,1,0.031793625894866784
AAPL,long,2025-09-12,2025-09-25,10,0.11668035294004686
AAPL,long,2025-10-17,2025-11-03,12,0.08729034983796491
AAPL,long,2025-11-14,2025-11-28,10,0.021615627223015466
AAPL,long,2025-12-04,2025-12-17,10,-0.04332217535364158
AAPL,long,2026-01-09,2026-02-03,17,0.04030261733499696
AAPL,long,2026-04-23,2026-04-23,1,0.000951726504196948
AAPL,long,2026-06-16,2026-08-19,45,0.06977681125811852
ABBV,long,2025-02-13,2025-02-25,8,0.057720151414127896
ABBV,long,2025-04-21,2025-05-01,9,0.1176367650290886
ABBV,long,2025-05-09,2025-05-22,10,-0.016381133854264762
ABBV,long,2025-07-09,2025-07-14,4,0.009221749589730877
ABBV,long,2025-09-19,2025-10-02,10,0.06563355073413502
ABBV,long,2025-10-06,2025-10-06,1,-0.015903520481921563
ABBV,long,2025-10-10,2025-12-16,47,-0.023440765033374777
ABBV,long,2026-02-03,2026-02-04,2,-0.03780355734227947
ABBV,long,2026-03-09,2026-03-19,9,-0.10377648665463335
ABBV,long,2026-05-11,2026-05-13,3,0.03448275689763314
ABBV,long,2026-07-22,2026-08-24,24,0.03287778211636061
ABNB,long,2024-11-21,2025-01-07,31,-0.0292791127541584
ABNB,long,2025-01-15,2025-01-21,4,0.042868338557993546
ABNB,long,2025-01-24,2025-01-28,3,-0.01643650555388776
ABNB,long,2025-03-18,2025-03-21,4,0.014652591775641932
ABNB,long,2025-04-14,2025-05-14,22,0.20001746114894248
ABNB,long,2025-07-15,2025-07-18,4,0.005556758317096122
ABNB,long,2026-02-20,2026-03-10,13,0.05269851363166689
ABNB,long,2026-05-07,2026-05-26,13,-0.05147269087789541
ABNB,long,2026-06-10,2026-06-23,9,0.057099352874000475
ABNB,long,2026-06-29,2026-07-07,6,0.022258862324814332
ABT,long,2024-12-24,2025-01-03,7,-0.004199026234856795
ABT,long,2025-03-10,2025-03-19,8,-0.0708764374847074
ABT,long,2025-04-17,2025-04-21,2,0.001464897490455197
ABT,long,2025-05-14,2025-05-20,5,0.04765578649193425
ABT,long,2025-06-17,2025-08-13,40,-0.03006614330663815
ABT,long,2025-10-03,2025-10-31,21,-0.06632284378115016
ABT,long,2025-11-07,2025-11-14,6,0.04513808728180524
ABT,long,2026-01-28,2026-02-12,12,0.029555797896370972
ABT,long,2026-04-22,2026-04-29,6,-0.014991411351614636
ABT,long,2026-05-06,2026-05-08,3,-0.032694658639646934
ACGL,long,2025-02-04,2025-02-18,10,-0.051235230934479015
ACGL,long,2025-05-12,2025-07-09,40,-0.07002327057330204
ACGL,long,2025-07-30,2025-08-01,3,0.021830004644681766
ACGL,long,2026-01-29,2026-02-05,6,0.08293511734097936
ACGL,long,2026-02-11,2026-02-12,2,0.020439448134900617
ACGL,long,2026-03-06,2026-03-12,5,-0.029360255485731623
ACGL,long,2026-06-02,2026-07-02,22,0.15167906242957074
ACN,long,2024-12-13,2024-12-31,12,-0.023293896479750664
ACN,long,2025-03-05,2025-03-20,12,-0.1297646244036751
ACN,long,2025-07-14,2025-07-29,12,-0.007685145526031167
ACN,long,2025-12-18,2026-01-05,11,-0.035654042459039026
ACN,long,2026-01-14,2026-01-16,3,0.03399574803805194
ACN,long,2026-02-11,2026-02-19,6,-0.10757288240995322
ACN,long,2026-02-23,2026-02-25,3,-0.11074999289106258
ACN,long,2026-02-27,2026-03-04,4,0.012633757121065292
ACN,long,2026-05-22,2026-05-26,2,-0.004891137831769088
ACN,long,2026-06-11,2026-06-16,4,-0.029208205907811702
ACN,long,2026-06-18,2026-06-18,1,-0.17966793332407427
ADBE,long,2025-04-10,2025-05-08,20,0.05306603773584939
ADBE,long,2025-07-14,2025-08-14,24,-0.04064951149029883
ADBE,long,2026-01-14,2026-01-20,4,-0.0631110250701773
ADBE,long,2026-02-25,2026-03-05,7,0.10412666065760079
ADBE,long,2026-06-11,2026-06-12,2,-0.1258034107464221
ADBE,long,2026-06-16,2026-07-02,12,0.06474122892033307
ADBE,long,2026-07-10,2026-07-27,12,0.0678194475634406
ADI,long,2024-12-04,2024-12-06,3,-0.015076213479872536
ADI,long,2024-12-12,2024-12-16,3,-0.0037306022832497288
ADI,long,2025-02-18,2025-02-20,3,0.13610739045460307
ADI,long,2025-02-28,2025-03-25,18,-0.041727715136849364
ADI,long,2025-04-24,2025-05-15,16,0.2403472659199679
ADI,long,2025-07-11,2025-08-05,18,-0.09974304522313959
ADI,long,2025-08-07,2025-08-08,2,0.014771860258740332
ADI,long,2025-08-15,2025-09-08,16,0.058230827559736964
ADI,long,2025-10-24,2025-11-19,19,-0.045583493436247235
ADI,long,2025-12-30,2026-01-29,21,0.15626016580596036
ADI,long,2026-02-09,2026-02-24,11,0.11121858551374464
ADI,long,2026-03-23,2026-04-24,24,0.2913099237729675
ADI,long,2026-05-07,2026-05-12,4,0.00967201845254162
ADI,long,2026-05-29,2026-06-17,14,-0.008173564002479927
ADI,long,2026-07-06,2026-07-22,13,0.02537384664333442
ADM,long,2025-02-07,2025-03-03,16,0.034052272190491006
ADM,long,2025-05-12,2025-05-20,7,0.03358747346594759
ADM,long,2025-06-02,2025-06-03,2,-0.02050967482571142
ADM,long,2025-07-07,2025-07-11,5,-0.006689650589187912
ADM,long,2025-08-28,2025-09-08,7,-0.006538052138980621
ADM,long,2025-10-02,2025-10-16,11,0.061603380892573334
ADM,long,2025-10-22,2025-10-30,7,-0.01668831909379198
ADM,long,2025-11-07,2025-11-14,6,0.03332157862118712
ADM,long,2026-02-10,2026-02-11,2,0.02895333611741302
ADM,long,2026-03-24,2026-05-06,31,0.14752166963963464
ADM,long,2026-05-21,2026-06-08,12,0.03442940359965885
ADM,long,2026-07-13,2026-07-28,12,0.034448399663241425
ADP,long,2024-12-18,2025-02-04,31,0.030788021577350166
ADP,long,2025-03-10,2025-03-12,3,-0.04003915025883953
ADP,long,2025-04-25,2025-05-20,18,0.09590906468785443
ADP,long,2025-06-27,2025-07-02,4,0.006832065376367158
ADP,long,2025-07-18,2025-08-01,11,-0.005560584736712948
ADP,long,2025-08-07,2025-08-12,4,-0.006663699328478323
ADP,long,2025-09-23,2025-09-25,3,-0.01624326545648158
ADP,long,2026-02-25,2026-02-27,3,0.04220149445957966
ADP,long,2026-03-03,2026-03-06,4,0.05242597043188657
ADP,long,2026-06-09,2026-06-16,6,-0.023532471569949975
ADP,long,2026-06-26,2026-07-02,5,0.1200129443853728
ADP,long,2026-07-10,2026-07-27,12,0.05678050397877965
ADSK,long,2024-12-03,2024-12-11,7,0.03644024945221647
ADSK,long,2024-12-17,2025-01-29,28,-0.002361507428908949
ADSK,long,2025-03-03,2025-03-13,9,-0.09948579555814885
ADSK,long,2025-03-18,2025-04-07,15,-0.06522906914281279
ADSK,long,2025-04-16,2025-04-21,3,-0.04172005728499273
ADSK,long,2025-06-04,2025-07-02,20,0.03612446581196593
ADSK,long,2025-07-14,2025-08-05,17,0.06708513142408767
ADSK,long,2025-08-18,2025-08-20,3,0.0066264429951521375
ADSK,long,2025-10-07,2025-10-21,11,-0.03976130847478565
ADSK,long,2025-11-11,2025-11-26,12,0.008904659882163823
ADSK,long,2026-05-15,2026-05-26,7,0.018686393568801307
ADSK,long,2026-06-09,2026-06-12,4,-0.11824564521862768
ADSK,long,2026-06-23,2026-07-06,9,0.1055827828681013
ADSK,long,2026-07-10,2026-07-24,11,0.005609358519512719
AEE,long,2024-12-17,2024-12-17,1,-0.0005635681728124453
AEE,long,2025-01-30,2025-02-11,9,0.058088174426932815
AEE,long,2025-04-29,2025-06-13,33,-0.025042231260709924
AEE,long,2025-06-20,2025-07-02,9,0.01122649611681914
AEE,long,2025-09-24,2025-10-14,15,0.032900502468625525
AEE,long,2025-12-03,2025-12-22,14,-0.013140361230160047
AEE,long,2026-02-10,2026-02-11,2,0.01688078511968727
AEE,long,2026-03-13,2026-04-01,14,0.0071818148943445514
AEE,long,2026-04-22,2026-04-24,3,0.010549285820456777
AEE,long,2026-04-30,2026-06-03,24,-0.04546681243312012
AEE,long,2026-07-17,2026-08-17,22,-0.03209549071618012
AEP,long,2025-02-12,2025-02-18,4,0.0031408778501635926
AEP,long,2025-05-05,2025-07-08,44,-0.026025350865258257
AEP,long,2025-09-15,2025-10-13,21,0.06705646951312083
AEP,long,2025-12-04,2026-01-05,21,-0.033796366937776545
AEP,long,2026-03-19,2026-04-08,14,0.028556242078237037
AEP,long,2026-04-21,2026-06-03,31,-0.045413223530687885
AEP,long,2026-07-17,2026-08-14,21,-0.04937843275805609
AES,long,2024-11-26,2024-12-09,9,0.033434734568764
AES,long,2025-05-09,2025-05-22,10,-0.1099815176202128
AES,long,2025-05-27,2025-06-06,9,0.09009027623712762
AES,long,2025-08-20,2025-10-02,31,0.07443608411295588
AES,long,2025-11-14,2025-12-23,27,0.01682505212532459
AES,long,2026-04-20,2026-05-06,13,0.0032317017437921702
AES,long,2026-05-29,2026-06-08,7,0.0013614683715044151
AES,long,2026-06-26,2026-07-01,4,-0.0013641854717907353
AES,long,2026-07-06,2026-07-08,3,0.004115254901031262
AES,long,2026-07-30,2026-08-10,8,0.005844963031612638
AFL,long,2025-02-04,2025-02-18,10,-0.022959416713198455
AFL,long,2025-03-06,2025-03-07,2,0.0023114454721884226
AFL,long,2025-05-06,2025-07-02,40,-0.01568224525831108
AFL,long,2025-10-27,2025-11-03,6,-0.0019593249101729215
AFL,long,2026-01-27,2026-02-03,6,0.028455953054179917
AFL,long,2026-06-02,2026-07-07,24,0.08366777019550642
AIG,long,2024-12-20,2025-01-02,8,0.02658606843575395
AIG,long,2025-04-28,2025-07-02,46,0.019382460531749413
AIG,long,2025-07-30,2025-08-25,19,0.04903701910471381
AIG,long,2026-04-16,2026-05-04,13,0.006096740467963269
AIG,long,2026-05-11,2026-05-11,1,-0.003928843513972602
AIG,long,2026-06-01,2026-06-17,13,0.013968339425121545
AIG,long,2026-07-02,2026-07-02,1,0.03655829742786265
AIG,long,2026-07-24,2026-07-30,5,0.009339815762538617
AIZ,long,2025-01-06,2025-02-27,36,-0.00010623407635690363
AIZ,long,2025-04-11,2025-04-14,2,0.024485020042803285
AIZ,long,2025-05-15,2025-06-04,14,0.039125894290244156
AIZ,long,2025-10-22,2025-10-30,7,0.007541193780018052
AIZ,long,2025-12-11,2025-12-18,6,0.06759055596033803
AIZ,long,2026-01-20,2026-03-16,39,-0.04678397445855487
AIZ,long,2026-06-16,2026-07-27,28,0.06710090187312057
AIZ,long,2026-08-05,2026-08-06,2,0.053641889730190906
AJG,long,2024-12-18,2024-12-27,7,0.01283092115565787
AJG,long,2025-01-31,2025-02-06,5,0.07009320569846977
AJG,long,2025-04-22,2025-06-02,29,0.09195370574814232
AJG,long,2025-06-05,2025-07-08,22,-0.06528266764155122
AJG,long,2025-07-29,2025-08-01,4,-0.0807130430458659
AJG,long,2025-10-27,2025-10-31,5,-0.11128131211651748
AJG,long,2025-11-04,2025-11-12,7,0.05300846450023755
AJG,long,2026-05-12,2026-05-18,5,0.043208915269289605
AJG,long,2026-05-20,2026-05-27,5,-0.0029490315967879432
AJG,long,2026-06-04,2026-06-17,10,0.07066306888730112
AKAM,long,2024-12-05,2024-12-18,10,-0.042522889114954276
AKAM,long,2025-02-18,2025-02-21,4,-0.23277672232776725
AKAM,long,2025-02-25,2025-04-08,31,-0.12157115260785556
AKAM,long,2025-04-10,2025-04-10,1,-0.049639816633922584
AKAM,long,2025-05-21,2025-05-23,3,-0.02129307007355785
AKAM,long,2025-08-14,2025-08-15,2,-0.013520678685047693
AKAM,long,2025-09-25,2025-10-02,6,0.023350386986750626
AKAM,long,2025-10-07,2025-10-27,15,-0.037608363080061324
AKAM,long,2026-01-16,2026-02-09,16,0.03485196110564859
AKAM,long,2026-04-01,2026-04-10,7,-0.20461471484545068
AKAM,long,2026-07-10,2026-07-24,11,-0.10924953675108107
AKAM,long,2026-07-31,2026-08-06,5,0.042197802197802226
ALB,long,2024-12-03,2024-12-06,4,-0.05696319666158778
ALB,long,2024-12-17,2024-12-19,3,-0.10669082398322915
ALB,long,2024-12-23,2024-12-24,2,0.015115540860188403
ALB,long,2024-12-31,2025-01-02,2,-0.01056419650681728
ALB,long,2025-01-15,2025-02-03,13,-0.13149087956255878
ALB,long,2025-02-05,2025-02-21,12,-0.015519032458838455
ALB,long,2025-02-28,2025-03-03,2,-0.11422054454960007
ALB,long,2025-05-07,2025-05-13,5,0.07601320252889066
ALB,long,2025-08-28,2025-09-09,8,-0.1722171655719411
ALB,long,2025-09-12,2025-10-14,23,0.2893026505772549
ALB,long,2025-10-24,2025-10-27,2,-0.011606365749153413
ALB,long,2025-10-29,2025-11-03,4,-0.0015516223321421219
ALB,long,2025-12-01,2026-01-07,26,0.24669316077575276
ALB,long,2026-01-16,2026-06-22,107,-0.09380172874569126
ALGN,long,2025-02-03,2025-02-06,4,-0.0033316598968555766
ALGN,long,2025-02-13,2025-02-18,3,-0.015096912437907783
ALGN,long,2025-02-26,2025-03-10,9,-0.12447754795841814
ALGN,long,2025-03-25,2025-04-04,9,-0.09896108469801046
ALGN,long,2025-12-23,2026-02-09,32,0.20856353591160248
ALGN,long,2026-03-03,2026-03-05,3,-0.07099777801290874
ALGN,long,2026-04-21,2026-05-04,10,-0.10320358969007626
ALGN,long,2026-05-06,2026-05-07,2,-0.001896745895323404
ALGN,long,2026-06-05,2026-06-09,3,0.05829223364430458
ALGN,long,2026-08-14,2026-08-24,7,-0.09398410896708287
ALL,long,2025-01-06,2025-01-10,4,-0.05463561022739183
ALL,long,2025-01-29,2025-02-19,15,0.0033514504285929725
ALL,long,2025-05-05,2025-07-02,41,-0.01841317097326589
ALL,long,2025-07-23,2025-08-11,14,0.045940354656923255
ALL,long,2025-09-09,2025-09-10,2,-0.0013978373379111009
ALL,long,2025-09-22,2025-09-25,4,0.018346029817379206
ALL,long,2026-01-28,2026-02-02,4,0.03075416329700209
ALL,long,2026-05-11,2026-05-12,2,0.010884438313113476
ALL,long,2026-06-05,2026-06-17,9,0.05131853538228026
ALL,long,2026-06-30,2026-07-06,4,0.028958488690032258
ALLE,long,2024-11-27,2024-12-26,20,-0.04939235399011488
ALLE,long,2025-02-20,2025-03-06,11,0.006083037396329205
ALLE,long,2025-06-02,2025-07-03,23,0.04174303609915153
ALLE,long,2025-09-12,2025-12-05,60,-0.09953198351139725
ALLE,long,2025-12-09,2025-12-10,2,0.00906457339840716
ALLE,long,2026-05-19,2026-05-21,3,0.01735809923482856
AMAT,long,2024-11-29,2024-12-16,12,-0.011148701736981237
AMAT,long,2025-02-26,2025-03-11,10,-0.1120574938022878
AMAT,long,2025-03-13,2025-04-04,17,-0.14832958269927587
AMAT,long,2025-04-10,2025-04-10,1,-0.07673797501158475
AMAT,long,2025-07-21,2025-08-04,11,-0.04001261310492077
AMAT,long,2025-08-15,2025-08-15,1,-0.14069803346619558
AMAT,long,2025-08-19,2025-09-16,20,0.06425341487133274
AMAT,long,2025-11-14,2026-01-22,46,0.4308556027943522
AMAT,long,2026-01-28,2026-02-04,6,-0.10552726637871557
AMAT,long,2026-02-06,2026-03-03,17,0.1571373269843508
AMAT,long,2026-03-18,2026-05-18,43,0.17338150521860984
AMAT,long,2026-07-28,2026-07-29,2,-0.15562309100300398
AMAT,long,2026-07-31,2026-08-06,5,0.05123866297976587
AMAT,long,2026-08-20,2026-08-24,3,-0.0231014445968849
AMCR,long,2025-02-14,2025-02-14,1,-0.00297040306767693
AMCR,long,2025-02-21,2025-02-21,1,-0.013474570746261016
AMCR,long,2025-04-22,2025-05-05,10,0.0
AMCR,long,2025-05-13,2025-05-13,1,-0.01820129417896199
AMCR,long,2025-07-09,2025-07-09,1,-0.002036550454943775
AMCR,long,2026-01-05,2026-02-05,23,0.11248514399425402
AMCR,long,2026-08-14,2026-08-24,7,0.03298835705045233
AMD,long,2024-11-27,2024-12-18,15,-0.11842869590473448
AMD,long,2025-05-29,2025-05-30,2,-0.018872939925571486
AMD,long,2025-06-11,2025-06-17,5,0.03132099967543023
AMD,long,2025-07-28,2025-07-29,2,0.06589775935604014
AMD,long,2025-09-03,2025-10-09,27,0.43475850172498776
AMD,long,2025-12-08,2026-01-05,19,0.014268018534661087
AMD,long,2026-01-09,2026-01-14,4,0.09243697478991586
AMD,long,2026-02-20,2026-03-05,10,-0.019275212666568176
AMD,long,2026-03-19,2026-03-23,3,0.01614358768675417
AMD,long,2026-04-06,2026-04-22,13,0.39521839080459764
AMD,long,2026-04-30,2026-05-07,6,0.2116519830322443
AMD,long,2026-05-19,2026-05-20,2,0.0631606451459652
AMD,long,2026-05-27,2026-06-03,6,0.07666355752247522
AMD,long,2026-06-09,2026-07-23,31,0.10066689780352056
AMD,long,2026-07-28,2026-07-29,2,-0.13211435498535196
AMD,long,2026-07-31,2026-08-07,6,-0.00418220400090652
AMD,long,2026-08-20,2026-08-21,2,0.014643454397324174
AME,long,2025-01-06,2025-01-31,18,0.027788561158470948
AME,long,2025-04-15,2025-05-06,15,0.040220742396175124
AME,long,2025-07-03,2025-07-08,3,-0.0036265659461105493
AME,long,2025-07-18,2025-08-07,15,0.014134778022895533
AME,long,2025-10-22,2025-10-31,8,0.07334043721753836
AME,long,2025-12-31,2026-01-29,20,0.09462392995090996
AME,long,2026-02-27,2026-03-18,14,-0.1006591789991983
AME,long,2026-03-20,2026-04-28,27,0.08250587711968627
AME,long,2026-04-30,2026-05-01,2,0.011453887148474617
AME,long,2026-05-05,2026-05-07,3,0.018660752563486982
AME,long,2026-05-11,2026-05-27,12,-0.025903581644258655
AMGN,long,2025-04-28,2025-05-05,6,-0.0027774027017682945
AMGN,long,2025-05-08,2025-05-22,11,-0.005572433622777151
AMGN,long,2025-08-08,2025-09-08,21,-0.007857449121022375
AMGN,long,2025-09-19,2025-09-22,2,0.03687058870520721
AMGN,long,2025-09-26,2025-10-02,5,0.0966884615215533
AMGN,long,2025-12-03,2026-02-05,44,0.08700798358575068
AMGN,long,2026-02-12,2026-02-17,3,0.02555263702481425
AMGN,long,2026-03-12,2026-03-31,14,-0.06829257820047663
AMGN,long,2026-04-07,2026-04-07,1,-0.007502209808226135
AMGN,long,2026-04-15,2026-04-23,7,-0.006639119322020437
AMGN,long,2026-05-05,2026-05-15,9,0.01520494261869576
AMGN,long,2026-05-20,2026-05-20,1,0.002479257411846847
AMGN,long,2026-07-31,2026-08-10,7,0.076256254090036
AMP,long,2024-12-06,2025-03-04,58,-0.11618215427194967
AMP,long,2025-03-06,2025-03-17,8,-0.032175037099623105
AMP,long,2025-04-11,2025-04-24,9,0.03846493077823121
AMP,long,2025-04-30,2025-05-13,10,0.10550610727126042
AMP,long,2025-05-23,2025-05-27,2,0.01826012949269029
AMP,long,2025-06-06,2025-06-16,7,0.008890762542267172
AMP,long,2025-07-25,2025-08-12,13,0.003006547125840031
AMP,long,2025-08-15,2025-09-24,28,-0.04243802214497261
AMP,long,2026-02-13,2026-03-13,20,-0.053969572303751545
AMP,long,2026-06-15,2026-06-22,5,0.02674618336851009
AMP,long,2026-06-26,2026-07-02,5,0.07913252832449746
AMP,long,2026-08-24,2026-08-24,1,0.00997138177432988
AMT,long,2025-05-05,2025-07-28,58,0.01061991216208491
AMT,long,2025-08-06,2025-08-25,14,0.005093958537187859
AMT,long,2025-09-05,2025-09-11,5,0.007483788478987341
AMT,long,2025-12-04,2025-12-09,4,0.019128213441332198
AMT,long,2026-06-24,2026-07-29,25,-0.0006689708997658084
AMT,long,2026-08-07,2026-08-17,7,0.006016355140187057
AMZN,long,2024-11-25,2024-12-02,5,0.06894277597402598
AMZN,long,2025-01-02,2025-03-10,45,-0.11326860841423947
AMZN,long,2025-03-12,2025-03-24,9,0.033928480594130006
AMZN,long,2025-04-02,2025-04-04,3,-0.11016287661965973
AMZN,long,2025-07-21,2025-09-05,34,0.027417856984920386
AMZN,long,2025-09-18,2025-10-09,16,-0.016751575857006595
AMZN,long,2025-10-29,2025-11-03,4,0.10796074154852775
AMZN,long,2025-12-22,2026-01-07,11,0.06250274906531805
AMZN,long,2026-01-09,2026-01-29,14,-0.018514759023914862
AMZN,long,2026-03-16,2026-04-09,18,0.12510232580536496
AMZN,long,2026-05-11,2026-06-02,16,-0.05926360569165301
AMZN,long,2026-06-08,2026-07-16,27,0.0156891436003741
ANET,long,2024-11-22,2024-12-16,16,0.15099883942020376
ANET,long,2025-03-11,2025-04-04,19,-0.17006188757091345
ANET,long,2025-04-11,2025-04-25,10,0.0724019270474876
ANET,long,2025-06-06,2025-06-20,10,-0.09382223156125225
ANET,long,2025-06-24,2025-06-27,4,0.08091353996737394
ANET,long,2025-08-15,2025-08-18,2,0.011430246189917836
ANET,long,2025-08-27,2025-10-08,30,0.17196693230058813
ANET,long,2025-10-16,2025-10-27,8,0.09366717812805136
ANET,long,2025-10-29,2025-10-29,1,0.03355233781973577
ANET,long,2025-11-04,2025-11-05,2,-0.10895361380798285
ANET,long,2025-11-12,2025-11-20,7,-0.11368857926332188
ANET,long,2025-11-24,2025-12-02,6,0.08336881546453179
ANET,long,2026-02-24,2026-03-03,6,-0.02220827120772184
ANET,long,2026-04-07,2026-04-27,15,0.3660990099009902
ANET,long,2026-04-30,2026-05-06,5,-0.12817168603272466
ANET,long,2026-05-19,2026-05-27,6,0.08891397925340483
ANSS-202507,long,2024-12-27,2025-01-08,8,0.009730714957667086
ANSS-202507,long,2025-03-10,2025-04-04,20,-0.11903811308006529
ANSS-202507,long,2025-05-19,2025-05-19,1,-0.007645039379165053
ANSS-202507,long,2025-05-23,2025-05-23,1,-0.004306707405790644
ANSS-202507,long,2025-05-30,2025-07-01,22,0.0742227900468464
ANSS-202507,long,2025-07-07,2025-07-07,1,-0.011946228366169653
ANSS-202507,long,2025-08-27,2025-10-06,28,0.0
AON,long,2024-12-24,2025-01-27,21,0.051691377681567285
AON,long,2025-04-23,2025-05-28,25,-0.01747444328017056
AON,long,2025-07-25,2025-07-29,3,-0.007234843188577922
AON,long,2025-09-29,2025-10-31,25,-0.04324872545103631
AON,long,2026-01-27,2026-01-30,4,0.031782170338016336
AON,long,2026-02-11,2026-02-17,4,0.025289290885006643
AON,long,2026-05-21,2026-05-27,4,-0.008127061632493104
AON,long,2026-06-03,2026-06-17,11,0.027779531313113726
AOS,long,2024-12-03,2024-12-13,9,-0.028935109244800472
AOS,long,2025-02-24,2025-03-04,7,-0.005607777138307846
AOS,long,2025-09-22,2025-10-01,8,0.00013693083314536558
AOS,long,2025-10-09,2025-10-13,3,-0.047699504070842225
AOS,long,2025-10-24,2025-11-04,8,-0.05122331189089291
AOS,long,2025-11-19,2025-12-01,8,0.041653418180116475
AOS,long,2026-03-06,2026-03-18,9,-0.11108028862991803
AOS,long,2026-08-18,2026-08-24,5,0.02149837133550525
APA,long,2024-12-09,2024-12-12,4,0.07096167382141805
APA,long,2024-12-24,2024-12-24,1,0.012499999999999956
APA,long,2025-02-10,2025-02-14,5,0.06783568779376004
APA,long,2025-03-04,2025-03-13,8,0.007940870028525504
APA,long,2025-03-20,2025-04-03,11,-0.14752514484398482
APA,long,2025-05-07,2025-05-09,3,0.06293704148551016
APA,long,2025-05-30,2025-06-06,6,0.06689740110994258
APA,long,2025-08-20,2025-08-29,8,0.14723320188417155
APA,long,2025-10-10,2025-11-19,29,0.02786369191282545
APA,long,2025-11-24,2025-11-26,3,0.030062629409649322
APA,long,2025-12-01,2025-12-05,5,0.0853023839110787
APA,long,2026-01-15,2026-01-21,4,-0.0056200630041247646
APA,long,2026-02-05,2026-02-09,3,0.0040175338573633645
APA,long,2026-04-24,2026-06-16,37,-0.11381278360397773
APA,long,2026-06-18,2026-06-24,4,-0.017830869804463134
APA,long,2026-07-15,2026-07-29,11,0.0703245206448102
APA,long,2026-08-07,2026-08-10,2,0.12291267451409804
APD,long,2024-12-16,2025-01-13,18,-0.027881160162122387
APD,long,2025-08-20,2025-08-27,6,0.015057425996713558
APD,long,2025-09-17,2025-09-22,4,0.008913822005019556
APD,long,2025-09-25,2025-10-31,27,-0.10315577607507365
APD,long,2026-03-10,2026-04-07,20,0.07224233611311681
APD,long,2026-04-16,2026-06-17,44,-0.045594622401196605
APH,long,2024-12-30,2025-01-23,16,0.11040442588603572
APH,long,2025-01-29,2025-01-31,3,0.03207928013326633
APH,long,2025-03-12,2025-03-13,2,-0.00032447673758206896
APH,long,2025-04-15,2025-04-24,7,0.16147259057701668
APH,long,2025-05-22,2025-10-29,111,0.6360295519699495
APH,long,2025-11-25,2026-01-28,43,0.06064295157445532
APH,long,2026-02-03,2026-02-04,2,-0.10301515888181534
APH,long,2026-02-06,2026-03-03,17,0.01527868239959096
APH,long,2026-03-19,2026-03-25,5,0.009188734741383264
APH,long,2026-04-01,2026-05-26,38,0.10455076491560256
APH,long,2026-08-17,2026-08-24,6,-0.06917599186164824
APO,long,2024-12-24,2025-01-13,12,-0.0980598232724289
APO,long,2025-01-15,2025-03-04,33,-0.13190924623545686
APO,long,2025-03-11,2025-03-13,3,0.03356881702152004
APO,long,2025-04-08,2025-04-25,13,0.18725519946271696
APO,long,2025-05-22,2025-06-09,12,0.0216559016696396
APO,long,2025-08-26,2025-09-19,18,0.0811112411934396
APO,long,2026-01-29,2026-02-03,4,-0.04545108199300474
APO,long,2026-02-12,2026-02-23,7,-0.1004759600417856
APO,long,2026-02-25,2026-03-10,10,-0.05222112871966367
APO,long,2026-06-09,2026-06-29,14,-0.09986673634885901
APO,long,2026-07-01,2026-07-17,12,0.018257141063740878
APO,long,2026-07-23,2026-07-30,6,0.01016465921882359
APP,long,2025-09-25,2025-10-20,18,-0.11836365902293122
APP,long,2025-10-22,2025-12-03,30,0.19826650260567535
APP,long,2026-01-16,2026-01-21,3,-0.12262145999110385
APP,long,2026-01-30,2026-01-30,1,-0.16887428852505093
APP,long,2026-02-03,2026-02-04,2,-0.19805383022774337
APP,long,2026-02-06,2026-02-10,3,0.2603469871811954
APP,long,2026-02-18,2026-03-03,10,0.16608215101758872
APP,long,2026-04-20,2026-05-07,14,0.0454107292539816
APP,long,2026-05-15,2026-05-15,1,0.03264902300272077
APP,long,2026-05-21,2026-05-26,3,0.06626855768433293
APP,long,2026-06-26,2026-07-16,14,-0.025676675711434283
APP,long,2026-07-29,2026-08-06,7,-0.1973841518817846
APP,long,2026-08-12,2026-08-24,9,-0.06304129534329128
APTV,long,2024-12-06,2024-12-13,6,0.018625926532697124
APTV,long,2025-02-20,2025-03-31,28,-0.10741079540730436
APTV,long,2025-04-02,2025-04-04,3,-0.10397293831764598
APTV,long,2025-04-08,2025-04-24,12,0.05925366881185612
APTV,long,2025-07-08,2025-08-04,20,-0.0995417859906711
APTV,long,2025-08-06,2025-08-12,5,0.10682313055594461
APTV,long,2025-10-22,2025-11-17,19,-0.10211483037662927
APTV,long,2025-11-19,2025-12-09,14,0.007654840584785827
APTV,long,2026-02-23,2026-03-03,7,-0.10267695538699473
APTV,long,2026-03-06,2026-03-09,2,0.008863063082592326
APTV,long,2026-08-07,2026-08-24,12,0.02246220302375823
ARE,long,2025-02-20,2025-02-25,4,0.058965581349373686
ARE,long,2025-05-14,2025-05-20,5,-0.003038569826373294
ARE,long,2025-11-10,2025-11-19,8,-0.10969255067317685
ARE,long,2025-11-25,2025-12-02,5,0.05095666774620078
ARE,long,2026-03-05,2026-03-16,8,-0.09835761908932639
ARE,long,2026-03-18,2026-04-01,11,-0.10983849547151925
ARE,long,2026-04-06,2026-04-08,3,0.03724269503464339
ARE,long,2026-07-10,2026-07-14,3,-0.020820449391877993
ARE,long,2026-07-28,2026-08-24,20,0.05156645261724102
ARES,long,2026-01-16,2026-01-20,2,-0.03780153776069228
ARES,long,2026-02-12,2026-02-20,6,-0.10350853580303443
ARES,long,2026-02-24,2026-03-10,11,-0.0514096699979496
ARES,long,2026-06-09,2026-06-25,12,-0.10457154560528914
ARES,long,2026-06-30,2026-07-14,10,0.11802973977695164
ARES,long,2026-07-23,2026-07-31,7,0.0712553316049176
ATO,long,2024-11-22,2024-11-27,4,0.013663767591167497
ATO,long,2025-02-05,2025-02-12,6,0.02766858880970746
ATO,long,2025-03-10,2025-03-12,3,-0.009690582984921203
ATO,long,2025-05-05,2025-07-11,47,-0.03995263451764386
ATO,long,2025-09-24,2025-10-08,11,0.05657084403633572
ATO,long,2025-12-04,2026-01-05,21,-0.024948840198518063
ATO,long,2026-01-30,2026-02-02,2,0.0031325523014400503
ATO,long,2026-04-22,2026-06-08,33,-0.07702645729664981
ATO,long,2026-07-17,2026-07-21,3,-0.01679398086475703
AVB-202608,long,2025-01-07,2025-01-22,10,0.007660517782386522
AVB-202608,long,2025-02-04,2025-02-05,2,0.018019993130112377
AVB-202608,long,2025-05-12,2025-05-28,12,-0.01727244149192353
AVB-202608,long,2025-06-17,2025-07-15,19,-0.029037835051943017
AVB-202608,long,2025-08-07,2025-08-18,8,0.00938337540052081
AVB-202608,long,2025-08-22,2025-08-25,2,0.009662384370187516
AVB-202608,long,2025-10-06,2025-10-06,1,-0.016309249081324806
AVB-202608,long,2025-10-30,2025-10-30,1,-0.00896239405194732
AVB-202608,long,2026-01-30,2026-02-02,2,0.002974951184270491
AVB-202608,long,2026-03-12,2026-03-18,5,-0.03323250780900877
AVB-202608,long,2026-04-27,2026-04-29,3,0.06955562243540525
AVB-202608,long,2026-06-26,2026-07-28,22,0.03242684676375718
AVGO,long,2024-11-29,2024-12-16,12,0.5657292682774815
AVGO,long,2025-02-21,2025-02-25,3,-0.10673027558734005
AVGO,long,2025-02-27,2025-03-03,3,-0.12008075773393223
AVGO,long,2025-03-05,2025-04-03,22,-0.17603995611258083
AVGO,long,2025-04-15,2025-04-25,8,0.07821259442638318
AVGO,long,2025-06-25,2025-07-08,9,0.030443184985315064
AVGO,long,2025-07-16,2025-08-28,32,0.0986330842182015
AVGO,long,2025-09-05,2025-09-09,3,0.09986939629840008
AVGO,long,2025-11-11,2025-12-03,16,0.06199949701555396
AVGO,long,2026-01-20,2026-01-28,7,-0.05251487960875223
AVGO,long,2026-02-18,2026-02-24,5,-0.021200590185517232
AVGO,long,2026-03-19,2026-03-25,5,0.011232692468493122
AVGO,long,2026-04-07,2026-04-10,4,0.18166199337859013
AVGO,long,2026-04-21,2026-05-07,13,0.03235495872791483
AVGO,long,2026-05-28,2026-06-02,4,0.1415399568502218
AVGO,long,2026-06-15,2026-07-09,17,0.05149529861459845
AVY,long,2024-12-16,2024-12-16,1,-0.010659005316903558
AVY,long,2025-05-08,2025-05-08,1,0.007922614865938371
AVY,long,2025-05-12,2025-05-13,2,0.05766551469082626
AVY,long,2025-07-09,2025-07-10,2,0.013114599002616467
AVY,long,2025-08-01,2025-08-05,3,0.0023841510096405116
AVY,long,2025-12-30,2026-01-21,15,0.017629348447473214
AVY,long,2026-03-04,2026-03-12,7,-0.09852395873310682
AVY,long,2026-03-16,2026-03-31,12,0.011184590143819673
AWK,long,2025-02-07,2025-02-19,8,0.03769834876451306
AWK,long,2025-05-05,2025-05-22,14,-0.02996573273739489
AWK,long,2025-05-27,2025-07-11,32,-0.009191703862635792
AWK,long,2025-08-11,2025-08-13,3,-0.005559844934165836
AWK,long,2025-09-24,2025-10-07,10,0.03885403114813468
AWK,long,2026-01-30,2026-01-30,1,0.0010077932551297852
AWK,long,2026-02-03,2026-02-04,2,-0.017934658441855267
AWK,long,2026-05-07,2026-05-13,5,0.020696531540107088
AWK,long,2026-05-19,2026-06-08,14,-0.018745508755804607
AWK,long,2026-08-04,2026-08-11,6,0.04314556150993765
AXON,long,2024-12-26,2025-01-07,8,-0.10965544554455453
AXON,long,2025-01-10,2025-02-10,21,0.1740915231925737
AXON,long,2025-04-02,2025-04-24,16,0.09140798226164049
AXON,long,2025-05-29,2025-08-18,56,0.05408788282290233
AXON,long,2025-10-07,2025-10-15,7,-0.10615446444656962
AXON,long,2025-10-17,2025-10-30,10,0.13295613107011994
AXON,long,2025-11-07,2025-11-20,10,-0.11501515822461428
AXON,long,2026-02-24,2026-02-26,3,0.2993340260721711
AXON,long,2026-08-14,2026-08-24,7,-0.029240241069542816
AXP,long,2024-12-04,2024-12-12,7,-0.00599123774817778
AXP,long,2025-01-21,2025-03-06,32,-0.11812119982071978
AXP,long,2025-03-10,2025-03-25,12,0.022217405605896356
AXP,long,2025-04-07,2025-04-14,6,0.09286201626755841
AXP,long,2025-06-06,2025-06-24,12,0.0419652030246942
AXP,long,2025-07-24,2025-08-06,10,-0.042506292785596034
AXP,long,2025-08-15,2025-08-25,7,0.026224176548323097
AXP,long,2025-09-11,2025-09-15,3,0.012092161259323664
AXP,long,2025-11-07,2025-11-24,12,-0.026795796748574574
AXP,long,2025-12-10,2026-01-27,32,-0.010061611597607656
AXP,long,2026-03-03,2026-03-12,8,-0.01802028070128181
AXP,long,2026-06-04,2026-06-24,14,0.13970122650421235
AXP,long,2026-08-17,2026-08-24,6,-0.01503737444522324
AZO,long,2025-01-03,2025-01-03,1,0.00577846153846151
AZO,long,2025-02-04,2025-02-04,1,0.007808402773731293
AZO,long,2025-02-11,2025-03-10,19,0.07660573879301547
AZO,long,2025-04-28,2025-06-25,41,-0.0331889852133217
AZO,long,2025-07-17,2025-08-05,14,0.08923809678978589
AZO,long,2025-09-19,2025-10-29,29,-0.10252296852278009
AZO,long,2025-10-31,2025-11-13,10,0.030672247364145866
AZO,long,2026-03-18,2026-04-22,25,0.043710969752648765
AZO,long,2026-06-12,2026-07-02,14,0.025201030626748278
BA,long,2025-02-13,2025-03-04,13,-0.14684563758389246
BA,long,2025-03-06,2025-03-13,6,-0.023535180191223692
BA,long,2025-04-15,2025-04-24,7,0.10660472124560472
BA,long,2025-06-05,2025-08-13,48,0.10090574582507705
BA,long,2025-09-11,2025-10-03,17,-0.04931434599156115
BA,long,2026-02-17,2026-03-10,16,-0.10372077708264726
BA,long,2026-03-12,2026-03-27,12,-0.11013545072396069
BA,long,2026-05-27,2026-06-03,6,-0.03800822293284578
BA,long,2026-06-22,2026-07-07,11,0.04022988505747116
BA,long,2026-07-30,2026-08-04,4,0.1081725153030233
BAC,long,2024-12-24,2025-03-13,53,-0.09044562127541056
BAC,long,2025-04-11,2025-04-14,2,0.022873174893693005
BAC,long,2025-06-06,2025-06-11,4,0.013825873700668234
BAC,long,2025-07-07,2025-08-27,38,0.029634141808420944
BAC,long,2025-09-11,2025-09-16,4,0.010572450361173713
BAC,long,2025-11-05,2025-11-20,12,-0.047441176252888684
BAC,long,2026-01-09,2026-01-13,3,-0.029191835759957208
BAC,long,2026-01-16,2026-01-30,10,0.011599227718970706
BAC,long,2026-02-13,2026-03-13,20,-0.10540532493008414
BAC,long,2026-05-28,2026-07-02,25,0.15528661159925083
BAC,long,2026-08-13,2026-08-24,8,-0.03826569973769478
BALL,long,2024-11-25,2024-11-29,4,0.004849662373042518
BALL,long,2025-07-07,2025-07-28,16,-0.0008513164533185957
BALL,long,2025-07-31,2025-08-27,20,-0.09950075702550887
BALL,long,2025-08-29,2025-09-12,10,-0.01315086408016608
BALL,long,2026-03-03,2026-03-18,12,-0.09816322947149958
BALL,long,2026-03-20,2026-04-14,17,0.07662307611162666
BALL,long,2026-05-18,2026-05-22,5,0.023731890770987585
BALL,long,2026-08-14,2026-08-24,7,0.040206684966898276
BAX,long,2025-03-27,2025-03-31,3,0.026079181745661373
BAX,long,2025-05-08,2025-05-21,10,-0.00944006514547202
BAX,long,2025-10-28,2025-10-30,3,-0.17306863370430847
BAX,long,2025-11-12,2025-11-21,8,0.0032876890347108834
BAX,long,2026-03-06,2026-03-16,7,-0.0817204614569137
BAX,long,2026-03-24,2026-04-01,7,0.01023481673683313
BAX,long,2026-04-08,2026-04-29,16,0.016847017054826274
BAX,long,2026-05-08,2026-05-08,1,0.028587805615438278
BAX,long,2026-07-08,2026-07-10,3,-0.010498687664041939
BAX,long,2026-07-29,2026-08-24,19,0.08699220352892878
BBY,long,2024-11-21,2024-11-25,3,0.07214470434330233
BBY,long,2025-08-27,2025-08-28,2,-0.013709667133243175
BBY,long,2025-10-16,2025-12-29,51,-0.1233791085171615
BBY,long,2025-12-31,2026-01-14,10,-0.016954201149976256
BBY,long,2026-05-26,2026-05-27,2,0.04721726589067221
BBY,long,2026-07-31,2026-08-24,17,-0.00387155545433826
BDX,long,2024-12-13,2024-12-19,5,-0.01470265319381625
BDX,long,2025-02-28,2025-03-17,12,0.020998119533662818
BDX,long,2025-05-07,2025-05-15,7,0.043112365665735064
BDX,long,2025-09-17,2025-11-03,34,-0.04784920789830882
BDX,long,2026-01-27,2026-02-11,12,0.12987315653537101
BDX,long,2026-04-13,2026-05-08,20,-0.031059668121541262
BDX,long,2026-08-17,2026-08-24,6,0.04002181025081808
BEN,long,2024-12-30,2025-03-06,45,-0.01376604702852191
BEN,long,2025-04-11,2025-04-25,10,0.056433392526264115
BEN,long,2025-07-08,2025-08-05,21,0.028513308979565055
BEN,long,2025-08-28,2025-10-01,24,-0.10870042098413646
BEN,long,2025-10-21,2025-10-28,6,0.02958057364768818
BEN,long,2026-02-26,2026-03-12,11,-0.12802642429608502
BEN,long,2026-03-16,2026-04-08,17,0.0461505609462558
BEN,long,2026-06-26,2026-08-07,30,0.04468398309511423
BEN,long,2026-08-17,2026-08-24,6,0.022445363260484186
BF.B,long,2024-11-21,2024-12-13,16,0.12172779707798109
BF.B,long,2025-02-07,2025-02-25,12,0.06301978549260756
BF.B,long,2025-05-05,2025-05-20,12,0.025507402185114048
BF.B,long,2025-06-23,2025-07-03,9,0.10085667047319613
BF.B,long,2025-09-16,2025-10-07,16,0.017909335850550878
BF.B,long,2025-10-09,2025-10-15,5,-0.023372819421190183
BF.B,long,2025-12-18,2026-01-05,11,-0.10506243958111783
BF.B,long,2026-01-07,2026-01-15,7,0.05057468404011023
BF.B,long,2026-01-28,2026-02-09,9,0.10123273304215785
BF.B,long,2026-06-09,2026-07-08,20,-0.016462540041572105
BF.B,long,2026-08-19,2026-08-24,4,0.058931860036832484
BG,long,2025-02-07,2025-02-18,7,0.018337208080379863
BG,long,2025-05-07,2025-06-17,29,0.10583395242492588
BG,long,2025-07-07,2025-07-11,5,-0.021672697669105734
BG,long,2025-10-02,2025-10-06,3,0.01988113938879721
BG,long,2025-10-13,2025-10-14,2,0.020304637499001466
BG,long,2025-11-28,2026-01-13,31,0.06332913210361135
BG,long,2026-03-23,2026-06-08,54,0.06859616137480873
BG,long,2026-07-17,2026-07-21,3,0.04938271604938249
BIIB,long,2025-07-08,2025-07-14,5,0.022900176746330603
BIIB,long,2025-10-15,2025-11-26,31,0.2520817562452684
BIIB,long,2025-12-19,2025-12-29,6,0.04072744394090999
BIIB,long,2026-01-13,2026-01-16,4,-0.1142595485643485
BIIB,long,2026-01-21,2026-02-09,14,0.17190712298947886
BIIB,long,2026-02-12,2026-02-20,6,0.00434100418410055
BIIB,long,2026-04-16,2026-04-23,6,0.040655810346737375
BIIB,long,2026-07-06,2026-07-14,7,-0.1118360170275775
BIIB,long,2026-07-16,2026-07-28,9,0.0424356114378428
BIIB,long,2026-08-05,2026-08-07,3,-0.0024466298872631853
BKNG,long,2024-12-02,2025-01-22,34,-0.11055668587376577
BKNG,long,2025-01-24,2025-02-04,8,-0.028890886891516532
BKNG,long,2025-04-11,2025-05-07,18,0.1560971026925988
BKNG,long,2025-06-06,2025-06-25,13,-0.013589467907352382
BKNG,long,2025-07-14,2025-08-22,30,0.0006594452545782836
BKNG,long,2025-09-09,2025-09-25,13,0.0010826473531670988
BKNG,long,2025-11-05,2025-11-12,6,0.03682476634453802
BKNG,long,2026-02-18,2026-03-05,12,0.1142784385837361
BKNG,long,2026-05-08,2026-05-14,5,-0.09808505096561038
BKNG,long,2026-05-18,2026-06-01,10,0.09809897654209743
BKNG,long,2026-08-13,2026-08-24,8,0.005182323565438907
BKR,long,2024-12-11,2024-12-16,4,0.01431693596159933
BKR,long,2024-12-24,2024-12-31,5,0.021668780753430372
BKR,long,2025-01-14,2025-02-06,17,0.047958876573064524
BKR,long,2025-03-11,2025-03-13,3,0.014091401465591735
BKR,long,2025-03-20,2025-04-04,12,-0.20605379977930915
BKR,long,2025-04-25,2025-05-02,6,0.01979096032911798
BKR,long,2025-05-07,2025-05-20,10,0.025824166268830773
BKR,long,2025-12-01,2025-12-16,12,-0.10318724003746615
BKR,long,2025-12-18,2025-12-22,3,0.005961509747104188
BKR,long,2026-01-09,2026-01-21,8,0.06752987054640047
BKR,long,2026-03-17,2026-05-07,37,0.15496369518799735
BKR,long,2026-06-09,2026-06-18,8,-0.09916704242710739
BKR,long,2026-07-06,2026-07-09,4,0.08374387561958785
BKR,long,2026-07-16,2026-07-23,6,-0.02026203993817688
BKR,long,2026-07-31,2026-08-06,5,0.04757928505461795
BLDR,long,2024-11-27,2024-12-11,10,-0.0740103270223752
BLDR,long,2025-02-24,2025-03-06,9,-0.02242446305060064
BLDR,long,2025-03-27,2025-04-04,7,-0.03899527095123689
BLDR,long,2025-10-15,2025-10-16,2,-0.040128034975407845
BLDR,long,2025-11-17,2025-11-18,2,-0.046790409899458596
BLDR,long,2025-12-18,2025-12-30,8,-0.0030914887450487205
BLDR,long,2026-03-24,2026-04-08,11,-0.018544767304512155
BLK,long,2024-12-03,2025-03-12,67,-0.09856885127272719
BLK,long,2025-04-11,2025-04-25,10,0.05695283713062316
BLK,long,2025-05-09,2025-05-30,15,0.055188183508278144
BLK,long,2025-06-05,2025-06-12,6,0.004564172342001571
BLK,long,2025-08-28,2025-09-30,23,0.03512126519773329
BLK,long,2026-03-03,2026-03-06,4,-0.10066457953599717
BLK,long,2026-03-12,2026-03-31,14,0.011081187444425655
BLK,long,2026-04-07,2026-04-15,7,0.09296337299579949
BLK,long,2026-07-02,2026-07-13,7,0.05220424733266671
BLK,long,2026-07-24,2026-08-04,8,0.09060318562227576
BMY,long,2024-12-17,2024-12-27,8,0.03239663748614996
BMY,long,2025-01-13,2025-01-31,14,0.05588390185096581
BMY,long,2025-02-04,2025-02-04,1,-0.013844912069965298
BMY,long,2025-02-07,2025-02-25,12,0.01375835840012174
BMY,long,2025-05-09,2025-05-21,9,0.0025596481135023996
BMY,long,2025-09-26,2025-10-02,5,0.053443844830166176
BMY,long,2025-10-16,2025-10-17,2,0.0004586509394686189
BMY,long,2025-10-27,2025-10-31,5,0.05110653493907957
BMY,long,2026-01-06,2026-03-30,58,0.12570664169054013
BMY,long,2026-04-28,2026-05-21,18,0.030633388503209957
BMY,long,2026-06-01,2026-06-01,1,-0.03899968412715982
BMY,long,2026-06-03,2026-06-03,1,0.004774187079055414
BMY,long,2026-08-05,2026-08-13,7,-0.018819244194870133
BNY,long,2024-11-21,2025-01-15,36,0.053550724502859914
BNY,long,2025-01-21,2025-01-28,6,0.04232924417000139
BNY,long,2025-02-06,2025-02-25,13,0.011779786555587535
BNY,long,2025-04-04,2025-05-07,23,0.05706477746611349
BNY,long,2025-05-09,2025-05-12,2,0.01871347301532378
BNY,long,2025-05-23,2025-05-27,2,0.011773974555690403
BNY,long,2025-06-13,2025-07-30,32,0.14641903390660227
BNY,long,2025-08-28,2025-10-21,38,0.01875661378736604
BNY,long,2026-01-23,2026-03-10,32,-0.03535317881063582
BNY,long,2026-05-12,2026-05-14,3,0.026341504075898747
BNY,long,2026-05-20,2026-07-07,32,0.12169886824652565
BNY,long,2026-07-29,2026-08-24,19,0.036104543421304536
BR,long,2025-01-28,2025-03-31,44,0.016162498423957894
BR,long,2025-05-15,2025-05-28,9,0.011621541200530938
BR,long,2025-06-09,2025-07-02,17,-0.026323001042887206
BR,long,2025-07-31,2025-08-06,5,0.08192802746589511
BR,long,2025-09-30,2025-10-30,23,-0.06998276202985176
BR,long,2026-01-29,2026-02-06,7,-0.11215770573476402
BR,long,2026-02-10,2026-02-17,5,-0.038221528250556136
BRK.B,long,2025-02-04,2025-02-25,15,0.07578399087406695
BRK.B,long,2025-04-28,2025-07-07,48,-0.09968735874642198
BRK.B,long,2025-10-30,2025-10-31,2,0.0037413822095173632
BRK.B,long,2025-11-05,2025-11-07,3,0.023376942952056723
BRK.B,long,2026-01-27,2026-02-03,6,0.021242269427265592
BRK.B,long,2026-04-27,2026-04-29,3,0.012912298644847997
BRK.B,long,2026-05-11,2026-05-12,2,0.018951968735554825
BRK.B,long,2026-05-22,2026-05-26,2,0.007583649318721575
BRK.B,long,2026-07-20,2026-07-27,6,0.012772198570002447
BRO,long,2024-12-17,2024-12-20,4,-0.013986043876119791
BRO,long,2024-12-24,2025-02-04,27,0.03025288917412783
BRO,long,2025-04-25,2025-06-02,26,-0.03572515137542809
BRO,long,2025-07-29,2025-07-29,1,-0.10401639568096177
BRO,long,2025-10-30,2025-11-03,3,-0.03088421293253585
BRO,long,2026-02-11,2026-02-13,3,0.012720074794057457
BRO,long,2026-05-12,2026-05-21,8,0.057271971976467384
BRO,long,2026-06-05,2026-06-09,3,0.030149888706881844
BSX,long,2024-12-24,2024-12-27,3,0.008902737591809373
BSX,long,2025-01-30,2025-04-04,46,-0.12666731574335466
BSX,long,2025-04-08,2025-06-30,57,0.17336683417085497
BSX,long,2025-07-10,2025-07-18,7,0.0066045066045068435
BSX,long,2025-09-12,2025-10-06,17,-0.07322215832854151
BSX,long,2025-12-15,2025-12-18,4,0.03812918556923739
BSX,long,2025-12-30,2026-01-12,9,-0.00041771094402687226
BSX,long,2026-02-24,2026-02-25,2,-0.01196719107166866
BSX,long,2026-03-10,2026-03-19,8,-0.027955493741307347
BSX,long,2026-04-01,2026-04-06,3,-0.0025498007968126624
BSX,long,2026-06-29,2026-07-02,4,0.020574270856884347
BWA,long,2024-12-06,2024-12-23,12,-0.05854669324684758
BX,long,2024-11-29,2024-12-09,7,-0.019415920894254035
BX,long,2024-12-26,2025-03-04,45,-0.1347509352210865
BX,long,2025-03-06,2025-03-13,6,-0.10201248665776841
BX,long,2025-04-10,2025-04-16,5,-0.05809545482978773
BX,long,2025-05-22,2025-05-27,3,0.013164628401707512
BX,long,2025-06-03,2025-06-16,10,-0.0039622201374696076
BX,long,2025-09-11,2025-10-09,21,-0.09863661049145056
BX,long,2025-11-13,2025-11-21,7,-0.011706900937101028
BX,long,2026-02-03,2026-02-05,3,-0.10227921556981057
BX,long,2026-02-09,2026-02-19,8,-0.019032743345096192
BX,long,2026-02-23,2026-03-06,10,-0.08963463350734047
BX,long,2026-03-13,2026-03-17,3,0.09674882980093136
BX,long,2026-06-08,2026-07-02,18,0.06441266780522614
BX,long,2026-07-24,2026-07-27,2,0.06506034713100095
BXP,long,2024-11-21,2024-12-13,16,0.004650646422103
BXP,long,2024-12-24,2024-12-27,3,-0.013225804824515408
BXP,long,2025-04-11,2025-04-14,2,0.05330202009132168
BXP,long,2025-05-19,2025-05-27,6,-0.011055428880068163
BXP,long,2025-07-03,2025-07-11,6,0.03661930240350575
BXP,long,2025-08-06,2025-08-25,14,0.054160443126588076
BXP,long,2025-10-01,2025-10-07,5,-0.007667492981336621
BXP,long,2025-11-05,2025-11-28,17,0.03771690056106758
BXP,long,2026-06-26,2026-07-30,24,0.10287651183872537
BXP,long,2026-08-06,2026-08-24,13,-0.00028567347521823994
C,long,2024-12-10,2024-12-16,5,-0.005148815503850712
C,long,2024-12-23,2025-01-10,12,0.03194093858178948
C,long,2025-01-15,2025-04-03,55,-0.13623668967952784
C,long,2025-04-07,2025-04-16,8,0.06829509573059567
C,long,2025-07-07,2025-07-08,2,-0.03550503314894771
C,long,2025-07-10,2025-09-30,58,0.1909027626348181
C,long,2025-10-02,2025-10-09,6,-0.028264604784334346
C,long,2025-12-31,2026-02-03,23,0.009500443376541767
C,long,2026-02-09,2026-02-24,11,-0.107017707609536
C,long,2026-02-26,2026-03-19,16,-0.03926881426869344
C,long,2026-05-14,2026-05-15,2,-0.005479450279674225
C,long,2026-05-22,2026-06-18,19,0.1424692083584933
C,long,2026-06-26,2026-07-07,7,-0.029038394732465167
C,long,2026-08-18,2026-08-24,5,-0.04902173128293952
CAG,long,2025-02-18,2025-03-07,14,0.07713602574052869
CAG,long,2025-05-16,2025-05-20,3,0.014053603455704167
CAG,long,2025-10-15,2025-10-31,13,-0.05171410610662819
CAG,long,2026-04-14,2026-04-17,4,0.024121295017908606
CAH,long,2024-12-24,2025-01-03,7,0.012354803160522065
CAH,long,2025-01-28,2025-02-03,5,-0.0413064881044688
CAH,long,2025-02-05,2025-02-07,3,0.01757615794690559
CAH,long,2025-05-01,2025-05-05,3,0.07573089431710778
CAH,long,2025-05-12,2025-09-12,86,0.030253687402769236
CAH,long,2025-12-31,2026-02-06,26,0.09494643442116968
CAH,long,2026-03-10,2026-03-25,12,-0.04935214162149981
CAH,long,2026-04-09,2026-04-13,3,-0.004415993223235715
CAH,long,2026-04-21,2026-05-05,11,-0.06714650067947514
CAH,long,2026-08-06,2026-08-12,5,-0.021192994189691894
CAH,long,2026-08-24,2026-08-24,1,0.012461330660973546
CARR,long,2024-11-22,2024-12-12,14,-0.032495743267619615
CARR,long,2025-05-28,2025-07-10,30,0.06138522888275144
CARR,long,2025-07-24,2025-07-29,4,-0.09973622556266493
CARR,long,2025-08-06,2025-08-14,7,-0.009340031764674572
CARR,long,2026-04-07,2026-05-01,19,0.21640585370053378
CARR,long,2026-05-19,2026-05-27,6,0.0
CARR,long,2026-07-22,2026-07-29,6,-0.10151446993552238
CARR,long,2026-08-18,2026-08-24,5,-0.04140025575447559
CASY,long,2026-05-19,2026-05-29,8,-0.1036722691836699
CASY,long,2026-06-02,2026-06-11,8,0.22894924784438375
CASY,long,2026-06-17,2026-06-22,3,-0.03884301257980727
CAT,long,2024-11-29,2024-12-18,14,-0.09861276662317664
CAT,long,2025-02-20,2025-02-27,6,-0.036827180441734386
CAT,long,2025-04-04,2025-04-08,3,-0.1040686212696822
CAT,long,2025-04-10,2025-04-10,1,-0.03936750793900967
CAT,long,2025-08-28,2025-09-19,16,0.0782813778866136
CAT,long,2025-11-25,2026-01-28,43,0.15222508120040334
CAT,long,2026-03-02,2026-03-03,2,-0.027799163470524024
CAT,long,2026-04-01,2026-05-07,26,0.2666844374059194
CAT,long,2026-05-20,2026-05-20,1,0.014427691663678077
CAT,long,2026-05-27,2026-06-03,6,0.01940448424836405
CAT,long,2026-07-15,2026-07-29,11,-0.15983241774449042
CAT,long,2026-07-31,2026-08-03,2,0.02581753466643577
CB,long,2024-11-21,2024-11-27,5,0.026516712704635292
CB,long,2025-02-07,2025-02-14,6,-0.0306361795383
CB,long,2025-05-05,2025-06-10,26,-0.0036893521166209142
CB,long,2025-06-20,2025-07-02,9,-0.007336477900507843
CB,long,2025-07-23,2025-08-14,17,-0.010727418065547112
CB,long,2026-01-28,2026-02-05,7,0.09888217411551325
CB,long,2026-02-11,2026-02-12,2,0.019187767777611775
CB,long,2026-03-05,2026-03-13,7,-0.012566200792261228
CB,long,2026-05-11,2026-05-14,4,0.0014078327723132666
CB,long,2026-06-01,2026-06-08,6,0.03256013314437767
CBOE,long,2024-12-26,2024-12-27,2,0.014505395347305106
CBOE,long,2025-02-14,2025-02-18,2,-0.005810870543105473
CBOE,long,2025-04-28,2025-05-01,4,0.035675891081300204
CBOE,long,2025-05-15,2025-05-22,6,0.06973258093669643
CBOE,long,2025-05-27,2025-05-28,2,-0.024138499097221655
CBOE,long,2025-06-09,2025-08-01,38,0.11316256160945048
CBOE,long,2025-09-04,2025-10-08,25,0.024850215225347583
CBOE,long,2026-01-05,2026-01-12,6,0.06392324597985599
CBOE,long,2026-01-23,2026-01-30,6,-0.0435190850984849
CBOE,long,2026-03-12,2026-03-25,10,-0.02450703404353005
CBOE,long,2026-03-31,2026-04-07,5,0.04725484437817884
CBOE,long,2026-06-25,2026-07-31,26,0.24295845186105214
CBRE,long,2024-11-27,2024-12-05,6,-0.02855515203304171
CBRE,long,2025-01-03,2025-01-24,14,0.08645111624326396
CBRE,long,2025-02-18,2025-03-10,15,-0.12391289222848378
CBRE,long,2025-03-12,2025-05-05,38,0.001033139950727291
CBRE,long,2025-05-21,2025-05-23,3,-0.05603179551122206
CBRE,long,2025-08-19,2025-08-26,6,0.03535225544855525
CBRE,long,2025-09-02,2025-09-08,5,0.008635578583764847
CBRE,long,2025-09-30,2025-10-23,18,0.032964267740311914
CBRE,long,2025-11-10,2025-11-14,5,0.006616442843104808
CBRE,long,2026-01-05,2026-01-13,7,0.02821649291466355
CBRE,long,2026-02-05,2026-02-12,6,-0.17849177165591656
CBRE,long,2026-02-17,2026-02-19,3,0.04834516197034633
CBRE,long,2026-02-24,2026-03-18,17,-0.07123040643639933
CBRE,long,2026-06-03,2026-07-02,21,0.10730486469576128
CBRE,long,2026-08-13,2026-08-24,8,0.030732700135684965
CCI,long,2024-11-26,2024-11-27,2,0.005844596952461423
CCI,long,2025-05-05,2025-06-17,31,-0.06549258009934178
CCI,long,2025-06-23,2025-07-17,18,0.040527037501743024
CCI,long,2025-09-05,2025-10-10,26,0.0337223622629752
CCI,long,2025-12-04,2025-12-24,15,0.00632064733453741
CCI,long,2026-02-03,2026-02-10,6,-0.004943439137695904
CCI,long,2026-05-27,2026-05-28,2,0.004964628392755133
CCI,long,2026-06-23,2026-07-23,22,-0.10286333012512039
CCI,long,2026-07-27,2026-07-30,4,0.021495327102803552
CCI,long,2026-08-12,2026-08-14,3,0.031776208582292575
CCL,long,2024-11-27,2025-02-18,54,0.015390647893142928
CCL,long,2025-03-03,2025-03-06,4,-0.12787289660737622
CCL,long,2025-03-10,2025-03-21,10,0.014534915776489354
CCL,long,2025-04-02,2025-04-03,2,-0.10881901269054728
CCL,long,2025-04-07,2025-04-24,13,0.133333403123977
CCL,long,2025-07-24,2025-09-29,47,-0.04359143661536902
CCL,long,2025-10-02,2025-10-15,10,0.016925227017765332
CCL,long,2026-02-25,2026-03-04,6,-0.1138880356614923
CCL,long,2026-03-06,2026-03-12,5,-0.11929305014088787
CCL,long,2026-08-13,2026-08-24,8,-0.07083483917600264
CDNS,long,2025-01-15,2025-01-29,10,-0.01465039600258311
CDNS,long,2025-02-03,2025-02-04,2,0.006887977958470515
CDNS,long,2025-05-21,2025-05-29,6,-0.11246295429730147
CDNS,long,2025-06-02,2025-07-07,24,0.1157557390183579
CDNS,long,2025-08-26,2025-09-09,10,0.048031518873663526
CDNS,long,2025-09-16,2025-10-14,21,-0.07331019572143804
CDNS,long,2025-10-17,2025-10-27,7,0.08373168851195079
CDNS,long,2025-11-14,2025-12-02,12,0.006171081363334219
CDNS,long,2026-04-02,2026-04-23,15,0.12184589028873316
CDNS,long,2026-06-17,2026-07-17,21,-0.14887198659275513
CDNS,long,2026-07-21,2026-08-03,10,0.018852483860212876
CDNS,long,2026-08-13,2026-08-24,8,-0.02231300095936606
CDW,long,2024-12-02,2024-12-13,10,0.0007389725000013225
CDW,long,2025-02-26,2025-03-13,12,-0.10450212643130818
CDW,long,2025-03-17,2025-03-21,5,-0.008562818236436787
CDW,long,2025-04-03,2025-04-04,2,-0.12148108509230893
CDW,long,2025-07-08,2025-07-15,6,-0.008964771392929949
CDW,long,2026-01-08,2026-01-22,10,-0.001775472832073799
CDW,long,2026-05-20,2026-05-26,4,0.04680278476569355
CDW,long,2026-08-10,2026-08-24,11,-0.024298649865386435
CE,long,2024-11-29,2024-12-16,12,-0.06514883783439729
CEG,long,2024-11-25,2024-12-17,16,-0.06262751515792353
CEG,long,2025-03-20,2025-03-21,2,0.020316500404424342
CEG,long,2025-04-01,2025-04-04,4,-0.15211026065483046
CEG,long,2025-04-08,2025-04-09,2,0.19834248195369453
CEG,long,2025-06-06,2025-07-10,23,0.08189591338359326
CEG,long,2025-07-17,2025-08-08,17,0.08943869427778939
CEG,long,2025-08-14,2025-08-22,7,-0.0521816125612542
CEG,long,2025-09-03,2025-09-23,15,0.09590166190989957
CEG,long,2025-09-29,2025-10-01,3,0.05928873864520856
CEG,long,2025-10-14,2025-10-14,1,0.022708712661502428
CEG,long,2025-11-26,2026-01-02,25,0.04168144816287067
CEG,long,2026-01-21,2026-01-22,2,-0.027251160138032304
CEG,long,2026-02-03,2026-02-18,11,0.08553597375542243
CEG,long,2026-04-17,2026-05-15,21,-0.10538664200824777
CEG,long,2026-07-20,2026-07-21,2,0.03894766043921605
CF,long,2024-12-18,2024-12-24,5,-0.01476683103027343
CF,long,2025-01-21,2025-02-03,10,-0.04679940587580034
CF,long,2025-02-07,2025-02-21,10,-0.06822272324353496
CF,long,2025-02-27,2025-03-05,5,-0.0188994322416276
CF,long,2025-05-21,2025-05-27,4,0.041173744841896065
CF,long,2025-06-02,2025-06-03,2,0.01774891216308294
CF,long,2025-06-27,2025-08-08,30,-0.10783983635940508
CF,long,2025-08-12,2025-08-28,13,0.06287036426118386
CF,long,2026-04-02,2026-04-17,11,-0.1195499522365906
CF,long,2026-04-22,2026-06-11,36,-0.11800309557341648
CF,long,2026-06-15,2026-06-25,8,-0.036445036445036605
CFG,long,2024-12-27,2025-02-06,27,0.1103262888634906
CFG,long,2025-02-11,2025-02-18,5,-0.011824307983543947
CFG,long,2025-02-21,2025-03-07,11,-0.0983109712755944
CFG,long,2025-03-11,2025-04-04,19,-0.13916110710136398
CFG,long,2025-04-08,2025-04-25,13,0.0637199252497005
CFG,long,2025-08-25,2025-09-30,26,0.047075016703089334
CFG,long,2025-10-06,2025-10-16,9,-0.10089186778916759
CFG,long,2025-11-06,2025-11-10,3,0.01769046557314069
CFG,long,2025-11-13,2025-11-19,5,-0.028484597175462367
CFG,long,2026-01-15,2026-03-18,43,-0.048428968991604426
CFG,long,2026-05-28,2026-06-29,22,0.1165187483176593
CFG,long,2026-08-11,2026-08-24,10,-0.033576441447639715
CHD,long,2025-01-06,2025-02-18,29,-0.0047237029737806635
CHD,long,2025-05-08,2025-05-13,4,0.022937292613893545
CHD,long,2025-05-15,2025-05-21,5,0.031928121436583856
CHD,long,2025-07-31,2025-08-21,16,-0.007154935776722771
CHD,long,2025-09-24,2025-10-01,6,0.008372429338204368
CHD,long,2026-01-02,2026-01-05,2,0.0031008438778437064
CHD,long,2026-03-26,2026-04-21,18,-0.012396699061403171
CHD,long,2026-07-20,2026-07-27,6,0.0064239423084395675
CHD,long,2026-08-10,2026-08-11,2,-0.004455696468174786
CHRW,long,2024-12-10,2024-12-19,8,-0.029036479776767266
CHRW,long,2025-01-02,2025-01-08,5,0.0028067618626359536
CHRW,long,2025-02-03,2025-02-14,10,0.0
CHRW,long,2025-02-28,2025-03-04,3,-0.008968180254450675
CHRW,long,2025-05-06,2025-05-13,6,0.07049142291204569
CHRW,long,2025-08-04,2025-08-07,4,0.03477950320450329
CHRW,long,2025-09-26,2025-10-31,26,0.1505530456692723
CHRW,long,2026-01-06,2026-01-29,17,0.15854320609116868
CHRW,long,2026-02-11,2026-02-12,2,-0.146635517483801
CHRW,long,2026-02-26,2026-03-02,3,0.06440805439809516
CHRW,long,2026-03-10,2026-03-16,5,-0.06298786586406668
CHRW,long,2026-04-02,2026-04-17,11,0.08154311352615928
CHRW,long,2026-05-07,2026-05-19,9,0.026276823561761642
CHRW,long,2026-06-04,2026-06-08,3,0.044507604935845047
CHRW,long,2026-06-26,2026-07-02,5,0.05273372518576025
CHTR,long,2025-01-02,2025-02-06,24,0.030749482160049357
CHTR,long,2025-02-10,2025-02-13,4,0.0371722631094753
CHTR,long,2025-04-09,2025-06-25,53,0.23989679184282564
CHTR,long,2025-07-14,2025-07-25,10,-0.21022437531871485
CHTR,long,2025-07-29,2025-08-01,4,-0.11258255942602347
CHTR,long,2025-12-01,2025-12-08,6,0.02263641814911055
CHTR,long,2026-04-16,2026-04-17,2,0.074129556493713
CHTR,long,2026-05-12,2026-06-03,16,-0.1270721970363351
CHTR,long,2026-06-05,2026-06-12,6,0.12994963192561015
CI,long,2025-02-11,2025-02-11,1,0.008264426105684786
CI,long,2025-05-05,2025-05-13,7,-0.09816267377096621
CI,long,2025-05-15,2025-07-02,33,0.06126028237305814
CI,long,2025-08-12,2025-08-14,3,0.04804352197405892
CI,long,2025-10-28,2025-10-30,3,-0.20078919339251178
CI,long,2025-11-03,2025-11-14,10,0.1033099691049908
CI,long,2025-12-04,2025-12-17,10,0.01871222678376827
CI,long,2026-01-30,2026-02-02,2,0.0009954171664723344
CI,long,2026-03-06,2026-03-16,7,-0.0459345395728924
CI,long,2026-05-19,2026-06-15,19,0.0308449378086475
CI,long,2026-06-26,2026-07-21,17,0.030581473729024422
CIEN,long,2026-02-23,2026-03-06,10,-0.12174951485296359
CIEN,long,2026-03-10,2026-03-20,9,0.20515476863188287
CIEN,long,2026-03-30,2026-06-22,58,0.14621149871766104
CIEN,long,2026-07-28,2026-07-29,2,-0.12431415166856619
CIEN,long,2026-07-31,2026-08-03,2,0.050232483134893924
CINF,long,2024-12-26,2025-02-18,35,-0.059613129961949785
CINF,long,2025-05-05,2025-07-08,44,0.02360457589474363
CINF,long,2025-07-14,2025-07-16,3,0.0021706853510539137
CINF,long,2025-07-21,2025-08-04,11,-0.0065680410278894374
CINF,long,2025-08-19,2025-08-25,5,0.023499516613823435
CINF,long,2025-09-22,2025-09-25,4,-0.005282152392123596
CINF,long,2025-09-30,2025-10-07,6,0.05960217837207815
CINF,long,2026-01-15,2026-02-05,15,0.04777622061315223
CINF,long,2026-03-05,2026-03-16,8,-0.008334768936702153
CINF,long,2026-06-03,2026-06-08,4,0.026898765492751275
CL,long,2025-02-07,2025-02-18,7,0.008286647921905699
CL,long,2025-05-07,2025-06-04,20,-0.008791256233445788
CL,long,2025-06-13,2025-07-02,13,-0.007944990429123111
CL,long,2025-07-28,2025-08-14,14,-0.03730239950350189
CL,long,2026-03-06,2026-04-07,22,-0.10294601030482264
CL,long,2026-04-09,2026-04-14,4,-0.016247684297178044
CL,long,2026-07-13,2026-07-30,14,-0.0012452814018680813
CL,long,2026-08-05,2026-08-11,5,-0.0023776072625094624
CLX,long,2025-01-21,2025-02-03,10,0.004564362370477637
CLX,long,2025-02-07,2025-02-18,7,0.004878176014757596
CLX,long,2025-05-13,2025-05-13,1,-0.012530843114040291
CLX,long,2025-05-15,2025-05-20,4,0.015740897700807555
CLX,long,2025-09-24,2025-09-25,2,0.019355358678468937
CLX,long,2025-11-06,2025-11-19,10,-0.09630918492931428
CLX,long,2025-11-21,2025-11-26,4,0.07674630502585633
CLX,long,2026-03-17,2026-04-02,13,-0.09768932729968594
CLX,long,2026-04-07,2026-04-14,6,-0.004290193947746546
CLX,long,2026-05-05,2026-05-11,5,0.027983283846928497
CLX,long,2026-08-10,2026-08-11,2,0.029481660794451914
CMCSA,long,2024-12-11,2025-01-30,33,-0.1517945477972822
CMCSA,long,2025-02-04,2025-02-18,10,0.09520939947002471
CMCSA,long,2025-04-30,2025-06-04,25,0.014731877003399063
CMCSA,long,2025-06-09,2025-06-11,3,0.01383280237570439
CMCSA,long,2025-06-23,2025-07-01,7,0.05212866178735265
CMCSA,long,2025-11-04,2025-11-13,8,0.03669381878515954
CMCSA,long,2026-02-25,2026-03-17,15,-0.04840240506185367
CMCSA,long,2026-04-16,2026-04-17,2,0.04699646040672811
CMCSA,long,2026-05-14,2026-06-08,17,-0.04731353372032876
CMCSA,long,2026-07-08,2026-07-09,2,-0.0027765912003419047
CME,long,2024-11-21,2024-11-22,2,0.004561368619968809
CME,long,2024-12-17,2024-12-27,8,0.014336444965140638
CME,long,2025-01-13,2025-01-23,8,0.018237386809985212
CME,long,2025-02-07,2025-02-20,9,0.01599766556417559
CME,long,2025-02-24,2025-02-25,2,0.007835510622643094
CME,long,2025-04-28,2025-08-13,75,0.03332436638390979
CME,long,2025-09-09,2025-09-30,16,0.03390356123062199
CME,long,2026-01-05,2026-01-08,4,-0.011272473140160333
CME,long,2026-01-29,2026-01-30,2,0.010522635958158721
CME,long,2026-03-12,2026-03-12,1,0.025912382659667665
CME,long,2026-03-20,2026-03-20,1,-0.010910450836974728
CME,long,2026-04-02,2026-05-07,25,-0.03397994559124862
CME,long,2026-05-12,2026-05-19,6,0.07003330221995818
CME,long,2026-06-08,2026-06-09,2,-0.0005166509614666914
CME,long,2026-06-26,2026-07-01,4,0.02666666666666684
CMG,long,2024-11-29,2024-12-06,6,0.05398871877518152
CMG,long,2024-12-30,2025-01-14,10,-0.07140506745639996
CMG,long,2025-01-31,2025-02-03,2,-0.010679776233259886
CMG,long,2025-02-05,2025-02-14,8,-0.032870213486953626
CMG,long,2025-02-20,2025-02-27,6,-0.019702602230483257
CMG,long,2025-05-16,2025-05-30,10,-0.03766333589546522
CMG,long,2025-07-21,2025-07-23,3,-0.02132393843871694
CMG,long,2025-08-01,2025-09-12,30,-0.09911380597014918
CMG,long,2025-12-08,2025-12-16,7,0.05067766647024152
CMG,long,2026-02-05,2026-02-12,6,-0.10242925118958168
CMG,long,2026-02-17,2026-03-12,18,-0.10303030303030325
CMG,long,2026-03-16,2026-03-18,3,0.0036900369003689537
CMG,long,2026-05-12,2026-05-14,3,0.005325814536340845
CMI,long,2024-12-09,2025-02-05,39,-0.025526856430537426
CMI,long,2025-04-15,2025-05-02,13,0.03908927793659478
CMI,long,2025-09-16,2025-11-03,35,0.056759956919482324
CMI,long,2025-12-01,2025-12-02,2,0.00706844966392306
CMI,long,2026-01-16,2026-03-11,37,-0.029278372286254295
CMI,long,2026-03-13,2026-05-07,39,0.26752660527462546
CMI,long,2026-05-11,2026-05-11,1,0.03400769666884251
CMI,long,2026-05-20,2026-05-20,1,0.015785638802062962
CMI,long,2026-05-26,2026-06-04,8,0.06027664470054939
CMI,long,2026-08-20,2026-08-24,3,-0.056909930625250404
CMS,long,2025-02-07,2025-02-18,7,0.025677647026133288
CMS,long,2025-04-28,2025-07-03,47,-0.016340441229033553
CMS,long,2025-09-24,2025-10-14,15,0.04000560608397419
CMS,long,2025-12-08,2025-12-24,13,-0.013785242538578268
CMS,long,2026-01-29,2026-01-30,2,-0.004317524505244585
CMS,long,2026-03-24,2026-04-06,9,0.049718496969591186
CMS,long,2026-04-20,2026-06-03,32,-0.08983433975996069
CMS,long,2026-07-24,2026-08-12,14,-0.04807713484540743
CNC,long,2025-05-15,2025-05-20,4,0.04186985034471147
CNC,long,2025-05-27,2025-07-02,26,-0.401170005318206
CNC,long,2025-07-21,2025-08-01,10,-0.07298747763864055
CNC,long,2025-10-30,2025-12-12,31,0.09400107123727963
CNC,long,2026-02-10,2026-02-12,3,0.029968454258674893
CNC,long,2026-03-12,2026-03-27,12,-0.10764082543223619
CNC,long,2026-06-23,2026-07-28,25,0.0036118090452261775
CNP,long,2024-12-17,2024-12-27,8,0.004365427729878135
CNP,long,2025-01-27,2025-02-18,16,0.044808450426873536
CNP,long,2025-05-05,2025-07-03,42,-0.07264645438381734
CNP,long,2025-09-17,2025-10-15,21,0.05869852800779962
CNP,long,2025-11-25,2025-12-18,17,-0.03726077583237952
CNP,long,2026-01-30,2026-02-11,9,0.03687801282968395
CNP,long,2026-03-23,2026-04-14,16,0.02094245437743969
CNP,long,2026-04-21,2026-06-03,31,-0.021840088267703672
CNP,long,2026-07-17,2026-07-29,9,-0.009460097925992783
CNP,long,2026-08-06,2026-08-12,5,-0.0029520757456176216
COF,long,2024-12-09,2024-12-16,6,-0.015162864280592991
COF,long,2024-12-24,2025-02-06,29,0.1481913339384029
COF,long,2025-02-21,2025-03-04,8,-0.09967378513552372
COF,long,2025-03-06,2025-03-10,3,-0.11874159529500228
COF,long,2025-03-20,2025-03-26,5,0.0418887611712111
COF,long,2025-04-07,2025-04-22,11,0.13037118140650472
COF,long,2025-06-12,2025-06-26,10,0.04976809440509711
COF,long,2025-08-14,2025-09-18,25,0.061737581194784674
COF,long,2026-02-17,2026-03-10,16,-0.10509059837999946
COF,long,2026-03-13,2026-03-13,1,0.013186760385569762
COF,long,2026-06-04,2026-06-16,9,0.12948995835813637
COF,long,2026-08-17,2026-08-24,6,-0.04533415732321
COHR,long,2026-03-27,2026-05-19,37,0.45353282091331226
COHR,long,2026-07-06,2026-07-15,8,-0.10193184545236411
COHR,long,2026-07-27,2026-07-28,2,-0.13831934558589176
COHR,long,2026-07-30,2026-08-07,7,0.7074082413870753
COIN,long,2025-06-06,2025-06-20,10,0.2628173628173631
COIN,long,2025-08-07,2025-09-19,31,0.1280716779761515
COIN,long,2025-10-31,2025-11-10,7,-0.0322060211256886
COIN,long,2025-11-14,2025-11-20,5,-0.1588613406795224
COIN,long,2025-11-24,2025-12-03,7,0.15186556299654752
COIN,long,2025-12-19,2025-12-30,7,-0.03177257525083621
COIN,long,2026-05-05,2026-05-06,2,-0.024779545790432955
COIN,long,2026-06-26,2026-07-16,14,0.12608756665731136
COIN,long,2026-07-28,2026-07-31,4,-0.12675383604991353
COIN,long,2026-08-06,2026-08-07,2,0.024751484421909442
COIN,long,2026-08-14,2026-08-14,1,-0.035282651072124804
COO,long,2024-11-21,2024-12-02,7,0.03956398869600353
COO,long,2025-04-09,2025-04-16,6,0.09412587412587436
COO,long,2025-08-29,2025-09-03,3,0.039640755651904724
COO,long,2025-11-25,2025-11-25,1,0.028943560057886897
COO,long,2025-12-11,2026-01-16,25,0.020188258607877874
COO,long,2026-01-27,2026-02-17,15,0.01285537700865258
COO,long,2026-03-03,2026-03-06,4,-0.08782173498570067
COO,long,2026-03-10,2026-03-18,7,-0.061329464521234334
COO,long,2026-08-21,2026-08-24,2,-0.004726890756302393
COP,long,2024-12-24,2024-12-27,3,0.005602855219144942
COP,long,2025-01-24,2025-01-31,6,-0.04962017418664977
COP,long,2025-03-05,2025-03-07,3,-0.0001103970405260668
COP,long,2025-05-07,2025-06-06,22,0.003792070381062995
COP,long,2025-08-22,2025-09-04,9,0.010445212859276687
COP,long,2026-01-14,2026-01-15,2,0.025606497847627363
COP,long,2026-02-06,2026-02-09,2,0.0354352964473188
COP,long,2026-03-17,2026-03-18,2,0.019205473968349374
COP,long,2026-03-26,2026-03-30,3,0.030714393308631793
COP,long,2026-04-13,2026-06-18,48,-0.11431513690128536
COP,long,2026-07-17,2026-07-22,4,0.0527295526653202
COP,long,2026-08-07,2026-08-10,2,0.053699834954773484
COR,long,2024-12-27,2025-01-21,15,0.08155700762683371
COR,long,2025-01-31,2025-02-03,2,-0.015592385777046247
COR,long,2025-05-12,2025-07-07,38,0.07096431087285837
COR,long,2025-07-17,2025-07-29,9,-0.02706234225977222
COR,long,2025-08-07,2025-08-14,6,0.039079569697851646
COR,long,2025-09-05,2025-09-10,4,0.012367463674719525
COR,long,2025-09-18,2025-09-24,5,0.06669430988630154
COR,long,2025-12-10,2026-02-02,36,0.07788549625332886
COR,long,2026-04-08,2026-04-15,6,-0.010315115476954295
COR,long,2026-04-20,2026-05-05,12,-0.0661253413813695
COR,long,2026-08-05,2026-08-06,2,0.06115319243136197
COST,long,2025-01-03,2025-02-07,24,0.14855135871884206
COST,long,2025-04-23,2025-05-06,10,0.03327778771891188
COST,long,2025-05-15,2025-07-10,38,-0.02155232960286857
COST,long,2025-07-23,2025-08-07,12,0.03950065721576701
COST,long,2025-10-21,2025-10-27,5,-0.006687261646028841
COST,long,2025-12-31,2026-01-07,5,0.01955754982733593
COST,long,2026-03-19,2026-04-07,13,0.03397216368668565
COST,long,2026-05-20,2026-05-21,2,-0.040088857330642935
COST,long,2026-05-26,2026-06-17,17,-0.06092935393633292
COST,long,2026-06-24,2026-07-30,26,-0.002081032898475943
COST,long,2026-08-07,2026-08-11,3,-0.005088763630616833
CPAY,long,2024-12-18,2025-01-15,18,0.02877023572848625
CPAY,long,2025-01-29,2025-02-10,9,-0.009766398310677271
CPAY,long,2025-03-11,2025-03-13,3,0.01148788074779028
CPAY,long,2025-03-31,2025-04-04,5,-0.16764256251983023
CPAY,long,2025-04-08,2025-04-28,14,0.09910159908425586
CPAY,long,2025-05-09,2025-05-14,4,0.07884274267539304
CPAY,long,2025-05-20,2025-05-27,5,-0.04452918912719328
CPAY,long,2025-06-06,2025-06-06,1,0.019331843170422136
CPAY,long,2025-10-06,2025-10-10,5,-0.028509000104047222
CPAY,long,2026-01-27,2026-02-02,5,-0.05904320987654332
CPAY,long,2026-02-05,2026-02-05,1,0.11562541627814049
CPAY,long,2026-04-02,2026-04-07,3,0.023378686373368485
CPAY,long,2026-06-16,2026-08-06,36,0.12677172037230933
CPAY,long,2026-08-11,2026-08-14,4,0.04170824186789068
CPB,long,2025-02-19,2025-02-25,5,0.09171900838880953
CPB,long,2025-05-12,2025-05-20,7,0.010475568630570864
CPB,long,2025-07-02,2025-07-08,4,-0.008403380758440826
CPB,long,2025-10-01,2025-10-07,5,-0.0027247225983595413
CPB,long,2025-10-15,2025-10-27,9,0.034607675136155924
CPB,long,2026-01-06,2026-01-15,8,0.023829335169438526
CPRT,long,2025-01-21,2025-02-13,18,0.051493848857645075
CPRT,long,2025-02-20,2025-02-25,4,-0.04971543354536334
CPRT,long,2025-05-29,2025-07-02,24,-0.057060518731988474
CPRT,long,2026-02-26,2026-03-02,3,0.06891741071428559
CPRT,long,2026-06-16,2026-07-21,24,-0.1033003300330031
CPT,long,2025-02-04,2025-02-07,4,0.049867778260296536
CPT,long,2025-04-23,2025-05-07,11,0.05151991973790837
CPT,long,2025-05-12,2025-06-05,18,-0.01898631054654354
CPT,long,2025-06-10,2025-07-17,26,-0.019794045905520474
CPT,long,2025-09-30,2025-10-07,6,-0.020189553794914605
CPT,long,2026-01-05,2026-02-10,26,0.0021785047835896076
CPT,long,2026-03-06,2026-03-20,11,-0.10382916336541004
CPT,long,2026-03-24,2026-03-27,4,-0.012124409204917641
CPT,long,2026-07-08,2026-07-27,14,-0.04031297839768677
CPT,long,2026-08-04,2026-08-18,11,-0.03106936416185002
CRH,long,2026-01-21,2026-02-03,10,0.009515159869252443
CRH,long,2026-02-11,2026-03-03,14,-0.12078970284787405
CRH,long,2026-03-06,2026-03-09,2,-0.03838861562789908
CRH,long,2026-05-28,2026-05-28,1,0.004800017054430228
CRH,long,2026-08-17,2026-08-24,6,-0.01399897066392175
CRL,long,2025-05-15,2025-05-16,2,0.014537603454479964
CRL,long,2025-07-11,2025-07-14,2,-0.03433948429671274
CRL,long,2025-07-21,2025-07-24,4,0.14642672190574846
CRL,long,2025-09-16,2025-10-06,15,0.14917235943247498
CRL,long,2025-10-09,2025-10-20,8,0.0615091946734303
CRL,long,2025-10-31,2025-11-20,15,-0.09508123499525434
CRL,long,2026-02-06,2026-02-12,5,-0.1358737071311923
CRL,long,2026-02-17,2026-03-11,17,0.04685466377440384
CRL,long,2026-05-13,2026-05-15,3,-0.10575612069476559
CRL,long,2026-05-22,2026-05-27,3,0.03544001007176112
CRL,long,2026-06-10,2026-06-22,8,-0.04366605214643127
CRL,long,2026-08-17,2026-08-18,2,-0.0030708801999643764
CRL,long,2026-08-20,2026-08-24,3,0.02958620689655156
CRM,long,2024-12-02,2025-02-11,48,-0.015818181985592816
CRM,long,2025-03-03,2025-03-14,10,-0.06194395761157501
CRM,long,2025-06-11,2025-06-11,1,-0.008612347109458462
CRM,long,2026-02-19,2026-03-05,11,0.07242138805073517
CRM,long,2026-06-18,2026-07-02,10,0.07153915623790463
CRM,long,2026-07-13,2026-07-21,7,0.04126867499387732
CRM,long,2026-07-23,2026-07-24,2,0.004049079754601115
CRWD,long,2024-12-04,2024-12-17,10,0.07563937705386525
CRWD,long,2024-12-24,2025-01-08,10,-0.007690179806362218
CRWD,long,2025-01-15,2025-02-11,19,0.24020227560050533
CRWD,long,2025-03-04,2025-03-07,4,-0.1286285370888094
CRWD,long,2025-03-11,2025-04-25,33,0.3756394482937242
CRWD,long,2025-05-02,2025-05-07,4,-0.021672686857460488
CRWD,long,2025-05-22,2025-07-01,27,0.13187192344849774
CRWD,long,2025-07-18,2025-08-19,23,-0.10903943979737318
CRWD,long,2025-08-21,2025-08-28,6,0.05446477562802676
CRWD,long,2025-09-03,2025-09-09,5,0.02420798065296248
CRWD,long,2025-11-14,2025-12-15,21,-0.07986333949941482
CRWD,long,2025-12-22,2026-01-22,21,-0.05716007313829774
CRWD,long,2026-02-27,2026-03-02,2,0.009866176856468067
CRWD,long,2026-07-09,2026-08-07,22,0.12191293428212657
CSCO,long,2024-12-03,2025-02-04,42,0.03917195856062716
CSCO,long,2025-03-12,2025-03-26,11,0.018625413526932366
CSCO,long,2025-04-07,2025-05-08,23,0.09479276532180214
CSCO,long,2025-07-18,2025-09-19,45,-0.0013178619551862392
CSCO,long,2025-12-04,2026-02-11,47,0.10608010758855002
CSCO,long,2026-04-08,2026-05-06,21,0.13584534824264471
CSCO,long,2026-06-29,2026-08-12,32,0.09293696105825378
CSGP,long,2025-01-24,2025-01-27,2,0.02769561710137136
CSGP,long,2025-02-04,2025-02-05,2,0.011979166666666874
CSGP,long,2025-02-07,2025-02-10,2,-0.015603018288783743
CSGP,long,2025-02-12,2025-03-11,19,0.011447368421053206
CSGP,long,2025-03-20,2025-04-15,19,0.01397984886649839
CSGP,long,2025-04-28,2025-04-30,3,-0.10444337116638491
CSGP,long,2025-05-09,2025-06-06,20,0.035201054713249746
CSGP,long,2025-08-27,2025-09-05,7,0.001007049345417732
CSGP,long,2025-09-25,2025-10-10,12,-0.10077334919690673
CSGP,long,2026-02-02,2026-02-03,2,-0.15886178861788625
CSGP,long,2026-02-06,2026-02-10,3,-0.002745636399293927
CSGP,long,2026-04-08,2026-04-16,7,0.01418439716312081
CSGP,long,2026-08-12,2026-08-14,3,0.04048843187660678
CSX,long,2025-01-17,2025-02-06,14,-0.0069760451724676376
CSX,long,2025-02-21,2025-02-26,4,-0.014787411411249507
CSX,long,2025-08-04,2025-09-29,40,0.02751179395103942
CSX,long,2025-12-11,2025-12-30,13,-0.01806428029811946
CSX,long,2026-04-10,2026-04-24,11,0.06872190018212865
CSX,long,2026-04-30,2026-06-04,25,0.03786296046694049
CSX,long,2026-06-17,2026-06-17,1,-0.028358208955223896
CSX,long,2026-07-07,2026-07-22,12,0.02294611759885279
CTAS,long,2024-12-26,2025-02-06,28,0.08462962783176753
CTAS,long,2025-05-14,2025-07-08,37,0.0016380708632453
CTAS,long,2025-07-18,2025-08-05,13,0.004235803393157989
CTAS,long,2026-03-23,2026-04-16,18,-0.010148254145446955
CTAS,long,2026-04-24,2026-04-29,4,-0.020662057942238743
CTAS,long,2026-05-13,2026-05-14,2,0.003204006223259448
CTAS,long,2026-08-07,2026-08-24,12,0.028635955320101436
CTLT-202412,long,2025-02-07,2025-03-11,22,0.0
CTRA-202605,long,2025-01-29,2025-02-18,14,-0.00035839956468930456
CTRA-202605,long,2025-03-05,2025-04-04,23,-0.04327126528649128
CTRA-202605,long,2025-05-06,2025-05-07,2,-0.10565890316403104
CTRA-202605,long,2025-05-09,2025-06-11,23,0.12495938111855454
CTRA-202605,long,2025-08-21,2025-08-28,6,0.04950490373462224
CTRA-202605,long,2026-01-14,2026-01-30,12,0.14484125294846328
CTRA-202605,long,2026-04-07,2026-04-17,9,-0.10902797807903086
CTRA-202605,long,2026-04-21,2026-06-15,39,0.03628262253341785
CTRA-202605,long,2026-07-16,2026-07-27,8,0.0
CTSH,long,2025-04-03,2025-04-04,2,-0.10413135476498703
CTSH,long,2025-04-08,2025-04-10,3,0.0314633411479841
CTSH,long,2025-04-16,2025-05-02,12,0.09037324995901752
CTSH,long,2025-06-18,2025-07-08,13,0.01254551284706884
CTSH,long,2025-07-11,2025-08-05,18,-0.08901345254863224
CTSH,long,2025-12-23,2026-02-03,28,-0.12568953371223612
CTSH,long,2026-02-09,2026-02-12,4,-0.14595221391209778
CTSH,long,2026-02-17,2026-03-06,14,0.0007088682111864308
CTVA,long,2025-02-19,2025-02-20,2,-0.009773435945756859
CTVA,long,2025-04-03,2025-04-04,2,-0.12828123453143025
CTVA,long,2025-04-08,2025-04-10,3,0.04264888875289419
CTVA,long,2025-05-07,2025-05-09,3,0.08550848240920894
CTVA,long,2025-06-02,2025-06-02,1,0.004530419470153424
CTVA,long,2025-06-05,2025-06-17,9,0.039646933695003606
CTVA,long,2025-06-24,2025-09-05,52,-0.026385766473494332
CTVA,long,2025-09-22,2025-09-23,2,-0.019474955836559227
CTVA,long,2025-10-06,2025-10-15,8,-0.023039294879412364
CTVA,long,2026-01-02,2026-02-11,28,0.12367587600229868
CTVA,long,2026-03-09,2026-04-06,20,0.09472455731920482
CTVA,long,2026-04-10,2026-06-08,41,-0.09005700758061863
CTVA,long,2026-06-11,2026-06-17,5,0.03908138597904931
CTVA,long,2026-07-22,2026-08-03,9,-0.12537382102599504
CTVA,long,2026-08-05,2026-08-11,5,-0.02668880091942294
CVNA,long,2026-01-22,2026-01-30,7,-0.11847830864577413
CVNA,long,2026-02-03,2026-02-11,7,-0.10743092500429041
CVNA,long,2026-02-13,2026-03-09,16,-0.04614401115824951
CVNA,long,2026-05-22,2026-05-26,2,0.08945488429880433
CVNA,long,2026-05-28,2026-06-02,4,-0.10136986301369877
CVNA,long,2026-06-16,2026-07-02,12,-0.004354136429608468
CVNA,long,2026-07-09,2026-07-13,3,-0.020644966847498614
CVNA,long,2026-08-20,2026-08-21,2,-0.007524134014764372
CVS,long,2024-12-16,2024-12-17,2,-0.10796025159092426
CVS,long,2024-12-19,2024-12-26,5,-0.007950568571954086
CVS,long,2025-04-02,2025-04-10,7,0.014562940802099078
CVS,long,2025-04-16,2025-05-13,19,-0.11312096885781386
CVS,long,2025-05-15,2025-06-30,31,0.14890075428442828
CVS,long,2025-08-13,2025-08-26,10,0.09219968837081116
CVS,long,2025-10-15,2025-12-29,52,0.012731093977039531
CVS,long,2026-05-11,2026-05-11,1,0.018442796461852762
CVS,long,2026-05-22,2026-06-08,11,0.04029152368177091
CVS,long,2026-06-25,2026-07-28,23,0.0799736594681264
CVS,long,2026-08-03,2026-08-24,16,-0.09882217753519107
CVX,long,2024-12-23,2024-12-30,5,0.00154006495469039
CVX,long,2025-01-15,2025-02-14,22,0.001038763645726748
CVX,long,2025-05-01,2025-06-09,27,0.04714471781963736
CVX,long,2025-08-20,2025-09-04,11,0.0374342294438057
CVX,long,2025-09-23,2025-09-26,4,0.026337668171411366
CVX,long,2026-03-16,2026-03-23,6,0.042627817819924196
CVX,long,2026-03-27,2026-04-14,12,-0.09995670740540474
CVX,long,2026-04-16,2026-06-17,44,-0.030844748546737688
CVX,long,2026-07-16,2026-07-27,8,0.04625547002544628
CZR,long,2024-11-22,2024-12-19,19,-0.11954206602768869
CZR,long,2024-12-23,2024-12-30,5,0.0
CZR,long,2025-03-27,2025-04-01,4,-0.10036231884057978
CZR,long,2025-04-03,2025-04-04,2,-0.1176246669204416
CZR,long,2025-06-06,2025-06-11,4,0.08856808427623886
CZR,long,2025-09-03,2025-09-08,4,0.01892622634221719
D,long,2024-11-22,2024-11-27,4,0.02278565725890669
D,long,2025-05-15,2025-05-20,4,0.07407405885333596
D,long,2025-06-02,2025-06-05,4,-0.011822760554285106
D,long,2025-06-23,2025-07-30,27,0.074326809036666
D,long,2025-09-24,2025-09-24,1,-0.0016361369508476331
D,long,2025-10-01,2025-10-06,4,0.005394835306352208
D,long,2025-10-09,2025-10-16,6,0.0008254627627588551
D,long,2025-12-03,2025-12-09,5,-0.020390022382511308
D,long,2026-02-02,2026-02-05,4,0.03905606484284574
D,long,2026-02-10,2026-02-11,2,0.03672225689688946
D,long,2026-03-24,2026-03-25,2,0.014042150833109446
D,long,2026-04-08,2026-04-08,1,0.00813533823878032
D,long,2026-04-21,2026-05-12,16,0.01125034498783184
D,long,2026-07-16,2026-08-14,22,-0.030999013667747155
DAL,long,2024-11-21,2025-02-27,65,-0.058836999261256295
DAL,long,2025-03-12,2025-03-21,8,0.001928033774996507
DAL,long,2025-04-03,2025-04-03,1,-0.10744751250359164
DAL,long,2025-04-07,2025-04-09,3,0.1884564034096745
DAL,long,2025-06-30,2025-07-11,9,0.14236742396423896
DAL,long,2025-09-23,2025-10-15,17,0.04771607424085422
DAL,long,2025-10-29,2025-10-30,2,-0.012789533457818969
DAL,long,2025-12-23,2026-01-02,7,-0.04163194593047814
DAL,long,2026-01-06,2026-01-07,2,-0.0023670053141321423
DAL,long,2026-01-27,2026-03-06,28,-0.12340874644992017
DAL,long,2026-03-10,2026-03-12,3,-0.04357875860444582
DAL,long,2026-07-27,2026-08-24,21,-0.03033153068422234
DASH,long,2025-04-07,2025-05-14,27,0.20642314292718833
DASH,long,2025-05-20,2025-06-20,22,0.09041448214462355
DASH,long,2025-07-18,2025-07-31,10,0.06480299548974577
DASH,long,2025-08-05,2025-10-29,61,0.03116037516471515
DASH,long,2025-11-24,2025-12-03,7,0.17323208353108677
DASH,long,2026-02-06,2026-02-12,5,-0.12357228325900149
DASH,long,2026-02-23,2026-03-04,8,0.008281808383912903
DASH,long,2026-06-18,2026-07-02,10,0.1590607267898103
DASH,long,2026-07-10,2026-07-14,3,-0.023706784507408485
DASH,long,2026-08-17,2026-08-24,6,0.05547875771818278
DAY-202602,long,2024-12-02,2024-12-06,5,-0.017877234654331664
DAY-202602,long,2024-12-17,2025-01-17,21,-0.10040056854890789
DAY-202602,long,2025-01-22,2025-02-03,9,0.021411122287684936
DAY-202602,long,2025-06-02,2025-06-18,13,-0.0480704129993228
DAY-202602,long,2025-09-23,2025-11-17,40,0.0011636363636369218
DAY-202602,long,2026-01-29,2026-02-02,3,-0.006343713956170838
DAY-202602,long,2026-03-06,2026-03-11,4,0.0
DAY-202602,long,2026-03-19,2026-03-19,1,0.0
DAY-202602,long,2026-03-26,2026-03-31,4,0.0
DAY-202602,long,2026-04-23,2026-08-24,85,0.0
DD,long,2024-12-05,2024-12-19,11,-0.06871060461676948
DD,long,2025-05-07,2025-05-09,3,0.026599030240105792
DD,long,2025-08-13,2025-08-18,4,0.017517067699438726
DD,long,2025-08-29,2025-09-08,6,0.00673401694394582
DD,long,2025-09-12,2025-09-22,7,0.0034619895004572854
DD,long,2025-09-26,2025-10-03,6,0.0693494061851212
DD,long,2025-10-09,2025-11-05,20,0.20903735529894574
DD,long,2025-11-13,2025-12-01,12,-0.016586976733604097
DD,long,2025-12-26,2026-02-04,27,0.16459708352866476
DD,long,2026-04-10,2026-05-08,21,0.049346319665033445
DDOG,long,2025-07-18,2025-08-13,19,-0.10087320991966464
DDOG,long,2025-08-15,2025-09-16,22,0.08087054288467743
DDOG,long,2025-09-29,2025-09-30,2,0.023944776012080116
DDOG,long,2025-11-14,2025-11-20,5,-0.14195838038393294
DDOG,long,2025-11-24,2025-12-15,15,-0.09838146620120614
DDOG,long,2025-12-17,2025-12-29,8,-0.015066047840057162
DDOG,long,2026-04-15,2026-04-24,8,0.1710228814325767
DDOG,long,2026-07-01,2026-08-04,24,0.10673682593332257
DE,long,2024-11-21,2024-11-29,6,0.15048400628100023
DE,long,2024-12-10,2024-12-16,5,-0.024454236597862944
DE,long,2025-02-11,2025-02-21,8,0.04255503817758388
DE,long,2025-04-07,2025-04-10,4,0.033336449258869694
DE,long,2025-04-15,2025-04-22,5,-0.027818785637599208
DE,long,2025-05-06,2025-05-09,4,0.0233930644340008
DE,long,2025-05-14,2025-05-14,1,-0.002146142782883609
DE,long,2025-05-29,2025-06-04,5,-0.00041335903292283316
DE,long,2025-06-06,2025-06-17,8,0.024219263645609113
DE,long,2025-06-27,2025-07-11,10,0.010819692602740405
DE,long,2025-07-23,2025-08-13,16,0.015523316430261502
DE,long,2025-08-27,2025-09-03,5,-0.03739549291225286
DE,long,2025-12-11,2025-12-15,3,0.040755015479336354
DE,long,2025-12-30,2026-01-15,12,0.09905915819082733
DE,long,2026-03-23,2026-05-12,36,0.05571127243389684
DE,long,2026-05-26,2026-06-03,7,0.11176405320650917
DE,long,2026-08-20,2026-08-21,2,0.11511633914885566
DECK,long,2024-12-30,2025-01-02,3,-0.012408864854425383
DECK,long,2025-01-14,2025-01-31,13,-0.1330954592111051
DECK,long,2025-02-04,2025-02-12,7,-0.09728652640215651
DECK,long,2025-02-20,2025-03-03,8,-0.10036053752867902
DECK,long,2025-03-07,2025-03-13,5,-0.11286288183127413
DECK,long,2025-03-17,2025-03-20,4,-0.025362318840579823
DECK,long,2025-06-27,2025-07-10,9,0.029628176199352207
DECK,long,2025-10-07,2025-10-24,14,-0.14798118384947068
DECK,long,2025-10-28,2025-10-30,3,-0.10589145573118164
DECK,long,2025-11-03,2025-11-18,12,0.027852760736196025
DECK,long,2026-02-02,2026-02-18,12,-0.0037707390648562544
DECK,long,2026-02-25,2026-03-04,6,-0.10087646766991887
DECK,long,2026-04-22,2026-04-29,6,-0.08014886085141149
DECK,long,2026-08-10,2026-08-20,9,-0.08824132977631849
DELL,long,2024-12-03,2024-12-12,8,-0.052924274793882176
DELL,long,2024-12-27,2025-01-08,8,0.00025149185190476153
DELL,long,2025-01-23,2025-01-28,4,-0.12013547480098652
DELL,long,2025-01-30,2025-01-30,1,0.021823410969695978
DELL,long,2025-03-13,2025-03-21,7,0.03161342379714083
DELL,long,2025-04-14,2025-05-09,19,0.17814081229773704
DELL,long,2025-07-03,2025-08-13,29,0.1314282236677553
DELL,long,2025-08-28,2025-09-19,16,-0.004226386655333592
DELL,long,2025-10-14,2025-11-06,18,-0.024044789912604392
DELL,long,2025-11-26,2025-12-02,4,0.0796537226735996
DELL,long,2025-12-23,2025-12-26,3,0.02077244687350399
DELL,long,2026-04-13,2026-06-01,35,1.6288061752560528
DELL,long,2026-06-05,2026-06-10,4,-0.12372941376358526
DELL,long,2026-06-12,2026-06-25,9,0.04598289532331812
DELL,long,2026-07-07,2026-07-16,8,-0.04958714794761976
DELL,long,2026-07-28,2026-07-29,2,-0.13415005504673128
DELL,long,2026-07-31,2026-08-06,5,0.08112447815024315
DFS-202505,long,2024-12-26,2025-02-06,28,0.14803491876485286
DFS-202505,long,2025-02-20,2025-03-04,9,-0.1171068871883485
DFS-202505,long,2025-03-06,2025-03-10,3,-0.13236431966397688
DFS-202505,long,2025-03-12,2025-04-22,29,0.09228623946250858
DFS-202505,long,2025-06-12,2025-07-23,28,0.0
DFS-202505,long,2025-07-29,2025-08-08,9,0.0
DG,long,2025-05-30,2025-06-04,4,0.15143704995126317
DG,long,2025-07-01,2025-08-18,34,-0.013178768580540345
DG,long,2025-08-28,2025-08-28,1,0.004586431188392748
DG,long,2026-01-05,2026-03-24,55,-0.13475563699383086
DG,long,2026-03-26,2026-04-06,7,0.04567122076592911
DG,long,2026-08-11,2026-08-24,10,0.023770625714752525
DGX,long,2025-01-06,2025-01-22,11,0.0021812710728017493
DGX,long,2025-03-27,2025-04-04,7,-0.014644153752610523
DGX,long,2025-04-29,2025-04-29,1,0.01030115844858659
DGX,long,2025-05-13,2025-05-20,6,0.01330305982869917
DGX,long,2025-06-25,2025-07-03,7,-0.01656476098467441
DGX,long,2025-07-14,2025-07-18,5,-0.007020001835452927
DGX,long,2025-10-07,2025-10-16,8,0.04702137884063218
DGX,long,2025-10-23,2025-11-03,8,-0.012860787540038165
DGX,long,2025-12-30,2026-01-08,7,0.012648082777041214
DGX,long,2026-01-23,2026-02-05,10,0.05566534757542918
DGX,long,2026-04-10,2026-04-15,4,-0.03235272217695584
DGX,long,2026-04-21,2026-05-08,14,-0.04543823887530696
DGX,long,2026-08-05,2026-08-13,7,0.009926407667294024
DHI,long,2025-02-25,2025-02-26,2,0.01676946919499045
DHI,long,2025-09-24,2025-10-29,26,-0.10813738748032997
DHI,long,2025-11-11,2025-11-24,10,0.01356806217870865
DHI,long,2026-01-07,2026-01-12,4,0.10525952730728894
DHI,long,2026-08-14,2026-08-24,7,-0.006071523885775254
DHR,long,2024-11-29,2024-12-03,3,0.008541607379366045
DHR,long,2025-02-20,2025-03-04,9,0.004537032358251647
DHR,long,2025-05-07,2025-05-19,9,0.03346484669795968
DHR,long,2025-10-31,2025-11-03,2,-0.0046035522188802025
DHR,long,2025-12-10,2026-01-20,27,0.051177800397754325
DHR,long,2026-01-29,2026-02-20,16,-0.0669813497415529
DHR,long,2026-07-30,2026-08-24,18,0.09476309226932655
DIS,long,2025-01-06,2025-02-18,29,-0.014393755256255858
DIS,long,2025-02-20,2025-02-25,4,-0.007364135964315177
DIS,long,2025-04-08,2025-04-22,10,0.03349341108713233
DIS,long,2025-07-11,2025-09-05,40,-0.030026270415153045
DIS,long,2026-02-26,2026-03-02,3,-0.006853831294763246
DIS,long,2026-06-23,2026-07-16,17,-0.019287220194166066
DLR,long,2024-12-30,2025-02-19,34,-0.04788362744054442
DLR,long,2025-03-10,2025-03-18,7,0.004982393041879085
DLR,long,2025-04-17,2025-05-02,11,0.1104738103701377
DLR,long,2025-06-13,2025-06-20,5,0.0006273807382375374
DLR,long,2025-06-25,2025-08-01,27,-0.03067653105545176
DLR,long,2025-08-06,2025-08-25,14,-0.03664984353622158
DLR,long,2025-11-28,2025-12-04,5,0.013277970098144243
DLR,long,2026-03-18,2026-07-13,80,-0.007116483674455609
DLTR,long,2024-12-02,2024-12-02,1,0.021607969692717832
DLTR,long,2025-02-07,2025-02-19,8,0.014761137949543812
DLTR,long,2025-03-13,2025-03-24,8,0.12629198966408262
DLTR,long,2025-07-03,2025-07-18,11,0.06902242500728129
DLTR,long,2025-07-30,2025-09-03,25,-0.11270545264805631
DLTR,long,2025-09-05,2025-10-01,19,-0.09905236907730686
DLTR,long,2025-10-03,2025-10-14,8,0.059175531914893664
DLTR,long,2025-12-24,2026-03-11,52,-0.05253911152012003
DLTR,long,2026-08-07,2026-08-24,12,0.0545188155459595
DOC,long,2025-02-19,2025-02-26,6,0.022471900645778975
DOC,long,2025-05-09,2025-05-29,14,0.013286057454482858
DOC,long,2025-11-12,2025-12-17,25,-0.07844803810808465
DOC,long,2026-03-24,2026-04-15,16,0.0017472914860885425
DOC,long,2026-04-28,2026-05-07,8,0.21358023921950653
DOC,long,2026-07-13,2026-07-30,14,0.023560841085261464
DOV,long,2024-12-02,2024-12-05,4,-0.020009632280773126
DOV,long,2025-01-07,2025-01-30,16,0.09248518119236793
DOV,long,2025-04-04,2025-04-28,16,0.04670316599885327
DOV,long,2025-12-31,2026-02-09,27,0.13757711930379957
DOV,long,2026-03-02,2026-03-12,9,-0.09623055013418413
DOV,long,2026-04-09,2026-05-07,21,0.019428684625266257
DOV,long,2026-05-26,2026-06-04,8,0.019502796695754387
DOV,long,2026-08-19,2026-08-24,4,0.0027578055747070618
DOW,long,2024-12-06,2024-12-16,7,-0.049300776868301144
DOW,long,2025-02-13,2025-02-19,4,0.017250341083255183
DOW,long,2025-05-07,2025-05-12,4,0.07569451616969447
DOW,long,2025-08-13,2025-08-15,3,0.07600193186473603
DOW,long,2025-08-26,2025-08-27,2,-0.007223088682445478
DOW,long,2025-10-27,2025-11-06,9,-0.1043933856839444
DOW,long,2026-01-06,2026-01-15,8,0.12208840303577695
DOW,long,2026-03-25,2026-03-26,2,0.030279319633187862
DOW,long,2026-04-02,2026-04-17,11,-0.12509220673961907
DOW,long,2026-04-21,2026-06-17,41,-0.10713961929752092
DOW,long,2026-06-22,2026-06-26,5,-0.08477781279546182
DPZ,long,2025-01-08,2025-01-10,2,-0.020856628354482987
DPZ,long,2025-01-27,2025-02-03,6,0.04978929389142728
DPZ,long,2025-04-08,2025-06-03,39,0.06404468966405563
DPZ,long,2025-06-06,2025-07-11,24,0.013583727472668006
DPZ,long,2025-09-24,2025-10-15,16,-0.015169146232504649
DPZ,long,2026-01-30,2026-02-03,3,-0.014665419271754465
DPZ,long,2026-05-12,2026-05-21,8,0.010376121723571163
DRI,long,2025-03-06,2025-03-21,12,0.027020060987638317
DRI,long,2025-05-09,2025-06-05,19,0.08070348860854692
DRI,long,2025-06-09,2025-06-17,7,0.033328749892120646
DRI,long,2025-08-07,2025-08-29,17,0.008725332593050528
DRI,long,2025-10-09,2025-10-27,13,-0.014914030535857936
DRI,long,2026-02-11,2026-02-25,10,0.008656699037663973
DRI,long,2026-03-03,2026-03-18,12,-0.04364597133435011
DRI,long,2026-03-25,2026-04-06,8,-0.019698762242099543
DRI,long,2026-05-11,2026-05-14,4,-0.008255604191298893
DRI,long,2026-08-03,2026-08-06,4,0.03615286373907067
DTE,long,2025-02-10,2025-02-20,8,0.06911162879330757
DTE,long,2025-04-28,2025-07-07,48,-0.019029092741811637
DTE,long,2025-09-26,2025-10-14,13,0.028984426979335565
DTE,long,2025-12-03,2025-12-19,13,-0.020935210538865934
DTE,long,2026-02-03,2026-02-06,4,0.01421813914165071
DTE,long,2026-03-24,2026-04-14,15,0.03830211962319763
DTE,long,2026-04-22,2026-06-03,30,-0.011570403541447116
DTE,long,2026-07-17,2026-07-27,7,-0.01128198240547984
DTE,long,2026-08-04,2026-08-13,8,-0.015453005927180352
DUK,long,2025-05-13,2025-07-07,37,0.02163811296532181
DUK,long,2025-08-11,2025-08-14,4,-0.008458359376448343
DUK,long,2025-09-29,2025-10-14,12,0.03901809161661274
DUK,long,2025-12-03,2025-12-18,12,-0.017879495487536645
DUK,long,2026-03-24,2026-03-31,6,0.02827084673905156
DUK,long,2026-04-20,2026-06-03,32,-0.046427027697016676
DUK,long,2026-07-17,2026-07-22,4,0.014590410050709268
DVA,long,2025-01-31,2025-02-14,11,-0.1081019830028328
DVA,long,2025-05-27,2025-06-05,8,-0.0032563861350315415
DVA,long,2026-04-17,2026-05-05,13,0.06014986835887348
DVA,long,2026-05-07,2026-05-07,1,0.012275634413039027
DVA,long,2026-05-11,2026-05-11,1,0.001409514220991781
DVA,long,2026-05-26,2026-06-08,10,-0.03244005641748948
DVA,long,2026-06-18,2026-07-31,30,0.14013676512489348
DVA,long,2026-08-05,2026-08-24,14,-0.22584323873854129
DVN,long,2024-12-24,2024-12-27,3,0.007101378850500106
DVN,long,2025-03-20,2025-04-04,12,-0.18696250919988033
DVN,long,2025-04-25,2025-05-16,16,0.05687951033838612
DVN,long,2025-05-30,2025-06-06,6,0.03792988354885041
DVN,long,2025-08-21,2025-09-03,9,0.03848437366647173
DVN,long,2025-10-31,2025-11-04,3,0.016869781608598977
DVN,long,2026-01-14,2026-02-09,18,0.18023894091055848
DVN,long,2026-04-07,2026-04-17,9,-0.10916411676827353
DVN,long,2026-04-21,2026-06-22,43,-0.03524249095951648
DVN,long,2026-07-06,2026-07-08,3,0.07017543859649122
DVN,long,2026-07-14,2026-07-28,11,-0.024468328378687176
DXCM,long,2024-12-23,2025-01-06,9,-0.001999000499750103
DXCM,long,2025-01-13,2025-01-17,5,0.08513374485596703
DXCM,long,2025-02-05,2025-02-14,8,0.01840841527555459
DXCM,long,2025-02-26,2025-03-06,7,-0.099750905797101
DXCM,long,2025-03-10,2025-03-13,4,-0.12024665981500526
DXCM,long,2025-03-17,2025-04-03,14,-0.12576036214457542
DXCM,long,2025-04-07,2025-04-25,14,0.19772689286311262
DXCM,long,2025-06-27,2025-07-31,24,-0.05021166509877706
DXCM,long,2025-09-10,2025-09-19,8,-0.13966836734693888
DXCM,long,2025-09-24,2025-10-06,9,-0.02697947214076246
DXCM,long,2026-02-06,2026-02-19,9,0.03405351266275569
DXCM,long,2026-02-23,2026-03-12,14,-0.10700602079912425
DXCM,long,2026-03-17,2026-04-21,25,-0.05637624359360849
DXCM,long,2026-07-20,2026-08-03,11,0.13907371167645133
DXCM,long,2026-08-07,2026-08-18,8,0.07925801011804379
EA-202608,long,2024-12-27,2025-01-23,17,-0.2045347431536555
EA-202608,long,2025-01-27,2025-02-07,10,0.10329452533833727
EA-202608,long,2025-04-24,2025-05-08,11,0.08300285841974908
EA-202608,long,2025-05-13,2025-06-25,30,0.05864798447703268
EA-202608,long,2025-07-09,2025-07-22,10,0.028695032205064974
EA-202608,long,2025-07-29,2025-07-31,3,0.0032896974817868685
EA-202608,long,2025-08-27,2025-09-12,12,0.0019763402259354024
EA-202608,long,2025-10-13,2025-11-04,17,0.003799543878253653
EA-202608,long,2025-11-13,2025-12-22,27,0.009805444990496293
EA-202608,long,2025-12-24,2025-12-24,1,0.0024967123481711706
EA-202608,long,2026-01-29,2026-02-12,11,-0.0170638120702169
EA-202608,long,2026-02-20,2026-03-04,9,0.010210401948487435
EA-202608,long,2026-04-22,2026-06-15,38,-0.0011689254368572044
EBAY,long,2024-11-21,2024-12-09,12,0.07554485412359391
EBAY,long,2025-02-03,2025-02-04,2,-0.007854288826201317
EBAY,long,2025-02-21,2025-02-26,4,-0.004606989656204319
EBAY,long,2025-03-03,2025-04-08,27,-0.07646167288276318
EBAY,long,2025-07-08,2025-08-14,28,0.2973257892301464
EBAY,long,2025-08-27,2025-09-03,5,-0.04435078510302071
EBAY,long,2025-09-24,2025-10-20,19,0.050406314577262634
EBAY,long,2025-12-05,2025-12-17,9,0.007061983554093265
EBAY,long,2026-02-20,2026-03-05,10,0.0978171664227625
EBAY,long,2026-05-12,2026-07-17,46,0.03921824747054514
EBAY,long,2026-07-24,2026-08-10,12,-0.014727405781192693
ECHO,long,2026-03-24,2026-04-06,9,0.1594666179559776
ECHO,long,2026-04-29,2026-06-22,37,-0.13985448666127742
ECHO,long,2026-06-24,2026-07-13,13,-0.10600009623249751
ECL,long,2025-04-29,2025-05-09,9,0.05706396495455612
ECL,long,2025-05-15,2025-05-20,4,0.048890710895748146
ECL,long,2025-07-10,2025-08-14,26,0.04388354324642196
ECL,long,2025-12-12,2025-12-22,7,0.02601934286124341
ECL,long,2026-01-30,2026-02-02,2,0.002899391519523231
ECL,long,2026-04-13,2026-05-06,18,-0.03611543248288662
ECL,long,2026-08-10,2026-08-24,11,0.006347091208752653
ED,long,2024-11-21,2024-11-27,5,0.03780144586261747
ED,long,2025-05-05,2025-06-25,36,-0.10128434476971859
ED,long,2025-06-27,2025-07-07,6,0.01321005776623596
ED,long,2025-09-23,2025-10-06,10,0.02804799638150568
ED,long,2025-12-04,2025-12-17,10,0.03898393222319618
ED,long,2026-02-10,2026-02-11,2,0.02990260255104138
ED,long,2026-03-04,2026-04-08,25,0.010768880262291614
ED,long,2026-04-22,2026-04-24,3,0.008041384904342808
ED,long,2026-05-06,2026-06-03,20,-0.04401000449220427
ED,long,2026-07-17,2026-07-22,4,-0.0026693580623099455
ED,long,2026-07-24,2026-07-28,3,-0.007181447461089729
ED,long,2026-08-05,2026-08-11,5,-0.00839404586314696
EFX,long,2025-02-19,2025-03-18,20,-0.04320923320449821
EFX,long,2025-06-23,2025-07-03,9,0.023895232039401026
EFX,long,2025-07-14,2025-07-30,13,-0.06406096127893635
EFX,long,2026-02-05,2026-02-09,3,0.1024634991822202
EFX,long,2026-05-18,2026-05-19,2,0.015533349557928178
EFX,long,2026-05-21,2026-05-26,3,-0.009032346654739953
EFX,long,2026-06-11,2026-06-15,3,-0.005600385402866226
EFX,long,2026-06-23,2026-06-25,3,-0.010163528568636448
EFX,long,2026-08-13,2026-08-19,5,0.06450182866009069
EG,long,2025-02-03,2025-02-24,15,-0.01896346936740101
EG,long,2025-05-02,2025-06-03,22,0.04711407988230287
EG,long,2025-06-09,2025-07-09,21,-0.017303077582014326
EG,long,2025-08-14,2025-08-14,1,0.001068989403063103
EG,long,2025-08-19,2025-08-22,4,0.03605743899184488
EG,long,2025-09-17,2025-09-18,2,0.012461050359046988
EG,long,2025-09-22,2025-09-25,4,0.02931001116229015
EG,long,2025-10-30,2025-11-03,3,0.012926120398635943
EG,long,2026-03-05,2026-03-13,7,-0.03516763517157384
EG,long,2026-05-28,2026-07-13,31,0.10724708733421928
EIX,long,2025-01-30,2025-02-07,7,-0.10232971039355199
EIX,long,2025-02-11,2025-02-20,7,0.03448278854397713
EIX,long,2025-05-05,2025-06-10,26,-0.08090383464831019
EIX,long,2025-09-08,2025-10-21,32,0.08824177514870923
EIX,long,2025-12-02,2025-12-16,11,0.003268560032735124
EIX,long,2026-01-06,2026-01-12,5,0.00416962415237121
EIX,long,2026-02-03,2026-02-05,3,0.04872425997024621
EIX,long,2026-04-20,2026-06-03,32,0.0015548239559539656
EIX,long,2026-07-28,2026-07-30,3,0.0011444557477111594
EIX,long,2026-08-04,2026-08-17,10,-0.0022390148334729965
EL,long,2025-02-11,2025-02-19,6,0.039150054772092435
EL,long,2025-05-06,2025-05-09,4,0.0570190743960286
EL,long,2025-08-01,2025-10-15,53,0.024586400206106696
EL,long,2026-02-05,2026-02-05,1,-0.1918735697417917
EL,long,2026-02-09,2026-02-24,11,0.159042865818247
EL,long,2026-02-26,2026-03-02,3,-0.10995071577348514
EL,long,2026-07-07,2026-07-31,19,-0.01177856301531166
EL,long,2026-08-13,2026-08-20,6,0.09660127737226287
ELV,long,2025-05-13,2025-05-14,2,-0.10175428234049677
ELV,long,2025-05-16,2025-06-10,17,-0.011250105048767334
ELV,long,2025-06-26,2025-07-02,5,-0.06315197510913806
ELV,long,2025-07-21,2025-08-01,10,-0.008769696351106027
ELV,long,2025-10-21,2025-10-21,1,-0.01220098626940569
ELV,long,2025-10-28,2025-11-10,10,-0.11302514069425462
ELV,long,2025-11-17,2025-12-15,20,0.1126321397622978
ELV,long,2026-02-10,2026-02-11,2,0.008396959822283279
ELV,long,2026-02-27,2026-03-03,3,-0.12078625973415547
ELV,long,2026-03-05,2026-03-12,6,-0.006125712129070426
ELV,long,2026-05-28,2026-07-24,40,-0.03130057439197553
EME,long,2025-09-23,2025-10-21,21,0.052415964701469475
EME,long,2025-11-04,2025-11-06,3,-0.02935320893435389
EME,long,2025-12-01,2025-12-17,13,-0.030240622084459434
EME,long,2026-03-02,2026-03-05,4,-0.0077420261415950264
EME,long,2026-03-19,2026-05-06,34,0.2800205506164781
EME,long,2026-05-27,2026-06-10,11,-0.0983154719842334
EME,long,2026-06-12,2026-06-30,12,0.02261162775501724
EMN,long,2024-11-27,2024-12-13,12,-0.06163668515989018
EMN,long,2025-04-04,2025-04-11,6,-0.02038019470578989
EMN,long,2025-10-29,2026-08-24,205,0.18952656957081682
EMR,long,2025-01-14,2025-02-13,22,0.05765180378171997
EMR,long,2025-02-25,2025-02-27,3,-0.005634724425286564
EMR,long,2025-04-15,2025-04-21,4,-0.04572448313472344
EMR,long,2025-07-23,2025-09-03,30,-0.0992767651095221
EMR,long,2025-09-05,2025-09-15,7,0.019233551665635895
EMR,long,2025-11-11,2025-11-20,8,-0.04410464984626894
EMR,long,2025-12-23,2025-12-31,6,-0.016816090584832133
EMR,long,2026-02-10,2026-03-03,15,-0.08047457933066071
EMR,long,2026-03-19,2026-04-13,17,0.11225752404592049
EMR,long,2026-05-20,2026-05-20,1,0.0169154959410458
ENPH,long,2025-02-12,2025-03-03,13,-0.15516139341642698
ENPH,long,2025-03-05,2025-03-11,5,0.051330798479087836
ENPH,long,2025-03-13,2025-03-24,8,0.06292749658002728
ENPH,long,2025-04-25,2025-05-09,11,0.10983606557377046
ENPH,long,2025-05-29,2025-06-05,6,0.06006160164271046
ENPH,long,2025-06-25,2025-06-26,2,0.12037519541427821
EOG,long,2024-12-24,2024-12-27,3,0.004589130159280863
EOG,long,2025-01-28,2025-02-13,13,-0.02227947066080882
EOG,long,2025-03-05,2025-04-02,21,0.06436815266128293
EOG,long,2025-05-06,2025-05-09,4,0.02395873324098896
EOG,long,2025-05-30,2025-06-04,4,0.008099766043726309
EOG,long,2025-08-20,2025-09-08,13,0.0028128394873569995
EOG,long,2026-04-07,2026-06-23,54,-0.04965118353740117
EOG,long,2026-07-15,2026-07-28,10,0.019319922945136625
EOG,long,2026-08-07,2026-08-11,3,0.052863436123348206
EPAM,long,2025-01-10,2025-02-07,20,0.13946873222178469
EPAM,long,2025-03-18,2025-04-01,11,-0.10036515948877678
EPAM,long,2025-04-03,2025-04-04,2,-0.1442683071099019
EPAM,long,2025-07-14,2025-08-01,15,-0.11119613845067122
EPAM,long,2025-08-05,2025-08-06,2,-0.012981082844096492
EPAM,long,2025-09-17,2025-09-22,4,0.012033382933298808
EPAM,long,2025-10-10,2025-10-23,10,0.041187803095728226
EPAM,long,2026-01-08,2026-02-03,18,-0.1598075160403296
EPAM,long,2026-02-05,2026-02-12,6,-0.11722047840675387
EPAM,long,2026-02-17,2026-02-19,3,-0.16355112099537183
EPAM,long,2026-02-23,2026-03-09,11,0.05336694274396803
EPAM,long,2026-05-21,2026-05-26,3,-0.044199424736337645
EQIX,long,2024-11-21,2024-12-04,9,0.05081941664446887
EQIX,long,2025-01-13,2025-01-27,10,0.00030000855452594344
EQIX,long,2025-02-07,2025-03-10,21,-0.11018500799813558
EQIX,long,2025-03-12,2025-03-21,8,-0.001973033548501313
EQIX,long,2025-04-11,2025-05-01,14,0.11836673403791509
EQIX,long,2025-06-26,2025-07-29,23,-0.01598910124136943
EQIX,long,2025-10-03,2025-10-09,5,0.04624645729438437
EQIX,long,2026-04-30,2026-07-17,54,-0.05878872363200327
EQT,long,2025-01-14,2025-02-11,20,0.073482344815889
EQT,long,2025-03-05,2025-04-04,23,-0.07779991779602169
EQT,long,2025-04-17,2025-08-01,73,0.03234395811739588
EQT,long,2025-12-04,2025-12-15,8,-0.09808728454362514
EQT,long,2025-12-17,2025-12-29,8,0.022880798442075134
EQT,long,2026-01-12,2026-02-02,15,0.07163831123459996
EQT,long,2026-04-13,2026-06-10,42,-0.10091604715409952
EQT,long,2026-07-14,2026-07-23,8,0.07381331939003077
ERIE,long,2025-02-13,2025-02-25,8,0.04293306443411127
ERIE,long,2025-04-23,2025-04-25,3,-0.1072044747419233
ERIE,long,2025-04-29,2025-05-30,23,0.03218845897644873
ERIE,long,2025-09-23,2025-10-06,10,-0.010845945308209148
ERIE,long,2026-02-11,2026-02-11,1,0.006639246066608262
ERIE,long,2026-06-04,2026-06-11,6,0.09057131845161015
ERIE,long,2026-06-23,2026-06-25,3,0.08651081240818881
ES,long,2025-07-07,2025-08-18,31,-0.00015494430032736428
ES,long,2025-09-18,2025-09-22,3,0.08101977363328339
ES,long,2025-11-25,2025-12-16,15,0.033647960229072016
ES,long,2026-02-24,2026-02-26,3,0.002404238649452717
ES,long,2026-03-24,2026-04-10,13,0.03429415705521377
ES,long,2026-04-22,2026-05-13,16,0.021400766720203412
ES,long,2026-07-17,2026-08-17,22,-0.04171108742004237
ESS,long,2025-01-10,2025-01-15,4,0.037448605448043626
ESS,long,2025-01-22,2025-01-23,2,-0.02667918526426316
ESS,long,2025-02-03,2025-02-06,4,0.04743995238694643
ESS,long,2025-04-23,2025-05-29,26,0.02066064618500074
ESS,long,2025-06-17,2025-07-08,14,0.012023775239627499
ESS,long,2025-08-06,2025-08-26,15,0.028792336460183643
ESS,long,2025-10-30,2025-10-31,2,0.018569511888389734
ESS,long,2026-01-14,2026-01-15,2,0.014404622013317825
ESS,long,2026-01-29,2026-02-02,3,0.012139506435821401
ESS,long,2026-03-11,2026-03-13,3,-0.01706709012786045
ESS,long,2026-04-28,2026-04-29,2,0.03149945282898803
ESS,long,2026-07-02,2026-07-27,17,-0.015244935293719064
ETN,long,2024-11-29,2024-12-18,14,-0.09909141794420351
ETN,long,2024-12-20,2025-02-03,28,-0.06027300339856756
ETN,long,2025-04-16,2025-04-25,7,0.042220068179159576
ETN,long,2025-05-22,2025-06-04,9,0.014736533734792001
ETN,long,2025-06-06,2025-06-06,1,0.015222927091472993
ETN,long,2025-06-27,2025-06-30,2,0.025420761285021687
ETN,long,2025-07-28,2025-07-29,2,-0.005507820052090273
ETN,long,2025-08-15,2025-09-19,25,0.05463246432272961
ETN,long,2025-11-17,2025-12-09,16,-0.030165394599719675
ETN,long,2025-12-19,2026-01-02,9,0.035955020821885064
ETN,long,2026-03-30,2026-05-12,31,0.12670586961199737
ETN,long,2026-05-18,2026-06-03,12,0.05450122604632046
ETR,long,2024-11-22,2024-11-27,4,0.032002579502898865
ETR,long,2025-01-06,2025-01-31,18,0.05738133214399088
ETR,long,2025-02-07,2025-02-18,7,0.06342636554794523
ETR,long,2025-03-11,2025-03-12,2,0.02709419972391447
ETR,long,2025-04-23,2025-07-07,51,-0.011618774578883273
ETR,long,2025-09-22,2025-10-09,14,0.07838056433826934
ETR,long,2025-11-25,2025-12-31,25,-0.03194382687417052
ETR,long,2026-01-21,2026-01-22,2,-0.01277033944637107
ETR,long,2026-01-27,2026-02-02,5,0.005475416799018307
ETR,long,2026-02-10,2026-02-11,2,0.02088635810432149
ETR,long,2026-04-22,2026-06-08,33,-0.022833401845995582
ETR,long,2026-06-24,2026-06-25,2,0.01379489197958228
ETR,long,2026-07-17,2026-08-13,20,-0.06373986488113703
EVRG,long,2025-01-08,2025-01-22,9,0.03848695604648045
EVRG,long,2025-01-30,2025-02-11,9,0.050777538232453345
EVRG,long,2025-04-28,2025-07-07,48,0.031362858358441326
EVRG,long,2025-08-29,2025-09-05,5,0.00547668161696957
EVRG,long,2025-10-13,2025-10-14,2,0.008003022186030107
EVRG,long,2025-12-04,2025-12-30,18,-0.014672223090998027
EVRG,long,2026-03-24,2026-04-08,11,0.050749365029529425
EVRG,long,2026-04-22,2026-05-12,15,0.03671443823848386
EVRG,long,2026-05-15,2026-06-03,13,-0.01185534947157374
EVRG,long,2026-07-16,2026-08-13,21,-0.022594202566652677
EW,long,2024-12-23,2025-01-06,9,-0.01697634006148918
EW,long,2025-02-07,2025-02-14,6,0.07324975348640672
EW,long,2025-04-15,2025-04-25,8,0.0883068555889508
EW,long,2025-05-06,2025-05-12,5,-0.004127279989349253
EW,long,2025-05-19,2025-06-26,27,-0.010897435897435193
EW,long,2025-07-10,2025-07-16,5,-0.013602798289933937
EW,long,2025-07-18,2025-07-23,4,0.009582567603045211
EW,long,2025-08-14,2025-08-14,1,0.00643666323377956
EW,long,2025-09-15,2025-10-06,16,-0.013020497615057192
EW,long,2025-10-13,2025-10-21,7,0.028130916959697272
EW,long,2025-12-11,2026-02-12,43,-0.08913250714966581
EW,long,2026-04-30,2026-05-20,15,0.021546417138636365
EW,long,2026-07-13,2026-07-24,10,-0.10389328706214096
EW,long,2026-08-10,2026-08-10,1,0.02574676772180129
EXC,long,2024-11-22,2024-11-27,4,0.005087809092487516
EXC,long,2025-03-14,2025-03-19,4,0.022314130472683047
EXC,long,2025-03-28,2025-03-31,2,0.04135597820072001
EXC,long,2025-04-28,2025-07-07,48,-0.05765127196691755
EXC,long,2025-09-30,2025-10-06,5,0.03207585256870171
EXC,long,2025-12-04,2025-12-30,18,-0.013920143197737156
EXC,long,2026-02-10,2026-02-11,2,0.01091656376212602
EXC,long,2026-04-22,2026-05-26,24,-0.005186924916827262
EXC,long,2026-07-20,2026-07-27,6,0.019239083441418003
EXC,long,2026-07-30,2026-08-13,11,-0.030406123750797542
EXE,long,2025-03-25,2025-03-31,5,0.020348304150155316
EXE,long,2025-04-25,2025-08-01,68,-0.01829418845560138
EXE,long,2025-12-03,2026-01-06,23,-0.10440024586742946
EXE,long,2026-01-08,2026-02-12,25,-0.030189382382051932
EXE,long,2026-04-16,2026-04-17,2,-0.0023946702307486856
EXE,long,2026-05-07,2026-06-08,22,-0.06152017192850234
EXE,long,2026-06-11,2026-06-15,3,-0.007452536237049334
EXE,long,2026-07-17,2026-07-24,6,0.037877151785493224
EXPD,long,2025-02-11,2025-02-14,4,0.010222192720161782
EXPD,long,2025-05-08,2025-05-08,1,0.020835343196738076
EXPD,long,2025-05-13,2025-05-14,2,-0.015592814610579375
EXPD,long,2025-10-15,2025-10-20,4,0.02598178849175281
EXPD,long,2025-10-23,2025-10-28,4,0.006660483508013071
EXPD,long,2026-01-06,2026-02-17,29,-0.046891120537678965
EXPD,long,2026-02-20,2026-02-23,2,-0.0071001045372836025
EXPD,long,2026-02-26,2026-03-06,7,0.03517314115705927
EXPD,long,2026-05-22,2026-06-15,16,0.04377612277871412
EXPD,long,2026-06-22,2026-07-02,9,0.03874287131167864
EXPE,long,2024-12-05,2025-01-27,34,-0.10191185710342365
EXPE,long,2025-01-29,2025-02-10,9,0.18181292012813444
EXPE,long,2025-04-21,2025-05-07,13,0.1019516752291787
EXPE,long,2025-07-30,2025-08-01,3,-0.02598335765311055
EXPE,long,2025-09-24,2025-10-07,10,-0.02287314993371492
EXPE,long,2025-10-13,2025-11-10,21,0.2743783293917983
EXPE,long,2026-01-20,2026-02-03,11,-0.17765067849331095
EXPE,long,2026-02-05,2026-02-09,3,-0.00012689614824312745
EXPE,long,2026-02-20,2026-03-05,10,0.2619427962840204
EXPE,long,2026-05-13,2026-06-02,14,0.02424877413208293
EXPE,long,2026-06-04,2026-06-10,5,-0.0287032518521807
EXPE,long,2026-08-13,2026-08-24,8,0.041634671499216847
EXR,long,2025-05-16,2025-05-20,3,0.02342179983212933
EXR,long,2025-07-02,2025-07-17,11,-0.021461764050566545
EXR,long,2025-07-23,2025-07-29,5,0.0038326524170582132
EXR,long,2025-08-20,2025-08-25,4,0.005234490558164717
EXR,long,2025-10-06,2025-10-07,2,0.00035004510001357403
EXR,long,2025-11-12,2025-12-18,26,-0.010781814581801386
EXR,long,2026-03-19,2026-04-10,16,0.01833249742444698
EXR,long,2026-07-02,2026-07-17,11,0.005906714644578592
EXR,long,2026-07-27,2026-08-19,18,0.0013540044682147645
F,long,2024-12-27,2025-01-15,12,-0.011916546760684654
F,long,2025-01-30,2025-02-19,14,-0.055315455099829935
F,long,2025-02-24,2025-02-25,2,0.01508623563787892
F,long,2025-05-07,2025-06-17,29,0.01264781415746219
F,long,2025-07-25,2025-08-12,13,0.012528815408811456
F,long,2025-10-14,2025-10-27,10,0.1490467972188838
F,long,2026-01-07,2026-01-20,9,-0.03768117658851977
F,long,2026-07-30,2026-08-06,6,-0.09751304636026636
F,long,2026-08-10,2026-08-12,3,-1.5473368669360887e-05
F,long,2026-08-14,2026-08-19,4,0.043916486681065736
FANG,long,2024-12-24,2024-12-27,3,0.0143497151492058
FANG,long,2025-02-12,2025-03-04,14,-0.10474654532589267
FANG,long,2025-03-06,2025-03-12,5,0.034227356802991826
FANG,long,2025-05-07,2025-05-14,6,0.09728747308111085
FANG,long,2025-06-02,2025-06-06,5,0.04466727871731835
FANG,long,2026-03-25,2026-06-17,59,-0.05358698713808008
FANG,long,2026-07-06,2026-08-03,21,0.15525460215047837
FANG,long,2026-08-07,2026-08-11,3,0.06370301084779051
FAST,long,2024-12-02,2024-12-05,4,-0.02154131957533023
FAST,long,2024-12-20,2025-02-06,31,0.014191350569436212
FAST,long,2025-05-08,2025-07-10,43,0.10980892879187043
FAST,long,2025-09-16,2025-10-09,18,-0.021984989930391885
FAST,long,2025-10-15,2025-10-20,4,0.0056141405157454916
FAST,long,2025-10-31,2025-11-03,2,-0.012274313476303256
FAST,long,2026-01-13,2026-01-16,4,0.04892083672481107
FAST,long,2026-05-07,2026-06-02,18,0.0004472631578760211
FCX,long,2024-11-29,2024-12-18,14,-0.11540213265690469
FCX,long,2025-03-25,2025-04-03,8,-0.19466477968639573
FCX,long,2025-04-07,2025-05-12,25,0.3476706114807133
FCX,long,2025-05-30,2025-06-02,2,0.028696053880773897
FCX,long,2025-06-06,2025-06-06,1,-0.005037094694850475
FCX,long,2025-07-11,2025-07-14,2,-0.03346740820302074
FCX,long,2025-08-04,2025-09-02,21,0.12265809189540455
FCX,long,2025-09-26,2025-11-04,28,0.11945070562316262
FCX,long,2025-11-13,2025-11-17,3,-0.06720884608490685
FCX,long,2025-12-23,2026-01-05,8,0.07444709100963487
FCX,long,2026-01-22,2026-03-20,41,-0.14014530252027402
FCX,long,2026-03-25,2026-05-11,33,0.1422050960016532
FCX,long,2026-06-17,2026-06-22,3,-0.013399942698036349
FCX,long,2026-07-31,2026-08-06,5,0.07471626733921832
FCX,long,2026-08-20,2026-08-21,2,0.109567231147778
FDS,long,2024-11-21,2024-12-05,10,0.010430205509107005
FDS,long,2025-01-08,2025-01-16,6,-0.0015411417553196083
FDS,long,2025-01-29,2025-02-13,12,-0.023862108136908478
FDS,long,2025-06-05,2025-06-25,14,0.014016005161866296
FDS,long,2025-07-23,2025-08-07,12,-0.07324496961730398
FDS,long,2025-09-17,2025-09-18,2,-0.12735017199121146
FDS,long,2025-09-22,2025-09-26,5,0.0018675451411966915
FDS,long,2026-01-05,2026-01-07,3,0.028255503168178153
FDS,long,2026-02-05,2026-02-09,3,-0.09852277314300639
FDS,long,2026-05-15,2026-05-26,7,0.1554087527063388
FDS,long,2026-06-08,2026-06-17,8,-0.10687739613488767
FDS,long,2026-06-22,2026-07-02,9,0.13014596231189834
FDS,long,2026-07-13,2026-07-14,2,0.02225729432236645
FDS,long,2026-08-12,2026-08-14,3,0.001908464393002296
FDX,long,2024-12-18,2024-12-19,2,-0.005587018632585039
FDX,long,2025-01-02,2025-01-15,9,-0.016848437382379622
FDX,long,2025-02-04,2025-02-14,9,0.08259877592498843
FDX,long,2025-11-26,2026-01-02,25,0.07581144757327674
FDX,long,2026-01-16,2026-01-30,10,0.02902664023201651
FDX,long,2026-02-19,2026-03-27,27,-0.09845326570910717
FDX,long,2026-03-31,2026-04-06,4,0.049976562476064634
FDX,long,2026-04-17,2026-04-20,2,0.03381638148498678
FDX,long,2026-04-24,2026-05-01,6,0.0024955392133398924
FDX,long,2026-05-05,2026-05-20,12,0.08116268556014083
FDX,long,2026-05-27,2026-05-28,2,0.028499974742794754
FE,long,2025-02-14,2025-02-18,2,0.009190288131359914
FE,long,2025-03-07,2025-03-17,7,0.04076300195731908
FE,long,2025-03-28,2025-03-31,2,0.02458801716893455
FE,long,2025-05-28,2025-07-18,36,-0.03135393730101188
FE,long,2025-09-24,2025-10-21,20,0.07488584485729888
FE,long,2025-12-04,2025-12-22,13,-0.017908580398809826
FE,long,2026-02-10,2026-02-11,2,0.0237078037158438
FE,long,2026-03-23,2026-05-29,48,-0.0344363803922898
FE,long,2026-08-07,2026-08-19,9,0.007355292612728048
FFIV,long,2024-11-29,2024-12-10,8,0.02211380813372288
FFIV,long,2025-01-14,2025-01-29,11,0.17753566389716213
FFIV,long,2025-03-03,2025-03-13,9,-0.11972095886194978
FFIV,long,2025-04-01,2025-04-04,4,-0.10147594546888494
FFIV,long,2025-04-08,2025-04-28,14,0.08867258091013697
FFIV,long,2025-05-01,2025-05-02,2,0.015373574072675034
FFIV,long,2025-07-28,2025-08-05,7,0.06483615592744751
FFIV,long,2025-08-27,2025-08-29,3,-0.007700351744462264
FFIV,long,2025-10-22,2025-10-28,5,-0.10571170749640713
FFIV,long,2025-11-14,2025-11-24,7,-0.01142881065014456
FFIV,long,2026-02-25,2026-03-10,10,0.051869279123626155
FFIV,long,2026-04-07,2026-05-05,21,0.10486282668053648
FFIV,long,2026-05-15,2026-05-15,1,-0.0055130420472311314
FFIV,long,2026-05-28,2026-08-06,49,0.06420198376916186
FICO,long,2024-11-21,2024-12-05,10,0.024922064426740276
FICO,long,2024-12-26,2025-01-21,16,-0.10014299355341338
FICO,long,2025-01-23,2025-02-10,13,-0.012216005786249151
FICO,long,2025-04-24,2025-05-06,9,0.0699874354900678
FICO,long,2025-05-12,2025-05-21,8,-0.1821072492361917
FICO,long,2025-05-23,2025-05-27,2,-0.11568410652112537
FICO,long,2025-05-29,2025-06-06,7,0.09578132523426786
FICO,long,2025-12-17,2025-12-30,9,-0.025879818986345615
FICO,long,2026-01-15,2026-02-02,12,-0.10232074689566872
FICO,long,2026-02-04,2026-02-06,3,0.047384550513150714
FICO,long,2026-07-10,2026-07-31,16,-0.12227511118406142
FICO,long,2026-08-04,2026-08-14,9,0.03856675530388487
FIS,long,2024-11-21,2024-12-05,10,-0.004772970296896717
FIS,long,2024-12-19,2025-01-14,16,-0.024769692672499954
FIS,long,2025-05-27,2025-06-20,18,0.02997289678163373
FIS,long,2025-06-25,2025-07-18,17,-0.02191640755783497
FIS,long,2025-08-05,2025-08-06,2,-0.11474169687421365
FIS,long,2025-08-08,2025-08-21,10,-0.00742116547628402
FIS,long,2025-12-19,2026-01-02,9,-0.004248724778856294
FIS,long,2026-01-28,2026-02-03,5,-0.12263178625502802
FIS,long,2026-02-19,2026-02-20,2,0.011321511619629687
FIS,long,2026-05-13,2026-05-19,5,0.011392757623485128
FIS,long,2026-06-03,2026-06-17,11,-0.08230075715896434
FISV,long,2024-12-12,2025-02-06,37,0.13375171602275038
FISV,long,2025-03-12,2025-03-19,6,0.032519563281945274
FISV,long,2025-04-15,2025-04-24,7,-0.16650961176027157
FISV,long,2025-04-28,2025-05-27,21,-0.09795527516476132
FISV,long,2025-08-14,2025-08-27,10,0.02747784645170892
FISV,long,2025-09-05,2025-09-15,7,-0.02592157438684095
FISV,long,2025-10-31,2025-11-13,10,-0.010124252185917726
FISV,long,2026-02-26,2026-02-26,1,0.004544716766758716
FISV,long,2026-06-09,2026-06-22,9,-0.10508345978755673
FISV,long,2026-06-29,2026-07-10,9,0.020222446916076775
FISV,long,2026-08-12,2026-08-12,1,-0.02200303490136568
FITB,long,2024-12-30,2025-01-15,11,0.034601804467980335
FITB,long,2025-01-22,2025-02-06,12,-0.012483344607151503
FITB,long,2025-02-10,2025-02-12,3,-0.013851100070361277
FITB,long,2025-04-11,2025-04-14,2,0.02276068351187721
FITB,long,2025-07-25,2025-08-01,6,-0.041695908570004714
FITB,long,2025-08-19,2025-09-26,28,0.06219307201694324
FITB,long,2025-10-17,2025-11-21,26,0.051040496259140644
FITB,long,2026-01-15,2026-01-21,4,0.08832610393899754
FITB,long,2026-02-11,2026-03-05,16,-0.10660554049643578
FITB,long,2026-03-09,2026-03-16,6,-0.06765326832567387
FITB,long,2026-06-04,2026-06-26,16,0.13780557586148867
FITB,long,2026-08-11,2026-08-24,10,-0.039033782601085476
FIX,long,2025-12-24,2026-02-25,42,0.5026362676755163
FIX,long,2026-03-19,2026-03-30,8,-0.1052846072860053
FIX,long,2026-04-01,2026-06-08,47,0.3435600121735918
FIX,long,2026-06-25,2026-07-02,6,-0.10906794841395129
FIX,long,2026-07-07,2026-07-10,4,-0.02060200929422573
FLEX,long,2026-06-23,2026-07-02,8,-0.12165457929529577
FLEX,long,2026-07-07,2026-07-16,8,-0.1264334655607645
FMC,long,2024-12-18,2024-12-19,2,-0.07427461254065881
FOX,long,2025-01-10,2025-03-26,52,0.10328064527544778
FOX,long,2025-04-09,2025-05-13,24,0.16594384064468382
FOX,long,2025-10-16,2025-10-31,12,0.1319767470180231
FOX,long,2026-01-13,2026-01-29,12,-0.03071173414020323
FOX,long,2026-02-13,2026-03-06,15,0.06250008559082842
FOX,long,2026-05-12,2026-05-12,1,-0.02795031055900621
FOX,long,2026-05-19,2026-05-19,1,-0.01525682319037125
FOX,long,2026-05-21,2026-06-15,17,-0.129400487974904
FOX,long,2026-06-17,2026-07-08,14,0.0
FOXA,long,2025-01-10,2025-02-14,25,0.13600166282412696
FOXA,long,2025-02-19,2025-03-19,21,-0.05497476578526972
FOXA,long,2025-04-09,2025-05-14,25,0.15152790279659878
FOXA,long,2025-08-04,2025-08-05,2,-0.01170334124626915
FOXA,long,2025-10-16,2025-11-03,13,0.10547345510551587
FOXA,long,2026-01-13,2026-01-29,12,-0.028664259839505712
FOXA,long,2026-02-10,2026-02-12,3,-0.10214795533327359
FOXA,long,2026-02-17,2026-03-06,14,0.066073555508674
FOXA,long,2026-05-12,2026-05-12,1,-0.02303603071470761
FOXA,long,2026-05-19,2026-06-15,19,-0.16866555336268418
FOXA,long,2026-06-17,2026-07-08,14,0.020061138708444615
FRT,long,2025-01-10,2025-01-14,3,-0.005642671122976228
FRT,long,2025-03-05,2025-03-18,10,-0.05571732215644687
FRT,long,2025-07-03,2025-07-09,4,-0.0029499539904340732
FRT,long,2025-10-03,2025-11-19,34,-0.028684086641265982
FRT,long,2026-03-06,2026-03-18,9,-0.028710794237321147
FRT,long,2026-03-24,2026-03-31,6,0.02361214901946318
FRT,long,2026-05-01,2026-05-04,2,0.032191114046387304
FRT,long,2026-07-02,2026-08-21,36,-0.030479196080059556
FSLR,long,2024-12-05,2024-12-06,2,-0.036612591159398744
FSLR,long,2025-02-12,2025-02-27,11,-0.1263613861386137
FSLR,long,2025-03-20,2025-04-04,12,-0.005025514148755628
FSLR,long,2025-05-29,2025-06-06,7,0.06327900287631838
FSLR,long,2025-07-18,2025-07-21,2,0.027601705658637954
FSLR,long,2025-09-16,2025-09-25,8,0.07753623188405778
FSLR,long,2025-10-03,2025-11-03,22,0.14463877999396835
FSLR,long,2025-11-11,2025-11-11,1,-0.031139964788732377
FSLR,long,2025-11-18,2025-11-18,1,-0.005324603612842149
FSLR,long,2025-11-24,2026-02-04,49,-0.047417070145252205
FSLR,long,2026-03-16,2026-03-20,5,-0.01657571275564862
FSLR,long,2026-04-08,2026-05-04,19,0.09921480942228644
FSLR,long,2026-07-16,2026-07-29,10,-0.10982039138593525
FSLR,long,2026-07-31,2026-08-07,6,0.21377603028979175
FTNT,long,2024-12-30,2025-02-10,28,0.14019567027477042
FTNT,long,2025-03-12,2025-03-21,8,0.0037647537647538254
FTNT,long,2025-04-14,2025-06-17,45,0.052696203826870125
FTNT,long,2025-08-07,2025-08-07,1,-0.22033547318285363
FTNT,long,2025-08-12,2025-08-21,8,0.042644495105270463
FTNT,long,2025-11-20,2025-12-17,19,-0.004389815627743432
FTNT,long,2025-12-22,2026-01-26,23,0.03526919242273152
FTNT,long,2026-04-15,2026-04-22,6,0.10660736975857699
FTNT,long,2026-07-09,2026-08-11,24,0.03305468700146741
FTV,long,2025-01-31,2025-02-25,17,-0.024868305793788847
FTV,long,2025-03-21,2025-04-04,11,-0.14103946445817395
FTV,long,2025-04-11,2025-05-08,19,0.09502902311048422
FTV,long,2025-08-01,2025-08-05,3,0.009805989237448687
FTV,long,2025-11-19,2025-12-03,10,0.06213414088242408
FTV,long,2026-01-22,2026-01-22,1,0.005143370078826148
FTV,long,2026-02-13,2026-02-19,4,0.033214280927567064
FTV,long,2026-03-05,2026-03-09,3,-0.028448327306516363
FTV,long,2026-06-02,2026-06-17,12,0.033378744120604376
FTV,long,2026-07-02,2026-07-02,1,0.013754045307443397
FTV,long,2026-07-15,2026-07-22,6,-0.007086354647330206
FTV,long,2026-08-21,2026-08-21,1,0.011447811447811373
GD,long,2024-11-21,2024-12-03,8,-0.009391065902539242
GD,long,2025-05-13,2025-07-01,34,0.06566768023473402
GD,long,2025-07-07,2025-07-08,2,0.0064120140575165685
GD,long,2025-08-26,2025-09-04,7,0.007971384252431157
GD,long,2025-09-17,2025-10-01,11,0.0439645010078209
GD,long,2025-10-27,2025-10-27,1,0.008552586503612236
GD,long,2025-11-04,2026-01-06,43,0.055108634671517276
GD,long,2026-01-13,2026-01-14,2,0.014018938323526076
GD,long,2026-01-16,2026-01-22,4,-0.0037038036522938356
GD,long,2026-05-14,2026-05-29,11,0.01599491797017749
GDDY,long,2024-12-26,2025-02-14,34,-0.11874818612750315
GDDY,long,2025-02-19,2025-02-24,4,-0.03871217141594885
GDDY,long,2025-03-10,2025-03-13,4,-0.01625969876768585
GDDY,long,2025-05-15,2025-06-20,25,-0.07028550162156422
GDDY,long,2025-07-18,2025-07-25,6,-0.013785727018836624
GDDY,long,2025-08-01,2025-08-01,1,-0.03162520113875489
GDDY,long,2025-10-08,2025-10-10,3,-0.033932135728543034
GDDY,long,2025-12-31,2026-01-02,2,-0.05996192893401009
GDDY,long,2026-01-15,2026-01-30,11,-0.0704642130571479
GDDY,long,2026-05-26,2026-05-26,1,-0.016250276365244343
GDDY,long,2026-06-09,2026-07-27,33,0.1946716232961585
GE,long,2024-11-29,2024-12-13,11,-0.0807863157326626
GE,long,2025-03-11,2025-03-26,12,0.07937747121045824
GE,long,2025-04-04,2025-04-04,1,-0.11096313958701942
GE,long,2025-04-08,2025-06-20,51,0.4273703383015628
GE,long,2025-07-07,2025-08-22,35,0.08116990603177565
GE,long,2025-09-09,2025-10-08,22,0.0973726507585968
GE,long,2025-10-17,2025-10-21,3,0.022645524710143583
GE,long,2025-10-28,2025-10-29,2,0.004603009078242293
GE,long,2025-11-10,2026-02-19,69,0.09064615659847775
GE,long,2026-03-09,2026-03-13,5,-0.07113183007730617
GE,long,2026-03-19,2026-03-19,1,-0.031067221184801763
GE,long,2026-04-22,2026-05-12,15,0.03738707256147178
GE,long,2026-07-22,2026-07-27,4,0.06137364250073363
GE,long,2026-07-30,2026-08-04,4,0.07600604625958973
GE,long,2026-08-14,2026-08-24,7,-0.052129547471162385
GEHC,long,2024-11-21,2024-12-13,16,-0.04475852915800416
GEHC,long,2025-03-11,2025-04-03,18,-0.15651366735191563
GEHC,long,2025-04-07,2025-04-10,4,0.029251380083457512
GEHC,long,2025-04-15,2025-04-24,7,0.041776737496703964
GEHC,long,2025-08-20,2025-09-08,13,0.0566446551371278
GEHC,long,2025-10-27,2025-11-06,9,-0.05080631146276193
GEHC,long,2025-11-11,2025-11-21,9,0.04041906588692257
GEHC,long,2026-01-08,2026-02-19,29,-0.031681866581764306
GEHC,long,2026-07-29,2026-07-30,2,0.09093745125565422
GEN,long,2024-12-31,2025-01-31,21,-0.01716583465189836
GEN,long,2025-05-01,2025-05-06,4,-0.005798313945655109
GEN,long,2025-06-27,2025-07-07,6,0.022071307536648987
GEN,long,2025-07-16,2025-08-13,21,0.0752256622993206
GEN,long,2025-08-18,2025-09-09,16,-0.05981811650227653
GEN,long,2026-01-15,2026-01-20,3,-0.04192072430583138
GEN,long,2026-01-29,2026-02-09,8,-0.007664379939709143
GEN,long,2026-06-26,2026-08-18,37,0.19098448871970986
GEV,long,2024-11-21,2025-01-31,47,0.08866104000965636
GEV,long,2025-03-12,2025-03-21,8,0.17473001670251675
GEV,long,2025-03-28,2025-04-28,21,0.22225124819598663
GEV,long,2025-05-21,2025-05-27,4,0.04770691938221616
GEV,long,2025-06-04,2025-06-04,1,-0.009817973601897845
GEV,long,2025-06-06,2025-06-17,8,0.008981878417903877
GEV,long,2025-06-24,2025-08-29,48,0.2267679510080136
GEV,long,2025-09-09,2025-10-08,22,0.042017292230819514
GEV,long,2025-12-03,2025-12-03,1,0.00064816185660721
GEV,long,2025-12-19,2026-01-07,12,0.03656020452888775
GEV,long,2026-01-15,2026-02-26,29,0.3605825457575653
GEV,long,2026-03-03,2026-03-05,3,-0.07509244798072079
GEV,long,2026-03-10,2026-03-11,2,0.02114215751423143
GEV,long,2026-03-19,2026-07-01,72,0.3220376182899378
GILD,long,2024-11-21,2024-12-09,12,0.02211441172716766
GILD,long,2025-01-10,2025-01-31,15,0.09041955134567625
GILD,long,2025-02-21,2025-02-24,2,0.009088434283019753
GILD,long,2025-04-28,2025-05-20,17,0.05757485827310349
GILD,long,2025-08-07,2025-09-04,20,0.02257888369443739
GILD,long,2025-11-24,2026-01-08,31,-0.04084805002050973
GILD,long,2026-03-30,2026-05-05,26,-0.005735698841434211
GILD,long,2026-07-21,2026-08-10,15,-0.0011260415884694064
GIS,long,2024-11-21,2024-11-29,6,0.038558055228499866
GIS,long,2025-02-12,2025-03-04,14,0.030160088027550325
GIS,long,2025-05-13,2025-05-20,6,-0.0009117333872807887
GIS,long,2025-06-30,2025-07-09,7,0.013459997723549444
GL,long,2025-02-05,2025-04-01,39,0.0794052373473606
GL,long,2025-04-07,2025-04-16,8,0.034123867779095374
GL,long,2025-04-23,2025-06-27,46,0.018162368287278685
GL,long,2025-09-17,2025-10-21,25,-0.03255811889668536
GL,long,2025-11-07,2025-11-17,7,-0.0030342609087350425
GL,long,2025-12-08,2025-12-09,2,0.013092793801288138
GL,long,2026-02-11,2026-02-12,2,0.015146278053870477
GL,long,2026-03-04,2026-03-12,7,-0.04091505861739475
GL,long,2026-06-02,2026-06-08,5,0.03293459392554854
GL,long,2026-06-26,2026-07-01,4,0.020805046778557434
GL,long,2026-08-18,2026-08-24,5,-0.03500362298645565
GLW,long,2024-11-27,2024-12-19,16,-0.019583357696916104
GLW,long,2024-12-30,2025-01-23,16,0.12976144586837024
GLW,long,2025-01-28,2025-01-29,2,0.0054511801538834614
GLW,long,2025-04-11,2025-04-24,9,0.05253057958632312
GLW,long,2025-07-16,2025-07-18,3,0.02837013598777882
GLW,long,2025-10-06,2025-10-10,5,-0.0069409709493661875
GLW,long,2025-10-21,2025-12-10,36,0.10836472183865453
GLW,long,2026-02-23,2026-02-24,2,0.08658882168056015
GLW,long,2026-03-30,2026-05-20,37,0.32073695414142733
GLW,long,2026-06-15,2026-06-25,8,0.2723772321428575
GLW,long,2026-07-28,2026-07-28,1,-0.1210239955357143
GLW,long,2026-07-30,2026-08-04,4,0.28891575977428485
GM,long,2024-12-23,2025-02-13,35,-0.0756611284578057
GM,long,2025-05-06,2025-05-14,7,0.10863815668757892
GM,long,2025-05-21,2025-06-02,8,-0.050189225765190026
GM,long,2025-06-11,2025-06-16,4,0.006948711821173292
GM,long,2025-10-17,2025-10-22,4,0.1738750963275293
GM,long,2025-12-31,2026-01-28,19,0.031215919986197216
GM,long,2026-02-03,2026-03-06,23,-0.10539827050215955
GM,long,2026-03-10,2026-03-11,2,0.0013388846809507804
GM,long,2026-08-10,2026-08-24,11,-0.006850879196163451
GNRC,long,2024-12-09,2024-12-18,8,-0.11957370829148517
GNRC,long,2024-12-20,2025-01-03,9,0.017678708685626487
GNRC,long,2025-01-17,2025-02-03,11,-0.09795358123284237
GNRC,long,2025-08-28,2025-09-23,18,-0.10813412481950879
GNRC,long,2025-09-26,2025-10-24,21,0.1685742116157305
GNRC,long,2025-12-19,2026-01-08,13,0.08613767428279462
GNRC,long,2026-04-01,2026-05-12,29,0.38017713612860327
GNRC,long,2026-07-07,2026-07-13,5,-0.11970055467204532
GNRC,long,2026-07-15,2026-07-24,8,-0.10265636105188347
GNRC,long,2026-07-28,2026-07-28,1,-0.009820795788194836
GNRC,long,2026-07-30,2026-08-03,3,0.03084174394180028
GOOG,long,2024-12-05,2024-12-10,4,0.060489645370291445
GOOG,long,2025-01-07,2025-01-30,16,0.023590679522753844
GOOG,long,2025-02-07,2025-02-27,14,-0.11949713235024606
GOOG,long,2025-03-03,2025-03-24,16,-0.012172889633035422
GOOG,long,2025-06-16,2025-06-16,1,0.01171250638616228
GOOG,long,2025-08-11,2025-08-12,2,0.010242981946316787
GOOG,long,2025-08-19,2025-08-19,1,-0.0088110302820259
GOOG,long,2025-09-18,2025-10-30,31,0.1282769074986596
GOOG,long,2025-11-11,2025-11-28,13,0.10162079335139063
GOOG,long,2025-12-04,2025-12-10,5,0.0018384788657743734
GOOG,long,2025-12-24,2026-03-04,47,-0.03874164203154029
GOOG,long,2026-03-17,2026-03-27,9,-0.10071611957655335
GOOG,long,2026-03-31,2026-04-08,6,0.15230276507355556
GOOG,long,2026-05-13,2026-05-19,5,0.002813843999858845
GOOG,long,2026-06-23,2026-07-27,24,-0.0636791100407138
GOOGL,long,2024-12-05,2024-12-10,4,0.06315433585174368
GOOGL,long,2025-01-08,2025-01-30,15,0.027520458623232935
GOOGL,long,2025-02-07,2025-02-26,13,-0.09848648323651221
GOOGL,long,2025-02-28,2025-03-24,17,-0.003720399977449329
GOOGL,long,2025-06-09,2025-06-11,3,0.02236708196002546
GOOGL,long,2025-06-16,2025-06-16,1,0.012022751387972486
GOOGL,long,2025-07-16,2025-07-22,5,0.05131867702558468
GOOGL,long,2025-08-11,2025-08-12,2,0.009532279841642621
GOOGL,long,2025-08-19,2025-08-20,2,-0.020540544056751986
GOOGL,long,2025-09-18,2025-10-31,32,0.1268785984540557
GOOGL,long,2025-11-11,2025-11-28,13,0.10368842318339166
GOOGL,long,2025-12-04,2025-12-10,5,0.002469766775108795
GOOGL,long,2025-12-26,2026-03-04,46,-0.034894420193567144
GOOGL,long,2026-03-17,2026-03-27,9,-0.1021730474009882
GOOGL,long,2026-03-31,2026-04-08,6,0.16021941141975304
GOOGL,long,2026-05-13,2026-05-19,5,0.0008003486888534805
GOOGL,long,2026-06-02,2026-06-03,2,-0.04617795058569407
GOOGL,long,2026-06-23,2026-07-27,24,-0.06611759322809463
GPC,long,2025-01-23,2025-02-06,11,0.003229634547053717
GPC,long,2025-02-21,2025-02-25,3,-0.00113573502796116
GPC,long,2025-07-16,2025-07-18,3,0.00556326085004466
GPC,long,2025-09-24,2025-11-03,29,-0.10853889067815137
GPC,long,2025-11-05,2025-11-10,4,0.020132102212012448
GPC,long,2026-08-14,2026-08-24,7,0.0025120059106020776
GPN,long,2024-12-31,2025-02-06,25,0.002887318264423122
GPN,long,2025-02-10,2025-02-13,4,-0.04990874649099186
GPN,long,2025-02-21,2025-03-07,11,-0.045557973738828306
GPN,long,2025-08-22,2025-08-26,3,0.02928129199113605
GPN,long,2025-08-29,2025-09-02,2,-0.013942499334778313
GPN,long,2025-10-07,2025-10-10,4,-0.049667323649204564
GPN,long,2025-11-04,2025-11-25,16,-0.03994811354747407
GPN,long,2026-04-15,2026-04-21,5,0.043585897319394995
GPN,long,2026-04-27,2026-05-04,6,0.05962210416001845
GPN,long,2026-05-08,2026-05-14,5,-0.03992569588112438
GRMN,long,2025-01-06,2025-02-10,24,0.04141923532288794
GRMN,long,2025-03-03,2025-03-12,8,-0.05818374160833373
GRMN,long,2025-03-20,2025-03-26,5,0.03860705662620667
GRMN,long,2025-04-07,2025-05-15,28,0.13145794340339823
GRMN,long,2025-08-04,2025-08-18,11,0.06341158085647125
GRMN,long,2025-09-15,2025-10-09,19,0.07736894012239737
GRMN,long,2025-10-17,2025-10-29,9,-0.10995382715393731
GRMN,long,2025-10-31,2025-11-14,11,-0.09694374189598942
GRMN,long,2025-11-18,2025-11-24,5,0.013698514664914896
GRMN,long,2026-04-17,2026-05-04,12,-0.09744280819583462
GRMN,long,2026-05-06,2026-05-22,13,0.02586945174094124
GRMN,long,2026-05-28,2026-06-09,9,-0.000504304016138879
GS,long,2024-12-27,2025-02-06,27,0.1324605313141083
GS,long,2025-02-21,2025-03-06,10,-0.11175406546712685
GS,long,2025-03-10,2025-04-04,20,-0.15877215221408536
GS,long,2025-04-08,2025-04-25,13,0.17045815680590737
GS,long,2025-06-05,2025-06-17,9,0.0424391332645655
GS,long,2025-07-11,2025-09-19,50,0.141286740778805
GS,long,2025-10-06,2025-10-08,3,-0.017051042535497607
GS,long,2025-10-20,2025-11-25,27,0.06866275277586831
GS,long,2026-01-21,2026-03-05,31,-0.10972707664749815
GS,long,2026-03-09,2026-03-20,10,-0.009605256675608298
GS,long,2026-05-28,2026-06-03,5,0.049312083811108964
GS,long,2026-06-09,2026-07-07,19,-0.0019330143540671196
GS,long,2026-07-29,2026-08-24,19,0.0028451429345619506
GWW,long,2024-11-29,2024-12-19,15,-0.103095643274706
GWW,long,2024-12-24,2025-02-06,29,-0.034203573948572985
GWW,long,2025-06-02,2025-07-10,27,-0.03649464371276123
GWW,long,2025-08-06,2025-08-14,7,0.044091849984114306
GWW,long,2025-09-24,2025-09-24,1,-0.023417191663833825
GWW,long,2025-12-26,2026-01-05,6,-0.015202778861556188
GWW,long,2026-03-02,2026-03-03,2,0.005835503287601407
GWW,long,2026-03-06,2026-03-12,5,-0.055450327212680395
GWW,long,2026-04-01,2026-04-30,21,0.06466751963001482
GWW,long,2026-05-27,2026-05-27,1,-0.0025536074698352396
GWW,long,2026-06-15,2026-06-17,3,-0.0036249758529108833
GWW,long,2026-07-22,2026-07-27,4,0.02742347802283529
HAL,long,2024-12-24,2024-12-26,2,0.02056352294453312
HAL,long,2025-01-24,2025-02-06,10,-0.08902393945349285
HAL,long,2025-02-10,2025-02-12,3,0.030964641597498455
HAL,long,2025-05-07,2025-05-14,6,0.09207810179690679
HAL,long,2025-08-21,2025-09-04,10,0.07296787269437299
HAL,long,2025-11-28,2025-12-18,15,0.07152292173556418
HAL,long,2026-01-08,2026-01-20,8,0.05529958493896725
HAL,long,2026-02-27,2026-03-06,6,-0.04186614157407886
HAL,long,2026-03-16,2026-03-20,5,0.08429798183340043
HAL,long,2026-03-26,2026-03-30,3,0.016308564102540002
HAL,long,2026-04-01,2026-06-24,58,-0.1268474998978093
HAL,long,2026-06-26,2026-07-09,9,-0.015863859244303558
HAL,long,2026-07-16,2026-07-28,9,-0.11404255319148915
HAL,long,2026-07-31,2026-08-06,5,0.027496839443741816
HAS,long,2024-11-26,2024-12-13,13,-0.04024868458779918
HAS,long,2025-04-07,2025-04-10,4,-0.05485538054625061
HAS,long,2025-04-22,2025-04-25,4,0.1833527756880582
HAS,long,2025-07-08,2025-09-26,58,-0.0038298633571467455
HAS,long,2025-10-03,2025-10-14,8,-0.027005420845020223
HAS,long,2025-10-22,2025-10-23,2,0.04156080350518909
HAS,long,2025-12-11,2026-02-04,37,0.1756327163548288
HAS,long,2026-03-26,2026-05-08,31,0.060635552945597526
HAS,long,2026-06-01,2026-06-09,7,-0.014156915697758343
HAS,long,2026-07-02,2026-07-14,8,-0.03731893755259541
HBAN,long,2024-12-26,2025-02-06,28,0.04252743647474988
HBAN,long,2025-02-11,2025-02-11,1,0.007770510263549468
HBAN,long,2025-03-20,2025-03-24,3,0.02538412804807244
HBAN,long,2025-04-07,2025-04-16,8,0.053174537502708175
HBAN,long,2025-06-06,2025-06-18,9,0.009329360393686814
HBAN,long,2025-07-11,2025-07-18,6,-0.048405521208511826
HBAN,long,2025-07-25,2025-07-31,5,-0.012620107625810006
HBAN,long,2025-08-15,2025-09-04,14,0.06365246507783517
HBAN,long,2025-09-11,2025-09-16,4,-0.013023872046367457
HBAN,long,2025-10-31,2025-11-13,10,0.025456924667971892
HBAN,long,2026-01-27,2026-03-12,32,-0.10726645663137169
HBAN,long,2026-05-28,2026-06-01,3,-0.012476628019284952
HBAN,long,2026-08-17,2026-08-24,6,-0.048576214405360196
HCA,long,2025-03-04,2025-03-18,11,0.06304921568896238
HCA,long,2025-05-27,2025-07-03,27,0.0019169015683382362
HCA,long,2025-07-18,2025-08-11,17,0.05601212895690777
HCA,long,2025-10-20,2025-10-28,7,0.0945653906706172
HCA,long,2025-11-19,2025-11-26,6,0.07658849672445966
HCA,long,2025-12-05,2025-12-19,11,-0.028660187591287523
HCA,long,2026-01-09,2026-01-28,13,0.02548960371727471
HCA,long,2026-02-02,2026-02-03,2,0.022405609457737174
HCA,long,2026-02-10,2026-02-12,3,0.07573251226181799
HCA,long,2026-04-17,2026-04-24,6,-0.10458211965045916
HCA,long,2026-05-05,2026-05-28,17,-0.10016842527574477
HD,long,2024-11-26,2024-12-19,17,-0.09709687811310175
HD,long,2025-01-31,2025-03-05,23,-0.06791317416140663
HD,long,2025-10-10,2025-11-03,17,0.0017475348617772557
HD,long,2025-11-07,2025-11-20,10,-0.09941205547918108
HD,long,2025-11-24,2025-11-26,3,0.03538971511185229
HD,long,2026-03-23,2026-04-09,13,0.05870604572592075
HD,long,2026-08-12,2026-08-24,9,-0.04809862333559034
HES-202507,long,2024-12-23,2024-12-27,4,0.01864419187817168
HES-202507,long,2025-01-29,2025-02-18,14,0.020131021858033504
HES-202507,long,2025-05-01,2025-06-09,27,0.05873692926491625
HES-202507,long,2025-08-18,2025-10-02,33,0.0
HES-202507,long,2025-10-13,2026-08-24,217,0.0
HIG,long,2025-01-28,2025-02-06,8,-0.008215318916921621
HIG,long,2025-05-01,2025-07-31,63,0.01809883867029427
HIG,long,2025-10-03,2025-10-08,4,0.0005264843106760342
HIG,long,2025-10-17,2025-10-30,10,-0.004274527055602606
HIG,long,2026-01-23,2026-02-05,10,0.0950367603096125
HIG,long,2026-03-09,2026-03-12,4,-0.03475757759421838
HIG,long,2026-05-27,2026-06-17,16,-0.037716124178265864
HII,long,2025-05-07,2025-07-11,45,0.11527557483427509
HII,long,2025-08-25,2025-09-10,12,0.012186827321640337
HII,long,2025-09-22,2025-09-23,2,0.0031984103830886568
HII,long,2025-09-26,2025-10-01,4,0.054414745710345436
HII,long,2025-10-03,2025-10-06,2,0.022216734014929962
HII,long,2025-10-15,2025-10-15,1,-0.02390900815696706
HII,long,2025-10-17,2025-10-21,3,0.017229150798673043
HII,long,2025-12-31,2026-01-09,7,0.1316158462146142
HII,long,2026-01-16,2026-01-23,5,-0.000668463346311432
HII,long,2026-01-27,2026-01-27,1,0.02231840981354427
HII,long,2026-02-26,2026-03-26,21,-0.11384263473574086
HII,long,2026-03-30,2026-04-21,16,-0.009376949240001875
HII,long,2026-05-05,2026-05-05,1,-0.10248504079546861
HII,long,2026-05-07,2026-05-22,12,0.003411113939126187
HLT,long,2024-12-06,2024-12-23,12,-0.018324955987148672
HLT,long,2024-12-27,2025-02-07,28,0.07121877414039224
HLT,long,2025-04-07,2025-05-02,19,0.15345934986176313
HLT,long,2025-07-24,2025-07-31,6,0.004609235346301865
HLT,long,2025-08-14,2025-08-21,6,-0.013413959034195178
HLT,long,2025-09-08,2025-10-09,24,-0.044803546333533784
HLT,long,2026-01-28,2026-02-03,5,0.0284633720812284
HLT,long,2026-03-06,2026-03-18,9,-0.0416449172591149
HLT,long,2026-04-27,2026-05-12,12,-0.06572710028753004
HLT,long,2026-08-17,2026-08-24,6,0.00919981006607018
HOLX-202604,long,2025-08-01,2025-08-25,17,0.004639329542053261
HOLX-202604,long,2025-08-27,2025-09-05,7,0.0019510730901999285
HOLX-202604,long,2025-09-29,2025-10-27,21,0.10028269602737683
HOLX-202604,long,2025-12-04,2026-01-20,31,0.0013331555792566174
HOLX-202604,long,2026-01-29,2026-02-11,10,-0.0001331557922771287
HOLX-202604,long,2026-04-22,2026-06-09,34,0.0
HOLX-202604,long,2026-06-15,2026-06-16,2,0.0
HON,long,2024-12-27,2025-01-08,8,-0.05041835364949132
HON,long,2025-01-28,2025-02-12,12,-0.09171066095125036
HON,long,2025-05-08,2025-05-20,9,0.054051158914695474
HON,long,2025-07-10,2025-08-27,35,-0.06835728410936981
HON,long,2025-12-16,2026-01-16,22,0.11111679146802578
HON,long,2026-03-23,2026-05-08,34,-0.037833047430109734
HOOD,long,2025-09-23,2025-10-10,14,0.11265914004323796
HOOD,long,2025-10-21,2025-11-11,16,-0.02849779086892479
HOOD,long,2025-11-21,2025-12-04,9,0.29065059787213987
HOOD,long,2025-12-12,2026-01-15,23,-0.10560868860431216
HOOD,long,2026-01-20,2026-02-02,10,-0.17316534853779653
HOOD,long,2026-02-05,2026-02-10,4,0.0617712726370625
HOOD,long,2026-02-13,2026-02-26,9,0.11712598425196852
HOOD,long,2026-07-02,2026-07-13,7,0.01113667740450941
HOOD,long,2026-07-30,2026-08-07,7,0.03840160284951022
HOOD,long,2026-08-14,2026-08-24,7,0.04276944751937206
HPE,long,2024-12-05,2024-12-20,12,-0.0006744741931771214
HPE,long,2025-01-22,2025-01-30,7,-0.10590721304104778
HPE,long,2025-02-03,2025-02-10,6,0.011326125586896385
HPE,long,2025-02-18,2025-03-03,10,-0.12344531362723077
HPE,long,2025-03-05,2025-03-07,3,-0.16082799481463395
HPE,long,2025-03-12,2025-03-21,8,0.0547323784821645
HPE,long,2025-06-06,2025-06-13,6,-0.006193712992537459
HPE,long,2025-07-10,2025-07-17,6,0.0014423842787327779
HPE,long,2025-08-06,2025-09-25,36,0.22485831293539338
HPE,long,2025-10-17,2025-11-20,25,-0.1102222147608477
HPE,long,2025-11-24,2025-12-02,6,0.06822616696546668
HPE,long,2026-01-15,2026-01-23,6,-0.04708015896065465
HPE,long,2026-02-20,2026-03-03,8,0.011687667229749898
HPE,long,2026-05-04,2026-06-03,22,0.930346487099986
HPE,long,2026-06-11,2026-06-22,7,0.06707209527101843
HPE,long,2026-07-07,2026-08-24,35,0.21506373117033584
HPQ,long,2024-12-06,2024-12-19,10,-0.09507595121321599
HPQ,long,2024-12-30,2024-12-31,2,-0.01953118115609176
HPQ,long,2025-03-03,2025-03-05,3,-0.043731799122091686
HPQ,long,2025-10-09,2025-10-16,6,0.006289331910058538
HPQ,long,2025-10-24,2025-11-03,7,-0.02946459800606005
HPQ,long,2025-11-10,2025-11-17,6,-0.1297564629802328
HPQ,long,2025-11-21,2025-11-24,2,0.07828386697310541
HPQ,long,2026-05-15,2026-05-26,7,0.1762157312613548
HPQ,long,2026-06-18,2026-06-25,5,-0.011216566005176731
HPQ,long,2026-07-07,2026-07-27,15,0.17477876106194756
HRL,long,2025-02-07,2025-03-03,16,0.010280931643599889
HRL,long,2025-05-14,2025-05-20,5,0.029723269900545635
HRL,long,2025-05-27,2025-05-28,2,0.02038038103932771
HRL,long,2025-06-02,2025-06-05,4,0.0009777916212256876
HRL,long,2025-06-23,2025-07-03,9,0.001973051052621466
HRL,long,2025-08-01,2025-08-26,18,0.023851863219115366
HRL,long,2026-01-07,2026-01-14,6,0.08543968583646588
HRL,long,2026-01-29,2026-02-20,16,0.015853664947481638
HRL,long,2026-04-06,2026-04-17,10,-0.02710703524529301
HRL,long,2026-08-04,2026-08-24,15,-0.04518430439952448
HSIC,long,2025-02-11,2025-02-19,6,-0.013561470215462834
HSIC,long,2025-03-07,2025-03-11,3,-0.0005482456140347702
HSIC,long,2025-07-30,2025-08-13,11,-0.015132048536759757
HSIC,long,2026-01-20,2026-02-12,18,-0.01937984496124001
HSIC,long,2026-03-26,2026-03-31,4,-0.007407407407407307
HSIC,long,2026-04-07,2026-04-16,8,0.03139193160566367
HSIC,long,2026-04-28,2026-05-08,9,-0.08264248704663224
HSIC,long,2026-05-13,2026-05-18,4,0.048161499639509886
HSIC,long,2026-08-07,2026-08-24,12,0.01450753711889341
HST,long,2024-12-02,2024-12-12,9,0.021715519268954653
HST,long,2025-02-12,2025-02-24,8,-0.014554248333227604
HST,long,2025-07-25,2025-07-25,1,0.0073036138508464354
HST,long,2025-08-14,2025-08-22,7,0.05031058506045616
HST,long,2025-11-04,2025-11-18,11,0.06633614805443866
HST,long,2026-01-30,2026-02-05,5,0.018220808571226765
HST,long,2026-03-05,2026-03-16,8,-0.0700796669950483
HST,long,2026-04-08,2026-05-11,24,0.14091151306050875
HST,long,2026-07-01,2026-07-27,18,0.05314213412062441
HST,long,2026-08-13,2026-08-24,8,0.017105263157894957
HSY,long,2025-04-28,2025-05-21,18,-0.06561175264243535
HSY,long,2025-05-28,2025-05-28,1,-0.0147253714292237
HSY,long,2025-07-02,2025-07-03,2,0.0037541078821563545
HSY,long,2025-08-15,2025-08-26,8,0.02521102670158193
HSY,long,2025-10-03,2025-10-16,10,-0.011744819860388223
HSY,long,2025-11-05,2025-11-19,11,0.10807974764259187
HSY,long,2026-01-30,2026-02-17,12,0.1590251589029934
HSY,long,2026-03-11,2026-03-16,4,0.005068502508258188
HSY,long,2026-03-30,2026-04-09,8,-0.013521698239803537
HSY,long,2026-04-22,2026-05-06,11,-0.012188032989305042
HSY,long,2026-08-07,2026-08-10,2,-0.0014752836300235828
HUBB,long,2024-11-29,2025-01-07,26,-0.051515832416509144
HUBB,long,2025-03-31,2025-04-03,4,-0.032107419357245925
HUBB,long,2025-08-07,2025-08-12,4,0.0202327377599425
HUBB,long,2025-09-09,2025-09-16,6,-0.0027025580401250915
HUBB,long,2025-11-05,2025-11-06,2,0.004418410231514125
HUBB,long,2026-01-02,2026-01-05,2,0.048118725342229274
HUBB,long,2026-01-22,2026-01-22,1,0.0032331761323931563
HUBB,long,2026-02-27,2026-03-06,6,-0.0979972513625672
HUBB,long,2026-03-10,2026-03-25,12,0.031654914558870484
HUBB,long,2026-03-30,2026-05-07,28,0.025095065692908092
HUBB,long,2026-05-18,2026-06-08,15,0.013579198645724766
HUM,long,2024-12-31,2025-01-30,20,0.17182043549581483
HUM,long,2025-02-05,2025-02-06,2,-0.05397091346583438
HUM,long,2025-03-21,2025-03-31,7,-0.005100831748315993
HUM,long,2025-05-12,2025-05-30,14,-0.06572350628302104
HUM,long,2025-06-09,2025-06-30,15,0.06365513810141077
HUM,long,2025-08-22,2025-08-27,4,0.009474599474854184
HUM,long,2025-10-15,2025-10-24,8,0.11100497571495871
HUM,long,2026-02-10,2026-02-20,8,0.0017942061925553254
HUM,long,2026-02-27,2026-03-02,2,0.0024085943902134588
HUM,long,2026-05-22,2026-08-10,54,0.27308350926112945
HWM,long,2025-01-14,2025-02-06,17,0.12418297679449308
HWM,long,2025-02-10,2025-02-13,4,0.0029757300269874776
HWM,long,2025-02-18,2025-02-19,2,0.04474600046085464
HWM,long,2025-03-11,2025-08-26,117,0.4401781099030795
HWM,long,2025-09-09,2025-09-19,9,0.06019059831160112
HWM,long,2025-11-18,2026-02-09,56,0.1248200512319877
HWM,long,2026-03-11,2026-03-20,8,-0.08940171806072739
HWM,long,2026-04-22,2026-05-12,15,0.08945123599713245
IBKR,long,2025-08-29,2025-10-09,29,0.1582139487607519
IBKR,long,2025-10-31,2025-11-04,3,0.03182018150206689
IBKR,long,2025-12-03,2025-12-31,20,0.011322474473611344
IBKR,long,2026-02-18,2026-03-19,22,-0.07541664558770633
IBKR,long,2026-04-09,2026-04-16,6,0.09770430075895753
IBKR,long,2026-06-15,2026-07-07,15,0.04140513159343673
IBKR,long,2026-07-10,2026-07-13,2,-0.018052057094878227
IBKR,long,2026-08-21,2026-08-24,2,0.035614913745130705
IBM,long,2024-11-21,2024-12-10,13,0.0797763538630556
IBM,long,2025-01-30,2025-01-31,2,0.11840093104131855
IBM,long,2025-03-28,2025-04-04,6,-0.07607334846271874
IBM,long,2025-04-14,2025-05-05,15,0.058179009640385804
IBM,long,2025-05-07,2025-05-12,4,0.02512125034674817
IBM,long,2025-06-30,2025-07-24,18,-0.10075941481402972
IBM,long,2025-07-28,2025-09-08,30,-0.0073099586150418006
IBM,long,2025-11-07,2025-12-22,31,-0.025480200777737383
IBM,long,2026-01-09,2026-01-23,10,-0.0339587824337374
IBM,long,2026-02-18,2026-02-23,4,-0.13534127487039405
IBM,long,2026-02-25,2026-03-05,7,0.1187423448110363
IBM,long,2026-05-21,2026-05-22,2,0.12817773308613267
IBM,long,2026-07-23,2026-07-29,5,0.10045195789440275
ICE,long,2025-04-07,2025-05-06,21,0.11771086847732337
ICE,long,2025-05-15,2025-06-18,24,0.04829080260827645
ICE,long,2025-07-09,2025-08-04,19,0.04127528458978924
ICE,long,2025-08-13,2025-08-25,9,-0.0197001556251164
ICE,long,2025-09-08,2025-09-15,6,-0.011706073963869357
ICE,long,2025-09-17,2025-10-08,16,-0.0701866900100625
ICE,long,2026-02-02,2026-02-11,8,-0.12538843699079627
ICE,long,2026-02-13,2026-03-05,14,0.09457386045168725
ICE,long,2026-05-12,2026-05-26,10,-0.045494913252712266
ICE,long,2026-06-03,2026-06-17,11,-0.05120196123935472
ICE,long,2026-06-26,2026-07-01,4,0.01799341312555236
IDXX,long,2025-03-27,2025-04-04,7,-0.05740824974264436
IDXX,long,2025-06-05,2025-08-04,41,0.3008802347292614
IDXX,long,2025-09-19,2025-10-29,29,-0.0424860032646337
IDXX,long,2025-12-30,2026-02-02,23,-0.07020017735393769
IDXX,long,2026-08-11,2026-08-24,10,-0.06084664965758013
IEX,long,2025-01-08,2025-01-30,15,0.08088453021507891
IEX,long,2025-02-24,2025-02-25,2,0.0179293726929175
IEX,long,2025-07-03,2025-07-03,1,-0.004995567784927046
IEX,long,2025-07-08,2025-07-08,1,0.017509622407153813
IEX,long,2025-12-15,2026-01-15,22,0.09148834730148159
IEX,long,2026-03-11,2026-04-14,24,0.04652939937434475
IEX,long,2026-05-20,2026-05-28,6,0.027435266587453544
IEX,long,2026-07-15,2026-07-16,2,0.02792493490167902
IEX,long,2026-08-18,2026-08-24,5,-0.027871375681184696
IFF,long,2024-11-21,2024-11-27,5,0.022287238126268427
IFF,long,2025-06-23,2025-07-10,13,0.03976119295114722
IFF,long,2025-07-15,2025-07-17,3,0.005359827049495225
IFF,long,2025-08-08,2025-08-14,5,0.023197813076811125
IFF,long,2025-12-23,2026-01-20,18,0.06444336018792285
IFF,long,2026-02-02,2026-02-09,6,0.07692310477958242
IFF,long,2026-03-10,2026-03-27,14,-0.023655410735317295
INCY,long,2024-12-20,2025-01-29,25,0.09931404712198044
INCY,long,2025-03-18,2025-03-31,10,-0.023544589582325304
INCY,long,2025-09-25,2025-10-29,25,0.07153041825095108
INCY,long,2025-12-23,2026-02-02,27,0.019461821070400065
INCY,long,2026-03-10,2026-03-20,9,-0.0650875386199794
INCY,long,2026-07-31,2026-08-24,17,0.04057240426050868
INTC,long,2024-11-25,2024-11-26,2,-0.01836734693877562
INTC,long,2024-12-02,2024-12-05,4,-0.1351351351351351
INTC,long,2024-12-09,2024-12-19,9,-0.08891013384321245
INTC,long,2025-02-03,2025-02-03,1,-0.00257334019557387
INTC,long,2025-05-01,2025-05-13,9,0.12238805970149258
INTC,long,2025-06-03,2025-06-10,6,0.11854103343465083
INTC,long,2025-06-17,2025-06-18,2,0.0361620057859211
INTC,long,2025-06-23,2025-06-25,3,0.05313092979127143
INTC,long,2025-08-28,2025-09-08,7,-0.014889336016096766
INTC,long,2025-09-10,2025-09-16,5,0.03396072013093265
INTC,long,2025-10-28,2025-11-14,14,-0.10166919575113831
INTC,long,2025-11-18,2025-12-31,30,0.06309420916162534
INTC,long,2026-02-13,2026-03-03,12,-0.07271944922547335
INTC,long,2026-03-19,2026-04-09,15,0.3706417943593161
INTC,long,2026-04-24,2026-04-27,2,0.2726864330637915
INTC,long,2026-06-12,2026-07-16,23,-0.1708276333789326
INTC,long,2026-07-20,2026-07-29,8,-0.13846801346801363
INTC,long,2026-07-31,2026-08-06,5,0.09524854603313959
INTU,long,2025-01-23,2025-01-29,5,-0.03055524213001748
INTU,long,2025-02-26,2025-02-27,2,0.08061113108140239
INTU,long,2025-04-01,2025-04-08,6,-0.11387806168699277
INTU,long,2025-04-11,2025-05-23,30,0.2470432048649529
INTU,long,2025-07-17,2025-08-22,27,-0.11730070853201846
INTU,long,2026-01-05,2026-01-15,9,-0.11733649259915879
INTU,long,2026-01-20,2026-01-26,5,0.030222519743394738
INTU,long,2026-02-26,2026-02-27,2,0.07292177590097837
INTU,long,2026-05-21,2026-05-21,1,-0.20019269729169475
INTU,long,2026-05-26,2026-06-01,5,0.10570741717662036
INVH,long,2025-02-03,2025-02-06,4,0.014767270601349303
INVH,long,2025-04-25,2025-07-14,54,-0.037590524571739836
INVH,long,2026-06-29,2026-07-28,21,-0.01346027577150366
IP,long,2025-01-06,2025-02-04,20,0.019678382800156546
IP,long,2025-02-12,2025-02-18,4,0.029475144196982495
IP,long,2025-04-03,2025-04-04,2,-0.11898635280432901
IP,long,2025-04-08,2025-04-24,12,0.019041449383580655
IP,long,2025-05-05,2025-05-07,3,-0.03970329949619489
IP,long,2025-09-11,2025-10-06,18,-0.01269636936863694
IP,long,2025-10-31,2025-11-17,12,-0.0384834146913976
IP,long,2025-12-11,2025-12-11,1,-0.001789273222233101
IP,long,2026-03-04,2026-03-12,7,-0.1521997331337106
IP,long,2026-03-16,2026-03-31,12,-0.04161072763965257
IP,long,2026-04-07,2026-04-08,2,0.06126544701841308
IP,long,2026-08-13,2026-08-24,8,0.008917190687782739
IPG-202511,long,2025-02-12,2025-02-26,10,0.018034634719691356
IPG-202511,long,2025-06-17,2025-06-18,2,-0.01703569138612704
IPG-202511,long,2025-06-23,2025-06-24,2,0.05422714372483206
IQV,long,2025-02-20,2025-02-25,4,-0.028191949519108417
IQV,long,2025-03-03,2025-03-11,7,-0.028177966101694985
IQV,long,2025-03-14,2025-04-04,16,-0.14716419555751503
IQV,long,2025-08-26,2025-09-05,8,-0.001808318264014619
IQV,long,2025-09-17,2025-10-20,24,0.13511054012097867
IQV,long,2025-10-30,2025-11-05,5,-0.03539457375017219
IQV,long,2025-11-28,2026-01-20,35,0.00815358067299421
IQV,long,2026-01-26,2026-02-03,7,-0.1340359525732011
IQV,long,2026-02-05,2026-02-05,1,-0.1065468549422336
IQV,long,2026-02-09,2026-02-12,4,-0.09941863566056863
IQV,long,2026-02-27,2026-03-02,2,0.021272855133614543
IQV,long,2026-05-22,2026-05-27,3,-0.014284013807879914
IQV,long,2026-06-09,2026-06-24,11,0.010506832162883173
IQV,long,2026-08-12,2026-08-24,9,0.06725721784776928
IR,long,2024-11-29,2024-12-16,12,-0.040365269847037144
IR,long,2024-12-23,2024-12-30,5,-0.019072383089634548
IR,long,2025-01-23,2025-02-06,11,-0.019738850390839335
IR,long,2025-03-26,2025-04-02,6,-0.00813408840734997
IR,long,2025-08-05,2025-08-05,1,-0.012086539277287756
IR,long,2025-10-29,2025-11-07,8,-0.01712109954055896
IR,long,2025-11-17,2025-12-02,11,0.04915867053276268
IR,long,2026-02-12,2026-03-06,16,-0.10647147078035102
IR,long,2026-03-10,2026-03-11,2,-0.017193675296090838
IR,long,2026-05-20,2026-05-20,1,0.026699616761059586
IR,long,2026-08-18,2026-08-24,5,-0.02818612562264622
IRM,long,2024-11-26,2024-12-11,11,-0.06366949250571374
IRM,long,2024-12-17,2024-12-18,2,-0.07260310722838015
IRM,long,2025-03-12,2025-03-18,5,0.046282449862162345
IRM,long,2025-05-16,2025-06-06,15,0.027236128631152212
IRM,long,2025-06-24,2025-08-06,31,-0.12624939164814397
IRM,long,2025-08-08,2025-08-14,5,-0.004682548798367492
IRM,long,2025-08-20,2025-08-25,4,0.0025121102053247135
IRM,long,2025-11-13,2025-11-19,5,-0.11611788900976594
IRM,long,2025-11-21,2025-12-10,13,0.030120387087171796
IRM,long,2026-03-16,2026-05-11,40,0.22631542755040002
IRM,long,2026-06-23,2026-07-02,8,-0.11148187471560755
IRM,long,2026-07-07,2026-07-30,18,0.07097439422581209
ISRG,long,2024-12-26,2025-02-14,34,0.10899035417675274
ISRG,long,2025-02-19,2025-02-20,2,0.009452645242889801
ISRG,long,2025-02-26,2025-03-10,9,-0.15883501237494335
ISRG,long,2025-03-12,2025-03-26,11,0.031009479056955502
ISRG,long,2025-04-02,2025-04-14,9,-0.012551374002739868
ISRG,long,2025-04-23,2025-05-09,13,0.12067092785227862
ISRG,long,2025-06-06,2025-06-27,15,-0.043633301078737086
ISRG,long,2025-07-18,2025-07-31,10,-0.06794404835709855
ISRG,long,2025-12-15,2026-02-03,34,-0.11697890544328082
ISRG,long,2026-02-05,2026-02-09,3,0.029990177433175003
ISRG,long,2026-05-01,2026-05-18,12,-0.038657371997989576
ISRG,long,2026-07-02,2026-07-06,2,0.0756747353248175
ISRG,long,2026-07-20,2026-07-21,2,0.01343292223959236
IT,long,2024-11-21,2024-12-05,10,-0.002702702702702564
IT,long,2024-12-26,2025-01-06,7,0.003592129969793856
IT,long,2025-03-21,2025-04-08,13,-0.09855051699023332
IT,long,2025-06-23,2025-07-03,9,0.018679696645798494
IT,long,2025-07-21,2025-08-01,10,-0.07557681485649981
IT,long,2025-11-04,2025-11-10,5,-0.07026675341574506
IT,long,2025-12-02,2025-12-03,2,0.004896438166218875
IT,long,2025-12-08,2025-12-11,4,0.012577795186490714
IT,long,2026-01-13,2026-01-20,5,-0.08448204704911266
IT,long,2026-02-06,2026-02-11,4,0.06248766690784713
IT,long,2026-06-09,2026-06-15,5,-0.10963517305893333
IT,long,2026-06-17,2026-06-18,2,-0.10369797525309343
IT,long,2026-06-23,2026-07-08,11,0.0711842837827088
IT,long,2026-07-10,2026-07-27,12,0.11123671716029837
ITW,long,2025-01-07,2025-01-30,16,0.039023876423707415
ITW,long,2025-08-13,2025-08-14,2,0.007716516793958128
ITW,long,2025-10-15,2025-10-20,4,0.017292150137061757
ITW,long,2025-10-22,2025-10-30,7,-0.052500656811001134
ITW,long,2026-03-24,2026-04-14,15,0.04270886824048037
ITW,long,2026-05-27,2026-06-02,5,-0.007308036433514187
ITW,long,2026-08-20,2026-08-24,3,-0.0010554089709762238
IVZ,long,2024-12-04,2024-12-23,14,-0.02564101800872065
IVZ,long,2025-03-03,2025-03-07,5,-0.10120764218567158
IVZ,long,2025-03-11,2025-04-04,19,-0.1356274507344647
IVZ,long,2025-04-10,2025-04-25,11,0.020512821306371887
IVZ,long,2025-08-29,2025-10-16,34,0.03354481828352451
IVZ,long,2025-11-05,2025-12-02,19,0.05224412694319813
IVZ,long,2026-01-22,2026-01-27,4,-0.06890639273849108
IVZ,long,2026-02-06,2026-03-10,22,-0.062341672305576745
IVZ,long,2026-03-16,2026-03-18,3,0.01826083634766351
IVZ,long,2026-07-09,2026-08-06,21,0.17240107898530566
IVZ,long,2026-08-18,2026-08-24,5,-0.003684372121584123
J,long,2024-12-03,2024-12-31,20,-0.044684321345836
J,long,2025-06-02,2025-06-18,13,0.008234269328989186
J,long,2025-06-27,2025-07-01,3,0.02384998942272798
J,long,2025-07-07,2025-07-11,5,0.019078482465201052
J,long,2025-08-28,2025-09-10,9,-0.024602228738443643
J,long,2025-09-17,2025-09-23,5,0.011631093371041734
J,long,2025-09-26,2025-10-10,11,0.03315570660859035
J,long,2025-11-19,2025-11-20,2,-0.14320776693822346
J,long,2025-11-24,2025-12-29,24,0.0530920928759222
J,long,2026-02-24,2026-03-03,6,0.05371778811944261
J,long,2026-08-21,2026-08-24,2,0.027307223200975894
JBHT,long,2024-12-31,2025-01-15,10,0.09522687028006804
JBHT,long,2025-01-22,2025-01-30,7,-0.006134239448492895
JBHT,long,2025-08-29,2025-09-08,6,-0.006875794143230252
JBHT,long,2025-09-10,2025-09-26,13,-0.04638299500162146
JBHT,long,2025-12-03,2026-01-14,29,0.10811399923119791
JBHT,long,2026-02-11,2026-03-03,14,0.007945821463124503
JBHT,long,2026-05-12,2026-05-18,5,0.08602281174423654
JBHT,long,2026-05-21,2026-05-27,4,0.030394111204064433
JBHT,long,2026-06-11,2026-07-15,23,-0.015921556244753887
JBHT,long,2026-08-10,2026-08-13,4,0.05139281990168332
JBL,long,2024-11-29,2024-12-23,17,0.09255226564341434
JBL,long,2024-12-27,2025-02-06,27,0.122663231653382
JBL,long,2025-02-14,2025-03-03,11,-0.1313269968666343
JBL,long,2025-03-05,2025-04-03,22,-0.1276490925814976
JBL,long,2025-04-07,2025-04-23,12,0.18489062685094537
JBL,long,2025-06-06,2025-06-17,8,0.14046567508442198
JBL,long,2025-07-18,2025-09-16,42,-0.03969519453915282
JBL,long,2026-01-13,2026-01-14,2,0.04666490050681027
JBL,long,2026-01-22,2026-01-22,1,-0.03337936852525103
JBL,long,2026-02-13,2026-03-20,25,0.010272487639385375
JBL,long,2026-04-02,2026-06-11,49,0.38614192827659144
JBL,long,2026-06-17,2026-07-07,13,-0.144949629610294
JBL,long,2026-07-09,2026-07-16,6,-0.055810034171768774
JCI,long,2024-12-04,2024-12-10,5,0.0036371031538726672
JCI,long,2025-01-16,2025-02-06,15,0.10775424358223429
JCI,long,2025-04-15,2025-05-06,15,0.13133761497284824
JCI,long,2025-05-22,2025-05-27,3,0.03919343182871127
JCI,long,2025-06-06,2025-08-22,54,0.05208701789974013
JCI,long,2025-09-09,2025-09-12,4,0.003359169084510061
JCI,long,2026-01-08,2026-02-04,19,0.15194385591917037
JCI,long,2026-04-07,2026-05-14,28,0.08433633771061988
JCI,long,2026-05-18,2026-06-03,12,0.027117812795974583
JCI,long,2026-08-20,2026-08-24,3,-0.01345384296950447
JKHY,long,2024-11-21,2024-12-05,10,0.017728392254776626
JKHY,long,2024-12-13,2024-12-27,10,-0.020326707255983734
JKHY,long,2025-02-12,2025-03-04,14,0.0353863075358718
JKHY,long,2025-06-24,2025-06-24,1,0.0
JKHY,long,2025-07-09,2025-08-06,21,-0.07519972842226519
JKHY,long,2025-09-24,2025-09-25,2,-0.010465278178115378
JKHY,long,2025-12-26,2026-02-03,26,-0.10271091011341738
JKHY,long,2026-02-05,2026-02-13,7,-0.09834274310299118
JKHY,long,2026-02-18,2026-03-05,12,0.05717387897860604
JKHY,long,2026-05-21,2026-05-26,3,-0.0175941049331384
JKHY,long,2026-06-03,2026-06-15,9,-0.041755495111373
JNJ,long,2025-04-28,2025-05-08,9,0.006986610195633736
JNJ,long,2025-05-13,2025-05-20,6,-0.0031139865464299143
JNJ,long,2025-06-30,2025-07-16,12,0.08116252110212274
JNJ,long,2025-09-17,2025-10-14,20,0.08154811642744142
JNJ,long,2025-10-22,2025-11-14,18,0.021106878375112492
JNJ,long,2025-12-04,2026-01-08,24,0.002045430893666822
JNJ,long,2026-01-27,2026-02-13,14,0.0991466982922502
JNJ,long,2026-03-06,2026-05-15,50,-0.05391646943181383
JNJ,long,2026-05-20,2026-05-21,2,0.007521669870914405
JNJ,long,2026-07-31,2026-08-11,8,0.0155577460503038
JNPR-202507,long,2025-02-19,2025-03-18,20,0.0013844835048424375
JNPR-202507,long,2025-04-29,2025-05-05,5,0.023470280081520523
JNPR-202507,long,2025-05-19,2025-05-22,4,-0.0022191356083040015
JNPR-202507,long,2025-08-13,2025-09-25,31,0.0
JPM,long,2024-12-24,2025-02-06,29,0.16754086080865327
JPM,long,2025-02-10,2025-02-18,6,0.015047193160400374
JPM,long,2025-02-21,2025-03-10,12,-0.1296101514781709
JPM,long,2025-03-18,2025-03-25,6,0.07352637264944262
JPM,long,2025-04-07,2025-04-22,11,0.1203632801710155
JPM,long,2025-06-06,2025-06-23,11,0.06230176686553923
JPM,long,2025-07-10,2025-07-11,2,0.013066726786595373
JPM,long,2025-07-16,2025-07-22,5,0.017030134686720988
JPM,long,2025-07-28,2025-07-31,4,-0.00797001703977529
JPM,long,2025-08-05,2025-09-22,34,0.061782089240122406
JPM,long,2025-10-03,2025-10-08,4,-0.0066392777708556006
JPM,long,2025-11-05,2025-11-10,4,0.024705026043868372
JPM,long,2026-01-21,2026-01-29,7,0.012155669002018366
JPM,long,2026-02-26,2026-03-04,5,-0.01289137503561888
JPM,long,2026-03-11,2026-03-12,2,-0.02022655255091388
JPM,long,2026-05-12,2026-06-17,26,0.11153330082978541
JPM,long,2026-08-17,2026-08-24,6,-0.017776430382537955
K-202512,long,2025-02-07,2025-03-04,17,0.009743211553676412
K-202512,long,2025-04-28,2025-05-27,21,-0.0014524030173582725
K-202512,long,2025-12-15,2026-01-02,13,0.0
K-202512,long,2026-01-30,2026-02-02,2,0.0
K-202512,long,2026-02-10,2026-02-17,5,0.0
K-202512,long,2026-03-02,2026-03-10,7,0.0
KDP,long,2024-11-21,2024-11-27,5,0.016853902969920398
KDP,long,2025-02-19,2025-02-20,2,0.021263452723097265
KDP,long,2025-05-02,2025-07-08,45,0.006714230667719923
KDP,long,2025-08-25,2025-08-25,1,-0.11484272272189233
KDP,long,2025-08-29,2025-09-22,16,-0.11403209049086471
KDP,long,2025-09-24,2025-09-30,5,-0.028682629545289773
KDP,long,2025-12-18,2026-01-15,19,0.002887396292402089
KDP,long,2026-01-21,2026-01-26,4,-0.008944560800868251
KDP,long,2026-02-03,2026-02-12,8,0.08882420365345012
KDP,long,2026-02-20,2026-02-20,1,0.015120309852809433
KDP,long,2026-07-06,2026-07-23,14,-0.1090090090090089
KDP,long,2026-08-05,2026-08-14,8,0.010932475884244619
KEY,long,2024-12-26,2025-02-06,28,0.033390978405654304
KEY,long,2025-04-03,2025-04-03,1,-0.12134410405932983
KEY,long,2025-04-07,2025-04-28,15,0.10393468273300988
KEY,long,2025-08-19,2025-09-26,28,0.050174025493926244
KEY,long,2025-11-05,2025-11-10,4,0.0467938846299738
KEY,long,2026-01-15,2026-03-18,43,-0.08072504663082414
KEY,long,2026-05-29,2026-07-02,24,0.08941101953916841
KEY,long,2026-08-11,2026-08-24,10,-0.03571428571428559
KEYS,long,2024-12-04,2024-12-13,8,-0.026315789473684292
KEYS,long,2025-02-03,2025-02-06,4,-0.004261283992150311
KEYS,long,2025-02-14,2025-02-21,5,-0.021472392638036797
KEYS,long,2025-03-03,2025-03-18,12,-0.0426252115589546
KEYS,long,2025-07-07,2025-07-23,13,0.005627057767135346
KEYS,long,2025-07-28,2025-07-31,4,-0.015259837789125874
KEYS,long,2025-10-29,2025-11-03,4,0.09491884262526473
KEYS,long,2025-11-17,2025-11-18,2,-0.02418183848989164
KEYS,long,2026-01-08,2026-02-25,33,0.423229088168801
KEYS,long,2026-04-01,2026-06-16,53,0.24053546764883005
KEYS,long,2026-06-25,2026-06-30,4,-0.003501280956447639
KHC,long,2025-02-20,2025-02-25,4,0.06512245907239889
KHC,long,2025-05-05,2025-05-20,12,-0.0258379671445379
KHC,long,2025-09-24,2025-10-10,13,-0.053087368569013194
KHC,long,2026-01-05,2026-01-15,9,-0.0061499943103553445
KHC,long,2026-01-23,2026-02-06,11,0.08450703519431091
KHC,long,2026-05-26,2026-06-03,7,-0.0432955671629599
KHC,long,2026-06-22,2026-06-29,6,0.0600350569675725
KIM,long,2024-12-24,2025-02-04,27,-0.05548447418025515
KIM,long,2025-02-07,2025-02-10,2,-0.012048199688195371
KIM,long,2025-05-16,2025-05-27,7,-0.017765304199444
KIM,long,2025-07-03,2025-07-08,3,-0.016791068918862284
KIM,long,2025-09-30,2025-10-13,10,-0.028610955362345147
KIM,long,2025-11-10,2025-11-19,8,-0.025803358228104423
KIM,long,2026-03-24,2026-03-25,2,-0.01277539017556073
KIM,long,2026-03-31,2026-04-08,6,0.015681053341969342
KIM,long,2026-04-27,2026-05-27,22,0.030814690409007417
KIM,long,2026-07-06,2026-07-09,4,-0.0154028436018957
KIM,long,2026-08-05,2026-08-13,7,-0.024790083966413468
KKR,long,2024-11-29,2024-12-13,11,-0.035555840101769265
KKR,long,2024-12-26,2025-02-06,28,-0.00648845618373084
KKR,long,2025-02-10,2025-02-11,2,-0.041383423395636165
KKR,long,2025-02-27,2025-03-06,6,-0.12473616880445793
KKR,long,2025-03-11,2025-03-13,3,0.004807244241961994
KKR,long,2025-04-11,2025-04-21,6,-0.03848044363239311
KKR,long,2025-05-22,2025-05-27,3,0.026834198213365745
KKR,long,2025-06-04,2025-06-06,3,0.024236294273732417
KKR,long,2025-06-11,2025-06-11,1,0.015965190231131965
KKR,long,2025-08-19,2025-09-22,24,0.04072239736134975
KKR,long,2025-09-26,2025-10-10,11,-0.13150525227000398
KKR,long,2026-02-18,2026-02-23,4,-0.1010238946605082
KKR,long,2026-02-25,2026-03-06,8,-0.04586291078866833
KKR,long,2026-06-09,2026-07-02,17,0.006758876749496157
KKR,long,2026-08-24,2026-08-24,1,-0.010693215339233175
KLAC,long,2024-12-04,2024-12-06,3,-0.026106923902488477
KLAC,long,2025-02-26,2025-04-03,27,-0.14366112474291615
KLAC,long,2025-04-07,2025-04-10,4,0.1391600498373211
KLAC,long,2025-04-16,2025-04-29,9,0.017361518747906812
KLAC,long,2025-07-18,2025-08-05,13,-0.05727365813434204
KLAC,long,2025-08-15,2025-09-02,12,-0.11222196454640943
KLAC,long,2025-09-04,2025-09-10,5,0.10514272010161885
KLAC,long,2025-11-14,2025-12-29,30,0.08675470576638378
KLAC,long,2026-01-09,2026-01-22,9,0.13241744544037548
KLAC,long,2026-02-17,2026-03-03,11,-0.014279600303636841
KLAC,long,2026-03-19,2026-05-20,44,0.23573555297237947
KLAC,long,2026-07-30,2026-08-07,7,0.16405194747745666
KMB,long,2025-02-07,2025-02-18,7,0.05400572844602469
KMB,long,2025-04-30,2025-05-20,15,0.08487179383199206
KMB,long,2025-07-25,2025-08-07,10,0.07060667536435061
KMB,long,2025-10-13,2025-10-14,2,0.005017978812526636
KMB,long,2025-10-16,2025-10-20,3,0.006504266305317641
KMB,long,2025-10-22,2025-10-28,5,0.005081247086823115
KMB,long,2025-11-06,2025-11-10,3,0.03038464928614304
KMB,long,2026-04-07,2026-04-21,11,-0.0040210769989417194
KMI,long,2024-12-16,2025-02-18,42,0.005685389764676252
KMI,long,2025-03-07,2025-03-17,7,0.05625252406137227
KMI,long,2025-04-25,2025-06-23,40,0.05676371135644698
KMI,long,2025-07-21,2025-08-04,11,0.025051480861787212
KMI,long,2026-01-23,2026-01-23,1,-0.00404182757187721
KMI,long,2026-03-12,2026-05-15,46,0.026009555204167922
KMI,long,2026-05-28,2026-06-03,5,-0.026381132688756637
KMI,long,2026-07-14,2026-08-11,21,-0.014462111077257922
KMX,long,2025-01-07,2025-02-14,27,0.11473354231974997
KMX,long,2025-02-20,2025-03-06,11,-0.11390667886550776
KMX,long,2025-03-10,2025-03-11,2,-0.051485922836287834
KMX,long,2025-06-16,2025-06-23,5,0.03481743953165917
KMX,long,2025-10-14,2025-10-28,11,0.01739528496223386
KO,long,2025-02-12,2025-02-12,1,0.01642007856197858
KO,long,2025-02-20,2025-02-21,2,0.018267505931791383
KO,long,2025-04-28,2025-06-05,28,-0.013906217033420765
KO,long,2025-06-17,2025-07-18,22,-0.009500740837306343
KO,long,2025-08-08,2025-08-13,4,0.00042597276008216056
KO,long,2025-12-29,2026-01-20,15,0.02690713005551637
KO,long,2026-03-30,2026-04-09,8,0.03262441819023176
KO,long,2026-04-29,2026-04-29,1,0.006636959826141764
KO,long,2026-05-11,2026-05-11,1,0.0030605668035732503
KO,long,2026-05-28,2026-06-03,5,-0.03504038772611662
KO,long,2026-07-06,2026-07-29,18,0.05871167102448216
KO,long,2026-08-05,2026-08-11,5,-0.0009242144177447065
KR,long,2024-11-26,2024-11-27,2,0.006823116305644472
KR,long,2024-12-05,2024-12-09,3,-0.03572026387872773
KR,long,2025-01-10,2025-02-06,19,0.10203744019086503
KR,long,2025-03-12,2025-03-12,1,-0.023441066412058342
KR,long,2025-05-15,2025-06-23,26,0.12087270338142586
KR,long,2025-07-08,2025-07-11,4,-0.012176336233553298
KR,long,2025-09-02,2025-09-17,12,-0.01297169846874302
KR,long,2025-09-29,2025-10-01,3,0.016040314521558408
KR,long,2025-12-08,2025-12-18,9,0.0012757125986468942
KR,long,2026-03-06,2026-03-06,1,0.03548964262866883
KR,long,2026-04-08,2026-04-10,3,-0.0645294488906566
KR,long,2026-04-17,2026-04-17,1,0.00619762842307825
KR,long,2026-04-22,2026-04-22,1,-0.01075419550747403
KR,long,2026-05-18,2026-06-09,16,-0.0458951564813842
KVUE,long,2025-01-08,2025-01-24,11,-0.012826500550072062
KVUE,long,2025-02-07,2025-02-10,2,0.03939397568586278
KVUE,long,2025-05-01,2025-05-20,14,0.031393986942907404
KVUE,long,2025-05-27,2025-06-09,10,-0.10240195934178542
KVUE,long,2025-06-11,2025-07-14,22,0.013940417041865993
KVUE,long,2025-09-11,2025-09-25,11,-0.12452619471335402
KVUE,long,2025-09-29,2025-10-10,10,0.014007287831162563
KVUE,long,2025-12-26,2026-01-07,8,-0.027309714982935662
KVUE,long,2026-01-15,2026-02-05,15,0.055490577716202916
KVUE,long,2026-03-06,2026-03-30,17,-0.05534240372169763
KVUE,long,2026-04-07,2026-04-22,12,0.0005780762240792381
KVUE,long,2026-04-28,2026-05-01,4,-0.005704623941382936
L,long,2025-01-06,2025-01-16,8,0.020509805224364408
L,long,2025-01-28,2025-03-17,34,0.012667355660295199
L,long,2025-05-12,2025-07-01,35,0.04507724531770241
L,long,2025-09-22,2025-09-25,4,0.02409764506612433
L,long,2025-10-17,2025-10-30,10,0.013853491137962415
L,long,2025-12-11,2025-12-18,6,0.03167345499543983
L,long,2026-01-27,2026-02-04,7,0.06573812471154006
L,long,2026-03-09,2026-03-18,8,-0.03191682827220843
L,long,2026-05-11,2026-05-21,9,0.04478469867624768
L,long,2026-05-27,2026-06-08,9,-0.02804334263132524
LDOS,long,2024-12-12,2025-01-23,27,-0.027678794145889918
LDOS,long,2025-02-20,2025-02-21,2,-0.035589312402013906
LDOS,long,2025-06-17,2025-07-08,14,0.09335586502090454
LDOS,long,2025-08-29,2025-09-08,6,-0.016265908365053705
LDOS,long,2025-09-17,2025-09-19,3,0.02667321713830484
LDOS,long,2025-10-13,2025-11-04,17,0.06126684567316998
LDOS,long,2025-11-14,2025-12-15,21,-0.025860418375218686
LDOS,long,2026-02-25,2026-03-04,6,0.014759031132848932
LDOS,long,2026-05-15,2026-05-18,2,-0.0056551427897496565
LEN,long,2025-09-30,2025-11-13,33,-0.046394841411565024
LEN,long,2026-01-05,2026-01-12,6,0.160046128018976
LEN,long,2026-04-01,2026-04-08,5,0.020612605243415683
LEN,long,2026-08-14,2026-08-18,3,-0.029700708247658247
LH,long,2025-01-03,2025-01-24,14,0.07804903687899367
LH,long,2025-03-10,2025-03-11,2,-0.05445992972741742
LH,long,2025-03-14,2025-03-19,4,0.017271396801109562
LH,long,2025-03-25,2025-04-04,9,-0.04838439762764901
LH,long,2025-06-23,2025-07-03,9,3.816414781976363e-05
LH,long,2025-07-14,2025-07-25,10,0.061453332012479045
LH,long,2025-10-10,2025-10-20,7,0.04733968823025636
LH,long,2025-10-24,2025-10-29,4,-0.1262675817846277
LH,long,2025-10-31,2025-11-03,2,0.02183644288531328
LH,long,2026-01-02,2026-01-08,5,0.015106772062340568
LH,long,2026-01-28,2026-02-02,4,-0.0030613989465265723
LH,long,2026-03-27,2026-04-06,6,0.022654448870546906
LH,long,2026-04-08,2026-04-22,11,0.012817230706874572
LH,long,2026-06-04,2026-06-08,3,0.011934188166228932
LH,long,2026-08-07,2026-08-10,2,0.01510125422550801
LHX,long,2024-12-12,2025-01-06,16,-0.10739720768848282
LHX,long,2025-05-14,2025-05-28,10,0.11906399752359298
LHX,long,2025-06-18,2025-07-11,16,0.03464079020940369
LHX,long,2025-07-18,2025-08-22,26,0.03864251530192053
LHX,long,2025-08-27,2025-09-05,7,-0.014648581037201791
LHX,long,2025-09-22,2025-10-01,8,0.05821648662127288
LHX,long,2025-11-07,2025-12-22,31,0.03967711648264283
LHX,long,2026-02-26,2026-04-21,38,0.0012766225718379154
LHX,long,2026-05-08,2026-06-03,18,0.007537086863887321
LHX,long,2026-07-31,2026-08-06,5,0.06484001471129108
LII,long,2024-12-30,2025-01-23,16,0.07765988146695868
LII,long,2025-01-31,2025-02-14,11,0.025818573376594323
LII,long,2025-05-01,2025-05-09,7,0.0492912888082071
LII,long,2025-11-20,2025-11-26,5,0.10518762700383855
LII,long,2026-01-22,2026-01-30,7,-0.04132287072338092
LII,long,2026-03-31,2026-03-31,1,0.048431135815462545
LII,long,2026-04-22,2026-04-28,5,0.005743948698714529
LIN,long,2025-04-25,2025-06-05,29,0.04945135247143351
LIN,long,2025-06-18,2025-07-01,9,0.034389267050007666
LIN,long,2025-08-11,2025-08-20,8,0.021040588573651098
LIN,long,2025-09-18,2025-09-25,6,-0.012670322271780221
LIN,long,2025-10-03,2025-10-31,21,-0.10901426773947775
LIN,long,2025-11-04,2025-11-11,6,0.03510600521722229
LIN,long,2026-03-06,2026-05-22,55,0.059704058373338365
LIN,long,2026-05-27,2026-05-27,1,-0.013787231903896635
LIN,long,2026-06-02,2026-06-15,10,0.0517059021457722
LIN,long,2026-07-17,2026-07-22,4,-0.02317855359680443
LIN,long,2026-08-04,2026-08-11,6,0.020959080880822656
LITE,long,2026-03-30,2026-05-22,39,0.34745919485435417
LITE,long,2026-05-27,2026-06-16,15,-0.03892139963329355
LITE,long,2026-06-25,2026-06-30,4,0.018432578068436456
LITE,long,2026-07-06,2026-07-07,2,-0.040380601933216353
LKQ,long,2025-02-03,2025-02-11,7,0.008023593323015499
LKQ,long,2025-04-28,2025-05-19,16,0.1393828661407399
LKQ,long,2025-07-28,2025-08-04,6,-0.08237485379986653
LKQ,long,2025-10-22,2025-10-30,7,0.018966694310913468
LLY,long,2025-04-07,2025-04-25,14,0.19822267691363282
LLY,long,2025-05-14,2025-06-16,23,0.08467867287074049
LLY,long,2025-06-26,2025-06-26,1,0.003559277849229714
LLY,long,2025-07-01,2025-07-09,6,0.00948008446119264
LLY,long,2025-08-13,2025-08-22,8,0.11543581110573875
LLY,long,2025-11-04,2025-11-07,4,0.03105300749806572
LLY,long,2025-12-22,2026-02-18,39,-0.04589770967238305
LLY,long,2026-03-06,2026-03-16,7,0.005959665191338281
LLY,long,2026-03-19,2026-03-20,2,-0.012363125852343226
LLY,long,2026-07-16,2026-08-11,19,0.05048282430355666
LLY,long,2026-08-17,2026-08-17,1,0.00254202819956606
LMT,long,2024-11-21,2024-11-29,6,-0.009948967465203129
LMT,long,2024-12-13,2024-12-18,4,-0.02746786814793989
LMT,long,2025-05-14,2025-05-21,6,0.022725838634213735
LMT,long,2025-06-20,2025-07-08,12,-0.011929217780009549
LMT,long,2025-07-18,2025-07-22,3,-0.12459510194585044
LMT,long,2025-07-24,2025-08-13,15,0.05527077137238812
LMT,long,2025-10-17,2025-12-01,31,-0.10283936903314561
LMT,long,2025-12-03,2025-12-10,6,0.05911913483270159
LMT,long,2026-02-26,2026-04-21,38,-0.11202428267723674
LMT,long,2026-04-23,2026-05-13,15,-0.0638963969065861
LNT,long,2025-02-04,2025-02-18,10,0.04049264499762861
LNT,long,2025-04-28,2025-07-02,46,0.008637711441894735
LNT,long,2025-09-22,2025-10-14,17,0.06482787033943893
LNT,long,2025-12-04,2025-12-22,13,-0.02033740813202134
LNT,long,2026-02-10,2026-02-10,1,0.016591907919186966
LNT,long,2026-04-28,2026-06-03,26,-0.015189925229245116
LNT,long,2026-07-16,2026-08-12,20,-0.050648907962412504
LOW,long,2024-11-25,2024-12-27,23,-0.06173490058756381
LOW,long,2025-02-21,2025-02-27,5,-0.0037334464863393313
LOW,long,2025-10-09,2025-11-26,35,0.02191980234296831
LOW,long,2026-01-06,2026-01-09,4,0.09176709101946323
LOW,long,2026-02-25,2026-03-09,9,-0.10183424704920374
LOW,long,2026-03-23,2026-04-08,12,0.08471708283269686
LRCX,long,2024-12-04,2024-12-16,9,-0.003459280343854121
LRCX,long,2025-02-26,2025-03-05,6,-0.012472512198523189
LRCX,long,2025-03-21,2025-04-03,10,-0.15899414974809456
LRCX,long,2025-04-07,2025-05-07,22,0.27026564672720643
LRCX,long,2025-07-18,2025-09-11,39,0.14674079228614745
LRCX,long,2025-10-17,2025-12-30,51,0.2226318968530654
LRCX,long,2026-01-09,2026-01-14,4,0.038962902404712674
LRCX,long,2026-01-16,2026-01-22,4,0.014852652657587173
LRCX,long,2026-01-26,2026-01-28,3,0.09929333954929609
LRCX,long,2026-02-17,2026-03-06,14,-0.15268198341391115
LRCX,long,2026-03-10,2026-05-11,44,0.4020837590809838
LRCX,long,2026-07-28,2026-07-29,2,-0.13463187133500232
LRCX,long,2026-07-31,2026-08-07,6,0.04578127099287954
LULU,long,2024-12-05,2024-12-13,7,0.14421363251234398
LULU,long,2024-12-19,2025-01-29,26,0.10506087564168132
LULU,long,2025-02-10,2025-02-21,9,-0.09829188646068798
LULU,long,2025-02-25,2025-03-10,10,-0.09355819890282979
LULU,long,2025-03-18,2025-03-31,10,-0.13461126906967502
LULU,long,2025-04-02,2025-04-08,5,-0.11450845760469175
LULU,long,2025-04-15,2025-04-22,5,0.007506929473359847
LULU,long,2025-09-15,2025-09-19,5,0.06102023582397642
LULU,long,2025-12-10,2025-12-15,4,0.13172043010752654
LULU,long,2026-01-02,2026-01-27,17,-0.10307492420961495
LULU,long,2026-01-29,2026-03-06,26,-0.05666759079567518
LULU,long,2026-04-28,2026-05-04,5,-0.1222267592214511
LULU,long,2026-05-06,2026-05-19,10,-0.08440211965286848
LULU,long,2026-08-13,2026-08-19,5,-0.011748159179283624
LUV,long,2024-12-13,2024-12-23,7,0.018958656776314475
LUV,long,2025-01-14,2025-03-03,33,-0.06276787454845179
LUV,long,2025-04-23,2025-05-02,8,0.20606061233335926
LUV,long,2025-06-05,2025-06-06,2,0.03749605752619023
LUV,long,2025-07-15,2025-07-24,8,-0.11777195690500353
LUV,long,2025-07-28,2025-08-01,5,-0.1026798938325445
LUV,long,2025-08-05,2025-08-25,15,0.0931092680315524
LUV,long,2025-12-03,2025-12-09,5,0.07677116997051336
LUV,long,2026-01-23,2026-03-13,35,-0.083002053775598
LUV,long,2026-07-29,2026-07-30,2,-0.015331461887281517
LUV,long,2026-08-13,2026-08-24,8,-0.09493108048021326
LVS,long,2024-11-22,2024-12-23,21,0.031755550710669045
LVS,long,2025-04-23,2025-04-25,3,0.057454456666054865
LVS,long,2025-07-11,2025-08-01,16,0.034441705557128444
LVS,long,2025-08-19,2025-10-13,39,-0.11988627141780983
LVS,long,2025-10-15,2025-10-24,8,0.19900074661579903
LVS,long,2025-12-31,2026-01-20,13,-0.10076801229104726
LVS,long,2026-01-22,2026-01-29,6,-0.11560404987636075
LVS,long,2026-02-02,2026-02-12,9,0.08337770803469446
LVS,long,2026-05-08,2026-05-11,2,-0.03179611875314081
LVS,long,2026-05-22,2026-05-27,3,0.03255817285467999
LVS,long,2026-06-18,2026-06-22,2,-0.00685647020880964
LW,long,2024-11-25,2024-12-19,18,-0.18746749754134262
LW,long,2024-12-23,2025-01-17,17,-0.03237238971260603
LW,long,2025-02-24,2025-03-03,6,-0.10358425306051411
LW,long,2025-05-22,2025-06-05,10,0.07449919200083754
LW,long,2025-06-11,2025-06-13,3,-0.01491999273206368
LW,long,2025-10-31,2025-11-20,15,-0.10077640496239904
LW,long,2025-11-25,2025-12-02,5,0.044762865413028985
LW,long,2025-12-17,2025-12-19,3,-0.2652174218532172
LW,long,2025-12-23,2026-01-12,13,-0.03200935597058863
LYB,long,2025-04-07,2025-04-10,4,-0.06278029381791972
LYB,long,2025-05-09,2025-05-09,1,-0.005068203093048451
LYB,long,2025-08-11,2025-09-05,19,0.14950316718937073
LYB,long,2025-11-03,2025-11-10,6,-0.07862980799286912
LYB,long,2026-04-17,2026-04-17,1,-0.11980342032045621
LYB,long,2026-04-21,2026-06-18,42,-0.11492579910035261
LYB,long,2026-06-23,2026-06-26,4,-0.04767599606519535
LYV,long,2024-12-02,2025-02-18,52,0.1186980108499085
LYV,long,2025-03-10,2025-03-21,10,-0.034899223590306616
LYV,long,2025-04-07,2025-05-12,25,0.16542535584243678
LYV,long,2025-06-04,2025-06-06,3,0.05496194379391106
LYV,long,2025-06-11,2025-06-23,8,0.048570036879827416
LYV,long,2025-07-15,2025-07-18,4,0.013673716826081206
LYV,long,2025-07-29,2025-08-01,4,-0.045335772145283726
LYV,long,2025-10-03,2025-11-05,24,-0.1396566030509987
LYV,long,2025-11-07,2025-11-21,11,-0.0518255062785804
LYV,long,2026-02-25,2026-03-05,7,0.01139384732244575
LYV,long,2026-03-10,2026-03-13,4,-0.0713510253317251
LYV,long,2026-04-16,2026-05-19,24,0.04614298549608531
MA,long,2024-11-21,2024-11-27,5,0.03870928596498513
MA,long,2024-12-20,2025-01-23,21,0.022411132792053534
MA,long,2025-02-24,2025-03-12,13,-0.058958696311313785
MA,long,2025-04-11,2025-04-14,2,0.02627472463766134
MA,long,2025-05-15,2025-05-28,9,0.004604999888920158
MA,long,2025-06-09,2025-08-05,40,-0.03950737689928974
MA,long,2025-09-17,2025-09-30,10,-0.03002963666375802
MA,long,2025-10-07,2025-11-10,25,-0.04339934814429136
MA,long,2026-03-06,2026-03-12,5,-0.05212894898778209
MA,long,2026-05-22,2026-05-22,1,-0.002161597567299056
MA,long,2026-06-04,2026-06-11,6,0.03172523933225291
MA,long,2026-06-16,2026-06-17,2,0.004789627350026748
MA,long,2026-06-26,2026-07-02,5,0.10322744148864005
MAA,long,2025-01-13,2025-01-23,8,0.0013167591922471633
MAA,long,2025-01-30,2025-02-10,8,0.05586968677515536
MAA,long,2025-04-23,2025-07-08,52,-0.05090959226252989
MAA,long,2025-09-29,2025-10-10,10,-0.035967675165402224
MAA,long,2025-10-30,2025-10-30,1,0.020034839590905795
MAA,long,2026-01-29,2026-02-10,9,0.030122245033983974
MAA,long,2026-03-06,2026-03-18,9,-0.06405769688747454
MAA,long,2026-03-23,2026-03-27,5,-0.01001723039634117
MAA,long,2026-07-07,2026-07-27,15,-0.040952189461741284
MAA,long,2026-08-13,2026-08-18,4,-0.0163228292904104
MAR,long,2024-11-21,2025-02-07,52,0.08735461463676653
MAR,long,2025-04-03,2025-04-04,2,-0.11535287594987609
MAR,long,2025-04-08,2025-04-24,12,0.1073303134749779
MAR,long,2025-06-20,2025-06-23,2,0.025550423369377517
MAR,long,2025-07-21,2025-08-05,12,-0.04717876310359459
MAR,long,2025-09-11,2025-09-19,7,0.023245046250594648
MAR,long,2026-01-15,2026-02-04,14,0.01526537328288291
MAR,long,2026-03-06,2026-03-16,7,-0.03362960230543666
MAR,long,2026-04-24,2026-05-08,11,-0.040897242115975674
MAR,long,2026-08-05,2026-08-18,10,0.03513899015483157
MAS,long,2024-11-27,2024-12-16,13,-0.03630280617671788
MAS,long,2025-02-21,2025-03-05,9,-0.031459823121059105
MAS,long,2025-03-27,2025-04-04,7,-0.10637697777360289
MAS,long,2025-04-08,2025-04-11,4,0.016076109375980252
MAS,long,2025-10-10,2025-11-13,25,-0.07848586381478084
MAS,long,2025-11-17,2025-11-21,5,0.02452672609506301
MAS,long,2026-01-08,2026-01-09,2,0.0780715412267281
MAS,long,2026-03-09,2026-03-12,4,-0.0471253329105894
MAS,long,2026-07-08,2026-07-09,2,-0.034030689582621676
MAS,long,2026-08-12,2026-08-24,9,-0.03426513314846891
MCD,long,2024-11-25,2024-12-03,6,0.020640569471683357
MCD,long,2024-12-13,2024-12-17,3,-0.0018542397791535548
MCD,long,2025-02-07,2025-02-10,2,0.047764774534651444
MCD,long,2025-02-25,2025-02-25,1,0.010241533826043314
MCD,long,2025-05-01,2025-05-08,6,-0.019271080257583506
MCD,long,2025-05-15,2025-06-05,15,0.010511936200464866
MCD,long,2025-06-09,2025-07-18,28,-0.03347852290205622
MCD,long,2025-09-22,2025-10-13,16,-0.007507149798797075
MCD,long,2025-12-31,2026-01-26,17,0.01597247233195609
MCD,long,2026-03-30,2026-03-31,2,0.015985620294305614
MCD,long,2026-05-12,2026-05-18,5,0.02865988942702069
MCHP,long,2025-04-16,2025-04-25,7,0.21068935070968742
MCHP,long,2025-07-03,2025-08-08,26,-0.15431940786941611
MCHP,long,2025-08-12,2025-09-17,26,0.08672573543086592
MCHP,long,2025-09-30,2025-10-03,4,0.03855163875216827
MCHP,long,2025-10-08,2025-10-10,3,-0.07004312961254333
MCHP,long,2025-11-05,2025-11-14,8,-0.10117647846095035
MCHP,long,2025-11-24,2025-12-03,7,0.26097730794707275
MCHP,long,2026-02-18,2026-03-04,11,-0.10930352104510499
MCHP,long,2026-03-06,2026-03-10,3,-0.03657267029920752
MCHP,long,2026-03-19,2026-04-06,12,0.038788458506694434
MCHP,long,2026-06-01,2026-07-16,32,-0.13703119788563234
MCHP,long,2026-07-20,2026-07-22,3,0.05014817184516862
MCHP,long,2026-07-28,2026-07-31,4,-0.04634158688702095
MCK,long,2024-12-31,2025-02-07,26,0.04369693767621441
MCK,long,2025-05-05,2025-07-07,43,0.03902596056620333
MCK,long,2025-07-15,2025-08-21,28,-0.013373944969987783
MCK,long,2025-11-13,2025-11-14,2,0.0015939299308278532
MCK,long,2025-11-19,2025-12-18,21,-0.05743246797625501
MCK,long,2025-12-31,2026-02-02,22,0.023183004515156647
MCK,long,2026-04-02,2026-04-13,7,-0.008884388167291535
MCK,long,2026-04-21,2026-05-05,11,-0.06755214364160833
MCK,long,2026-05-12,2026-05-18,5,0.07005240836474136
MCO,long,2025-02-03,2025-02-10,6,0.009590748842991825
MCO,long,2025-02-21,2025-03-10,12,-0.11821949712231483
MCO,long,2025-04-29,2025-05-05,5,0.05661914947913971
MCO,long,2025-06-05,2025-07-01,18,0.03493161858188332
MCO,long,2025-07-18,2025-07-31,10,0.02647131795218849
MCO,long,2025-09-15,2025-10-08,18,-0.04337218308549595
MCO,long,2025-12-22,2026-01-06,10,0.059274960634837504
MCO,long,2026-02-17,2026-02-19,3,0.05358318924516192
MCO,long,2026-03-12,2026-03-18,5,-0.016280596300815686
MCO,long,2026-05-13,2026-05-15,3,-0.048315569778792034
MCO,long,2026-06-09,2026-06-25,12,-0.011064526283793064
MCO,long,2026-08-14,2026-08-24,7,0.049159810418761385
MDLZ,long,2024-11-21,2024-11-29,6,0.008227189858164285
MDLZ,long,2025-04-28,2025-06-05,28,0.011892100384901738
MDLZ,long,2025-06-17,2025-06-23,4,0.01911934077140587
MDLZ,long,2025-06-30,2025-07-18,14,0.03714154132625569
MDLZ,long,2025-08-05,2025-08-28,18,-0.03541634699281848
MDLZ,long,2025-09-05,2025-09-05,1,0.013793101104722316
MDLZ,long,2025-11-26,2025-12-03,5,-0.008844859879743039
MDLZ,long,2026-03-13,2026-03-17,3,0.06605334731553136
MDLZ,long,2026-04-07,2026-04-08,2,0.00770818213213742
MDLZ,long,2026-05-19,2026-06-11,17,0.027903966876379194
MDLZ,long,2026-07-13,2026-07-28,12,0.06204317525072223
MDT,long,2025-02-21,2025-04-22,42,-0.04445004531021335
MDT,long,2025-05-16,2025-05-20,3,0.003019420335132139
MDT,long,2025-08-06,2025-09-09,24,0.04906887478134614
MDT,long,2025-09-16,2025-10-03,14,0.053635552437247824
MDT,long,2026-01-23,2026-02-18,18,-0.02812313856009141
MDT,long,2026-03-17,2026-03-18,2,-0.011672677160071143
MDT,long,2026-08-07,2026-08-24,12,0.08123836126629347
MET,long,2024-11-21,2024-11-27,5,0.06840193803163164
MET,long,2024-12-06,2024-12-13,6,-0.033651565343373546
MET,long,2025-02-03,2025-02-25,16,-0.04372466763906013
MET,long,2025-03-06,2025-03-07,2,-0.009751965516912042
MET,long,2025-03-12,2025-03-14,3,0.024984272923303852
MET,long,2025-05-13,2025-06-23,28,-0.012524744834059631
MET,long,2025-11-07,2025-11-12,4,0.05581151963357334
MET,long,2026-02-09,2026-02-11,3,0.032862065208422164
MET,long,2026-06-05,2026-07-30,38,0.16307217117529338
MET,long,2026-08-05,2026-08-18,10,0.006241547903880207
META,long,2024-11-22,2024-12-27,24,0.0660708247948758
META,long,2025-01-24,2025-01-27,2,0.036813571407931844
META,long,2025-02-20,2025-03-06,11,-0.10776249213560984
META,long,2025-03-31,2025-04-04,5,-0.12485694549822379
META,long,2025-04-08,2025-05-02,18,0.15645511903796416
META,long,2025-07-15,2025-09-04,37,0.03846479281133863
META,long,2025-11-05,2025-12-01,18,0.021599740575525495
META,long,2026-04-08,2026-04-23,12,0.1462482866057171
META,long,2026-06-29,2026-06-30,2,0.02369831894593366
META,long,2026-07-02,2026-07-02,1,-0.048963143038945334
MGM,long,2024-12-04,2024-12-18,11,-0.0989069581444948
MGM,long,2024-12-20,2024-12-23,2,0.025418660287081396
MGM,long,2025-03-19,2025-04-03,12,-0.12429378531073454
MGM,long,2025-08-18,2025-09-26,29,-0.00890868596882044
MGM,long,2025-10-08,2025-10-16,7,-0.043176328502415484
MGM,long,2026-01-13,2026-02-05,17,0.04192992533027007
MGM,long,2026-02-13,2026-02-13,1,-0.00146241591108498
MGM,long,2026-04-28,2026-05-19,16,-0.11171393341553648
MGM,long,2026-05-21,2026-05-26,3,0.05313612708846893
MGM,long,2026-08-11,2026-08-24,10,0.007610701107010787
MHK,long,2025-01-28,2025-01-29,2,-0.0158630929124014
MHK,long,2025-10-01,2025-10-21,15,0.01985727582997221
MHK,long,2025-10-28,2025-10-30,3,-0.03020387616410758
MHK,long,2025-11-11,2025-12-01,14,0.06819022945965947
MKC,long,2024-11-21,2024-11-27,5,0.008556997033408953
MKC,long,2025-02-10,2025-02-10,1,-0.021442273371698906
MKC,long,2025-02-12,2025-03-03,13,0.09753893166892036
MKC,long,2025-04-17,2025-04-24,5,0.019989133232291456
MKC,long,2025-04-28,2025-05-29,23,-0.026696991005101256
MKC,long,2025-08-21,2025-08-26,4,0.006439777744720265
MKC,long,2025-12-11,2025-12-12,2,0.038718775364356084
MKC,long,2026-01-28,2026-02-19,16,0.08011358558926984
MKC,long,2026-03-06,2026-03-12,5,-0.1218016117638453
MKTX,long,2024-11-21,2024-12-03,8,-0.009983354795938593
MKTX,long,2024-12-16,2024-12-31,11,-0.032901194211523155
MKTX,long,2025-05-13,2025-05-20,6,0.021092254208004313
MKTX,long,2025-05-28,2025-08-06,49,-0.14260792058538463
MKTX,long,2025-08-11,2025-08-15,5,0.0162023202979662
MLM,long,2024-12-26,2025-01-28,21,0.016861177246725756
MLM,long,2025-05-29,2025-07-31,44,0.04573889199904757
MLM,long,2025-09-23,2025-10-15,17,0.03118581774417928
MLM,long,2025-10-17,2025-11-03,12,-0.007754773622316469
MLM,long,2025-11-12,2025-11-21,8,-0.02775634872971977
MLM,long,2026-01-23,2026-01-23,1,-0.00397207186940618
MLM,long,2026-01-27,2026-01-30,4,0.00023012856741577714
MLM,long,2026-02-13,2026-03-05,14,-0.03993905937400066
MLM,long,2026-03-09,2026-03-09,1,0.004147576476651427
MLM,long,2026-03-11,2026-03-26,12,-0.04514929565931114
MLM,long,2026-08-17,2026-08-24,6,-0.02704725056120283
MMM,long,2025-02-21,2025-04-04,31,-0.14871207228133743
MMM,long,2025-04-08,2025-05-28,35,0.16210100572539554
MMM,long,2025-06-02,2025-06-05,4,-0.014088438314510454
MMM,long,2025-08-05,2025-08-06,2,0.019949890016821126
MMM,long,2025-09-08,2025-09-09,2,-0.014294897379535598
MMM,long,2025-10-17,2025-10-22,4,0.104484491042655
MMM,long,2025-10-29,2025-10-31,3,-0.001978008037668233
MMM,long,2025-12-31,2026-01-26,17,-0.01023754226500273
MMM,long,2026-07-22,2026-07-27,4,0.04374559930425259
MMM,long,2026-08-10,2026-08-24,11,-0.016983867519671847
MNST,long,2024-11-21,2024-12-04,9,0.0009310986964619072
MNST,long,2025-01-02,2025-01-15,9,-0.06278538812785395
MNST,long,2025-04-28,2025-06-13,34,0.07482529401738502
MNST,long,2025-06-27,2025-08-07,29,-0.0223508602669239
MNST,long,2025-10-28,2025-11-04,6,-0.040327210103329736
MNST,long,2025-12-02,2026-01-14,30,0.02343647136273863
MNST,long,2026-01-21,2026-03-23,43,-0.09218117098318435
MNST,long,2026-07-07,2026-08-13,28,-0.041183115949470994
MO,long,2025-01-08,2025-02-25,32,0.08822390391309431
MO,long,2025-05-05,2025-05-08,4,0.013252792125654667
MO,long,2025-05-12,2025-08-04,58,0.060317189605153976
MO,long,2025-08-08,2025-08-13,4,0.03068454236783502
MO,long,2025-09-26,2025-10-30,25,-0.12363862509335366
MO,long,2025-11-03,2025-11-14,10,0.03210352717266929
MO,long,2026-02-02,2026-02-03,2,0.035005708334568064
MO,long,2026-03-19,2026-04-23,25,0.04829086662034543
MO,long,2026-04-29,2026-04-30,2,0.07153395907246884
MO,long,2026-06-02,2026-06-04,3,0.02840492571684039
MO,long,2026-06-12,2026-06-17,4,-0.020009292500718923
MO,long,2026-07-07,2026-07-09,3,-0.004034501947690505
MO,long,2026-07-14,2026-07-30,13,-0.05468206483929339
MO,long,2026-08-06,2026-08-12,5,-0.05932203389830515
MOH,long,2025-01-17,2025-01-24,5,0.07689313517338969
MOH,long,2025-05-12,2025-06-05,18,-0.0888888888888889
MOH,long,2025-07-21,2025-07-24,4,-0.1353153350092906
MOH,long,2025-07-28,2025-08-01,5,-0.059932129438856174
MOH,long,2025-11-04,2025-11-28,18,0.00836563966537418
MOH,long,2026-02-13,2026-02-19,4,0.1699155552047984
MOH,long,2026-02-26,2026-08-24,124,0.36379251116454725
MOS,long,2024-12-06,2024-12-10,3,0.008199880824798722
MOS,long,2024-12-12,2024-12-16,3,-0.03474040964699354
MOS,long,2024-12-18,2024-12-23,4,-0.04559746336351844
MOS,long,2025-01-15,2025-01-17,3,0.0
MOS,long,2025-02-26,2025-03-11,10,-0.01651344061216853
MOS,long,2025-03-26,2025-04-04,8,-0.13723322227144197
MOS,long,2025-04-08,2025-04-10,3,0.026728925216979338
MOS,long,2025-05-29,2025-06-17,14,0.009640733203206464
MOS,long,2025-06-27,2025-08-06,28,-0.12080731626874741
MOS,long,2025-08-08,2025-08-14,5,0.013257508990714983
MOS,long,2025-11-03,2025-11-12,8,-0.07249551179471903
MOS,long,2025-11-19,2025-12-02,9,-0.012155660163192916
MOS,long,2026-02-27,2026-03-12,10,0.16437549562878973
MOS,long,2026-03-18,2026-03-20,3,-0.18175507707608307
MOS,long,2026-03-25,2026-05-08,32,-0.1194444357591512
MOS,long,2026-05-15,2026-05-18,2,-0.05599648633148735
MPC,long,2025-01-30,2025-02-06,6,0.003566896522706031
MPC,long,2025-02-10,2025-02-14,5,0.03956834309371504
MPC,long,2025-03-06,2025-03-10,3,0.008436927502901481
MPC,long,2025-04-07,2025-04-10,4,0.003799511220876184
MPC,long,2025-07-03,2025-08-27,39,0.025336791918892487
MPC,long,2025-10-21,2025-10-28,6,0.03188916971440103
MPC,long,2025-11-05,2025-12-22,33,-0.09892467812151307
MPC,long,2026-04-24,2026-06-22,40,0.12272172463794018
MPC,long,2026-07-17,2026-07-27,7,0.021252212556353456
MPWR,long,2024-11-29,2024-12-16,12,0.12205474148907225
MPWR,long,2025-03-03,2025-04-03,24,-0.1816416146145049
MPWR,long,2025-04-07,2025-04-28,15,0.22585309088756755
MPWR,long,2025-06-11,2025-06-11,1,-0.015044324273998266
MPWR,long,2025-06-16,2025-06-25,7,0.07401082170758544
MPWR,long,2025-07-03,2025-07-03,1,-0.0075353143304355275
MPWR,long,2025-07-09,2025-07-31,17,-0.06576824234388501
MPWR,long,2025-10-10,2025-10-29,14,0.11726318342821762
MPWR,long,2025-11-25,2026-01-02,26,0.050308035974907295
MPWR,long,2026-01-09,2026-01-14,4,0.025555391281174122
MPWR,long,2026-02-19,2026-02-24,4,0.021332743764451934
MPWR,long,2026-03-30,2026-04-24,19,0.5529985050145911
MPWR,long,2026-05-05,2026-06-26,37,-0.16524507463254723
MPWR,long,2026-06-30,2026-07-09,7,0.04833799980164333
MRK,long,2025-02-19,2025-02-21,3,0.07455880895608735
MRK,long,2025-05-09,2025-05-21,9,-0.008628349334360852
MRK,long,2025-08-13,2025-08-15,3,0.0486923998488078
MRK,long,2025-10-01,2025-10-01,1,0.07387107660989645
MRK,long,2025-10-15,2025-11-14,23,0.09704852704232159
MRK,long,2026-01-21,2026-02-24,24,0.13229790575982303
MRK,long,2026-03-06,2026-03-23,12,0.004021802194328572
MRK,long,2026-04-22,2026-05-04,9,0.004886380932516365
MRK,long,2026-07-16,2026-08-13,21,0.09659412668877887
MRNA,long,2025-02-18,2025-02-28,9,-0.061533798120642746
MRNA,long,2025-04-11,2025-04-22,7,0.050612244897959346
MRNA,long,2025-05-09,2025-05-15,5,-0.029942575881870326
MRNA,long,2025-07-03,2025-07-03,1,0.006935270805812355
MRNA,long,2025-08-13,2025-08-18,4,0.09469992205767719
MRNA,long,2025-09-15,2025-09-22,6,0.12973202892386193
MRNA,long,2025-11-25,2025-11-28,3,0.0757763975155279
MRNA,long,2026-02-09,2026-03-10,21,0.34064862228724735
MRNA,long,2026-03-18,2026-03-20,3,-0.04728351566845912
MRNA,long,2026-03-27,2026-03-30,2,-0.09968265820421884
MRNA,long,2026-04-01,2026-05-01,22,-0.10688976377952775
MRNA,long,2026-05-05,2026-06-01,19,-0.026215644820296147
MRNA,long,2026-07-30,2026-08-06,6,-0.011561754450357897
MRNA,long,2026-08-14,2026-08-20,5,1.0945797329143758
MRO-202411,long,2024-12-24,2024-12-27,3,0.0
MRO-202411,long,2025-01-15,2025-02-19,24,0.0
MRO-202411,long,2025-02-21,2025-02-21,1,0.0
MRSH,long,2025-04-25,2025-05-21,19,0.04589877695443434
MRSH,long,2025-07-21,2025-08-04,11,-0.058141644680003046
MRSH,long,2026-02-10,2026-02-17,5,0.027404443501510833
MRSH,long,2026-05-12,2026-06-17,26,0.016338660096058666
MRVL,long,2026-06-23,2026-06-24,2,-0.10121476076441371
MRVL,long,2026-06-26,2026-07-02,5,-0.12788885860496613
MRVL,long,2026-07-07,2026-07-13,5,-0.12711655576155434
MRVL,long,2026-07-15,2026-07-16,2,-0.15347959000179823
MRVL,long,2026-07-30,2026-08-24,18,0.4032435740514071
MS,long,2024-12-10,2025-02-06,39,0.10451669214079606
MS,long,2025-03-06,2025-04-03,21,-0.12783831757348862
MS,long,2025-04-07,2025-04-24,13,0.1579685262860886
MS,long,2025-06-06,2025-06-17,8,-0.004057603974919721
MS,long,2025-07-10,2025-08-12,24,0.04777992179681667
MS,long,2025-08-19,2025-09-19,23,0.104503418363181
MS,long,2025-11-12,2025-12-04,16,0.05039042341601507
MS,long,2026-01-09,2026-01-14,4,-0.021117523898426582
MS,long,2026-01-16,2026-02-03,12,-0.03823495955443468
MS,long,2026-02-06,2026-03-12,24,-0.12209966772366321
MS,long,2026-03-16,2026-03-23,6,0.06101899589977333
MS,long,2026-06-03,2026-07-14,28,0.0590287650246335
MS,long,2026-07-23,2026-08-24,23,-0.014835406230144232
MSCI,long,2024-12-13,2024-12-30,11,-0.057139176917627266
MSCI,long,2025-01-31,2025-03-04,22,-0.03608941253232212
MSCI,long,2025-04-30,2025-05-28,20,0.04438007845427405
MSCI,long,2025-06-06,2025-06-13,6,-0.03783233168241629
MSCI,long,2025-07-07,2025-07-18,10,-0.01667398168458034
MSCI,long,2025-07-24,2025-07-29,4,0.049636632260346536
MSCI,long,2025-10-17,2025-10-28,8,0.11328608020960318
MSCI,long,2026-01-23,2026-01-27,3,-0.016067678507286076
MSCI,long,2026-03-04,2026-04-07,24,-0.03237336822269976
MSCI,long,2026-05-15,2026-05-22,6,0.03683681258063842
MSCI,long,2026-06-09,2026-06-16,6,0.00865758209215084
MSCI,long,2026-06-18,2026-07-02,10,0.010420623075178659
MSCI,long,2026-07-13,2026-07-14,2,0.011112744894657078
MSCI,long,2026-08-11,2026-08-19,7,0.007479663621883903
MSFT,long,2025-01-16,2025-01-22,4,0.04665624275599889
MSFT,long,2025-02-03,2025-03-13,28,-0.08560338892406572
MSFT,long,2025-04-10,2025-04-25,11,0.0034828295438609214
MSFT,long,2025-06-06,2025-06-25,13,0.05257870326403569
MSFT,long,2025-07-16,2025-10-01,55,0.029149527449142232
MSFT,long,2025-10-17,2025-10-21,3,0.011825416762270002
MSFT,long,2025-12-03,2025-12-10,6,-0.02334695902813444
MSFT,long,2026-02-23,2026-02-27,5,-0.011303305737119906
MSFT,long,2026-03-03,2026-03-05,3,0.030435350428821728
MSFT,long,2026-03-12,2026-03-27,12,-0.11882535182941134
MSFT,long,2026-06-17,2026-06-25,6,-0.10410587906077495
MSFT,long,2026-06-29,2026-07-14,11,0.032066928985798215
MSFT,long,2026-08-18,2026-08-24,5,0.016399190359652538
MSI,long,2024-12-17,2025-02-07,35,0.02578863541872467
MSI,long,2025-05-15,2025-06-09,17,-0.005852681459426745
MSI,long,2025-09-26,2025-10-31,26,-0.10756368681106643
MSI,long,2025-11-04,2025-11-26,17,-0.056194133190931805
MSI,long,2026-03-11,2026-04-22,30,-0.04585772054939996
MSI,long,2026-05-01,2026-05-08,6,-0.12536730832012655
MSI,long,2026-05-12,2026-05-21,8,0.020577744947840593
MTB,long,2024-12-10,2024-12-18,7,-0.09955018403399951
MTB,long,2024-12-20,2025-02-06,31,0.08914902717283213
MTB,long,2025-04-07,2025-04-09,3,0.07030949807480402
MTB,long,2025-06-06,2025-06-20,10,0.02862537190701797
MTB,long,2025-09-10,2025-09-17,6,-0.006006053166085157
MTB,long,2025-10-22,2025-11-10,14,0.03604852805242187
MTB,long,2026-01-27,2026-03-18,36,-0.07378369666216034
MTB,long,2026-05-28,2026-06-17,15,0.05731538891767718
MTB,long,2026-08-10,2026-08-24,11,-0.03457776003194235
MTCH,long,2024-12-09,2024-12-16,6,-0.017309483558868966
MTCH,long,2025-02-21,2025-02-26,4,-0.03749633293154053
MTCH,long,2025-03-13,2025-04-04,17,-0.05938280701416365
MTCH,long,2025-04-10,2025-04-11,2,-0.024323412641256703
MTCH,long,2025-05-19,2025-06-03,11,0.04085470656275936
MTCH,long,2025-08-07,2025-08-25,13,-0.0024147860678265243
MTCH,long,2025-09-24,2025-10-07,10,-0.09902753395418551
MTCH,long,2025-10-09,2025-10-24,12,-0.017765769620464167
MTCH,long,2026-01-09,2026-01-27,12,-0.028484013414900478
MTCH,long,2026-02-03,2026-02-04,2,-0.02948633625428132
MTD,long,2024-12-10,2024-12-13,4,-0.003674835568663548
MTD,long,2025-02-20,2025-03-11,14,-0.04586585618567396
MTD,long,2025-03-24,2025-04-04,10,-0.1472219210980562
MTD,long,2025-04-08,2025-04-15,6,0.013980526086324607
MTD,long,2025-09-26,2025-10-03,6,0.08639648130694311
MTD,long,2025-10-15,2025-11-03,14,0.07969056974459732
MTD,long,2025-12-22,2026-01-22,21,0.025383063222365054
MTD,long,2026-01-27,2026-01-30,4,-0.036775691429292934
MTD,long,2026-06-09,2026-06-18,8,0.005233211576285646
MTD,long,2026-08-11,2026-08-24,10,-0.020062625654102106
MU,long,2024-11-29,2024-12-23,17,-0.0863543191633025
MU,long,2024-12-27,2025-01-03,5,0.001856653822542187
MU,long,2025-03-26,2025-04-03,7,-0.2096327259940497
MU,long,2025-04-11,2025-05-14,23,0.3607422659638009
MU,long,2025-07-14,2025-07-22,7,-0.12294228807182794
MU,long,2025-07-24,2025-09-08,32,0.19694081411158648
MU,long,2025-10-21,2025-12-30,49,0.41581569571582966
MU,long,2026-01-20,2026-01-22,3,0.09601656282902238
MU,long,2026-02-19,2026-03-06,12,-0.1203231044312485
MU,long,2026-03-10,2026-03-30,15,-0.1730834520056327
MU,long,2026-04-01,2026-05-06,25,0.9730938683859931
MU,long,2026-07-06,2026-07-16,9,-0.12529090331245296
MU,long,2026-07-20,2026-07-29,8,-0.12951292773426037
MU,long,2026-07-31,2026-08-06,5,0.007785882514348641
NCLH,long,2024-11-21,2025-01-31,47,0.08870967741935498
NCLH,long,2025-03-10,2025-04-03,19,-0.18693918245264196
NCLH,long,2025-04-07,2025-04-11,5,0.040152963671128195
NCLH,long,2025-07-30,2025-07-31,2,0.09184109354976511
NCLH,long,2025-08-19,2025-10-27,49,-0.043531326281529226
NCLH,long,2026-02-18,2026-03-03,10,-0.11742738589211632
NCLH,long,2026-03-05,2026-03-13,7,-0.1061108479393652
NCLH,long,2026-04-20,2026-04-23,4,-0.12243925678894707
NCLH,long,2026-04-27,2026-05-11,11,-0.1042679632631014
NCLH,long,2026-08-13,2026-08-24,8,-0.08985200845665986
NDAQ,long,2025-01-03,2025-03-18,50,-0.02426383782707231
NDAQ,long,2025-04-11,2025-05-05,16,0.11223333107441191
NDAQ,long,2025-05-12,2025-05-13,2,0.029794271875754452
NDAQ,long,2025-05-16,2025-05-27,7,0.02189958266662062
NDAQ,long,2025-06-09,2025-06-17,7,0.007100578376239897
NDAQ,long,2025-06-20,2025-07-30,28,0.11138124118296155
NDAQ,long,2025-08-15,2025-10-22,48,-0.08106007156555783
NDAQ,long,2025-12-22,2026-01-06,10,0.055893501679278534
NDAQ,long,2026-01-28,2026-02-03,5,-0.10954316535162889
NDAQ,long,2026-02-05,2026-02-12,6,-0.10713074859435179
NDAQ,long,2026-02-17,2026-02-27,9,0.10205109176407623
NDAQ,long,2026-03-03,2026-03-18,12,-0.027011276875373746
NDAQ,long,2026-05-13,2026-05-26,9,0.01553243646389868
NDAQ,long,2026-06-09,2026-06-16,6,0.03261413861431017
NDAQ,long,2026-07-09,2026-07-13,3,0.05711577201090168
NDSN,long,2025-04-09,2025-04-10,2,0.0807712776273728
NDSN,long,2025-08-04,2025-08-26,17,0.08172048498044937
NDSN,long,2025-10-22,2026-01-07,53,0.06734640870998088
NDSN,long,2026-03-06,2026-04-22,33,-0.0025296462042614376
NDSN,long,2026-05-20,2026-05-21,2,0.05569871433977225
NEE,long,2024-11-22,2024-11-29,5,0.023749075249009044
NEE,long,2025-02-07,2025-02-20,9,0.01255970788701588
NEE,long,2025-05-14,2025-06-05,16,-0.000443244048153546
NEE,long,2025-06-23,2025-07-03,9,0.03285340690702787
NEE,long,2025-07-14,2025-08-13,23,-0.02822574510910869
NEE,long,2025-08-21,2025-09-08,12,-0.07706696590532414
NEE,long,2025-11-25,2026-01-13,33,-0.030749226347658976
NEE,long,2026-03-24,2026-06-08,53,-0.062113202635014964
NEM,long,2025-03-21,2025-05-13,37,0.04836682872238507
NEM,long,2025-06-23,2025-07-11,14,0.032629268021931335
NEM,long,2025-08-12,2025-08-28,13,0.05953236789836991
NEM,long,2025-09-05,2025-09-10,4,0.047409273941324104
NEM,long,2025-10-02,2025-10-21,14,0.0043048291317133724
NEM,long,2025-10-27,2025-10-31,5,-0.028787352485433404
NEM,long,2025-11-24,2025-12-17,17,0.19462251787462082
NEM,long,2026-01-23,2026-01-29,5,0.043060198012055295
NEM,long,2026-02-02,2026-02-09,6,0.0745883640348095
NEM,long,2026-02-23,2026-03-13,15,-0.10094347837056727
NEM,long,2026-03-17,2026-03-19,3,-0.09973683135712008
NEM,long,2026-03-30,2026-05-07,28,0.11155733508472032
NEM,long,2026-06-17,2026-06-23,4,-0.09774990778310577
NFLX,long,2024-12-30,2025-05-06,87,0.2535838245826687
NFLX,long,2025-05-15,2025-08-22,69,0.046620769945872276
NFLX,long,2025-10-24,2025-11-28,25,-0.03393529036719101
NFLX,long,2025-12-09,2025-12-17,7,-0.020663291662361805
NFLX,long,2026-04-28,2026-06-03,26,-0.10780343657655722
NFLX,long,2026-06-24,2026-07-02,7,0.06632793188684438
NI,long,2025-01-07,2025-01-23,11,0.05707058675996657
NI,long,2025-01-28,2025-01-31,4,0.02528865993350249
NI,long,2025-02-04,2025-02-04,1,-0.005055927790725723
NI,long,2025-04-22,2025-07-07,52,0.04726705411679166
NI,long,2025-07-18,2025-07-21,2,0.03729489649515205
NI,long,2025-07-30,2025-07-30,1,0.0068753283592621894
NI,long,2025-08-05,2025-08-05,1,-0.009923814804809639
NI,long,2025-08-07,2025-08-15,7,0.0026291171292502913
NI,long,2025-09-29,2025-10-15,13,0.023020953882355366
NI,long,2025-12-02,2025-12-22,15,-0.03604648029550128
NI,long,2026-03-19,2026-06-08,56,-0.010354351356397395
NI,long,2026-07-06,2026-08-07,25,-0.10297943454568736
NI,long,2026-08-11,2026-08-13,3,0.007180469123982736
NKE,long,2024-12-06,2024-12-16,7,-0.017561767002990725
NKE,long,2025-02-11,2025-02-18,5,0.09374114392306399
NKE,long,2025-07-25,2025-08-20,19,0.011137695494094713
NKE,long,2025-09-09,2025-09-24,12,-0.0395144921093421
NKE,long,2025-10-08,2025-10-22,11,0.002466844957066394
NKE,long,2026-03-23,2026-03-26,4,-0.005728405428137018
NOC,long,2024-11-21,2024-11-27,5,-0.0058945910927303835
NOC,long,2025-05-15,2025-06-02,12,0.0644191345593852
NOC,long,2025-06-18,2025-07-08,13,0.0017461638477396235
NOC,long,2025-07-22,2025-07-23,2,0.10326217862015641
NOC,long,2025-08-22,2025-09-02,7,-0.009333063261310115
NOC,long,2025-09-17,2025-10-16,22,0.033864932649679824
NOC,long,2025-11-05,2025-11-17,9,-0.024448081247488762
NOC,long,2025-12-05,2025-12-19,11,0.027956701865822886
NOC,long,2026-02-13,2026-02-19,4,0.06015308674190578
NOC,long,2026-03-10,2026-03-30,15,-0.10135945738629826
NOC,long,2026-04-01,2026-04-21,14,-0.10423017723211114
NOC,long,2026-04-24,2026-05-20,19,-0.06039209010521329
NOW,long,2024-11-21,2024-12-04,9,0.09790025220434395
NOW,long,2024-12-24,2025-02-20,38,-0.1105250992168646
NOW,long,2025-02-24,2025-03-10,11,-0.16472539533494945
NOW,long,2025-03-12,2025-03-18,5,0.02671938231572324
NOW,long,2025-04-08,2025-04-16,7,0.08315431679129803
NOW,long,2025-06-06,2025-07-07,20,0.01710888364779861
NOW,long,2025-07-14,2025-07-29,12,0.057968796844372505
NOW,long,2025-10-08,2025-10-08,1,0.011147482969123157
NOW,long,2025-11-07,2025-12-03,18,-0.03012453683031935
NOW,long,2026-01-06,2026-01-08,3,-0.009552845528455256
NOW,long,2026-06-18,2026-06-24,4,-0.01759530791788888
NOW,long,2026-07-10,2026-07-22,9,-0.12293274531422294
NOW,long,2026-07-24,2026-07-27,2,0.14814009136393325
NRG,long,2024-12-04,2024-12-13,8,-0.04167079749836833
NRG,long,2025-01-17,2025-01-31,10,-0.03358490602474784
NRG,long,2025-03-12,2025-05-13,44,0.7754657370459745
NRG,long,2025-06-06,2025-06-06,1,-0.0005767636209826899
NRG,long,2025-07-07,2025-08-08,25,-0.03439311818497326
NRG,long,2025-10-10,2025-10-28,13,0.026805296340604023
NRG,long,2025-11-18,2025-12-09,15,0.021689881291151236
NRG,long,2025-12-26,2025-12-30,3,-0.0008097745498603093
NRG,long,2026-01-09,2026-01-27,12,0.08715943896072331
NRG,long,2026-02-10,2026-02-12,3,0.03904452264109892
NRG,long,2026-04-08,2026-05-11,24,-0.1002189697733582
NRG,long,2026-08-17,2026-08-18,2,-0.08460076045627374
NSC,long,2024-12-24,2025-01-22,18,0.06820211071456717
NSC,long,2025-08-04,2025-10-22,57,0.050136427024454644
NSC,long,2025-12-08,2025-12-16,7,-0.0006458173686315627
NSC,long,2026-01-26,2026-01-30,5,0.013325946180340775
NSC,long,2026-07-06,2026-07-22,13,0.025502784613037788
NTAP,long,2025-03-12,2025-04-03,17,-0.10239764937534102
NTAP,long,2025-04-07,2025-04-21,10,0.07332456980540947
NTAP,long,2025-07-07,2025-08-05,22,-0.04894647496114213
NTAP,long,2025-08-07,2025-08-18,8,0.053904995571758985
NTAP,long,2025-10-21,2025-11-20,23,-0.11941321419078443
NTAP,long,2025-11-24,2025-12-02,6,0.0794966876399823
NTAP,long,2026-04-17,2026-05-06,14,0.07773916097209876
NTAP,long,2026-07-07,2026-08-06,23,0.17432940933463148
NTRS,long,2024-12-24,2025-02-06,29,0.10926999535358872
NTRS,long,2025-02-11,2025-02-18,5,0.02531528612236067
NTRS,long,2025-04-07,2025-04-24,13,0.07429366556258876
NTRS,long,2025-07-14,2025-09-22,50,0.05312691202638331
NTRS,long,2025-10-07,2025-10-13,5,-0.03918010917496706
NTRS,long,2025-10-20,2025-10-20,1,0.03228652217623784
NTRS,long,2025-11-05,2025-11-19,11,-0.011996219295070998
NTRS,long,2026-01-23,2026-01-23,1,-0.029323352323081586
NTRS,long,2026-01-27,2026-01-27,1,0.0020715223032439223
NTRS,long,2026-02-18,2026-03-23,24,-0.06331022225052374
NTRS,long,2026-06-03,2026-07-07,23,0.07328115700170224
NTRS,long,2026-08-05,2026-08-11,5,0.02943917548380015
NUE,long,2024-12-09,2024-12-13,5,-0.1214842580957326
NUE,long,2024-12-18,2024-12-27,7,-0.030583562282462284
NUE,long,2025-04-02,2025-04-04,3,-0.13738926280261765
NUE,long,2025-04-16,2025-04-28,8,0.05512304326062689
NUE,long,2025-05-08,2025-05-08,1,0.002952669877279046
NUE,long,2025-08-14,2025-09-16,23,-0.019953374122290257
NUE,long,2025-10-01,2025-10-15,11,0.00982050504879628
NUE,long,2025-10-21,2025-10-21,1,0.02862151647328992
NUE,long,2025-12-16,2026-01-09,17,0.014247565680330254
NUE,long,2026-01-14,2026-01-30,12,0.04861928707634067
NUE,long,2026-02-06,2026-03-12,24,-0.11168901129341335
NUE,long,2026-03-16,2026-03-26,9,0.015475942309485902
NUE,long,2026-06-11,2026-06-30,13,-0.10855902197699185
NUE,long,2026-07-02,2026-07-27,17,0.1316774723769516
NUE,long,2026-07-31,2026-08-03,2,0.01649548708372217
NVDA,long,2024-11-29,2024-12-09,7,0.025709757760833618
NVDA,long,2024-12-12,2025-01-21,25,0.010910894683586747
NVDA,long,2025-03-19,2025-04-03,12,-0.11808023176783089
NVDA,long,2025-04-11,2025-05-07,18,0.08822153825759349
NVDA,long,2025-07-18,2025-10-01,53,0.08237327015565477
NVDA,long,2025-10-21,2025-10-29,7,0.1335960968678076
NVDA,long,2025-10-31,2025-11-11,8,-0.04795699149727728
NVDA,long,2025-12-15,2025-12-17,3,-0.023311621744691813
NVDA,long,2025-12-19,2025-12-29,6,0.08085444160584743
NVDA,long,2026-01-13,2026-01-14,2,-0.009732847466931371
NVDA,long,2026-03-02,2026-03-05,4,0.03470845883424212
NVDA,long,2026-03-12,2026-03-27,12,-0.09950007381059578
NVDA,long,2026-04-07,2026-05-07,23,0.19061021274485257
NVDA,long,2026-06-18,2026-07-23,24,0.02008306865379894
NVR,long,2024-11-22,2024-12-13,15,-0.04011611205685317
NVR,long,2025-02-24,2025-03-05,8,0.041296442464903826
NVR,long,2025-10-08,2025-10-29,16,-0.06464195017671948
NVR,long,2025-11-17,2025-11-26,8,0.04053691681254801
NVR,long,2026-02-03,2026-02-04,2,0.0398347839831672
NVR,long,2026-08-11,2026-08-24,10,0.0167363817249071
NWS,long,2025-01-03,2025-02-10,25,0.12216003689878385
NWS,long,2025-04-09,2025-05-07,20,0.18591142026131235
NWS,long,2025-06-23,2025-06-30,6,0.052454093623184095
NWS,long,2025-09-05,2025-09-16,8,-0.008097935862109162
NWS,long,2025-10-21,2025-10-27,5,0.0340680431597602
NWS,long,2026-02-25,2026-02-27,3,0.02841776332221424
NWS,long,2026-03-03,2026-03-06,4,0.048845141987935436
NWS,long,2026-05-07,2026-07-10,44,0.02315580549123397
NWSA,long,2025-01-03,2025-02-06,23,0.03787332724038639
NWSA,long,2025-04-16,2025-05-07,15,0.06823360901114084
NWSA,long,2025-06-16,2025-06-17,2,0.012399625474220688
NWSA,long,2025-09-12,2025-09-16,3,0.007113817888629637
NWSA,long,2025-10-21,2025-10-27,5,0.011724661603311093
NWSA,long,2026-05-07,2026-07-10,44,0.04465648854961812
NXPI,long,2024-12-10,2024-12-16,5,-0.02428338126285301
NXPI,long,2025-03-03,2025-03-25,17,-0.014936678332793774
NXPI,long,2025-04-02,2025-04-04,3,-0.1536316111241467
NXPI,long,2025-04-08,2025-04-25,13,0.18531448585083043
NXPI,long,2025-07-10,2025-07-18,7,-0.019616335977667432
NXPI,long,2025-07-29,2025-07-29,1,-0.007658985394680462
NXPI,long,2025-08-04,2025-08-05,2,-0.006907405097239083
NXPI,long,2025-10-27,2025-11-06,9,-0.057994198181016476
NXPI,long,2026-03-02,2026-03-03,2,-0.05180387398873476
NXPI,long,2026-05-28,2026-06-05,7,-0.10108133452616452
NXPI,long,2026-06-10,2026-07-28,33,-0.1257894572948045
NXPI,long,2026-07-30,2026-08-14,12,-0.02601875674329812
O,long,2025-04-28,2025-05-21,18,-0.024299815528744384
O,long,2025-05-27,2025-05-28,2,0.005762665950452384
O,long,2025-06-17,2025-07-17,21,-0.01334027996560827
O,long,2025-08-19,2025-08-21,3,0.029549004562082093
O,long,2025-11-25,2025-12-02,5,0.022702789713996863
O,long,2026-02-10,2026-02-17,5,0.05389121271955055
O,long,2026-03-20,2026-04-08,13,0.006848534372925652
O,long,2026-04-29,2026-05-12,10,-0.011826931678491803
ODFL,long,2024-12-31,2025-01-28,18,0.07169451020147255
ODFL,long,2025-07-25,2025-07-25,1,-0.0041719085968935365
ODFL,long,2025-08-04,2025-08-08,5,0.018399748526031656
ODFL,long,2026-02-12,2026-03-05,15,0.08492341408799553
ODFL,long,2026-03-24,2026-03-31,6,0.04102295303318715
ODFL,long,2026-04-07,2026-04-07,1,-0.016074757616775126
ODFL,long,2026-05-07,2026-05-27,14,0.0938589739987361
ODFL,long,2026-06-12,2026-06-17,4,-0.11866322247336125
ODFL,long,2026-06-22,2026-06-25,4,-0.004162142598624796
ODFL,long,2026-08-11,2026-08-13,3,0.014961185603387328
OKE,long,2024-12-24,2025-02-18,36,-0.012609892063226824
OKE,long,2025-04-30,2025-06-06,27,-0.05816511810709735
OKE,long,2026-01-13,2026-01-26,9,0.06911294386301936
OKE,long,2026-02-03,2026-02-09,5,0.10369085449066895
OKE,long,2026-03-16,2026-03-20,5,0.04510304918677077
OKE,long,2026-04-07,2026-05-14,28,0.04091356106732169
OKE,long,2026-05-22,2026-06-17,18,-0.07600956334123887
OKE,long,2026-07-06,2026-07-09,4,0.01901403201171159
OKE,long,2026-07-14,2026-07-29,12,-0.023755335195057126
OMC,long,2024-12-10,2024-12-16,5,-0.020792939583775483
OMC,long,2025-01-23,2025-01-27,3,0.025658836973348143
OMC,long,2025-06-05,2025-06-18,10,-0.01550526248554207
OMC,long,2026-04-27,2026-05-26,21,-0.01755998742174225
ON,long,2025-01-22,2025-01-23,2,0.011688545225678748
ON,long,2025-02-19,2025-02-21,3,0.040423484119345376
ON,long,2025-03-07,2025-03-13,5,-0.03942570647219734
ON,long,2025-08-04,2025-08-04,1,-0.15575501583949314
ON,long,2025-08-06,2025-09-12,27,0.0215918712955121
ON,long,2025-11-26,2025-12-09,9,0.143241564893396
ON,long,2025-12-30,2026-01-28,20,0.20196223620881093
ON,long,2026-02-19,2026-02-24,4,-0.008915935465609759
ON,long,2026-03-03,2026-03-04,2,-0.05941636582430809
ON,long,2026-05-28,2026-06-10,10,-0.11786372007366508
ON,long,2026-06-12,2026-06-26,10,-0.2182649189375646
ON,long,2026-06-30,2026-07-22,16,0.04245229761770353
ON,long,2026-07-30,2026-08-13,11,0.034237889931524323
ORCL,long,2024-11-21,2024-12-09,12,-0.0015726980474277674
ORCL,long,2024-12-24,2025-01-07,9,-0.042036168351576864
ORCL,long,2025-01-15,2025-01-23,6,0.1929499026477719
ORCL,long,2025-01-29,2025-01-31,3,0.036951265235719344
ORCL,long,2025-04-09,2025-04-29,14,0.13490546691362426
ORCL,long,2025-07-21,2025-07-29,7,0.018455853575501724
ORCL,long,2025-08-14,2025-09-11,20,0.26079123787818026
ORCL,long,2025-11-12,2025-11-20,7,-0.10781279293457569
ORCL,long,2025-11-24,2025-12-05,9,0.0946870880980284
ORCL,long,2025-12-23,2025-12-23,1,-0.015324187927005073
ORCL,long,2026-02-24,2026-03-03,6,0.05449007079528334
ORCL,long,2026-03-19,2026-03-20,2,-0.02105946288839855
ORCL,long,2026-06-15,2026-06-23,6,-0.10302507514783776
ORCL,long,2026-06-25,2026-07-02,6,-0.10956642294309726
ORCL,long,2026-07-07,2026-07-14,6,-0.10694840766820957
ORCL,long,2026-07-20,2026-07-31,10,0.027371252274345448
ORLY,long,2024-12-17,2025-01-21,22,-0.02189373608969869
ORLY,long,2025-02-21,2025-02-28,6,0.046630748248814635
ORLY,long,2025-05-08,2025-06-25,33,-0.043898803044894574
ORLY,long,2025-07-24,2025-07-25,2,0.023475162439740016
ORLY,long,2025-09-15,2025-10-27,31,-0.1089302325581395
ORLY,long,2025-10-29,2025-10-30,2,-0.01194184839044643
ORLY,long,2025-11-06,2025-11-12,5,0.03317884979987329
ORLY,long,2026-05-13,2026-05-18,4,-0.001088850174216116
ORLY,long,2026-05-20,2026-05-20,1,0.0032637075718016106
ORLY,long,2026-05-27,2026-06-03,6,-0.02770668743740934
ORLY,long,2026-06-12,2026-06-24,8,-0.02530521642619321
OTIS,long,2024-12-03,2024-12-23,15,-0.08143414476629984
OTIS,long,2025-04-28,2025-06-13,34,0.035543045310000965
OTIS,long,2025-07-08,2025-07-11,4,-0.002906282048341202
OTIS,long,2025-08-29,2025-09-12,10,0.03257967970061171
OTIS,long,2025-11-18,2025-12-18,22,-0.008175364040959754
OTIS,long,2026-03-10,2026-03-18,7,-0.10323170191147091
OTIS,long,2026-03-20,2026-03-31,8,-0.03926218376398061
OXY,long,2025-03-05,2025-03-11,5,-0.0002939877770256061
OXY,long,2025-03-19,2025-03-24,4,0.005666223655373059
OXY,long,2025-05-01,2025-05-09,7,0.06977923656432328
OXY,long,2025-08-25,2025-08-28,4,0.03665712599417992
OXY,long,2025-10-31,2025-11-03,2,0.0054052870187701885
OXY,long,2026-03-17,2026-06-17,65,-0.06925785000458529
OXY,long,2026-07-16,2026-07-24,7,0.06564999070113431
PANW,long,2024-12-16,2025-01-07,15,-0.10709198209198245
PANW,long,2025-01-16,2025-02-06,15,0.07566450427693883
PANW,long,2025-04-11,2025-05-07,18,0.11808403161585557
PANW,long,2025-06-06,2025-06-11,4,-0.013799401349500529
PANW,long,2025-07-18,2025-07-28,7,0.041878948441002484
PANW,long,2025-08-06,2025-08-27,16,0.1095274705777991
PANW,long,2025-10-28,2025-11-20,18,-0.1598801579735798
PANW,long,2025-11-24,2026-01-05,28,-0.004264625478404005
PANW,long,2026-02-23,2026-03-04,8,0.0663080026899796
PANW,long,2026-07-10,2026-08-11,23,0.1344624752445982
PAYC,long,2025-01-03,2025-02-06,23,0.0178749517894341
PAYC,long,2025-05-06,2025-05-12,5,0.13683565814224852
PAYC,long,2025-05-20,2025-06-18,21,-0.1029929478021745
PAYC,long,2025-06-23,2025-07-09,12,0.0083136437281226
PAYC,long,2025-07-21,2025-08-05,12,-0.028035393048021495
PAYC,long,2025-09-23,2025-10-15,17,-0.09359390536083156
PAYC,long,2025-12-31,2026-01-08,6,-0.016944997849885457
PAYX,long,2024-11-26,2024-12-04,6,-0.008811830827414102
PAYX,long,2024-12-16,2024-12-27,9,0.002057078967534265
PAYX,long,2025-02-24,2025-03-21,20,-0.03696711332863023
PAYX,long,2025-05-12,2025-05-22,9,0.03725833194301109
PAYX,long,2025-05-27,2025-05-28,2,0.005765886566220235
PAYX,long,2025-06-18,2025-07-29,28,-0.026965438584535928
PAYX,long,2025-09-23,2025-10-13,15,-0.022852726941987478
PAYX,long,2026-02-26,2026-02-27,2,0.026526315609987305
PAYX,long,2026-03-04,2026-03-04,1,0.00240697973788917
PAYX,long,2026-05-21,2026-05-26,3,-0.0012641754692028773
PAYX,long,2026-05-28,2026-07-02,25,0.12629064962461478
PAYX,long,2026-07-13,2026-07-27,11,0.07383299468147819
PCAR,long,2024-12-11,2025-01-10,20,-0.049671276469614
PCAR,long,2025-10-14,2025-10-15,2,0.021452206696545684
PCAR,long,2026-01-06,2026-01-29,17,0.09210062564276233
PCAR,long,2026-02-10,2026-03-19,27,-0.11092381921120487
PCAR,long,2026-03-24,2026-05-27,45,-0.014969423753286026
PCAR,long,2026-08-18,2026-08-24,5,-0.0068786303882603095
PCG,long,2024-11-22,2024-11-25,2,-0.001884001906954258
PCG,long,2025-01-07,2025-01-10,3,-0.13544813461945204
PCG,long,2025-01-29,2025-02-20,16,-0.016917275679400823
PCG,long,2025-04-28,2025-06-09,30,-0.14935819190952404
PCG,long,2025-06-12,2025-07-02,14,-0.026056638375011487
PCG,long,2025-10-06,2025-10-29,18,-0.00880491435545594
PCG,long,2025-11-18,2025-12-29,28,-0.020820631698091452
PCG,long,2026-04-21,2026-05-22,24,-0.049567679864598424
PCG,long,2026-08-05,2026-08-12,6,-0.0040114613180511904
PEG,long,2024-11-26,2024-12-09,9,-0.055041824508254455
PEG,long,2024-12-17,2024-12-17,1,-0.006972776366350408
PEG,long,2025-02-07,2025-02-11,3,-0.0019064290802282002
PEG,long,2025-03-12,2025-03-13,2,0.015149532823015788
PEG,long,2025-04-25,2025-06-10,32,-0.02032688036352981
PEG,long,2025-08-07,2025-08-13,5,0.020961866222052983
PEG,long,2025-08-19,2025-10-07,35,-0.03521641600051939
PEG,long,2026-04-08,2026-05-14,27,-0.047298213434866176
PEG,long,2026-05-18,2026-05-22,5,0.04016221489434213
PEG,long,2026-07-17,2026-08-18,23,-0.04941531497548113
PEP,long,2024-11-26,2024-11-27,2,-0.0020240393944972457
PEP,long,2025-05-05,2025-05-22,14,-0.027140239250507125
PEP,long,2025-09-17,2025-10-13,19,0.06327217733560597
PEP,long,2025-10-30,2025-10-31,2,-0.0004789750384976976
PEP,long,2025-12-18,2026-01-08,14,-0.07136197233244967
PEP,long,2026-03-26,2026-04-16,15,0.04382789905444717
PEP,long,2026-05-15,2026-05-15,1,0.0030268052146067426
PEP,long,2026-06-02,2026-06-04,3,0.0044517340841314645
PEP,long,2026-06-25,2026-06-25,1,-0.01932944401490122
PFE,long,2024-11-27,2024-12-03,4,-0.008149014960318612
PFE,long,2025-02-19,2025-03-11,15,0.016823156146122953
PFE,long,2025-03-14,2025-03-19,4,0.02382816283311029
PFE,long,2025-07-01,2025-07-23,16,0.04620463632105043
PFE,long,2025-08-14,2025-08-21,6,0.02305241682720749
PFE,long,2025-08-27,2025-09-08,8,-0.014847526341270512
PFE,long,2025-10-15,2025-11-06,17,0.013458396232332026
PFE,long,2026-01-14,2026-01-20,4,0.014711736272558396
PFE,long,2026-04-17,2026-05-06,14,-0.0253489805125372
PFG,long,2024-11-21,2024-12-17,18,-0.07076120773438632
PFG,long,2025-04-09,2025-05-13,24,0.17452547388643547
PFG,long,2025-05-21,2025-05-27,4,-0.02036516470478411
PFG,long,2025-10-29,2025-11-14,13,0.02761548992377616
PFG,long,2026-01-15,2026-01-27,8,0.011183138896966982
PFG,long,2026-02-11,2026-02-23,8,-0.010145287876741182
PFG,long,2026-02-26,2026-03-06,7,-0.025559736904775976
PFG,long,2026-06-08,2026-08-11,45,0.07422543242729507
PG,long,2025-02-06,2025-02-19,9,-0.014910285538688117
PG,long,2025-04-29,2025-05-22,18,0.01964782593883707
PG,long,2025-07-02,2025-07-11,7,-0.025865298279171278
PG,long,2025-07-31,2025-08-13,10,0.01654892705180444
PG,long,2025-10-06,2025-10-20,11,-0.0020357409673246174
PG,long,2025-10-22,2025-11-03,9,-0.016917834209257854
PG,long,2025-11-07,2025-11-12,4,0.012865178965736357
PG,long,2026-03-10,2026-03-17,6,-0.024094845239745033
PG,long,2026-04-02,2026-04-14,8,0.002012759168631195
PG,long,2026-07-20,2026-07-22,3,-0.005667391240095299
PG,long,2026-08-17,2026-08-24,6,0.014181943964025834
PGR,long,2025-01-28,2025-02-06,8,0.017982261485752105
PGR,long,2025-04-25,2025-06-02,26,0.08880418436883053
PGR,long,2025-06-17,2025-07-02,11,-0.03239126509064105
PGR,long,2025-07-18,2025-07-29,8,-0.02337525970692278
PGR,long,2025-10-23,2025-11-10,13,-0.022907972333569337
PGR,long,2026-01-29,2026-02-06,7,-0.049121039057878235
PH,long,2025-01-14,2025-01-31,13,0.10824625508117491
PH,long,2025-03-28,2025-04-03,5,-0.11107199479366037
PH,long,2025-04-07,2025-04-28,15,0.15439942675522955
PH,long,2025-06-11,2025-06-24,9,0.006438779501175107
PH,long,2025-06-26,2025-06-27,2,0.04013293851952904
PH,long,2025-07-16,2025-08-06,16,-0.016242390943077667
PH,long,2025-09-11,2025-09-23,9,-0.006677372933106773
PH,long,2025-10-02,2025-10-22,15,-0.018312384634028955
PH,long,2025-10-24,2025-10-27,2,0.010414977899233069
PH,long,2025-10-30,2025-11-03,3,-0.004064397255824637
PH,long,2026-01-15,2026-02-05,15,0.033550202121281014
PH,long,2026-02-10,2026-02-20,8,0.04429585450449913
PH,long,2026-03-02,2026-03-02,1,0.002209644394138399
PH,long,2026-03-19,2026-04-13,17,0.08449139576493447
PH,long,2026-04-23,2026-05-12,14,-0.07449256393303794
PHM,long,2024-11-25,2024-12-10,11,-0.03406285623397998
PHM,long,2025-02-25,2025-02-26,2,0.0270403379935249
PHM,long,2025-09-30,2025-10-10,9,-0.09839264391474756
PHM,long,2025-10-14,2025-11-24,30,-0.010042352241420027
PHM,long,2026-01-27,2026-01-30,4,0.00015990889328310054
PHM,long,2026-08-14,2026-08-24,7,-0.007200306396016987
PKG,long,2024-12-26,2025-02-12,32,-0.10545407032412701
PKG,long,2025-02-14,2025-02-18,2,-4.712271307416582e-05
PKG,long,2025-08-04,2025-08-12,7,0.0394441384388311
PKG,long,2025-08-14,2025-08-20,5,-0.013297470726819971
PKG,long,2025-10-24,2025-11-17,17,-0.07779244310497924
PKG,long,2026-01-21,2026-01-22,2,0.0075996800723803215
PKG,long,2026-01-26,2026-01-27,2,-0.007853108316704493
PKG,long,2026-01-30,2026-02-02,2,0.015939249918408338
PKG,long,2026-03-03,2026-03-19,13,-0.11080547272790875
PKG,long,2026-03-23,2026-03-27,5,0.04695900050447466
PKG,long,2026-04-07,2026-04-09,3,0.013242437333389478
PKG,long,2026-07-09,2026-07-27,13,0.1243428673260274
PKG,long,2026-08-17,2026-08-24,6,-0.025833724753405396
PLD,long,2025-03-27,2025-03-31,3,0.005938991236671631
PLD,long,2025-04-07,2025-05-08,23,0.07390813943920649
PLD,long,2025-07-03,2025-07-11,6,0.007940089571870201
PLD,long,2025-09-30,2025-10-09,8,0.0018381975882368895
PLD,long,2025-10-14,2025-10-15,2,0.08907024494414939
PLD,long,2025-11-10,2025-12-22,30,0.02375756882516633
PLD,long,2026-01-12,2026-01-12,1,-0.002627502180790331
PLD,long,2026-01-28,2026-02-05,7,0.05780892463858045
PLD,long,2026-02-10,2026-02-17,5,0.03270693753221088
PLD,long,2026-02-20,2026-02-23,2,0.01222668901279067
PLD,long,2026-05-01,2026-05-08,6,0.014575305663182325
PLD,long,2026-07-02,2026-08-06,25,0.017105263157894512
PLTR,long,2024-11-29,2024-12-04,4,0.05753217259651744
PLTR,long,2024-12-24,2025-01-07,9,-0.13260627091337251
PLTR,long,2025-01-10,2025-03-24,50,0.417997948116664
PLTR,long,2025-04-07,2025-05-02,19,0.6792325361437646
PLTR,long,2025-05-22,2025-07-23,42,0.28238513849726266
PLTR,long,2025-08-20,2025-09-10,15,0.05698890649762278
PLTR,long,2025-09-16,2025-09-19,4,0.06529992406985552
PLTR,long,2025-09-29,2025-10-01,3,0.0415610745058288
PLTR,long,2025-11-17,2025-11-20,4,-0.10496523188322493
PLTR,long,2025-11-24,2026-01-28,44,0.01614465611882432
PLTR,long,2026-02-06,2026-02-09,2,0.09922313668179372
PLTR,long,2026-02-19,2026-03-03,9,0.08745752696114661
PLTR,long,2026-05-13,2026-05-28,11,0.05397058823529366
PLTR,long,2026-06-18,2026-06-18,1,-0.016535252239148757
PLTR,long,2026-06-29,2026-07-01,3,0.11334454972106611
PLTR,long,2026-07-13,2026-07-14,2,0.05465730735862451
PM,long,2025-01-02,2025-01-22,13,0.021105143323318698
PM,long,2025-04-04,2025-08-22,97,0.06770578011067263
PM,long,2025-10-30,2025-10-31,2,-0.016624671044003447
PM,long,2026-03-05,2026-04-01,20,-0.11341328746127399
PM,long,2026-04-06,2026-04-23,14,0.07014544957096636
PM,long,2026-07-06,2026-08-11,27,0.021671147199209928
PNC,long,2024-12-30,2025-02-12,30,0.020292826209273196
PNC,long,2025-02-14,2025-02-26,8,-0.043033154901387705
PNC,long,2025-04-07,2025-04-15,7,0.014957542642666466
PNC,long,2025-07-14,2025-07-18,5,0.00612737250002815
PNC,long,2025-07-25,2025-08-11,12,-0.03884785086300935
PNC,long,2025-08-18,2025-09-26,29,0.06300003288752953
PNC,long,2025-10-22,2025-11-14,18,0.011434233912460456
PNC,long,2026-01-30,2026-03-13,30,-0.10393835294873599
PNC,long,2026-03-20,2026-03-26,5,0.016877016915725296
PNC,long,2026-05-28,2026-06-24,19,0.08659420615696911
PNC,long,2026-08-17,2026-08-24,6,-0.05171809938903382
PNR,long,2024-11-21,2025-02-11,54,-0.04523108314319535
PNR,long,2025-02-26,2025-03-04,5,-0.03931863631308208
PNR,long,2025-06-06,2025-06-16,7,-0.019556779081692066
PNR,long,2025-07-16,2025-07-21,4,0.0032095547151993475
PNR,long,2025-07-25,2025-08-06,9,-0.0029168016445457745
PNR,long,2025-10-17,2025-11-06,15,-0.016546195614469128
PNR,long,2025-11-11,2025-11-21,9,-0.03588187228940909
PNR,long,2025-11-26,2025-12-01,3,-0.00914842001644145
PNR,long,2026-04-08,2026-04-08,1,0.039857524327231664
PNR,long,2026-05-04,2026-05-12,7,-0.04854612834184391
PNW,long,2025-01-08,2025-01-23,10,0.026081898844760643
PNW,long,2025-01-29,2025-01-31,3,0.0054341067997045744
PNW,long,2025-02-04,2025-02-06,3,0.010711874860815263
PNW,long,2025-04-29,2025-07-11,51,-0.02831006391106239
PNW,long,2025-09-02,2025-09-10,7,-0.019471767541172302
PNW,long,2025-09-24,2025-10-06,9,0.04282924744089578
PNW,long,2025-12-12,2026-01-05,15,0.010950898950677468
PNW,long,2026-02-02,2026-02-02,1,-0.01025362617348502
PNW,long,2026-02-10,2026-02-11,2,0.03125337408263906
PNW,long,2026-03-20,2026-04-13,16,0.025582085830639922
PNW,long,2026-04-22,2026-04-24,3,0.01307190530875979
PNW,long,2026-04-29,2026-06-03,25,-0.0276254441708369
PNW,long,2026-07-17,2026-08-13,20,-0.07003553863990353
PODD,long,2024-11-21,2024-12-02,7,-0.0003376097231597708
PODD,long,2025-01-06,2025-02-10,24,0.07149831017649233
PODD,long,2025-02-20,2025-02-21,2,-0.0031020868584319405
PODD,long,2025-02-26,2025-03-10,9,-0.11106944652767359
PODD,long,2025-03-12,2025-05-12,43,0.2906867739963317
PODD,long,2025-06-06,2025-07-17,28,-0.1062870475469796
PODD,long,2025-07-21,2025-08-07,14,0.06797312036027159
PODD,long,2025-10-03,2025-11-13,30,0.06553281445181125
PODD,long,2025-12-24,2026-01-16,16,0.007705779334500784
POOL,long,2024-11-29,2024-12-11,9,-0.003104870736044041
POOL,long,2025-01-22,2025-01-24,3,-0.015145543995230049
POOL,long,2025-02-13,2025-02-18,3,0.023997616267982025
POOL,long,2025-05-01,2025-05-05,3,0.04468847508934948
POOL,long,2025-05-08,2025-05-09,2,0.020724165642421966
POOL,long,2025-10-09,2025-10-31,17,-0.11487465562665022
POOL,long,2025-11-07,2025-12-02,17,-0.00978845450412602
PPG,long,2025-04-04,2025-04-07,2,-0.06789110649605712
PPG,long,2025-07-16,2025-07-17,2,0.015136900604392212
PPG,long,2025-07-25,2025-07-29,3,-0.024256579300415804
PPG,long,2025-08-05,2025-08-18,10,0.06392008873729593
PPG,long,2025-10-27,2025-11-03,6,-0.0825121080637442
PPG,long,2026-01-05,2026-01-16,10,0.05625299772083414
PPG,long,2026-03-05,2026-03-10,4,-0.10067968967807883
PPG,long,2026-03-12,2026-03-25,10,0.02507690723820355
PPG,long,2026-08-12,2026-08-24,9,-0.02522382920110222
PPL,long,2025-01-10,2025-01-21,7,0.04351876452096448
PPL,long,2025-01-30,2025-01-31,2,0.02658105699190827
PPL,long,2025-02-04,2025-02-13,8,0.01774618773531511
PPL,long,2025-04-29,2025-07-10,50,-0.05079468634450557
PPL,long,2025-09-22,2025-10-08,13,0.0448304752047306
PPL,long,2025-12-05,2025-12-16,8,0.002815575883276633
PPL,long,2026-03-09,2026-03-26,14,-0.0189010642765276
PPL,long,2026-04-08,2026-04-08,1,0.007462734963052053
PPL,long,2026-04-22,2026-06-08,33,-0.07484951743535728
PPL,long,2026-07-30,2026-07-31,2,-0.013725490196078494
PPL,long,2026-08-07,2026-08-17,7,0.03841709994223019
PRU,long,2024-12-31,2025-01-02,2,0.0010156139401256148
PRU,long,2025-02-04,2025-02-28,18,-0.02001932813135021
PRU,long,2025-05-08,2025-05-30,16,0.039270108471496146
PRU,long,2025-06-05,2025-06-20,11,0.005299597702874248
PRU,long,2026-01-15,2026-02-04,14,-0.13201937676719677
PRU,long,2026-02-06,2026-02-12,5,0.04337814198234713
PRU,long,2026-03-03,2026-03-05,3,-0.008104014020005268
PRU,long,2026-06-11,2026-06-17,5,0.01749557467308782
PRU,long,2026-07-20,2026-08-24,26,0.03023436706213234
PSA,long,2025-04-29,2025-04-30,2,0.02848246713355085
PSA,long,2025-05-15,2025-05-20,4,0.03229491727344658
PSA,long,2025-06-25,2025-07-16,15,-0.033998687345554335
PSA,long,2025-07-24,2025-07-29,4,0.01018580617599052
PSA,long,2025-10-03,2025-10-07,3,0.015112684838402002
PSA,long,2025-12-04,2025-12-24,15,-0.04772362367902616
PSA,long,2026-03-20,2026-04-10,15,0.06371484699978969
PSA,long,2026-06-23,2026-07-13,14,0.005121478983198591
PSA,long,2026-07-28,2026-08-06,8,0.009196963150422954
PSA,long,2026-08-13,2026-08-24,8,0.004295691946350155
PSKY,long,2025-01-21,2025-01-27,5,0.08666010255861423
PSKY,long,2025-04-09,2025-04-23,10,0.05164318708794968
PSKY,long,2025-05-06,2025-05-14,7,0.04977780379084473
PSKY,long,2025-07-21,2025-07-24,4,0.020785270005039713
PSKY,long,2025-08-01,2025-08-04,2,-0.0206841402182234
PSKY,long,2025-10-15,2025-10-30,12,-0.10584154866747297
PSKY,long,2025-11-03,2025-11-17,11,0.02209221257247518
PSKY,long,2025-11-24,2025-12-05,9,-0.15890502733411938
PSKY,long,2025-12-09,2025-12-09,1,0.004804440012763367
PSKY,long,2026-02-04,2026-02-04,1,-0.00555048170916006
PSKY,long,2026-05-21,2026-05-27,4,0.04837112552501455
PSKY,long,2026-06-11,2026-07-14,22,-0.11117738297290714
PSKY,long,2026-07-27,2026-08-03,6,0.0012180267965893332
PSX,long,2025-01-31,2025-02-19,13,0.07547169149757904
PSX,long,2025-03-25,2025-04-03,8,-0.1525263335442265
PSX,long,2025-04-07,2025-04-24,13,0.0595081481368156
PSX,long,2025-05-07,2025-05-09,3,0.05247178364355887
PSX,long,2025-08-20,2025-09-08,13,0.06581007498126912
PSX,long,2025-11-04,2025-11-25,16,-0.0192098262290179
PSX,long,2025-12-18,2025-12-19,2,-0.0234867459990018
PSX,long,2026-04-16,2026-06-03,34,0.15225954681108078
PSX,long,2026-07-17,2026-07-24,6,0.027071345724369422
PTC,long,2024-12-04,2025-01-29,37,-0.05554445554445542
PTC,long,2025-02-10,2025-03-07,19,-0.03768784759200072
PTC,long,2025-08-07,2025-10-03,41,-0.058921700431134205
PTC,long,2025-10-07,2025-10-23,13,-0.001609756097560755
PTC,long,2026-06-26,2026-07-02,5,0.10661928031985779
PTC,long,2026-07-10,2026-07-27,12,0.011471039663946803
PTC,long,2026-08-14,2026-08-14,1,-0.026902332835141873
PWR,long,2024-11-29,2024-12-19,15,-0.06207481110806912
PWR,long,2024-12-30,2025-02-05,25,-0.07518554940605582
PWR,long,2025-02-07,2025-02-07,1,0.0037289491457064283
PWR,long,2025-03-12,2025-03-13,2,0.017314955782677055
PWR,long,2025-05-22,2025-07-08,31,0.10676045546433599
PWR,long,2025-07-10,2025-09-19,51,0.016905673700721602
PWR,long,2025-11-25,2026-01-28,43,0.08757776123155536
PWR,long,2026-02-12,2026-02-18,4,-0.008874767529928551
PWR,long,2026-03-19,2026-05-07,35,0.3127228159901274
PWR,long,2026-05-20,2026-06-03,10,0.0021564213508917796
PWR,long,2026-07-08,2026-07-28,15,-0.10418855341890065
PWR,long,2026-07-30,2026-07-31,2,0.18929322450725317
PYPL,long,2024-12-04,2024-12-16,9,0.07235143373980302
PYPL,long,2024-12-26,2025-01-03,6,-0.007365450684957864
PYPL,long,2025-01-30,2025-02-04,4,-0.12432404348222226
PYPL,long,2025-02-06,2025-02-11,4,-0.03775243418967167
PYPL,long,2025-02-28,2025-03-13,10,-0.05400818850386535
PYPL,long,2025-06-30,2025-07-02,3,0.03625747198480833
PYPL,long,2025-07-10,2025-08-01,17,-0.10316724515585507
PYPL,long,2025-08-05,2025-08-18,10,0.022349727826287413
PYPL,long,2025-09-17,2025-09-17,1,0.026477148144985252
PYPL,long,2025-10-08,2025-10-08,1,0.020372619048584673
PYPL,long,2025-12-08,2026-01-05,19,-0.04800898940122378
PYPL,long,2026-05-08,2026-05-21,10,-0.041540464123775656
PYPL,long,2026-05-27,2026-06-24,20,-0.03487245730469357
PYPL,long,2026-08-10,2026-08-24,11,0.044184865413915864
Q,long,2026-02-19,2026-03-03,9,0.008195232463343416
Q,long,2026-03-16,2026-05-13,42,0.4857405778469446
Q,long,2026-05-19,2026-06-23,24,0.0821389010103728
Q,long,2026-07-15,2026-07-29,11,-0.12903225806451635
Q,long,2026-07-31,2026-08-07,6,0.05730922463990207
QCOM,long,2025-02-24,2025-04-03,29,-0.1526824109288768
QCOM,long,2025-04-07,2025-04-22,11,0.08849839946616633
QCOM,long,2025-07-11,2025-07-23,9,0.004965724059035059
QCOM,long,2025-07-31,2025-08-04,3,-0.07261413758374236
QCOM,long,2025-08-08,2025-08-18,7,0.08910216186989084
QCOM,long,2025-08-21,2025-08-26,4,0.02399649323355768
QCOM,long,2025-09-05,2025-09-05,1,0.0008139684202630448
QCOM,long,2025-10-28,2025-10-28,1,-0.03543262978103612
QCOM,long,2025-11-28,2026-01-26,39,-0.059527918511458555
QCOM,long,2026-07-10,2026-07-16,5,-0.10726806551200874
QCOM,long,2026-07-20,2026-07-30,9,-0.11747584119222276
QCOM,long,2026-08-03,2026-08-06,4,0.08657950003387294
RCL,long,2024-11-29,2025-02-11,49,0.06475105323313701
RCL,long,2025-04-07,2025-04-25,14,0.1913112232125831
RCL,long,2025-06-06,2025-06-06,1,0.01820185078795089
RCL,long,2025-06-16,2025-06-20,4,0.05544798111748417
RCL,long,2025-07-14,2025-08-08,20,-0.10950942249251105
RCL,long,2025-08-12,2025-10-13,44,0.014195542226498548
RCL,long,2026-03-06,2026-03-13,6,-0.032035788238144125
RCL,long,2026-04-20,2026-04-21,2,-0.04907529714449399
RCL,long,2026-08-14,2026-08-24,7,-0.054472699109332834
REG,long,2025-01-07,2025-01-29,15,0.0035171773710935827
REG,long,2025-02-07,2025-02-10,2,0.009047351218732791
REG,long,2025-03-10,2025-03-11,2,-0.003380218632242471
REG,long,2025-04-25,2025-05-27,22,0.009657082505368786
REG,long,2025-07-01,2025-07-15,10,-0.03664186327508556
REG,long,2025-10-03,2025-10-13,7,-0.005564658421219781
REG,long,2026-03-10,2026-04-08,21,0.004978149017692113
REG,long,2026-04-24,2026-05-05,8,-0.022913055812167626
REG,long,2026-05-14,2026-05-28,10,0.024129334113504042
REG,long,2026-06-02,2026-06-04,3,0.007092233935563019
REG,long,2026-07-02,2026-07-16,10,0.0379236487337784
REGN,long,2025-03-04,2025-03-07,4,0.03305732204299194
REGN,long,2025-05-13,2025-05-19,5,0.03632545012404087
REGN,long,2025-08-28,2025-09-05,6,-0.023136242956776853
REGN,long,2025-09-16,2025-09-16,1,0.004313733819767851
REGN,long,2025-09-25,2025-10-02,6,0.03989739745441945
REGN,long,2025-11-06,2025-11-10,3,0.01637725338894991
REGN,long,2026-01-16,2026-02-18,22,0.06771610713872511
REGN,long,2026-03-05,2026-03-20,12,-0.06937142510826222
REGN,long,2026-05-11,2026-05-11,1,-0.0029655340815519793
REGN,long,2026-05-20,2026-06-08,13,-0.02863213240179907
RF,long,2024-12-30,2025-02-06,26,0.03791070524268414
RF,long,2025-02-10,2025-02-14,5,-0.005317094107176068
RF,long,2025-04-07,2025-04-08,2,-0.01714883816407131
RF,long,2025-08-19,2025-10-21,45,-0.04250729753869509
RF,long,2025-11-04,2025-11-10,5,0.03300328630655769
RF,long,2026-01-15,2026-03-12,39,-0.0915629335093483
RF,long,2026-05-28,2026-06-30,23,0.08538813120171684
RF,long,2026-08-10,2026-08-24,11,-0.025453388482341577
RJF,long,2024-12-11,2025-02-28,53,-0.0356753118930655
RJF,long,2025-03-11,2025-04-16,27,-0.03605952733319928
RJF,long,2025-07-01,2025-07-11,8,0.036174480205152904
RJF,long,2025-08-29,2025-10-20,36,-0.01926800437354481
RJF,long,2025-12-04,2025-12-05,2,0.027331772601647986
RJF,long,2026-02-17,2026-03-18,22,-0.10297449949268866
RJF,long,2026-03-20,2026-03-25,4,0.020858261669105094
RJF,long,2026-06-15,2026-06-17,3,0.028303056751188382
RJF,long,2026-06-26,2026-07-02,5,0.08450577546330029
RJF,long,2026-08-24,2026-08-24,1,0.008447488584474971
RL,long,2024-11-21,2024-12-19,20,0.10046997432837768
RL,long,2025-02-25,2025-02-26,2,0.0005079323111416567
RL,long,2025-03-11,2025-04-08,21,-0.1620395292139324
RL,long,2025-04-10,2025-05-06,18,0.13831166498734015
RL,long,2025-07-08,2025-08-06,22,0.060004838004649175
RL,long,2025-11-14,2025-11-26,9,0.11554533581842064
RL,long,2025-12-04,2025-12-10,5,-0.0012564145996543097
RL,long,2025-12-15,2026-02-18,44,0.023814737078660997
RL,long,2026-05-01,2026-05-11,7,-0.04333041810931304
RL,long,2026-05-18,2026-05-22,5,0.15596215882354691
RL,long,2026-08-17,2026-08-24,6,-0.04653913401213605
RMD,long,2024-11-21,2024-11-21,1,0.008486868074871756
RMD,long,2025-01-03,2025-01-08,4,0.033657239852041165
RMD,long,2025-03-07,2025-03-19,9,-0.01324271837654356
RMD,long,2025-06-16,2025-06-25,7,0.034370821633076476
RMD,long,2025-07-10,2025-07-23,10,0.06793496708429059
RMD,long,2025-09-25,2025-10-14,14,-0.015026196052993379
RMD,long,2025-10-21,2025-10-29,7,-0.06554664245931952
RMD,long,2026-03-30,2026-04-01,3,0.010795103895832048
RMD,long,2026-08-10,2026-08-11,2,0.060866202307499284
ROK,long,2025-01-17,2025-02-12,18,0.07470830891579161
ROK,long,2025-05-01,2025-05-08,6,0.1758720293545164
ROK,long,2025-07-10,2025-08-22,32,0.0360878863266858
ROK,long,2025-09-25,2025-09-26,2,0.0032117782264839967
ROK,long,2025-12-29,2026-02-25,40,0.009973391359161976
ROK,long,2026-06-02,2026-07-01,21,0.05716976392172479
ROK,long,2026-07-15,2026-07-29,11,-0.022095890361818582
ROL,long,2025-01-27,2025-01-31,5,0.023361658986159606
ROL,long,2025-04-25,2025-07-25,63,0.050287979842779995
ROL,long,2025-09-22,2025-09-30,7,0.05818778817085035
ROL,long,2026-01-06,2026-02-02,19,0.07771933139442622
ROL,long,2026-04-02,2026-04-15,9,0.01663855842514894
ROL,long,2026-06-02,2026-06-30,20,-0.09887732148617645
ROL,long,2026-07-02,2026-07-08,4,0.06668252090042825
ROP,long,2025-01-06,2025-01-10,4,-0.023181278349220125
ROP,long,2025-04-11,2025-06-25,51,0.031550163295339884
ROP,long,2025-07-28,2025-08-05,7,-0.04458034161531954
ROP,long,2025-08-13,2025-08-18,4,0.024600618132134544
ROP,long,2025-10-07,2025-10-09,3,0.02185459208251017
ROP,long,2026-05-12,2026-06-26,32,0.02892332994234792
ROST,long,2025-02-07,2025-03-07,20,-0.06247413266366231
ROST,long,2025-03-18,2025-03-27,8,0.03160582743325269
ROST,long,2025-05-21,2025-05-23,3,-0.11008825620030016
ROST,long,2025-06-11,2025-06-26,11,-0.09608789486271474
ROST,long,2025-06-30,2025-07-10,8,0.0231431291520241
ROST,long,2025-09-23,2025-10-29,27,0.09449087238027642
ROST,long,2026-01-06,2026-02-23,33,0.08147629405398815
ROST,long,2026-03-02,2026-03-05,4,0.04468976604128172
ROST,long,2026-04-22,2026-06-04,31,0.03311320165169107
ROST,long,2026-08-13,2026-08-19,5,-0.05462235649546798
RSG,long,2024-12-26,2025-01-14,12,0.016941788186354723
RSG,long,2025-01-21,2025-02-07,14,0.034342472815347636
RSG,long,2025-04-23,2025-08-18,81,-0.039525518223809786
RSG,long,2026-02-05,2026-02-13,7,0.022777286673183017
RSG,long,2026-04-17,2026-04-24,6,0.0006199482706745751
RSG,long,2026-04-30,2026-05-27,19,-0.013009401905975326
RSG,long,2026-07-17,2026-07-22,4,-0.035588615206449514
RSG,long,2026-08-04,2026-08-11,6,0.026047132907165427
RTX,long,2024-12-13,2024-12-20,6,0.0037053446872037377
RTX,long,2024-12-24,2024-12-27,3,0.0006859475052174435
RTX,long,2025-05-12,2025-06-02,15,0.07376040383492843
RTX,long,2025-06-10,2025-06-16,5,0.03887073669068242
RTX,long,2025-06-26,2025-07-11,11,0.03883148938348491
RTX,long,2025-07-21,2025-07-31,9,0.04006604067655162
RTX,long,2025-08-05,2025-08-15,9,-0.016592873712720113
RTX,long,2025-08-21,2025-09-02,8,0.009068258961421272
RTX,long,2025-09-22,2025-10-01,8,0.056622834440089864
RTX,long,2025-12-05,2025-12-22,12,0.08388300743906241
RTX,long,2026-01-07,2026-01-21,10,0.037289925920899636
RTX,long,2026-02-13,2026-04-14,41,0.011651735296826171
RTX,long,2026-04-23,2026-04-30,6,-0.026753609567580328
RTX,long,2026-05-08,2026-05-19,8,-0.012953897043150642
RTX,long,2026-05-26,2026-05-27,2,-0.0023727508151956123
RTX,long,2026-07-30,2026-08-06,6,0.03716607614778078
RVTY,long,2024-12-02,2024-12-05,4,-0.009040861457958349
RVTY,long,2025-02-28,2025-03-11,8,0.02236308288765687
RVTY,long,2025-03-18,2025-04-03,13,-0.11006089544909248
RVTY,long,2025-12-05,2026-01-14,27,0.08746949609379007
RVTY,long,2026-01-27,2026-02-03,6,-0.11830869096417385
RVTY,long,2026-02-05,2026-02-19,10,-0.03775406208548837
RVTY,long,2026-06-17,2026-06-25,6,0.12161627267512132
RVTY,long,2026-07-23,2026-08-06,11,0.033472046318074655
RVTY,long,2026-08-13,2026-08-24,8,0.04343400067865599
SBAC,long,2024-11-21,2024-12-02,7,0.01826984039064472
SBAC,long,2025-04-28,2025-07-29,64,0.035710825112565736
SBAC,long,2025-09-10,2025-09-11,2,0.041625384554325295
SBAC,long,2025-12-04,2025-12-09,4,0.010408946340185299
SBAC,long,2026-01-12,2026-01-14,3,0.05993384248838707
SBAC,long,2026-01-29,2026-02-03,4,-0.0244896139540961
SBAC,long,2026-06-09,2026-06-29,14,-0.10294857422117643
SBAC,long,2026-07-01,2026-07-09,6,0.03411531695414949
SBUX,long,2024-12-20,2024-12-20,1,-0.008900523621861334
SBUX,long,2025-01-10,2025-01-22,8,0.055399616596339296
SBUX,long,2025-03-25,2025-04-04,9,-0.1422900154184379
SBUX,long,2025-04-08,2025-04-28,14,0.048749948412202926
SBUX,long,2025-08-08,2025-09-24,33,-0.06805066115267588
SBUX,long,2025-09-26,2025-09-26,1,-0.0052487534861893614
SBUX,long,2025-12-04,2025-12-30,18,-0.021352268452428103
SBUX,long,2026-01-05,2026-01-20,11,0.11539844478182504
SBUX,long,2026-02-02,2026-02-05,4,0.04480705111645289
SBUX,long,2026-03-25,2026-04-20,18,0.07577725635255095
SBUX,long,2026-05-04,2026-05-05,2,-0.009065205167900547
SBUX,long,2026-05-11,2026-05-19,7,0.019760953071713327
SBUX,long,2026-05-28,2026-06-04,6,-0.07796282863020565
SBUX,long,2026-06-26,2026-07-07,7,0.004362099750313098
SCHW,long,2024-12-20,2025-02-12,35,0.1176309960670876
SCHW,long,2025-04-07,2025-04-28,15,0.16101949481152422
SCHW,long,2025-05-09,2025-05-09,1,0.004399487471182351
SCHW,long,2025-05-15,2025-05-16,2,0.017553884333757264
SCHW,long,2025-05-23,2025-05-28,3,0.008475592640643459
SCHW,long,2025-06-05,2025-07-31,39,0.11716958621927565
SCHW,long,2025-08-05,2025-10-14,50,-0.035495123761132175
SCHW,long,2025-12-11,2025-12-22,8,0.05844913891705361
SCHW,long,2026-02-23,2026-03-20,20,0.006700071578896516
SCHW,long,2026-06-04,2026-06-11,6,0.02436772102612128
SCHW,long,2026-06-16,2026-06-17,2,0.039142438994697715
SHW,long,2025-03-27,2025-04-04,7,-0.03588646384312266
SHW,long,2025-05-16,2025-05-22,5,-0.021405255387884736
SHW,long,2025-06-13,2025-06-30,11,-0.03604725218833038
SHW,long,2025-07-21,2025-08-01,10,0.009821463234254146
SHW,long,2025-10-17,2025-10-30,10,0.049598754774470066
SHW,long,2026-03-16,2026-03-31,12,0.0024078816288746197
SHW,long,2026-08-14,2026-08-24,7,-0.03877355123313664
SJM,long,2024-11-26,2024-11-27,2,0.03854952635568232
SJM,long,2025-02-12,2025-02-26,10,0.05694888281552357
SJM,long,2025-05-07,2025-05-21,11,0.0008746754338728735
SJM,long,2025-05-27,2025-06-04,7,-0.005415440329753163
SJM,long,2025-07-07,2025-07-16,8,0.03382007719940283
SJM,long,2025-09-09,2025-10-13,25,-0.09050993455370204
SJM,long,2025-10-15,2025-10-20,4,0.028705351774086285
SJM,long,2026-07-09,2026-07-27,13,0.07772440253906598
SLB,long,2024-12-24,2024-12-27,3,0.014492748348313711
SLB,long,2025-05-07,2025-05-14,6,0.07236441369233848
SLB,long,2025-10-15,2025-10-16,2,0.010746046665552234
SLB,long,2026-01-14,2026-01-21,5,0.05708053401634139
SLB,long,2026-03-02,2026-03-10,7,-0.06291390034744337
SLB,long,2026-03-16,2026-04-22,27,0.21533982417912934
SLB,long,2026-05-28,2026-06-17,15,-0.10453300586723901
SLB,long,2026-07-01,2026-07-09,6,0.016132501613250083
SLB,long,2026-07-16,2026-07-27,8,0.08370136698212427
SMCI,long,2025-02-07,2025-02-27,14,0.2692080378250592
SMCI,long,2025-04-14,2025-04-21,5,-0.10980392156862728
SMCI,long,2025-04-23,2025-05-15,17,0.43754087638979744
SMCI,long,2025-05-28,2025-06-04,6,0.061582872263651334
SMCI,long,2025-08-08,2025-08-12,3,-0.005142489822155594
SMCI,long,2025-09-03,2025-09-22,14,0.1493379107405588
SMCI,long,2025-10-02,2025-10-02,1,0.002099637335369442
SMCI,long,2025-10-15,2025-10-21,5,0.03219732630389771
SMCI,long,2025-11-13,2025-11-17,3,-0.10050118702189392
SMCI,long,2025-11-19,2025-12-08,13,0.01346704871060167
SMCI,long,2026-03-31,2026-04-24,18,0.3808167141500487
SMCI,long,2026-05-04,2026-05-06,3,0.27943890734588406
SMCI,long,2026-06-18,2026-07-17,20,-0.1295896328293733
SMCI,long,2026-07-21,2026-08-13,18,0.6433067561896761
SNA,long,2024-12-18,2025-02-18,40,-0.017143500357608588
SNA,long,2025-11-13,2025-12-10,19,0.027321564898087125
SNA,long,2025-12-15,2025-12-23,7,0.0033634537875428805
SNA,long,2026-01-07,2026-01-14,6,0.013110467152696037
SNA,long,2026-03-02,2026-03-03,2,-0.0035823323150895314
SNA,long,2026-03-19,2026-04-27,27,0.06207191073998719
SNA,long,2026-05-06,2026-06-04,21,0.0070907265104287465
SNA,long,2026-08-13,2026-08-24,8,-0.02816184902745955
SNDK,long,2025-12-01,2025-12-03,3,-0.12943389466141164
SNDK,long,2025-12-05,2026-01-29,37,1.5282452768271524
SNDK,long,2026-02-23,2026-03-03,7,-0.13009831222979518
SNDK,long,2026-03-05,2026-03-06,2,-0.11973758888925967
SNDK,long,2026-03-10,2026-05-05,40,1.3887350738029332
SNDK,long,2026-05-15,2026-05-20,4,0.007116408238833749
SNDK,long,2026-05-22,2026-05-27,3,0.03092903828197935
SNDK,long,2026-06-01,2026-06-11,9,0.1100484961474475
SNDK,long,2026-06-22,2026-06-24,3,-0.1237166723881451
SNDK,long,2026-06-26,2026-06-26,1,-0.1046209850107066
SNDK,long,2026-06-30,2026-07-02,3,-0.1489423963246015
SNDK,long,2026-07-07,2026-07-10,4,0.09830718343527711
SNDK,long,2026-07-15,2026-07-16,2,-0.19725569170904877
SNDK,long,2026-07-20,2026-07-28,7,-0.1909626371030837
SNDK,long,2026-07-30,2026-08-06,6,0.23889397474135965
SNPS,long,2024-12-05,2024-12-05,1,-0.12365646258503404
SNPS,long,2024-12-26,2025-01-07,8,-0.025071976967370624
SNPS,long,2025-01-16,2025-01-24,6,0.07689426053352788
SNPS,long,2025-03-25,2025-04-04,9,-0.15212879830482562
SNPS,long,2025-04-08,2025-04-16,7,0.0912312943029665
SNPS,long,2025-06-06,2025-07-02,18,0.0848403152218995
SNPS,long,2025-08-26,2025-09-10,11,-0.35045226130653284
SNPS,long,2025-09-12,2025-10-06,17,0.09157726546450595
SNPS,long,2025-10-22,2025-10-27,4,0.013876786336702862
SNPS,long,2026-02-05,2026-04-10,45,-0.0638216621318437
SNPS,long,2026-04-15,2026-04-16,2,0.05336676217765035
SNPS,long,2026-06-25,2026-07-16,15,-0.10109283728148633
SNPS,long,2026-07-20,2026-08-03,11,0.02028495218268178
SO,long,2024-11-22,2024-11-27,4,0.018152939700919468
SO,long,2025-05-05,2025-05-22,14,-0.016064584456721542
SO,long,2025-05-27,2025-05-28,2,-0.01584117290190712
SO,long,2025-06-02,2025-06-05,4,-0.018000098567919176
SO,long,2025-06-09,2025-06-10,2,0.011783396622707887
SO,long,2025-06-20,2025-07-08,12,0.029674028172243627
SO,long,2025-08-07,2025-08-18,8,-0.011552728651969879
SO,long,2025-09-03,2025-10-06,24,0.03692050380048917
SO,long,2025-12-05,2025-12-17,9,-0.0034352472322090044
SO,long,2026-03-16,2026-03-16,1,0.011223319294892065
SO,long,2026-03-24,2026-03-25,2,0.009173305145259603
SO,long,2026-04-21,2026-05-26,25,0.014533619894808059
SO,long,2026-07-17,2026-08-13,20,-0.03414179327692746
SOLV,long,2024-11-21,2024-12-05,10,0.01725398450065785
SOLV,long,2024-12-24,2025-01-08,10,0.03496923307819322
SOLV,long,2025-02-20,2025-02-25,4,0.12949445796161085
SOLV,long,2025-03-10,2025-04-04,20,-0.15051969716412195
SOLV,long,2025-07-24,2025-08-07,11,-0.032930107526881636
SOLV,long,2026-01-23,2026-02-12,15,-0.053700473461251175
SOLV,long,2026-07-02,2026-08-24,37,0.1646458200382892
SPG,long,2024-12-24,2025-01-14,13,0.012778605057610637
SPG,long,2025-01-31,2025-02-10,7,0.027134606240758252
SPG,long,2025-03-07,2025-03-17,7,-0.03212204368468441
SPG,long,2025-04-14,2025-05-09,19,0.10114708938752415
SPG,long,2025-07-03,2025-07-08,3,-0.014411587282035732
SPG,long,2025-10-03,2025-11-28,40,0.0070808401795741105
SPG,long,2026-01-28,2026-01-30,3,0.036573439968580645
SPG,long,2026-03-10,2026-03-13,4,-0.019986387453546972
SPG,long,2026-05-11,2026-05-14,4,0.0033643840560717564
SPG,long,2026-06-23,2026-07-09,12,0.023954886517220553
SPG,long,2026-07-29,2026-08-24,19,-0.06746937051119561
SPGI,long,2025-01-29,2025-02-13,12,0.04202132843194728
SPGI,long,2025-02-26,2025-02-28,3,0.0024791519928006878
SPGI,long,2025-04-14,2025-04-14,1,0.013866685735010043
SPGI,long,2025-04-29,2025-05-09,9,0.0591610331817598
SPGI,long,2025-06-05,2025-06-26,15,0.0021014760740065697
SPGI,long,2025-07-14,2025-07-30,13,0.004287839574907748
SPGI,long,2025-09-12,2025-09-23,8,-0.09824286427438789
SPGI,long,2025-09-25,2025-10-24,22,-0.002628647245341731
SPGI,long,2025-12-31,2026-01-08,6,0.026284360263982398
SPGI,long,2026-01-16,2026-01-23,5,-0.021671058521156583
SPGI,long,2026-03-12,2026-03-18,5,-0.005408371219995267
SPGI,long,2026-05-12,2026-05-28,12,-0.007885973993741913
SPGI,long,2026-06-08,2026-06-16,7,0.02075677108823637
SPGI,long,2026-06-18,2026-07-01,9,0.04952757475187264
SRE,long,2025-01-06,2025-01-10,4,-0.10197321577903606
SRE,long,2025-01-14,2025-02-18,24,0.09981805351290407
SRE,long,2025-02-28,2025-03-07,6,-0.036161321411049774
SRE,long,2025-04-09,2025-05-14,25,0.17372218945141737
SRE,long,2025-05-23,2025-07-18,38,0.02838566774891893
SRE,long,2025-09-11,2025-10-14,24,0.12168524680103143
SRE,long,2025-11-24,2025-12-26,23,-0.03506649769597958
SRE,long,2026-04-21,2026-06-08,34,-0.046905079483582024
SRE,long,2026-07-27,2026-08-07,10,-0.09787050978705114
STE,long,2025-03-27,2025-04-10,11,-0.02662966282045809
STE,long,2025-04-25,2025-05-08,10,-0.00216483094027331
STE,long,2025-05-13,2025-05-16,4,0.0793221671592037
STE,long,2025-05-29,2025-06-03,4,-0.006816306542275052
STE,long,2025-06-26,2025-08-13,34,0.027873812054087566
STE,long,2025-10-06,2025-10-07,2,-0.003876279455083065
STE,long,2025-10-16,2025-11-03,13,0.002365319478636163
STE,long,2026-03-13,2026-03-17,3,0.036637587379558134
STE,long,2026-06-10,2026-06-11,2,-0.026587748966553915
STE,long,2026-08-07,2026-08-24,12,0.026274915868496063
STLD,long,2024-12-03,2024-12-12,8,-0.1236102168074863
STLD,long,2024-12-16,2025-01-17,22,0.03244827834095343
STLD,long,2025-01-24,2025-01-27,2,-0.002941980791483334
STLD,long,2025-04-01,2025-04-04,4,-0.12687881810045576
STLD,long,2025-04-08,2025-04-10,3,0.05808712551946571
STLD,long,2025-04-16,2025-04-25,7,0.07696207468908134
STLD,long,2025-05-08,2025-05-08,1,-0.008186657532728403
STLD,long,2025-06-20,2025-06-27,6,0.008454492505594047
STLD,long,2025-08-14,2025-08-19,4,-0.007892339392126635
STLD,long,2025-08-22,2025-08-28,5,0.04619916180893635
STLD,long,2025-11-03,2026-01-28,59,0.11537816252755873
STLD,long,2026-02-09,2026-02-24,11,-0.05691985951944545
STLD,long,2026-03-06,2026-03-13,6,-0.10201074493627904
STLD,long,2026-03-17,2026-03-18,2,-0.031730529496713955
STLD,long,2026-06-16,2026-06-23,5,-0.10470630299428407
STLD,long,2026-07-02,2026-08-04,23,0.19543650793650857
STT,long,2024-12-09,2024-12-16,6,0.024082847813560404
STT,long,2024-12-26,2025-01-31,24,0.03166129904969717
STT,long,2025-02-05,2025-03-10,23,-0.11770674429715755
STT,long,2025-03-12,2025-03-24,9,0.08329445564732318
STT,long,2025-04-11,2025-04-14,2,0.024177419648031107
STT,long,2025-04-22,2025-04-23,2,0.060647362030604945
STT,long,2025-06-06,2025-06-20,10,0.03254557973482042
STT,long,2025-07-10,2025-07-18,7,-0.008135339714921863
STT,long,2025-08-18,2025-09-29,30,0.05564058064811683
STT,long,2025-10-10,2025-10-10,1,-0.05314344450159214
STT,long,2026-02-17,2026-03-10,16,-0.04235363399469394
STT,long,2026-06-02,2026-07-08,25,0.11585902213717847
STT,long,2026-08-05,2026-08-12,6,0.026345624358905084
STT,long,2026-08-18,2026-08-24,5,-0.010982179859096441
STX,long,2024-11-25,2024-12-16,15,-0.03342660383687812
STX,long,2025-04-07,2025-04-21,10,0.10789745364527259
STX,long,2025-07-08,2025-09-04,42,0.23984089126115493
STX,long,2025-10-21,2025-12-12,38,0.3416045631401248
STX,long,2025-12-24,2025-12-26,2,0.0147486460801185
STX,long,2026-01-09,2026-01-29,14,0.5698316220434483
STX,long,2026-02-19,2026-03-02,8,-0.10520117052299927
STX,long,2026-03-04,2026-03-11,6,0.07927412150318869
STX,long,2026-03-27,2026-04-27,21,0.5730615098114997
STX,long,2026-05-11,2026-05-11,1,0.06563681780845587
STX,long,2026-05-19,2026-07-31,51,0.1564445378584871
STZ,long,2025-02-07,2025-02-14,6,-0.04130393201595095
STZ,long,2025-05-08,2025-06-05,20,-0.10111171857183032
STZ,long,2025-06-17,2025-07-11,17,0.057613235972701515
STZ,long,2025-09-25,2025-09-29,3,0.0230902810731084
STZ,long,2025-12-18,2025-12-30,8,0.002934475227113431
STZ,long,2026-01-29,2026-03-09,27,-0.04951506531291083
STZ,long,2026-03-19,2026-04-10,16,0.0924453136419019
STZ,long,2026-05-07,2026-06-01,17,-0.10532536162781858
STZ,long,2026-06-03,2026-06-11,7,0.046504763807546645
STZ,long,2026-06-24,2026-07-08,10,-0.09094723514309255
STZ,long,2026-08-10,2026-08-13,4,0.00434590453741901
SW,long,2025-01-10,2025-02-19,27,0.07374439850132353
SW,long,2025-03-11,2025-04-08,21,-0.11576754885995788
SW,long,2025-04-10,2025-04-17,6,-0.03116212687965414
SW,long,2025-10-15,2025-10-21,5,0.006630374757736535
SW,long,2025-10-31,2025-11-19,14,-0.054144792775981054
SW,long,2026-03-04,2026-03-12,7,-0.12146014931446403
SW,long,2026-03-16,2026-04-01,13,0.009559825290688329
SW,long,2026-04-07,2026-05-04,20,-0.05335317823334429
SW,long,2026-08-17,2026-08-24,6,-0.011370558375634388
SWK,long,2024-11-21,2024-12-13,16,-0.021736012375229596
SWK,long,2025-03-07,2025-03-28,16,-0.10198566098869755
SWK,long,2025-04-01,2025-04-03,3,-0.1589489476871021
SWK,long,2025-04-07,2025-04-08,2,-0.11164119051433863
SWK,long,2025-04-10,2025-04-16,5,-0.11538458874241797
SWK,long,2025-04-22,2025-04-22,1,0.03565730439143899
SWK,long,2025-10-14,2025-11-06,18,0.046208757248249244
SWK,long,2025-11-17,2025-12-02,11,0.09788958239982759
SWK,long,2026-02-19,2026-03-04,10,-0.11187809306083896
SWK,long,2026-03-06,2026-03-11,4,-0.04326516128939206
SWK,long,2026-03-17,2026-03-26,8,-0.0037986152366061843
SWK,long,2026-07-15,2026-07-17,3,0.03204761359734465
SWK,long,2026-08-18,2026-08-24,5,-0.01084446229541114
SWKS,long,2025-02-13,2025-03-13,20,0.0257917381234658
SWKS,long,2025-07-03,2025-07-03,1,0.007418829828362394
SWKS,long,2025-07-09,2025-07-31,17,-0.1206056662316517
SWKS,long,2025-08-04,2025-08-05,2,-0.0008864186439180299
SWKS,long,2025-10-22,2025-11-12,16,-0.09083774048336712
SWKS,long,2026-01-09,2026-01-15,5,-0.036267750346556604
SWKS,long,2026-06-12,2026-06-23,7,0.009762133919977822
SWKS,long,2026-07-08,2026-08-17,29,0.13336680053547578
SYF,long,2024-12-12,2024-12-16,3,0.000291857964281661
SYF,long,2024-12-20,2025-02-06,31,0.06516426312243384
SYF,long,2025-02-11,2025-03-03,14,-0.1144687997468058
SYF,long,2025-03-05,2025-03-26,16,-0.016218156425552577
SYF,long,2025-04-07,2025-04-10,4,0.06436878163577542
SYF,long,2025-07-03,2025-08-06,24,0.004061694723530573
SYF,long,2025-08-15,2025-09-29,31,0.00672798541527575
SYF,long,2025-12-26,2026-01-20,16,-0.11596551811767108
SYF,long,2026-02-17,2026-02-20,4,0.02787902517992835
SYF,long,2026-06-04,2026-06-26,16,0.1446449516032584
SYF,long,2026-07-02,2026-07-02,1,-0.00573137655837086
SYK,long,2025-01-03,2025-02-12,27,0.07501671711028779
SYK,long,2025-02-26,2025-03-05,6,0.013809950514370284
SYK,long,2025-03-10,2025-03-19,8,-0.0032955315560433407
SYK,long,2025-05-21,2025-05-22,2,-0.028930819048363587
SYK,long,2025-07-15,2025-07-29,11,0.02327187396520025
SYK,long,2025-09-11,2025-09-22,8,-0.012403097421767817
SYK,long,2025-09-29,2025-10-09,9,0.005481127986827206
SYK,long,2026-03-17,2026-04-06,14,-0.046804107699852215
SYK,long,2026-05-07,2026-05-14,6,0.0450861077214888
SYK,long,2026-08-04,2026-08-13,8,-0.00032239155920288365
SYK,long,2026-08-17,2026-08-24,6,-0.033607499778897765
SYY,long,2024-12-16,2024-12-17,2,-0.024137054644738587
SYY,long,2025-01-10,2025-01-28,12,-0.034335240421066504
SYY,long,2025-01-30,2025-01-31,2,0.013904418781885308
SYY,long,2025-02-14,2025-03-03,11,0.053151573320459056
SYY,long,2025-05-08,2025-05-21,10,0.02439372576665555
SYY,long,2025-08-06,2025-09-04,21,0.04113569214163548
SYY,long,2025-09-17,2025-09-18,2,0.004906194567926292
SYY,long,2025-09-23,2025-10-13,15,-0.031819142898054764
SYY,long,2025-12-08,2025-12-11,4,0.015458337613727391
SYY,long,2026-03-24,2026-03-30,5,-0.15073523882630757
SYY,long,2026-04-01,2026-04-24,17,0.08141261789221832
SYY,long,2026-08-03,2026-08-17,11,-0.03977006100422298
T,long,2024-11-21,2024-12-03,8,0.03985975713960266
T,long,2024-12-17,2024-12-27,8,0.0008757076951113607
T,long,2025-01-10,2025-01-31,15,0.08343784238282015
T,long,2025-02-05,2025-02-18,9,0.07505156274789782
T,long,2025-04-11,2025-04-16,4,0.023872742820825854
T,long,2025-04-30,2025-07-02,44,0.03699635061802442
T,long,2025-07-25,2025-08-15,16,0.03402576311622951
T,long,2025-10-13,2025-11-12,23,-0.008504118132320215
T,long,2026-04-17,2026-05-11,17,-0.0579544872226706
T,long,2026-05-20,2026-06-08,13,-0.0992794233764327
T,long,2026-06-10,2026-06-11,2,0.01276978848237631
TAP,long,2025-01-07,2025-02-12,25,-0.04485348647379739
TAP,long,2025-04-28,2025-06-05,28,-0.0869718212520525
TAP,long,2025-06-17,2025-07-01,10,-0.011084303823353903
TAP,long,2025-12-19,2026-01-08,13,-0.009226228401558956
TAP,long,2026-01-26,2026-02-06,10,0.04883480418337682
TAP,long,2026-02-20,2026-02-23,2,0.023164450468230235
TAP,long,2026-03-05,2026-03-09,3,-0.017880481196179465
TAP,long,2026-03-26,2026-03-27,2,0.051611359207017315
TAP,long,2026-06-18,2026-07-02,10,0.01869398207426376
TAP,long,2026-08-10,2026-08-14,5,-0.013834447774959568
TDG,long,2024-11-21,2024-12-20,21,-0.013115633173870322
TDG,long,2024-12-24,2024-12-26,2,0.008228634591716855
TDG,long,2025-03-10,2025-03-21,10,0.003376548534071322
TDG,long,2025-05-05,2025-06-20,33,-0.005405781839432633
TDG,long,2025-08-13,2025-08-21,7,-0.012447691731325317
TDG,long,2025-09-09,2025-09-29,15,-0.0030543441279268224
TDG,long,2025-12-31,2026-01-08,6,0.04631395039690078
TDG,long,2026-01-14,2026-01-15,2,0.037308788839201634
TDG,long,2026-02-05,2026-02-13,7,0.017299314510708985
TDG,long,2026-02-18,2026-02-19,2,0.021518919292533134
TDG,long,2026-03-11,2026-03-27,13,-0.10114246517018721
TDG,long,2026-07-23,2026-07-27,3,0.07664685695153617
TDG,long,2026-07-31,2026-07-31,1,0.0035762574905393585
TDG,long,2026-08-17,2026-08-24,6,-0.04600206858143063
TDY,long,2024-12-18,2025-01-23,23,0.09437810733863095
TDY,long,2025-03-11,2025-03-12,2,0.013234250407047066
TDY,long,2025-04-07,2025-05-28,36,0.13667911216986983
TDY,long,2025-06-05,2025-06-13,7,-0.021360743610848942
TDY,long,2025-09-09,2025-10-09,23,0.05517115138202455
TDY,long,2025-10-20,2025-10-21,2,0.020435385764592917
TDY,long,2025-11-17,2025-11-28,9,-0.0034116074456839174
TDY,long,2026-03-02,2026-03-05,4,-0.038525913962707437
TDY,long,2026-03-17,2026-04-28,30,-0.005838986463463147
TDY,long,2026-05-01,2026-05-07,5,-0.023333591391190178
TDY,long,2026-05-12,2026-05-20,7,-0.029055613519238688
TDY,long,2026-08-20,2026-08-24,3,-0.0361068714058862
TECH,long,2024-11-21,2024-12-05,10,0.07523274483001763
TECH,long,2025-02-19,2025-03-11,15,-0.10445707358271361
TECH,long,2025-03-13,2025-04-04,17,-0.14136293782373688
TECH,long,2025-09-26,2025-10-02,5,0.2299920519012284
TECH,long,2025-10-15,2025-11-18,25,-0.01757300359338132
TECH,long,2025-12-08,2026-01-13,25,0.0758755480270672
TECH,long,2026-02-09,2026-02-12,4,-0.10841563621877981
TECH,long,2026-02-17,2026-02-24,6,-0.03887870252756764
TECH,long,2026-03-18,2026-03-27,8,-0.002154341744254773
TECH,long,2026-06-12,2026-06-12,1,-0.00037021701329253975
TECH,long,2026-08-12,2026-08-24,9,0.004437479629233909
TEL,long,2025-01-06,2025-01-23,12,0.102387688098456
TEL,long,2025-04-03,2025-04-04,2,-0.1425960652754099
TEL,long,2025-04-11,2025-04-22,7,0.04789950349470673
TEL,long,2025-07-01,2025-07-24,17,0.2189483463907791
TEL,long,2025-09-25,2025-10-07,9,0.030200467733735747
TEL,long,2025-10-14,2025-10-23,8,0.06705254406966277
TEL,long,2025-11-28,2026-01-21,36,0.027900162959665797
TEL,long,2026-02-23,2026-02-26,4,0.004515820656733727
TEL,long,2026-03-02,2026-03-03,2,-0.11227458769367038
TEL,long,2026-04-22,2026-04-23,2,-0.10465492533404275
TEL,long,2026-04-27,2026-05-13,13,-0.03265473824296772
TEL,long,2026-05-18,2026-06-08,15,0.00631262390645726
TEL,long,2026-08-20,2026-08-24,3,-0.0018159247173624715
TER,long,2025-02-12,2025-03-11,19,-0.22673268536302704
TER,long,2025-03-13,2025-04-03,16,-0.13430946718177472
TER,long,2025-09-12,2025-09-19,6,0.037123617264522846
TER,long,2025-10-14,2025-11-04,16,0.26248817886875253
TER,long,2025-11-17,2026-01-29,50,0.4829695446068796
TER,long,2026-02-13,2026-03-03,12,-0.02148604706402213
TER,long,2026-03-19,2026-05-20,44,0.147532179057958
TFC,long,2024-12-30,2025-04-03,65,-0.14221973792023246
TFC,long,2025-04-07,2025-04-16,8,0.0347799999618732
TFC,long,2025-09-10,2025-09-25,12,0.009935969908067444
TFC,long,2026-01-14,2026-03-13,41,-0.10903343289744005
TFC,long,2026-06-10,2026-06-30,14,0.007889989025421817
TFC,long,2026-08-11,2026-08-24,10,-0.010537069417611011
TFX,long,2025-03-03,2026-08-24,372,0.06189428704559008
TGT,long,2025-02-24,2025-03-12,13,-0.13671839119867135
TGT,long,2025-03-17,2025-03-19,3,0.0022923449290341846
TGT,long,2025-08-15,2025-08-20,4,-0.05333325747960216
TGT,long,2025-08-28,2025-09-19,16,-0.10034708255534375
TGT,long,2025-12-18,2026-01-16,20,0.12860044596961462
TGT,long,2026-02-20,2026-04-07,32,0.03337359844221077
TGT,long,2026-05-06,2026-06-05,22,-0.039527761112286175
TGT,long,2026-06-17,2026-06-24,5,0.05847078964598995
TGT,long,2026-08-07,2026-08-17,7,0.03460071749946869
TJX,long,2025-01-10,2025-01-14,3,-0.01981097637595275
TJX,long,2025-01-23,2025-02-27,25,0.010551927955181561
TJX,long,2025-05-15,2025-07-09,37,-0.04108542227898915
TJX,long,2025-09-23,2025-09-30,6,0.036797733066685545
TJX,long,2025-10-13,2025-10-20,6,0.021014439824881936
TJX,long,2025-10-27,2025-10-31,5,-0.012472722806365688
TJX,long,2025-11-04,2025-11-14,9,0.04338547619256983
TJX,long,2026-01-02,2026-01-08,5,0.030206377051481992
TJX,long,2026-01-20,2026-03-11,36,0.006013198831951838
TJX,long,2026-05-11,2026-05-27,12,0.02715342630879336
TJX,long,2026-08-10,2026-08-18,7,-0.062184182674709376
TKO,long,2025-04-01,2025-05-07,26,0.11039851737515938
TKO,long,2025-05-19,2025-06-06,14,0.015047695804845995
TKO,long,2025-06-11,2025-06-20,7,0.06541021080031584
TKO,long,2025-08-08,2025-08-12,3,0.1572725699570059
TKO,long,2025-10-10,2025-11-05,19,0.004129377765469844
TKO,long,2025-11-14,2025-12-02,12,0.06570302969100372
TKO,long,2026-01-23,2026-03-02,26,0.12406935605931246
TKO,long,2026-04-28,2026-05-08,9,0.0031686468350595742
TKO,long,2026-05-13,2026-05-15,3,0.03676432216551051
TMO,long,2025-02-26,2025-04-01,25,-0.10410814361024301
TMO,long,2025-04-03,2025-04-04,2,-0.10458836891675782
TMO,long,2025-09-25,2025-10-02,6,0.12170938269320564
TMO,long,2025-10-15,2025-10-20,4,0.034250633545280795
TMO,long,2025-10-31,2025-11-04,3,0.016216598211889144
TMO,long,2025-11-28,2026-01-20,35,0.044206376893039856
TMO,long,2026-01-27,2026-02-04,7,-0.0979860748028537
TMO,long,2026-02-06,2026-02-20,10,-0.057950393818938295
TMO,long,2026-05-13,2026-05-18,4,-0.0376659813225102
TMO,long,2026-06-16,2026-06-18,3,-0.019230769230769162
TMO,long,2026-08-12,2026-08-24,9,0.03923966942148738
TMUS,long,2024-12-16,2025-02-06,35,0.0656635148137088
TMUS,long,2025-04-21,2025-04-25,5,-0.1117004757506116
TMUS,long,2025-04-30,2025-05-08,7,0.024421571850195667
TMUS,long,2025-05-16,2025-06-10,17,-0.009599177965160965
TMUS,long,2025-06-13,2025-06-26,9,0.011893386968385933
TMUS,long,2025-07-25,2025-07-25,1,-0.015959539675259204
TMUS,long,2025-09-16,2025-09-30,11,-0.0015016814512696097
TMUS,long,2025-10-06,2025-10-20,11,-0.0007816754706014839
TMUS,long,2025-10-29,2025-11-10,9,-0.06418476824936059
TMUS,long,2026-04-16,2026-05-14,21,-0.010515868694427666
TMUS,long,2026-05-20,2026-06-01,8,-0.029297802950676854
TPL,long,2024-12-02,2024-12-04,3,-0.13173054166355835
TPL,long,2024-12-06,2024-12-11,4,-0.1036951117581788
TPL,long,2024-12-13,2025-02-25,48,0.07717691110793967
TPL,long,2025-03-14,2025-04-04,16,-0.14012939275095626
TPL,long,2025-04-24,2025-05-30,26,-0.16282400165316557
TPL,long,2025-06-03,2025-06-16,10,-0.0154395067920301
TPL,long,2025-06-20,2025-06-23,2,-0.027543660923587066
TPL,long,2025-12-03,2025-12-04,2,0.0637006379630547
TPL,long,2025-12-17,2025-12-18,2,0.09104522141924876
TPL,long,2026-03-16,2026-03-19,4,0.0026171601211422146
TPL,long,2026-03-27,2026-03-30,2,-0.10513524831036092
TPL,long,2026-04-01,2026-04-09,6,-0.20353591926041503
TPL,long,2026-04-13,2026-05-21,29,-0.03168524964693542
TPL,long,2026-08-06,2026-08-07,2,-0.10796585314758567
TPL,long,2026-08-14,2026-08-20,5,0.06489165514061757
TPR,long,2025-01-08,2025-02-14,26,0.3019595916234421
TPR,long,2025-02-20,2025-03-04,9,-0.08900352415833468
TPR,long,2025-03-10,2025-04-03,19,-0.13120664117759007
TPR,long,2025-04-07,2025-05-06,21,0.16476002183074479
TPR,long,2025-07-03,2025-07-11,6,0.13818215941475742
TPR,long,2025-07-24,2025-08-05,9,0.021251294399130982
TPR,long,2025-09-08,2025-10-06,21,0.1085620279450712
TPR,long,2025-11-14,2025-12-10,18,0.17249609638191288
TPR,long,2026-02-05,2026-03-19,30,0.10208481742464848
TPR,long,2026-04-24,2026-05-07,10,-0.10877427945033802
TPR,long,2026-05-11,2026-05-11,1,-0.0010488362500647996
TPR,long,2026-05-18,2026-05-19,2,0.017862650177294936
TPR,long,2026-07-30,2026-08-24,18,-0.11957897541802731
TRGP,long,2024-12-24,2025-02-10,31,0.15897039547386527
TRGP,long,2025-03-12,2025-04-08,20,-0.1138031540758091
TRGP,long,2025-04-11,2025-04-16,4,0.06310417394101586
TRGP,long,2025-04-23,2025-06-04,30,-0.05449250304636566
TRGP,long,2025-08-20,2025-09-11,16,0.027803664283922114
TRGP,long,2025-09-17,2025-09-19,3,0.009144440061578774
TRGP,long,2026-01-12,2026-02-04,17,0.16170726859699647
TRGP,long,2026-04-07,2026-06-17,51,0.06675971572957695
TRGP,long,2026-07-06,2026-07-08,3,0.07331575893530928
TRGP,long,2026-07-15,2026-08-11,20,-0.05293921714303795
TRMB,long,2025-01-15,2025-02-06,16,0.05324203465623234
TRMB,long,2025-02-20,2025-03-06,11,-0.10480349344978102
TRMB,long,2025-03-10,2025-03-18,7,0.016362583260932206
TRMB,long,2025-04-02,2025-04-04,3,-0.13566840012236148
TRMB,long,2025-04-11,2025-04-16,4,0.004135079255685792
TRMB,long,2025-07-21,2025-07-31,9,0.022549975621647844
TRMB,long,2025-09-08,2025-09-30,17,0.011270745603171095
TRMB,long,2026-01-09,2026-01-20,7,-0.12476418060621319
TRMB,long,2026-01-22,2026-02-09,13,-0.04712414578587676
TRMB,long,2026-05-14,2026-05-26,8,0.02622950819672165
TRMB,long,2026-06-12,2026-06-16,3,0.015600000000000058
TRMB,long,2026-08-14,2026-08-18,3,-0.00955856795272858
TROW,long,2024-12-30,2025-02-27,40,-0.1032245927147426
TROW,long,2025-09-11,2025-10-10,22,-0.03728111334848683
TROW,long,2025-10-24,2025-10-28,3,0.024099997048098176
TROW,long,2025-12-31,2026-01-02,2,0.009552284214409346
TROW,long,2026-02-18,2026-03-04,11,-0.01940098592668793
TROW,long,2026-03-12,2026-03-13,2,-0.008283942029652103
TROW,long,2026-06-05,2026-07-16,28,0.12468538234477577
TROW,long,2026-07-23,2026-07-28,4,0.048875096974398735
TROW,long,2026-08-06,2026-08-24,13,-0.023308401461124117
TRV,long,2024-11-21,2024-11-29,6,0.03441035475627752
TRV,long,2024-12-27,2025-01-16,13,-0.005579941677827827
TRV,long,2025-02-04,2025-02-18,10,-0.02534757656399511
TRV,long,2025-03-14,2025-03-17,2,0.03590696151325479
TRV,long,2025-05-05,2025-07-18,52,-0.001282439358506915
TRV,long,2025-10-03,2025-10-13,7,-0.03449512677608457
TRV,long,2025-10-22,2025-10-30,7,0.006200475220000445
TRV,long,2026-01-29,2026-02-05,6,0.06477804999020909
TRV,long,2026-04-20,2026-04-23,4,0.02167469049700199
TRV,long,2026-07-17,2026-07-20,2,0.09081759516902488
TSCO,long,2024-11-27,2024-12-06,7,0.008101615438583565
TSCO,long,2025-02-03,2025-02-06,4,-0.023914640720023694
TSCO,long,2025-02-12,2025-02-14,3,0.03947601210145946
TSCO,long,2025-05-07,2025-05-12,4,0.03332025379631598
TSCO,long,2025-05-30,2025-06-02,2,-0.022666913125024224
TSCO,long,2025-08-27,2025-10-06,28,-0.11347057747826927
TSCO,long,2025-10-08,2025-10-29,16,0.009867808282255197
TSCO,long,2026-01-02,2026-01-23,15,0.09358126676717626
TSCO,long,2026-02-03,2026-02-04,2,0.04341256356005929
TSLA,long,2025-01-10,2025-02-10,21,-0.11194105433736767
TSLA,long,2025-02-12,2025-02-26,10,-0.11476407914764108
TSLA,long,2025-02-28,2025-03-10,7,-0.21209434296861152
TSLA,long,2025-03-12,2025-03-18,5,-0.022855408101309704
TSLA,long,2025-05-29,2025-05-30,2,-0.02925189128607464
TSLA,long,2025-06-06,2025-07-24,33,0.07235686687741483
TSLA,long,2025-10-02,2025-10-10,7,-0.1000522352326646
TSLA,long,2025-10-21,2025-11-20,23,-0.11666629416891994
TSLA,long,2025-11-24,2025-12-11,13,0.14267815592318844
TSLA,long,2025-12-15,2025-12-16,2,0.06736970542095166
TSLA,long,2025-12-31,2026-02-04,24,-0.10655106397024838
TSLA,long,2026-02-09,2026-02-10,2,0.03429738999294574
TSLA,long,2026-02-12,2026-02-17,3,-0.04118896957526785
TSLA,long,2026-02-20,2026-02-26,5,-0.007602438609700779
TSLA,long,2026-04-07,2026-05-04,20,0.1124936228104989
TSLA,long,2026-07-07,2026-07-14,6,-0.056197441456035335
TSLA,long,2026-07-23,2026-07-23,1,-0.14523675837544447
TSLA,long,2026-07-27,2026-08-04,7,0.04574641408171787
TSN,long,2025-01-10,2025-02-12,23,0.04183196509802212
TSN,long,2025-05-01,2025-05-07,5,-0.09895498168611083
TSN,long,2025-05-09,2025-06-03,17,-0.0008603262397578471
TSN,long,2026-01-21,2026-02-09,14,0.07389167659806328
TSN,long,2026-03-06,2026-03-27,16,0.029970876473055075
TSN,long,2026-04-02,2026-04-23,15,0.014463402443344986
TSN,long,2026-05-15,2026-06-02,12,-0.09852614546481064
TSN,long,2026-06-05,2026-06-08,2,0.001933895921237605
TSN,long,2026-06-17,2026-06-17,1,-0.018169112508735097
TSN,long,2026-07-13,2026-07-30,14,0.04876361749956759
TT,long,2024-11-29,2024-12-12,10,-0.03753882936769137
TT,long,2025-01-30,2025-02-10,8,-0.009780259395606561
TT,long,2025-06-09,2025-08-18,49,-0.0001165729510191893
TT,long,2025-12-19,2025-12-31,8,0.010331748486658299
TT,long,2026-01-08,2026-01-22,10,0.036394627670701896
TT,long,2026-04-07,2026-05-06,22,0.13295723991233022
TT,long,2026-05-11,2026-05-11,1,0.022159293400748403
TT,long,2026-05-27,2026-06-03,6,0.009557256044328666
TTD,long,2025-07-21,2025-08-06,13,0.11681835182645584
TTD,long,2025-09-12,2025-10-15,24,0.12953138815207765
TTD,long,2025-12-08,2025-12-29,15,-0.04144818976279652
TTD,long,2026-06-18,2026-07-17,20,0.0236784140969164
TTWO,long,2024-12-30,2025-02-10,28,0.13989164833985912
TTWO,long,2025-04-09,2025-06-17,48,0.21029299363057286
TTWO,long,2025-06-30,2025-07-02,3,-0.007993704440026561
TTWO,long,2025-07-17,2025-08-18,23,-0.02588698529719724
TTWO,long,2025-08-21,2025-08-25,3,0.013819040538768146
TTWO,long,2025-10-08,2025-10-08,1,-0.009328214971209281
TTWO,long,2025-10-22,2025-11-07,13,-0.10865222068541569
TTWO,long,2025-11-11,2025-12-03,16,0.04652653165854903
TTWO,long,2026-02-06,2026-03-02,16,0.10681018422686872
TTWO,long,2026-06-23,2026-07-07,10,0.0760529281629585
TTWO,long,2026-07-10,2026-07-31,16,-0.01292157659488069
TTWO,long,2026-08-07,2026-08-11,3,0.07755839463156522
TTWO,long,2026-08-21,2026-08-24,2,-0.0276910264418071
TXN,long,2025-01-21,2025-01-23,3,0.04256319097245087
TXN,long,2025-05-12,2025-05-12,1,0.08713057160443904
TXN,long,2025-07-14,2025-07-23,8,-0.1581920750915502
TXN,long,2025-07-25,2025-09-24,43,0.0004204699413796753
TXN,long,2025-10-28,2025-11-04,6,-0.050927388827248454
TXN,long,2026-02-26,2026-03-06,7,-0.09663401194401122
TXN,long,2026-03-25,2026-04-10,12,0.1032727922011687
TXN,long,2026-05-27,2026-06-01,4,-0.09754069964325018
TXN,long,2026-06-03,2026-06-17,11,-0.020251903071745958
TXN,long,2026-06-25,2026-07-22,19,-0.02942822291442382
TXN,long,2026-07-27,2026-08-11,12,0.011087957821627192
TXT,long,2025-07-07,2025-07-10,4,0.036482970909222256
TXT,long,2025-08-19,2025-09-08,14,0.046414587427296095
TXT,long,2025-10-22,2025-12-03,30,0.008190799401771365
TXT,long,2026-01-30,2026-02-20,15,0.147460734582731
TXT,long,2026-03-09,2026-03-17,7,-0.03633118764420207
TXT,long,2026-04-28,2026-05-22,19,0.03786160090878332
TYL,long,2024-12-24,2025-01-24,20,-0.004155450874832045
TYL,long,2025-03-10,2025-03-18,7,-0.02268668900188786
TYL,long,2025-04-08,2025-05-13,25,0.061248901930731625
TYL,long,2025-05-21,2025-05-22,2,-0.011859359490099863
TYL,long,2025-07-24,2025-08-05,9,0.08572651707038625
TYL,long,2025-10-07,2025-10-14,6,0.02025270539870605
TYL,long,2025-10-22,2025-10-24,3,-0.019337176348107832
TYL,long,2026-05-12,2026-05-26,10,-0.015627501841355307
TYL,long,2026-06-05,2026-06-22,11,-0.10670128184325789
TYL,long,2026-06-24,2026-07-02,7,0.1395715411621412
UAL,long,2024-11-21,2025-03-07,71,-0.12416781147627753
UAL,long,2025-03-11,2025-03-13,3,-0.09945890234475652
UAL,long,2025-03-17,2025-04-03,14,-0.18243518392832903
UAL,long,2025-04-07,2025-04-09,3,0.22819490202878434
UAL,long,2025-06-16,2025-06-20,4,0.003648648648648667
UAL,long,2025-06-27,2025-07-03,5,0.06202450032237272
UAL,long,2025-07-10,2025-07-11,2,0.09366425542529289
UAL,long,2025-08-15,2025-08-18,2,0.032580189630824874
UAL,long,2025-09-12,2025-09-26,11,-0.10470007315288965
UAL,long,2025-09-30,2025-11-06,28,-0.029602595296026157
UAL,long,2025-12-26,2026-01-02,5,-0.01567807682257638
UAL,long,2026-01-22,2026-03-05,30,-0.13996034607065577
UAL,long,2026-03-09,2026-03-17,7,0.012164657325947514
UAL,long,2026-07-29,2026-07-31,3,-0.01971398561848592
UAL,long,2026-08-12,2026-08-24,9,-0.10086295621882668
UBER,long,2024-12-04,2024-12-11,6,-0.14157429493475515
UBER,long,2024-12-13,2025-01-03,14,0.051783097215437834
UBER,long,2025-03-21,2025-04-04,11,-0.130867518493611
UBER,long,2025-04-08,2025-05-08,22,0.2538086532602073
UBER,long,2025-05-23,2025-07-09,31,0.09818181818181837
UBER,long,2025-07-21,2025-08-06,13,-0.015123082017882594
UBER,long,2025-08-29,2025-09-22,16,0.03574406002501074
UBER,long,2025-10-13,2025-10-30,14,0.033083511777302066
UBER,long,2025-12-01,2025-12-04,4,0.039410555174777206
UBER,long,2025-12-15,2026-01-02,13,-0.026436376454000987
UBER,long,2026-05-11,2026-05-18,6,-0.00490390987408873
UBER,long,2026-05-22,2026-06-12,15,-0.0646651270207853
UBER,long,2026-06-18,2026-07-13,16,0.04724298406430649
UDR,long,2025-02-03,2025-02-07,5,0.02779104787142961
UDR,long,2025-04-28,2025-05-30,24,0.003147768171837706
UDR,long,2025-06-16,2025-07-07,14,-0.007518791602111552
UDR,long,2025-08-22,2025-08-25,2,0.010114111965290995
UDR,long,2025-09-30,2025-10-10,9,-0.021692501461233027
UDR,long,2026-01-30,2026-01-30,1,0.006502371245767025
UDR,long,2026-03-06,2026-03-18,9,-0.061852858895652174
UDR,long,2026-03-20,2026-03-30,7,-0.04483545913438358
UDR,long,2026-04-10,2026-04-15,4,0.012541440416877547
UDR,long,2026-04-24,2026-04-29,4,0.035806381264243736
UDR,long,2026-07-07,2026-08-10,25,-0.07726853584135984
UHS,long,2025-03-14,2025-03-18,3,0.075309391786609
UHS,long,2025-05-28,2025-06-10,10,-0.10169612313592225
UHS,long,2025-06-12,2025-06-26,10,0.0298333949266536
UHS,long,2025-07-21,2025-08-04,11,-0.02521619049374102
UHS,long,2025-10-21,2025-11-13,18,0.09809881639395579
UHS,long,2025-11-19,2025-12-19,22,-0.005213761183751386
UHS,long,2026-01-09,2026-02-03,17,-0.019702579464452863
UHS,long,2026-02-10,2026-02-12,3,0.09913595481986759
UHS,long,2026-06-04,2026-06-08,3,-0.01995405644493886
ULTA,long,2024-11-26,2024-12-04,6,0.10246794429891115
ULTA,long,2025-02-19,2025-03-07,13,-0.03612203389830482
ULTA,long,2025-05-19,2025-05-20,2,0.003414126250030236
ULTA,long,2025-05-30,2025-06-02,2,0.12775314730078957
ULTA,long,2025-06-09,2025-06-11,3,-0.018619534404260785
ULTA,long,2025-06-17,2025-06-20,3,0.004047124634487309
ULTA,long,2025-07-14,2025-07-18,5,0.034518916198305716
ULTA,long,2025-07-31,2025-08-27,20,0.03165645594573174
ULTA,long,2025-09-22,2025-09-25,4,0.03453698199321131
ULTA,long,2025-10-31,2025-11-24,17,0.009673115410273825
ULTA,long,2025-11-26,2025-12-03,5,0.04510383478561297
ULTA,long,2025-12-08,2025-12-08,1,-0.020282626766417344
ULTA,long,2026-02-11,2026-03-13,22,-0.21134142032740522
ULTA,long,2026-03-17,2026-03-26,8,0.009482525060959146
ULTA,long,2026-06-12,2026-06-25,9,0.01910079341757287
UNH,long,2024-12-19,2024-12-30,7,0.016169039879247782
UNH,long,2025-03-21,2025-04-02,9,0.023274055372396907
UNH,long,2025-08-14,2025-08-15,2,0.11846503649323448
UNH,long,2025-10-28,2025-11-05,7,-0.1044866749523542
UNH,long,2025-11-07,2025-12-04,19,0.03710032643664696
UNH,long,2025-12-15,2025-12-18,4,-0.040077137878947955
UNH,long,2026-05-21,2026-07-27,45,0.09581355090845567
UNH,long,2026-08-21,2026-08-24,2,0.03614395218916466
UNP,long,2025-02-20,2025-02-25,4,-0.004735708663718974
UNP,long,2025-04-17,2025-04-22,3,0.0013850286558469982
UNP,long,2025-05-02,2025-05-05,2,0.011444333988188893
UNP,long,2025-05-07,2025-05-09,3,0.014634261694601136
UNP,long,2025-07-28,2025-08-05,7,-0.007875759674972893
UNP,long,2025-08-29,2025-09-03,3,0.0035750802733780507
UNP,long,2026-01-23,2026-02-06,11,0.09184424813018777
UNP,long,2026-04-23,2026-04-24,2,0.07738577933034474
UNP,long,2026-05-07,2026-05-14,6,0.004138153404132039
UNP,long,2026-07-08,2026-07-22,11,0.03334275218988414
UPS,long,2024-12-18,2024-12-20,3,-0.012880885245316498
UPS,long,2025-02-07,2025-03-03,16,0.06607021296327331
UPS,long,2025-08-05,2025-08-19,11,0.05220106693550952
UPS,long,2025-12-03,2025-12-15,9,0.04697631912365341
UPS,long,2025-12-24,2026-01-02,6,0.008284200535834563
UPS,long,2026-01-26,2026-01-27,2,-0.007223590121865242
UPS,long,2026-02-27,2026-03-05,5,-0.10769096950341095
UPS,long,2026-03-09,2026-03-18,8,-0.05392742030548825
UPS,long,2026-08-12,2026-08-24,9,-0.000691694125269815
URI,long,2024-11-27,2024-12-12,11,-0.099155911934241
URI,long,2024-12-16,2025-01-02,12,-0.11426255033228172
URI,long,2025-01-06,2025-01-15,7,0.0664164119462054
URI,long,2025-04-07,2025-04-10,4,0.02722423311893052
URI,long,2025-05-23,2025-05-23,1,-0.005059303948419025
URI,long,2025-05-29,2025-06-25,19,0.03375737082100305
URI,long,2025-07-25,2025-07-25,1,0.016852289722648406
URI,long,2025-09-12,2025-10-20,27,0.04241391882303147
URI,long,2025-11-11,2025-11-20,8,-0.09702957132439582
URI,long,2026-03-19,2026-04-07,13,0.010257901752121823
URI,long,2026-05-27,2026-06-01,4,0.03624398862660816
URI,long,2026-07-02,2026-07-22,14,-0.06898964611988989
URI,long,2026-07-31,2026-08-07,6,0.08815949767770448
URI,long,2026-08-12,2026-08-13,2,-0.018429950421331
URI,long,2026-08-20,2026-08-24,3,-0.0299720690396047
USB,long,2024-12-23,2025-01-16,16,0.012790698378767784
USB,long,2025-01-21,2025-02-28,28,-0.030190175267843955
USB,long,2025-07-11,2025-08-06,19,-0.06579780650005695
USB,long,2025-08-19,2025-08-26,6,0.05335063502297688
USB,long,2025-10-20,2025-11-19,23,0.024294160232883444
USB,long,2026-01-15,2026-03-16,41,-0.04373834848015068
USB,long,2026-05-29,2026-06-29,21,0.12543615280147646
USB,long,2026-08-17,2026-08-24,6,-0.04585753592173658
V,long,2024-12-20,2025-02-06,31,0.10353150455143756
V,long,2025-02-26,2025-03-18,15,-0.04919196323705177
V,long,2025-04-11,2025-05-28,32,0.11003186462341308
V,long,2025-06-12,2025-07-02,14,-0.05113711855310965
V,long,2025-07-17,2025-08-15,22,-0.01378642192744095
V,long,2025-09-18,2025-09-25,6,-0.03255354542898159
V,long,2025-11-04,2025-11-10,5,-0.006084876446247556
V,long,2025-12-10,2025-12-11,2,0.058591108852127816
V,long,2026-03-06,2026-03-12,5,-0.04158845205065753
V,long,2026-06-26,2026-07-06,6,0.0808726153514121
V,long,2026-07-10,2026-07-16,5,0.04865014637279019
V,long,2026-07-23,2026-07-28,4,0.03726433156516684
VEEV,long,2026-06-11,2026-06-12,2,-0.025769418661455767
VEEV,long,2026-07-23,2026-07-23,1,-0.0269303711731238
VICI,long,2025-04-28,2025-07-11,52,0.05131230079354321
VICI,long,2025-08-20,2025-08-26,5,0.030181692799035043
VICI,long,2025-09-04,2025-09-05,2,0.005987887848312612
VICI,long,2026-03-06,2026-03-18,9,-0.05355338729920278
VICI,long,2026-03-23,2026-03-31,7,0.01826316453686183
VICI,long,2026-04-08,2026-04-14,5,0.01904422291710106
VICI,long,2026-05-06,2026-05-14,7,-0.013795581986772998
VICI,long,2026-06-26,2026-07-09,9,-0.022615906520919715
VLO,long,2025-02-10,2025-02-18,6,0.03839792555487653
VLO,long,2025-03-07,2025-03-10,2,0.006349186677015117
VLO,long,2025-04-07,2025-04-10,4,0.04126470657950865
VLO,long,2025-08-05,2025-09-08,24,0.16528438137991208
VLO,long,2025-10-21,2025-11-26,27,0.09614886939995793
VLO,long,2025-12-02,2025-12-16,11,-0.09814989292687848
VLO,long,2026-01-02,2026-01-07,4,0.12943059889702613
VLO,long,2026-04-24,2026-06-24,42,0.04170477855706678
VLTO,long,2025-02-07,2025-02-21,10,-0.002945973595552376
VLTO,long,2025-07-18,2025-07-29,8,0.01990682290714596
VLTO,long,2025-09-17,2025-10-01,11,-0.0036501027128070795
VLTO,long,2025-10-03,2025-10-14,8,-0.041987580194382756
VLTO,long,2025-10-16,2025-10-23,6,0.029449293421815792
VLTO,long,2026-02-10,2026-02-12,3,-0.007659904897197256
VLTO,long,2026-03-11,2026-03-18,6,-0.019610044607868415
VLTO,long,2026-04-22,2026-04-30,7,-0.016503160316255094
VLTO,long,2026-05-07,2026-05-19,9,-0.004719078302533486
VLTO,long,2026-06-04,2026-06-08,3,0.00283457272704557
VMC,long,2024-12-30,2025-01-30,21,0.05336173595479443
VMC,long,2025-05-29,2025-07-11,30,0.024644788777925974
VMC,long,2025-07-17,2025-07-29,9,0.05103232667534896
VMC,long,2025-10-10,2025-11-24,32,-0.05024544817449761
VMC,long,2026-01-27,2026-01-28,2,-0.0022303648826326183
VMC,long,2026-02-20,2026-02-25,4,0.00884912021387474
VMC,long,2026-03-19,2026-03-20,2,0.002094202437596504
VMC,long,2026-08-17,2026-08-24,6,-0.021489361702127563
VMRK,long,2025-02-03,2025-02-10,6,0.0039644710801165495
VMRK,long,2025-04-28,2025-05-02,5,0.04654900739915968
VMRK,long,2025-05-09,2025-05-30,15,0.006601652572030936
VMRK,long,2025-06-12,2025-07-14,21,-0.022681494551555548
VMRK,long,2025-10-06,2025-10-07,2,-0.0131120955042352
VMRK,long,2026-03-09,2026-03-18,8,-0.0457589325747253
VMRK,long,2026-03-23,2026-03-27,5,0.013280427690669505
VMRK,long,2026-07-02,2026-07-30,20,-0.022002039924231553
VRSK,long,2024-12-26,2025-01-06,7,-0.019924648796462496
VRSK,long,2025-01-16,2025-01-30,10,0.05211636515255336
VRSK,long,2025-05-15,2025-05-22,6,0.043383090678172254
VRSK,long,2025-05-27,2025-05-29,3,0.0017529189443428184
VRSK,long,2025-06-03,2025-06-05,3,0.011356814609988275
VRSK,long,2025-06-17,2025-07-02,11,-0.02669085445362751
VRSK,long,2025-07-17,2025-08-01,12,-0.09814909785816761
VRSK,long,2025-08-05,2025-08-19,11,0.01123138261211265
VRSK,long,2026-01-29,2026-01-29,1,-0.011140123666552926
VRSK,long,2026-02-11,2026-02-12,2,0.0562341427580646
VRSK,long,2026-03-13,2026-03-23,7,0.011693905984291098
VRSK,long,2026-05-08,2026-05-14,5,-0.10218105490245999
VRSK,long,2026-05-18,2026-05-21,4,0.05567529754891498
VRSK,long,2026-08-12,2026-08-14,3,0.003868044427253192
VRSN,long,2025-02-19,2025-04-04,33,0.0390172501572279
VRSN,long,2025-04-21,2025-07-24,66,0.16532913101589264
VRSN,long,2025-08-07,2025-08-15,7,-0.012187958911279884
VRSN,long,2025-08-25,2025-09-03,7,0.01691700912405003
VRSN,long,2025-10-13,2025-10-21,7,0.021623996885215213
VRSN,long,2025-11-07,2025-11-11,3,0.037896440437141354
VRSN,long,2026-01-28,2026-02-04,6,-0.0346913528431988
VRSN,long,2026-02-06,2026-02-09,2,-0.09376801230516463
VRSN,long,2026-05-14,2026-06-17,24,-0.10000435441207256
VRSN,long,2026-06-22,2026-07-27,25,0.03846733687195569
VRT,long,2026-04-07,2026-06-04,42,0.25196144499170847
VRT,long,2026-07-06,2026-07-07,2,0.016803646890493518
VRT,long,2026-07-31,2026-08-03,2,0.15626373626373646
VRTX,long,2025-01-06,2025-01-07,2,0.0029721696838693745
VRTX,long,2025-04-11,2025-05-09,20,-0.10620622936339441
VRTX,long,2025-05-13,2025-06-10,20,0.0276532307622277
VRTX,long,2025-08-13,2025-08-26,10,-0.0015215204889498235
VRTX,long,2025-09-24,2025-09-26,3,0.01584061940377146
VRTX,long,2025-11-04,2025-11-24,15,-0.0046948356807512415
VRTX,long,2025-12-11,2026-02-09,40,0.05899154372076265
VRTX,long,2026-02-20,2026-02-23,2,0.02501758049736824
VRTX,long,2026-03-02,2026-03-03,2,-0.04540788599722245
VRTX,long,2026-04-16,2026-05-06,15,-0.03180892008150338
VRTX,long,2026-07-28,2026-08-10,10,0.0937578288100207
VST,long,2024-11-27,2024-12-10,9,-0.12996430818929883
VST,long,2024-12-12,2024-12-31,13,-0.054158013181771936
VST,long,2025-01-23,2025-01-27,3,-0.26640262606048637
VST,long,2025-01-29,2025-01-31,3,0.12289501297074068
VST,long,2025-03-12,2025-04-04,18,-0.14096638871058953
VST,long,2025-04-15,2025-04-28,9,0.15023510618296432
VST,long,2025-05-30,2025-05-30,1,0.005259007605390442
VST,long,2025-06-03,2025-06-04,2,0.03116977577695912
VST,long,2025-06-06,2025-06-16,7,0.03704578342606468
VST,long,2025-07-18,2025-09-17,43,0.14456039504606144
VST,long,2025-10-14,2025-10-14,1,-0.019279433884036856
VST,long,2025-10-22,2025-10-28,5,0.021820660465955655
VST,long,2025-11-25,2025-12-05,8,-0.04550653263127802
VST,long,2026-01-21,2026-01-22,2,0.02263882121073757
VST,long,2026-04-08,2026-05-12,25,-0.04431275468743445
VST,long,2026-07-31,2026-07-31,1,-0.002893284887632963
VTR,long,2024-11-21,2024-11-27,5,0.006707208488375249
VTR,long,2024-12-17,2024-12-18,2,-0.013113597454451842
VTR,long,2025-01-08,2025-01-13,3,0.01629579039320439
VTR,long,2025-04-21,2025-06-05,33,-0.06815838221638171
VTR,long,2025-06-26,2025-06-26,1,-0.002834138704336353
VTR,long,2025-07-01,2025-07-02,2,-0.0034837653067621988
VTR,long,2025-09-18,2025-10-07,14,0.029565117797159646
VTR,long,2026-01-05,2026-02-13,29,0.10228884970395313
VTR,long,2026-04-08,2026-04-16,7,0.02235778659168286
VTR,long,2026-04-22,2026-05-12,15,0.07818772251572814
VTR,long,2026-07-08,2026-07-27,14,0.06420750504943129
VTRS,long,2025-01-08,2025-02-07,21,-0.10583334662867949
VTRS,long,2025-02-18,2025-02-18,1,0.0055554631575980284
VTRS,long,2025-03-04,2025-03-19,12,0.022359584252561238
VTRS,long,2025-06-26,2025-07-18,16,-0.0011250708690988542
VTRS,long,2025-10-10,2025-11-04,18,0.050049974310623524
VTRS,long,2026-01-20,2026-02-03,11,0.06376368984690406
VTRS,long,2026-02-24,2026-03-06,9,-0.11222567591780197
VTRS,long,2026-03-10,2026-05-04,39,0.06891699710361254
VTRS,long,2026-07-02,2026-07-31,21,0.08529054326730012
VZ,long,2024-11-26,2024-11-27,2,0.009095087886853648
VZ,long,2025-02-07,2025-02-21,10,0.07060580369717862
VZ,long,2025-05-05,2025-05-20,12,0.010973880659060464
VZ,long,2025-05-27,2025-06-05,8,-0.000461707392182209
VZ,long,2025-06-09,2025-07-03,18,-0.005707785190986248
VZ,long,2025-07-25,2025-07-29,3,-0.00858875578313234
VZ,long,2025-08-13,2025-08-14,2,0.005780346535257719
VZ,long,2025-09-24,2025-09-26,3,0.00599782148761574
VZ,long,2025-10-06,2025-10-23,14,-0.10556236338057745
VZ,long,2025-11-05,2025-11-12,6,0.03763992792078619
VZ,long,2026-01-23,2026-01-30,6,0.1276595499891573
VZ,long,2026-04-13,2026-06-03,37,0.013249397179323052
VZ,long,2026-07-09,2026-07-27,13,0.13371233793597792
WAB,long,2024-11-21,2025-01-27,43,0.050918070000175675
WAB,long,2025-03-04,2025-04-04,24,-0.11395544945836977
WAB,long,2025-04-08,2025-04-10,3,0.044913939964824845
WAB,long,2025-05-21,2025-09-02,71,-0.05684872293135357
WAB,long,2025-12-12,2025-12-23,8,0.008173741813528812
WAB,long,2025-12-30,2026-02-02,23,0.07611890972616742
WAB,long,2026-03-19,2026-03-23,3,0.016358981710109965
WAB,long,2026-04-20,2026-06-03,32,-0.0010265288544225593
WAT,long,2025-01-27,2025-01-31,5,0.010162898127887177
WAT,long,2025-03-19,2025-04-04,13,-0.14975794844956125
WAT,long,2025-04-08,2025-04-11,4,-0.0017802332719458747
WAT,long,2025-10-30,2026-02-19,76,-0.04311875855242231
WAT,long,2026-06-09,2026-07-01,16,0.040705675125226826
WAT,long,2026-07-23,2026-08-10,13,0.11043093684267369
WAT,long,2026-08-12,2026-08-24,9,-0.010240963855421281
WBA-202508,long,2024-12-18,2025-01-08,14,-0.07522567703109295
WBA-202508,long,2025-02-18,2025-02-19,2,0.1123711340206186
WBA-202508,long,2025-04-07,2025-04-09,3,0.009363295880149947
WBA-202508,long,2025-05-01,2025-05-15,11,0.019143117593436232
WBA-202508,long,2025-06-04,2025-06-04,1,0.0017809439002671734
WBA-202508,long,2025-07-03,2025-07-11,6,0.0026109660574415994
WBA-202508,long,2025-07-29,2025-08-06,7,0.017196904557179593
WBA-202508,long,2025-08-29,2025-09-05,5,0.0
WBA-202508,long,2025-09-19,2025-10-31,31,0.0
WBA-202508,long,2025-11-07,2025-11-10,2,0.0
WBD,long,2025-01-08,2025-01-16,6,-0.09895337773549007
WBD,long,2025-01-21,2025-02-21,23,0.13235294117647034
WBD,long,2025-04-09,2025-05-28,34,0.30299089726918105
WBD,long,2025-08-06,2025-08-08,3,-0.14229559748427678
WBD,long,2025-08-12,2025-08-22,9,0.11781076066790308
WBD,long,2025-09-08,2025-09-12,5,0.5582163501238653
WBD,long,2025-11-05,2025-12-09,24,0.25044247787610674
WBD,long,2026-01-06,2026-03-10,44,-0.02698913424465521
WBD,long,2026-04-24,2026-05-12,13,0.01115241635687747
WBD,long,2026-05-28,2026-05-28,1,-0.003684598378776771
WDAY,long,2025-02-03,2025-02-06,4,0.060138899488666464
WDAY,long,2025-03-04,2025-03-18,11,-0.010448992418588654
WDAY,long,2025-04-01,2025-04-08,6,-0.09874534321072259
WDAY,long,2025-04-10,2025-05-05,17,0.07311381903033465
WDAY,long,2025-06-06,2025-07-07,20,-0.03554578168732503
WDAY,long,2025-07-18,2025-07-23,4,0.043917016761227945
WDAY,long,2025-10-07,2025-10-16,8,-0.045141802315824986
WDAY,long,2025-11-07,2025-11-11,3,0.011046770601336409
WDAY,long,2025-12-08,2025-12-12,5,0.020594653573376975
WDAY,long,2025-12-17,2025-12-17,1,-0.0005090000462727451
WDAY,long,2025-12-31,2026-01-08,6,-0.03291384317521784
WDAY,long,2026-01-15,2026-01-16,2,-0.03675447187999381
WDAY,long,2026-02-27,2026-02-27,1,-0.038458773632377374
WDAY,long,2026-06-10,2026-06-17,6,-0.13121300720245288
WDAY,long,2026-06-22,2026-07-02,9,0.1579577525014968
WDAY,long,2026-07-23,2026-07-27,3,0.11418214771182589
WDC,long,2024-12-04,2024-12-10,5,-0.04003354212660559
WDC,long,2025-07-03,2025-09-10,48,0.44619373341233426
WDC,long,2025-10-16,2025-12-30,52,0.4629818805853183
WDC,long,2026-01-06,2026-02-03,20,0.5448155806840036
WDC,long,2026-02-19,2026-03-03,9,-0.15494330261926414
WDC,long,2026-03-05,2026-06-12,70,1.1559177486309244
WDC,long,2026-06-25,2026-07-02,6,-0.16282248419613898
WEC,long,2025-01-08,2025-01-10,2,0.0023607135734313722
WEC,long,2025-02-07,2025-02-10,2,0.004266264409456877
WEC,long,2025-04-29,2025-05-28,21,-0.02141716471904509
WEC,long,2025-06-02,2025-06-05,4,-0.024664941511695848
WEC,long,2025-06-09,2025-07-09,21,-0.013068187372033413
WEC,long,2025-09-24,2025-10-14,15,0.04232276779410271
WEC,long,2025-11-25,2025-12-18,17,-0.05197257834896052
WEC,long,2026-03-13,2026-03-16,2,0.024771759704053764
WEC,long,2026-03-19,2026-04-06,12,0.007596044413845426
WEC,long,2026-04-10,2026-06-03,38,-0.0655644501026642
WEC,long,2026-07-17,2026-07-29,9,-0.02795003010102215
WEC,long,2026-08-06,2026-08-12,5,0.007851483541476911
WELL,long,2024-11-21,2024-11-27,5,0.013828339506376297
WELL,long,2025-01-02,2025-01-23,14,0.04927411170329621
WELL,long,2025-04-07,2025-06-10,45,0.05798817599760353
WELL,long,2025-06-30,2025-07-29,21,0.09090909699964222
WELL,long,2025-08-19,2025-08-26,6,0.021119359874522292
WELL,long,2025-09-15,2025-10-15,23,0.018979443485965142
WELL,long,2025-12-03,2026-01-22,34,-0.10452747882022162
WELL,long,2026-01-26,2026-02-12,14,0.13316644455979776
WELL,long,2026-03-31,2026-05-13,31,0.1310371193345472
WELL,long,2026-05-20,2026-05-20,1,0.0027981841616910863
WELL,long,2026-05-29,2026-06-03,4,-0.050882030000032
WELL,long,2026-07-08,2026-07-09,2,-0.023022904525061394
WELL,long,2026-07-17,2026-07-27,7,0.028365530076071455
WFC,long,2024-12-10,2025-02-25,51,0.051710501279345955
WFC,long,2025-03-06,2025-03-10,3,-0.0995146221630655
WFC,long,2025-04-02,2025-04-04,3,-0.14486043882786004
WFC,long,2025-04-08,2025-04-25,13,0.12160213571551193
WFC,long,2025-06-06,2025-06-20,10,0.00667546401956387
WFC,long,2025-07-14,2025-07-22,7,-0.002059478475455734
WFC,long,2025-08-15,2025-09-19,25,0.06586060138947736
WFC,long,2025-12-04,2025-12-04,1,0.009625052188266814
WFC,long,2025-12-30,2026-01-12,9,0.004655058218070218
WFC,long,2026-01-16,2026-01-30,10,0.017198736460402708
WFC,long,2026-02-13,2026-03-11,18,-0.10905091789690047
WFC,long,2026-03-13,2026-03-17,3,0.013023302203599041
WFC,long,2026-05-27,2026-06-15,14,0.07249744944969905
WFC,long,2026-08-13,2026-08-24,8,-0.04734060497020143
WM,long,2024-12-17,2025-01-29,28,-0.009875197097296562
WM,long,2025-04-23,2025-05-28,25,0.031266229767351605
WM,long,2025-06-02,2025-06-05,4,-0.00966917975924586
WM,long,2025-06-09,2025-07-30,36,-0.016163873713231802
WM,long,2025-08-01,2025-08-13,9,0.0032291097028291915
WM,long,2025-08-15,2025-08-19,3,0.01034716952955117
WM,long,2025-09-23,2025-10-07,11,0.0026268236239381793
WM,long,2026-01-29,2026-02-18,14,0.010621696678978054
WM,long,2026-03-12,2026-03-16,3,0.005928919814515599
WM,long,2026-04-08,2026-04-23,12,-0.002185849463684053
WM,long,2026-05-07,2026-06-04,20,-0.006847476468389568
WMB,long,2024-12-16,2025-02-11,38,0.014881499842918755
WMB,long,2025-03-07,2025-03-13,5,0.02874926975034109
WMB,long,2025-03-20,2025-03-21,2,0.004720133912190283
WMB,long,2025-04-22,2025-06-23,43,0.08057327412043302
WMB,long,2025-08-07,2025-08-11,3,-0.009890851686629065
WMB,long,2025-08-20,2025-08-22,3,0.008838659940751947
WMB,long,2026-01-23,2026-01-27,3,0.027620829325184282
WMB,long,2026-03-16,2026-05-15,44,0.0597218030891562
WMB,long,2026-06-03,2026-06-03,1,0.004908227143100685
WMB,long,2026-07-14,2026-08-11,21,-0.028874563524039498
WMT,long,2025-01-08,2025-03-05,38,0.05693214114816714
WMT,long,2025-05-20,2025-05-28,6,-0.008968646543578762
WMT,long,2025-06-12,2025-07-07,16,0.03705634100021071
WMT,long,2025-07-10,2025-07-31,16,0.012085646621779134
WMT,long,2025-09-12,2025-09-18,5,0.009254706503097454
WMT,long,2025-09-24,2025-09-25,2,0.005169765821862349
WMT,long,2025-10-07,2025-10-08,2,0.0019474422802596703
WMT,long,2025-11-19,2025-11-26,6,0.07604304789230198
WMT,long,2026-01-27,2026-03-03,25,0.08730024471523468
WMT,long,2026-05-20,2026-05-22,3,-0.10380030973974197
WMT,long,2026-05-27,2026-06-09,10,0.002614479869747832
WMT,long,2026-06-17,2026-06-17,1,-0.02396098707387484
WMT,long,2026-06-26,2026-07-08,8,-0.02314732887265214
WRB,long,2024-12-20,2025-01-16,17,0.04032399004659104
WRB,long,2025-01-28,2025-02-18,15,0.022128324214343298
WRB,long,2025-05-12,2025-08-05,59,-0.025727627738139636
WRB,long,2025-10-17,2025-11-04,13,0.005431109848760718
WRB,long,2025-12-03,2025-12-18,12,-0.029382935651343978
WRB,long,2026-01-05,2026-01-07,3,-0.012543275527754583
WRB,long,2026-01-28,2026-02-02,4,0.008032028934479074
WRB,long,2026-03-09,2026-03-17,7,-0.015303233299410635
WRB,long,2026-06-24,2026-07-06,8,0.02842227378190265
WRB,long,2026-07-17,2026-07-20,2,0.04048640915593693
WSM,long,2025-03-25,2025-04-03,8,-0.18461532362459454
WSM,long,2025-04-07,2025-04-10,4,0.04383122052011301
WSM,long,2025-04-16,2025-04-24,6,0.06458768996700481
WSM,long,2025-10-09,2025-10-29,15,0.0265321695823848
WSM,long,2025-11-19,2025-12-01,8,0.009349995228367547
WSM,long,2026-02-23,2026-03-05,9,-0.0989947636870454
WSM,long,2026-03-09,2026-03-13,5,-0.035009594055525506
WSM,long,2026-03-31,2026-04-06,4,0.03268489875536629
WSM,long,2026-08-04,2026-08-24,15,-0.008465387823185955
WST,long,2025-01-07,2025-01-24,12,0.03690794885198345
WST,long,2025-02-19,2025-03-06,12,0.10312799354208169
WST,long,2025-05-14,2025-05-21,6,-0.032056278307545094
WST,long,2025-07-02,2025-07-11,7,0.021400877179401423
WST,long,2025-09-17,2025-10-02,12,0.05732540611883197
WST,long,2025-10-14,2025-10-20,5,0.04735770620803703
WST,long,2025-10-29,2025-11-04,5,0.01216970454587396
WST,long,2025-11-20,2026-01-22,42,-0.03924000270965655
WST,long,2026-01-27,2026-02-17,15,0.008337394116531227
WST,long,2026-05-21,2026-07-22,42,0.1731914879818277
WST,long,2026-07-28,2026-08-04,6,0.053548165406095194
WST,long,2026-08-12,2026-08-24,9,0.00554970543871125
WTW,long,2025-01-10,2025-01-31,15,0.0490688799226382
WTW,long,2025-04-28,2025-05-28,22,0.02918692502596487
WTW,long,2025-10-10,2025-10-30,15,-0.06043454789029923
WTW,long,2026-02-11,2026-02-18,5,0.04192980041867855
WTW,long,2026-05-21,2026-05-26,3,0.00905338163657654
WTW,long,2026-06-04,2026-06-11,6,0.03908681477867648
WY,long,2024-11-21,2024-12-10,13,0.01442284597617327
WY,long,2025-04-07,2025-04-14,6,-0.005331278808531348
WY,long,2025-10-09,2025-10-13,3,-0.03117410273771093
WY,long,2025-10-15,2025-10-30,12,-0.016317933828027265
WY,long,2026-02-19,2026-03-11,15,-0.10806058907547311
WY,long,2026-03-13,2026-03-18,4,0.017368640022422888
WY,long,2026-05-22,2026-05-28,4,0.0442176027702188
WY,long,2026-08-12,2026-08-24,9,-0.02517985611510809
WYNN,long,2024-11-22,2024-12-23,21,-0.03956827665160789
WYNN,long,2025-02-07,2025-02-14,6,0.10130195065601955
WYNN,long,2025-04-16,2025-05-14,20,0.3016022059870014
WYNN,long,2025-07-25,2025-08-06,9,-0.011433742076614406
WYNN,long,2025-09-03,2025-11-04,45,-0.032916263193346285
WYNN,long,2025-11-13,2025-11-19,5,-0.05162756074994235
WYNN,long,2025-12-10,2025-12-29,13,-0.01569804497133498
WYNN,long,2026-01-09,2026-02-05,19,-0.042867981612890294
WYNN,long,2026-04-28,2026-05-04,5,-0.019618949256962837
WYNN,long,2026-05-13,2026-05-15,3,-0.018817459954094007
XEL,long,2025-01-07,2025-02-18,28,0.05219524509030182
XEL,long,2025-04-29,2025-07-03,46,-0.01182201471034261
XEL,long,2025-09-15,2025-09-25,9,0.06141809477874749
XEL,long,2025-11-21,2025-12-24,23,-0.06793306092702267
XEL,long,2026-03-19,2026-04-01,10,-0.0038740134756943823
XEL,long,2026-04-22,2026-05-26,24,0.021497148310166914
XEL,long,2026-06-03,2026-06-03,1,-0.00616411947065254
XEL,long,2026-07-22,2026-07-29,6,0.0003810975609754852
XEL,long,2026-08-06,2026-08-13,6,0.023056994818652976
XOM,long,2024-12-09,2024-12-27,14,-0.06242838933704231
XOM,long,2025-04-28,2025-06-12,33,0.019993018304938603
XOM,long,2025-08-25,2025-09-04,8,0.010064714117706375
XOM,long,2025-11-06,2025-11-14,7,0.05852728211622127
XOM,long,2025-12-01,2025-12-11,9,0.031228446246622132
XOM,long,2025-12-18,2025-12-18,1,-0.007409978675599116
XOM,long,2026-03-16,2026-05-15,44,0.018395357690035308
XOM,long,2026-05-20,2026-05-29,7,-0.10636730032598551
XOM,long,2026-06-02,2026-06-22,14,-0.07303526813080119
XOM,long,2026-07-16,2026-07-27,8,0.07099860294195026
XOM,long,2026-08-07,2026-08-11,3,0.032033066777324315
XYL,long,2025-04-04,2025-05-05,21,0.10217138841115614
XYL,long,2025-07-02,2025-07-29,19,0.007328295676173102
XYL,long,2025-08-04,2025-08-08,5,0.0033055994133890376
XYL,long,2025-08-27,2025-09-08,8,-0.02038246988864978
XYL,long,2025-09-26,2025-10-01,4,0.045457807848502174
XYL,long,2025-10-09,2025-10-27,13,0.008165234093515883
XYL,long,2025-12-04,2025-12-18,11,-0.029810485855881086
XYL,long,2026-05-11,2026-05-27,12,-0.03191776058841589
XYL,long,2026-08-24,2026-08-24,1,0.006700758243695981
XYZ,long,2025-08-01,2025-08-25,17,0.023556821123478677
XYZ,long,2025-09-09,2025-10-15,27,0.0040886309680825406
XYZ,long,2025-12-08,2026-01-14,26,0.07363770250368096
XYZ,long,2026-02-13,2026-02-27,10,0.29761662253004695
XYZ,long,2026-05-11,2026-05-27,12,-0.04582498329993312
XYZ,long,2026-06-12,2026-07-16,23,0.1799102619771309
XYZ,long,2026-08-14,2026-08-24,7,-0.020580093874112526
YUM,long,2024-12-18,2024-12-19,2,-0.032435268817861296
YUM,long,2025-04-10,2025-06-03,37,-0.005319935894308014
YUM,long,2025-09-17,2025-09-25,7,0.016215254580051797
YUM,long,2025-11-21,2025-12-16,17,0.016990860168711208
YUM,long,2026-01-28,2026-02-02,4,0.01402506396302794
YUM,long,2026-03-06,2026-03-13,6,0.011221776961378493
YUM,long,2026-03-30,2026-04-06,5,0.022083639965341684
YUM,long,2026-05-11,2026-05-20,8,0.00500178493462311
YUM,long,2026-05-28,2026-06-08,8,-0.030588080515721372
ZBH,long,2025-01-06,2025-01-30,17,0.05886861268467425
ZBH,long,2025-02-10,2025-02-18,6,0.012384824352579482
ZBH,long,2025-05-12,2025-05-20,7,0.0014704317483176244
ZBH,long,2025-09-25,2025-11-03,28,0.011562888943769556
ZBH,long,2025-11-07,2025-11-14,6,0.015817458587396693
ZBH,long,2026-04-17,2026-04-28,8,-0.12639795990259906
ZBH,long,2026-04-30,2026-05-18,13,0.06331960376166701
ZBH,long,2026-06-04,2026-06-08,3,0.026947385510600386
ZBH,long,2026-07-29,2026-07-30,2,-0.008250652741514486
ZBH,long,2026-08-10,2026-08-11,2,0.007042982910409279
ZBRA,long,2024-11-29,2024-12-16,12,0.002834257547750907
ZBRA,long,2024-12-30,2025-01-29,20,0.02703883619914116
ZBRA,long,2025-02-05,2025-02-13,7,-0.1565743493454338
ZBRA,long,2025-02-18,2025-03-10,15,-0.10993843447669305
ZBRA,long,2025-04-11,2025-04-11,1,0.009267135246451952
ZBRA,long,2025-07-24,2025-07-28,3,-0.006176322118953581
ZBRA,long,2025-07-30,2025-08-05,5,-0.08745476477683978
ZBRA,long,2025-09-09,2025-09-16,6,0.014690885914595553
ZBRA,long,2025-12-29,2025-12-30,2,0.0019084744386241859
ZBRA,long,2026-02-20,2026-02-23,2,-0.08111543656153175
ZBRA,long,2026-06-11,2026-06-16,4,0.09502283315651083
ZBRA,long,2026-07-14,2026-07-30,13,0.08196168122680092
ZBRA,long,2026-08-10,2026-08-10,1,0.004223219740232098
ZTS,long,2024-11-21,2024-11-29,6,-0.002390863048247871
ZTS,long,2025-05-15,2025-05-20,4,0.05635162233678637
ZTS,long,2025-08-05,2025-08-05,1,-0.03748107577544835
ZTS,long,2026-02-05,2026-02-12,6,-0.008366194921086922
ZTS,long,2026-03-13,2026-03-16,2,0.023298158537186753
