kappa_min,entry_s,exit_s,stop_loss,sharpe,max_dd,end_pnl
,1.75,0.5,-0.1,0.2263631278383732,-0.20613150939195535,1.0418086175599421
30.0,1.25,0.5,,0.10130987877288913,-0.23207094752742985,1.0053888333540837
,1.25,0.5,,0.06373918461619237,-0.2637925311858206,0.994606518034639
,1.75,0.5,,-0.06894552075977656,-0.32494218775858486,0.9434837509341973
,1.25,0.5,-0.1,-0.07788169467016523,-0.20703517210705036,0.9630147722629172
30.0,1.25,0.5,-0.1,-0.1087340806231815,-0.20011240977969913,0.9547504641684526
30.0,1.75,0.5,-0.1,-0.15929698560748293,-0.20113584180631294,0.9425381430139116
30.0,1.75,0.5,,-0.1644296500674553,-0.2844890711286848,0.912254405464945
