Date,pca_0,pca_1,pca_2,pca_3,pca_4,pca_5,pca_6,pca_7,pca_8,pca_9,pca_10,pca_11,pca_12,pca_13,pca_14
2024-11-19,-0.052491401075261096,-0.04628508657835781,0.006388216863203229,-0.0037292072210217634,-0.018097147329426185,0.00015524613015072478,0.0121328778239962,-0.002924031641996689,-0.033839704769309455,0.001806989710748095,-0.020737949006144212,-0.0037585081387543156,0.01640437310482568,0.00806042085533393,-0.00964441548972359
2024-11-20,0.022961997012552818,0.023685914880703582,0.004657451128344773,-0.001410727866782576,0.00822067910304845,-0.0010214552769444176,-0.012780250328939077,0.0023658156801292596,0.00046642865718991464,0.0028950090320087984,0.0010788469204272753,-0.01571492237645948,0.010746077773066558,-0.006006111055902812,-0.014489150432606906
2024-11-21,-0.0005368343034808474,0.010308064395080294,0.004659273361734044,-0.00041729682571008873,-0.012257884354376644,-0.021360551720048075,-0.0006618481075194817,-0.0018217777170812135,-0.005052837731308364,-0.004121738325894022,-0.0024988325028222807,-0.0007282858373576812,-0.00828266693622984,-0.011158996119150725,-0.009378436355205683
2024-11-22,-0.019737040049794086,-0.018219191205123896,0.023376397913827122,0.04604044278256245,0.005304334210173781,0.007489425185078296,0.003095530476451849,-0.004197135713035119,-0.01853393042188548,0.005521181816888611,-0.013576982705173041,0.004981103595427548,0.012190188998859892,-0.010496673210061884,0.0008980525596078242
2024-11-25,-0.01810460181708291,-0.014210995467446459,-0.00020470588750822087,-0.010921747632940081,-0.008096845913532992,0.0255188550701084,0.013429332903390349,-0.0056909877603644595,-0.005069888095074969,0.004630905170461509,0.0036358183920527443,0.01710301939034694,0.00543160388669506,-0.004323706610620027,-0.007161650519615292
2024-11-26,0.002090936724902291,0.032098238568657234,-0.026439593090919148,-0.03296257712422193,0.006707636557702882,-0.017416696011554517,-0.04030489319169751,0.008111665288323458,0.028412711498769023,0.019779361571985767,-0.017964870907448763,0.054487285521105815,-0.020796674141137193,-0.008665618895732573,0.04024739333376508
2024-11-27,-0.02147999982833708,-0.011867194524823124,-0.010102288475499254,0.000783599971994468,-0.006572634181239976,-0.00048666779013912777,0.002761853300100735,0.004417034006134745,-0.004592228738310007,0.0055135139743739525,0.010540267086033683,-0.006789304356361383,0.005444112528213659,0.014843699183041457,-0.01359256818771486
2024-11-28,-0.01338618201497558,0.007480789943226453,-0.013073300303579206,0.0030719469870303215,0.0048443851218768555,-0.009870719051591004,-0.0010055316194609576,0.016352184299780748,0.007976946385179217,0.0011833683238391059,-0.007539785149572579,-0.0003675087656072843,-0.006152645887401202,0.0023045598579345813,-0.010698309504675138
2024-11-29,0.011896390689727029,6.116206216622835e-05,-0.007349198616680091,0.005571890538556503,-0.005273617495154756,0.0026272693418298316,0.0018408012372700152,-0.0027741264135823633,0.0012143485212605118,-0.005306845973507347,0.005198178166615806,-0.005692876891054856,0.005147754947388242,-0.011932964162480983,0.003374452346692233
2024-12-02,0.006041251718125933,-0.0019205788094713663,0.010478829654562177,0.01272000465087079,-0.0026971399731800802,0.00102405393868393,-0.01095948523961358,-0.01084618654628209,0.004657570994301435,-0.007786653494489093,-0.004427754466822204,-0.005303081043800437,-0.0012391571967033449,0.001109580328584925,-0.0033650520721193065
2024-12-03,-0.0367886338066313,-0.01666235587945276,0.0032505555075058503,0.009792267587182298,0.002784413113345552,0.011969067447827164,0.0010951465731956636,3.7033233589770474e-05,-0.0021067787170481168,-0.005357883853851178,0.007529971214575293,0.014008853066487033,0.0011075352824687296,-0.0021027982764132477,-0.0034360101166305886
2024-12-04,0.010467652796023597,0.015897444645104876,-0.0032841204416922294,0.023972880041688363,0.005637135144668755,-0.005555619211771129,-0.004969456146390704,0.005426196095225903,-0.005178375876090369,0.008260608016791432,0.011530776270009833,-0.002027579238097613,0.011317988287272988,-0.008460865219986303,0.0076113543216197906
2024-12-05,-0.02064397581997665,-0.0037943333385518536,-0.00933198443054837,0.016940079023321078,-0.000765773048766632,-0.016449597166639674,-0.008427108459900134,-0.003768828592049007,-0.014591599432381844,0.014991484934575233,-0.015428144548301468,-0.0016733957151065363,0.005637461813833447,0.019403561317377402,0.010309174496964928
2024-12-06,0.02976142605140943,0.0256369327853588,-0.0017268381664497297,-0.0015793744595275193,-0.006299579021117361,0.014123358478355368,0.00024360778640693422,-0.011427985887011098,0.006206578755543227,0.0005937366230176341,0.004747888081052745,-0.002459938542797995,-0.012511255356735102,-0.00195801243406216,0.006891130914085351
2024-12-09,-0.013545403557331678,0.0014983535859845504,-0.01791571696469889,0.003257224367575004,0.01715882268156694,0.017851602831482877,-0.009653905898256349,-0.008756126953105839,0.02396822455245965,0.001415492453639595,0.006221440929178289,-0.002615564697828588,0.011592705488180926,0.011615151354254168,-0.01011448740757299
2024-12-10,0.07932234692934474,-0.030632639432663252,-0.0025837493452157455,-0.013004726248424529,0.002951444363888709,0.013106763246505946,-0.010467290943049537,-0.0003935691466338759,0.005848275743382039,0.026794679768449656,-0.0082045814295286,-0.00013458442909767762,0.009119314207579051,0.009299784062883338,0.0007022087720059094
2024-12-11,0.021551767427140642,0.0017076435179096342,0.01479507376626034,0.00722003987811114,-0.01592786147605803,0.006260589051371253,-0.019723301120241423,0.00644537404927834,0.0013184723833326074,-0.006299570920748741,0.007480847081211401,-0.008713909209308274,-0.015081225588705633,-0.0015996563138393283,-0.011584256480334225
2024-12-12,0.011966534912971727,0.0009964201316440624,0.02528615920311157,0.02171564970616576,0.022480842098167707,-0.011453042330705616,-0.009012309026136473,0.00011199960217761007,-0.004651072496544839,0.015090661533857238,-0.004301728786017723,0.011299565751762351,-0.008192801108179387,-0.0021819435939345417,0.005138140360544962
2024-12-13,-0.015345802474929063,0.007940252716815886,0.015031901600690475,0.012779118341133447,0.002353164856213079,0.0017637033888773157,0.0071842595433787,0.008796996933869606,0.017288975322352622,0.0006297221682810259,-0.0001357745021765967,0.002028851610918335,0.016575979876633992,0.001355872381827783,-0.0011094534677749141
2024-12-16,0.006720290606153144,0.031008328238539766,-0.014540029167378468,0.03574569717312422,0.0030915121670839034,-0.0018735023916596576,0.0013175821044596238,0.008856036224992512,-0.007445469835807633,0.0062239470995431746,-0.0028195820724057647,-0.006869841892683847,-0.023711832113420553,-0.009017651505733077,-0.008080475107547261
2024-12-17,-0.0478531241798928,-0.0194393970018268,-0.00024936566060625143,-0.016642759233998793,-0.016738208485173236,0.007083263661736133,-0.005190272925532387,0.017238392226493142,0.00125036220295075,-0.007955071500770199,0.005936700568608877,-0.006326157320623966,0.007702270926630992,-1.1187076362619962e-05,-0.005594250278826043
2024-12-18,-0.008363213196307204,0.0057863597258684995,-0.005649401584423813,0.004984446744409822,-0.0005706591339958571,-0.0016346197286976171,0.0015939428757061835,0.0019883798815338387,-0.016348419535198406,0.002200479090498751,-0.008039396148702352,0.01074647737083334,-0.0012040418029077159,-0.0019148055928779272,0.007042249239131883
2024-12-19,0.04436806550964171,0.05328513746755742,-0.028665615804239004,-0.04383025379001759,0.008977356026768891,-0.009950517995797615,-0.009269781114267373,-0.02168394571813349,0.025582085570890513,-0.017231577299674103,-0.010734031466239321,0.019165971496299415,0.015612919006522114,-0.01470384226338391,-0.01986952452289224
2024-12-20,0.051087604752421974,0.03243442895608996,0.0027562507357313418,0.010876727673898983,0.01604045926166025,-0.010121815611220006,0.006841955825088691,0.0006694065327083527,-0.014390606559208138,-0.012947787315551105,0.008458481501270891,0.00041959892289162703,0.0014714425488841468,-0.004938532019535687,0.014734207271411691
2024-12-23,-0.05900398977196301,-0.0492154942000094,-0.0006794574599319907,0.005641538135374052,-0.006437355855304331,-0.009766497178101496,0.0038123987130364717,0.004555564230251875,0.005955002163017047,-0.000891460788027715,0.0018370102108102998,0.008212621835052397,0.017316713549959797,-0.007947122395254658,0.0018301999144971477
2024-12-24,-0.009662245669987128,-0.004092974937729716,-0.006902028428556268,-0.0067732217676798965,0.0028469164089183576,-0.0019155473544316501,-0.008433612252387262,-0.006407494849921314,0.01277726904317198,-0.0022504162019646545,-0.010075244577265259,0.006010579005777277,-0.007925375926508037,-0.00722750448904431,0.015552709200035148
2024-12-27,-0.02551001045472854,-0.002449732277485685,-0.00047809506826857135,-0.00910599241822595,0.0012650624108843196,0.0021929484154750182,-0.002392606114276253,-0.0027495045850537197,-0.009513259564056816,0.0024568897143919517,0.0008519106376222727,0.00027143852432772787,-0.013482815357895186,-0.00628375158932758,0.0021528952617440042
2024-12-30,0.012875360606733204,0.00549491898478493,-0.0033140711888676516,0.006658456451474257,0.00021278428664733406,-0.0006144078778071759,0.006571210518015038,0.005158883792886696,0.004358071581269369,-0.002962082193376135,-0.006694973216364255,-0.008955325231878086,-0.003023754951118455,-0.003531434192928447,0.00822570827747888
2024-12-31,0.04259054057066878,0.020013501911925927,-0.008834247818119426,0.012464074768987431,0.014278618817893197,-0.0004236527607480614,0.011432688155455221,-0.00315002615388299,0.014656243743710076,0.00019310226275548958,0.017101074217493083,-0.0031982832179489233,0.007965554781030509,0.0017783572595149342,0.007857217982397371
2025-01-02,-0.0015413169706941033,-0.017806094970042242,0.0014185199348205166,0.000977936376264291,0.012665928274261759,-0.005496649207913703,0.0025599354639164887,8.834590425789673e-05,-0.002523060612515956,0.004436672304283325,-0.012573668608412488,-0.007763535454941499,-8.934146345469655e-05,-0.0058062074793954945,-0.00928147338815287
2025-01-03,-0.029713753638903953,-0.012175063288012003,0.014925412919475842,0.0011859565175379233,0.007248788659283617,-0.014102550746646889,0.001116022910062486,0.0008811851129744076,-0.003358239450826519,-0.010300244323001471,-0.013048434518095398,0.0037859499131648595,-0.003285247307612104,0.0043328549331836125,0.009506046432865524
2025-01-06,-0.015656375548753845,0.02218528467088293,0.002313255496116321,0.015704131382198443,0.008563424441100325,0.012536642055892026,0.011536202205951071,-0.005692883420759367,-0.0043641434352999905,-0.004408292819662599,-0.004184475883707097,-0.010837036029630669,0.007804362797167289,0.012554923716757605,-0.01720341609843883
2025-01-07,-0.041182529951433976,0.006777506008385366,0.006765251048390507,0.008607072911382229,0.010016717158716151,0.009989181523778173,0.018245117089642132,0.002389940775237609,-0.006562250741165354,0.009032825581116979,0.006644329737804031,-0.006202272033375673,-0.007556922959046035,-0.006937778751695911,-0.006404339370214289
2025-01-08,-0.008548700127179667,-0.02397423969936153,0.016888832622956193,0.00877733086783045,0.010769290951808414,-0.0152653384121106,-0.00042247753526221074,-0.010146225635281092,-1.6848852959163016e-05,-0.0017720825341376836,-0.00829150342546941,-0.0178305332614074,-0.01936292298785904,-0.015252737703510955,-0.010497340173775769
2025-01-09,0.010677449061821156,0.0024975207466551644,0.015860045690303713,-0.005188018358475948,0.0055923045706295586,0.01311388247836613,0.00885796298129112,0.007078412793870565,0.0038708924482812324,-0.010946669756469738,0.007812204050029265,0.01879205606988759,-0.012016139683345453,0.0024885518331453265,-0.012566141317083508
2025-01-10,0.030789284496762725,-0.010467834855045429,0.0007904380814141915,-0.0004592527331757233,0.014515905540690755,0.0067069726451719205,-0.013367699189723357,0.0024089798619930025,0.0035999705783666706,0.0003486792618248043,-0.003016062956583974,0.007015404702888728,0.004456625189856131,0.00927772377286383,-0.004379202738643144
2025-01-13,0.08373627023131132,0.005265884750378658,-0.004411175229141374,-0.012761825190776895,-0.003618348967430943,0.00019843702700020251,-0.017925029339006342,-0.02833204662457254,-0.027022723262716954,0.025967000800945488,-0.007945384239348405,0.011965218719511169,-0.0020782428609491515,-0.01816311945238884,0.004928122312639076
2025-01-14,-0.0019865295075562465,-0.028408296953022636,-0.0013009894234439416,-0.008986900643716721,0.009298756780321518,0.006424293186839567,0.022235245871707648,-0.003168558484870535,0.008272683274655936,-0.007634717630110268,-0.0018685517059190517,0.005615531986909857,0.013033725203473763,-0.008598691941064348,0.004379895562769898
2025-01-15,-0.0018352031154790153,-0.011478235043929367,0.013520357327663915,0.0040543378357465335,0.016965436507389915,-0.016678230163723138,0.002606622112748956,0.0008502901450624929,-0.008588261934272362,-0.008651476748009118,0.009013861000247371,0.007798825458919255,-0.01365150232520446,-0.006189831718529593,0.004472954842546555
2025-01-16,-0.048384985224508764,-0.018205825760818632,-0.008638670778130696,-0.005714240469875996,0.0026903755633829363,0.02295724513282627,0.003862857965027024,-0.013224164393447873,-0.013964111423331278,-0.00963440535561258,0.004531015598298147,0.019006847580923258,-0.006570275765993763,-0.00238932945376644,0.023333296199156715
2025-01-17,0.016084073481142727,0.00114166951620803,-0.015984164586770065,0.0019312997709553734,-0.014901354249617712,-0.016009884752959447,-0.01016754105007792,0.007772701877806082,-0.007786656118967645,-0.0017465361812744262,-0.000629188374062446,-0.004831281381208219,0.004563237094434339,-0.0014026838318324107,-0.002925553249148263
2025-01-20,-0.020445176260049824,-0.023895872012654702,-0.0006620406684612395,-0.001342916340233754,-0.0031236795272684536,-0.0122054053805081,-0.014955852532808504,-0.0075614643984718375,0.007389382804893012,0.0061467863944440065,0.003562348880719575,0.016485674815302366,0.0016971397445732297,0.00017379546561677574,0.0013871493840534516
2025-01-21,-0.04503799768202673,-0.009085278652023247,-0.00777727047889496,-0.0016493751753636618,0.016534350998787736,-0.019002227399272178,-0.0016645545293409436,0.013173221753264559,0.0034554492234993876,0.003998215981983832,-0.009942804818818402,-0.015772378871408928,0.0035356155678638104,0.010001462333674816,0.005584268055683399
2025-01-22,-0.038255654285267816,-0.0008220598486268515,-0.01881685202054728,-0.0029045861127745738,0.001513465601436205,-0.0028824047143401095,0.00812028326742295,0.009986198589111423,0.0030741660638454868,0.010700525848960654,-0.001810777521533643,-0.009183831077876828,0.002789131189287893,0.021567022358122526,0.001598639674168921
2025-01-23,0.008475626937425934,0.031649602758787344,0.008903890911067023,0.019415317391445717,0.004112469544241917,9.254622734639539e-05,-0.00011282419511626297,0.03611828230448972,-0.002699529500450711,0.0013297509406084626,-3.339092654330248e-05,-0.011254963726070879,-0.02063793233372586,-0.006829802837295167,0.006965139010840354
2025-01-24,-0.021330644587419633,-0.013665049303579759,-0.002359729245217884,-0.011447582758331394,-0.00024333666110484432,-0.0072357176451599255,0.002164334872366829,-0.012465063001531882,-0.0049736269205293395,-0.0027070129039453972,0.0035908144745963625,0.0060063301315677105,-0.0060942618257729,-0.0021046375920580527,-0.0027681743330494717
2025-01-28,-0.008181762232488243,-0.01511362089103395,8.462060103101065e-05,-0.005272978402911995,-0.011942384818803426,0.011035889795021714,-0.03544054817771786,0.0106374713210615,-0.023082624058783932,-0.025985744715975492,0.019507077101444874,-0.00435141937177244,0.011144361539875053,0.007377088087704254,-0.015376816550964368
2025-01-29,-0.03836093191393022,-0.0015901107673032835,-0.0016752606739458783,-0.0032070853428343388,-0.011705561179686408,0.01165744871317429,-0.025409500690481725,0.009723471016874114,-0.009976897808486054,0.006465017288548821,-0.007472316769477196,-0.004093708740502314,0.004875021362079929,-0.004248252605158968,-0.007835571400786797
2025-01-30,-0.01635303593587417,-0.016476997835235988,0.01294748386933417,-0.01464893977769861,-0.0025197115503537274,0.023930371061600335,-0.006434836765477917,-0.008684238504721008,0.017113203783226266,0.021320060528223803,-0.017600132218587947,-0.022520916425721408,-0.02173997063500684,-0.014356763020139444,0.0035538865181157253
2025-01-31,-0.012350581560651809,-0.005136286331685955,-0.027677050923532027,-0.019784242446453163,0.005825009024089888,-0.00829977402846348,-0.00014778653316418252,0.01275613499878532,0.002684234744866183,-0.018660646408288958,0.0029637936163750423,-0.008748206930422043,0.0033935600292195325,-0.003098987848723452,0.005464280199209985
2025-02-03,0.05683118242280578,0.051922158044443,0.0009608569810487574,0.0018419500659724122,0.036757836539982706,0.005816400193083103,-0.008671866914020039,-0.010200535996472575,0.017119903475300655,0.004035265002689678,0.01072539668694469,0.0005152701669964834,0.035099111259579166,0.004340056344910263,0.002219813611096848
2025-02-04,-0.0008273658043802456,0.0038060873845766285,-0.007741863529821748,-0.0043881302965221415,0.0014302843178401277,-0.0011913506930664186,-0.02350462234665717,0.0075950547528309325,-0.007064316501166722,-0.017670799312429587,0.0031009566507836203,-0.004042887212069013,-0.013062343833951271,0.00041591285875861137,-0.02546218551149558
2025-02-05,-0.007368816800189587,-0.027966850937553116,0.001072109240577678,-0.009849560726539633,0.008813106573290494,0.00032072063600764177,0.019472163573302052,0.003870668631521756,0.011871079965380404,-0.02180969498751274,-0.001956247509919181,0.021439766060974343,0.009609751983858498,-0.027681983476101978,0.00951815202290101
2025-02-06,-0.031142313372681397,-0.027875389723985386,-0.022329869930460062,-0.008530437056893455,0.006413968418093099,-0.012193702169505405,0.01567248541998591,0.0069294073724379375,-0.014879209404750453,0.00770864944615903,-0.00581086086659226,-0.002511745284099397,0.0005525773175853535,-0.002134905167931605,-0.014086110860699833
2025-02-07,0.0006118187934486434,-0.06336593727296957,0.03623270538227038,-0.0138119934504084,-0.04967959857944838,0.008815882973013885,-0.021687742972280575,-0.031375392576843936,0.0188349010101573,0.033666837416936796,-0.010798365441776247,0.00834375525751099,0.00869370954643688,-0.010411752921952264,-0.012846452013240849
2025-02-10,0.017886079361980584,0.008233263818970335,0.0014879864596073805,-9.515558049372154e-05,-0.01270681640322539,-0.016512015685025944,0.005962300027428962,-0.0009252214151510536,0.0018344902298698441,-0.01893416435745307,0.01683202270431872,-0.010695094598456235,-0.01969538066892846,-0.0015390639071658063,-0.013613259795197983
2025-02-11,-0.030763535150633476,-0.0034788365430907494,0.0007192469356390328,-0.029449665072860905,0.017211034846501834,-0.01358616336251324,0.017014354560057367,0.033282424895915645,-0.020271606373917648,-0.009724554629888181,-0.006213589349174074,-0.03706361272971832,-0.010945158869702043,-0.021681912988812006,0.01976803172630255
2025-02-12,-0.02356972372691206,-0.0033712827266026307,-0.016254488473724238,-0.004302766066246542,0.002818241585238488,0.019004645854661103,0.01262042349067271,0.015520180210209369,-0.0035456151073638255,-0.010621262435359692,0.019041988183045273,0.004259997222510446,-0.014362594629564034,0.00630223828006189,-0.01700133780423102
2025-02-13,0.010682345169202257,-0.018495962989124162,-0.005085020248634331,0.009341860069243453,-0.02198351136290643,-0.0027281833117493307,-0.0012642497051330013,-7.990333914461324e-05,-0.0005464376414424746,0.01579785021164573,0.014106090399928519,-0.0020421131889426934,0.0011376819143167041,0.009788486098780844,0.003801234423762874
2025-02-14,0.009497637925658328,0.003761518941231619,0.019658448803393076,-0.024782424617304722,0.028966215211308904,-0.003483953823569058,-0.027478581826628334,-0.0019731580455020045,-0.016451850253334687,-0.024454741464181817,0.010109462658115277,0.03607410981415171,0.015579148731315525,-0.03250406103977209,0.004373282842958729
2025-02-17,-0.013573785913515983,0.006980595741775548,0.007309736341503262,0.011575116781862444,-0.01397045083133292,-0.0005556593290224044,0.00213645502040681,0.007168581886615974,-0.014851709641767177,0.0018151410474136931,-0.006618837001657406,0.014595599839580267,-0.0012749191134487743,-0.014603482600440169,0.006395434522784757
2025-02-18,0.013610246793027938,0.01893310285111279,0.029470859426140996,-0.005818937335262299,-0.033159690760871004,-0.0020859326878295333,-0.013559019745759857,-0.016874776600675122,0.003707645363868428,0.004968869448161577,0.008975243890904528,-0.00490392170984704,-0.004421330824599967,0.00228687811311213,0.00037768146684802486
2025-02-19,-0.0033337357794284,0.04269015418559059,0.035592620445947014,0.012833408880227081,0.0016124248058560634,-0.012258608466217798,0.02138634441087962,-0.0036115746749143672,0.020965984734175585,0.03500791711272095,-0.009691676685842936,-0.00031549599023146155,-0.007100040855255877,-0.026544942305527033,0.003549642130379449
2025-02-20,0.033293926884599374,-0.008020523710503049,-0.0005508450291743761,-0.012725963743003287,-0.022589692247295925,0.0026993030902503303,-0.029743326001149307,0.01581635578041323,0.011792686827423834,0.008177700996205222,0.03314229040250505,0.01185466989216803,-0.004208646388571825,-0.009737284713982438,-0.023363173775734204
2025-02-21,0.07666907492092088,0.014622947555370918,-0.0057799384082406055,-0.033984452965230505,-0.012693510746383568,-0.005409983878033262,-0.013715376222378166,0.020707076998278808,-0.023940054331556902,0.005880943180594613,0.00019094460451833228,-0.030902081809640068,-0.008593171676330748,0.00550204517741487,-0.00854339871739208
2025-02-24,0.00776455631014121,0.01016874191674213,0.005539046846710457,-0.012267690172455329,0.0036216757562342362,0.013679412208726104,-0.04273121578038596,0.03774508089935917,-0.010878793587892609,0.009593477384756617,-0.005174505335047557,-0.021878803976048335,0.012587366655184852,-0.03174662805931819,-0.021668438421593047
2025-02-25,0.00909707589708317,0.0031975781731073457,-0.026291797717100523,-0.010408437461614,0.011400211998291398,0.015755123036730163,0.016875909239749333,0.01669776465741447,-0.005396055704366224,-0.02018415495322735,0.0029032805792630484,-0.002078631416321315,0.007677517950768259,-0.018843548329776732,-0.025762599579680582
2025-02-26,0.009045142678663375,0.023669078090082535,0.023979733754153108,-0.061662793936477896,-0.011972873182429105,-0.02009351514081492,-0.0389823074057966,0.021660647582884395,-0.024695347773211862,-0.0049935113289988975,-0.007027431465820109,-0.017514195926002913,-0.022383558777131905,0.023413490380230096,-0.0019113277054401705
2025-02-27,0.007965648644132009,0.0027048852536800446,0.01097345167135326,0.02096606257854984,-0.024937082976172843,-0.022949824491897985,0.028152801464204576,0.0390821685574359,-0.031005833347849412,-0.002460074128871617,0.022886199112197646,0.034768799687229804,-0.011084189864783765,-0.005516476323716839,0.045828924840585226
2025-02-28,0.03776907170719903,0.019783842841598766,0.005453510170806169,-0.03835095404870568,0.025185974956497565,0.020363124284772643,-0.007632820993704803,0.0214935521519809,0.032027589169808045,0.00724170916515942,0.005722700881710651,0.00260784186927571,0.008740987031766085,0.009016659982046317,0.011182969329643407
2025-03-03,-0.024228451892449737,-0.015733458051167454,-0.010001312655587985,0.019473164957057015,-0.03563012501999781,-0.0036427058265803974,0.0010142121331464704,0.019433800862384668,0.008208319314309698,0.003196446756129479,0.005385882623100155,-0.02108351044734224,0.004244307814039751,-0.0036718121428962218,-0.01002337161761134
2025-03-04,0.02143871989391413,0.012395592544816581,0.018203479063743706,0.009147273552063427,0.0077587797975845075,0.02486844686445577,-0.018146928309933266,-0.020851441029689978,0.020642613110934863,-0.004865598484594198,0.013145056037724218,-0.0033797678387989093,0.00821311597357361,-0.009948096356306852,-0.006727993006922573
2025-03-05,0.013627882587295932,-0.022027076996520047,0.013701033999779878,0.019477795186098025,0.017865373957188523,0.009159406493386747,0.004827805230275635,0.016729458140808735,0.0059966403566334555,-0.007683370664867733,-0.0036676925634060924,-0.0027902874807028397,0.005744547666083103,-0.00379540033922878,0.0007677813270802016
2025-03-06,0.008838960942375788,-0.005180372473117637,0.010967369831919592,-0.01245664475724637,-0.0050933818374908355,0.01709657466396874,0.011060323468377828,0.006796959188058297,0.013957711167732952,-0.015105245410396479,-0.0032091132663302777,0.004252852631981934,0.0026763976647828014,-0.005543016447107557,-0.0034877447528325
2025-03-07,0.058465653774409085,0.0018179682331199406,-0.03931133265601688,0.0014084941754742273,0.006558125062772006,-0.014136450825773469,-0.016572058757753846,0.004789617183040709,-0.003240546437273639,-0.006095261905825378,-0.011772772987197335,0.0007457334848078008,-0.015246016676342195,0.003330853725256473,0.002521755505810847
2025-03-10,0.0011340769745125207,-0.005531243891751284,0.006946321847724104,-0.004867687609408049,-0.01664968856727851,0.0025075674915722877,0.00456200873778154,3.933239404284922e-05,-0.007018945358618436,-0.007171432177619241,0.007120783537826227,0.000551811866390889,-0.004635686552775968,0.00030378520539175687,0.004630778823216701
2025-03-11,0.08492686492123905,-0.01042070919453372,-0.009558820518924373,0.01904899811432845,-0.014483476810153191,-0.006410314382942543,0.01458905492761293,-0.012834232744328003,0.0049817959365811145,0.0032093245080472813,0.0012980655329126241,-0.007710302817200589,-0.015383327530541467,0.006519521231694478,-0.024862289617721516
2025-03-12,0.03681320975688717,0.009895733168554473,0.03635672105453913,0.00870021579383858,-0.004169289419968483,0.015048684897370837,-0.0028034187129984344,-0.013802306017797271,0.008253393844889784,0.003998384740565257,-0.007832871610805545,-0.008033347521786189,-0.014599248034136815,0.00681465068291195,-0.0012046635755956934
2025-03-13,0.019029841960841024,-0.002217339951505255,0.020854112028864103,-0.010302026641060634,0.007167204217557002,-0.006180991110037548,-0.00410690136544122,0.004481073640987461,-0.006793244745901178,0.007024631557331074,-0.0014466466641356076,-0.007766069309512303,0.007663354718250362,0.011891883008767147,0.008217719443114394
2025-03-14,-0.016476940320660095,-0.01681486245143472,-0.0005057211557225422,-0.02071871319256965,-0.004453692325704552,0.009975315648092519,-0.004376535959128072,-0.0043514405462818624,0.003789093006495726,-0.00709273574174938,0.0023766447617262253,0.00631645028012305,-0.0072143857365638735,0.014299288330260864,0.001992888656035466
2025-03-17,-0.0051984374493827985,-0.02824653660063553,-0.032911800676769284,-0.004168929324871284,-0.0002588153542650904,0.0152349784204154,0.002004470806546193,-0.0027190614305701846,-0.00022960259830345645,0.008534928008481445,0.0037676770700718074,0.008667240580251447,0.0033111571839750187,0.01645618952266405,0.0012830423474461602
2025-03-18,0.0032838137261096156,-0.022761441767568245,0.011179200055757734,-0.014117978211135916,0.01903699095318434,-0.008979862692075924,-0.0028498172915752485,-0.005635601221515555,0.019767411576950642,-0.015140550051580236,0.00413491924793022,0.023222869821870613,0.00670884179343908,-0.009712534721698548,0.0027507295867954425
2025-03-19,-9.346808160685548e-05,0.0007449138442138696,0.007400502490425875,0.010011970197443825,-0.003643383745687044,0.01528737488760416,0.003459817109605245,0.005339936489451306,-0.011817190328298498,-0.003436187345944338,-0.0007978957622971935,0.01964575972791054,-0.007448766183932585,0.01886443454758253,0.01640784023066332
2025-03-20,-0.07371805825667148,-0.022729702135110965,0.006446560637598601,-0.010440231851487692,-0.00028137656862732216,-0.013952829087880451,-0.0013405710032845398,-0.006447085372032001,0.019687049929859927,0.007295024809262831,0.0043651261891088314,0.012721264258841427,0.004015479400625375,-0.000882448819503458,-0.0034362211747558198
2025-03-21,0.007739456289100929,0.0061185362646510345,-0.03871451844494541,-0.019799590020526087,-0.017770717230142074,-0.007172541971270016,0.016476189666795635,-0.004199807096209747,-0.01572204316621857,-0.019428928474978457,0.01682079694473733,-0.004786794263520898,0.014583194072019443,0.010004593010741905,0.011362285964191487
2025-03-24,-0.000475841718852985,0.0017396789543998713,-0.011953488038642447,-0.008142705679810213,-0.008377270760975329,0.036980625016971656,-0.02698763868670593,0.006919212183475007,-0.008551473167807046,-0.0384447570730534,-0.02374590576955658,0.00893750431288911,0.008656890956964536,0.020523377019421127,-0.005345104967022647
2025-03-25,-0.024025007087883663,0.002664481149555772,0.021126744530548778,-0.007731441688315267,0.007095591209757516,-0.010173648111148932,0.020209575914979596,0.009340780943372432,-0.004308205101506505,-0.001121556565178915,0.0016928240897503537,0.0037700943037329597,-0.0032456914226056447,0.010506454620627829,0.005504923738364096
2025-03-26,-0.007951970051889908,0.001490072389011099,-0.021477432929670658,-0.02560401820416111,0.001152366078636569,-0.003597797582612975,0.00489811999679258,-0.01520956189091895,-0.006023796401863059,0.03437783100530328,0.025622975433397588,0.014544193829329682,0.012093130553733952,0.015285764248368989,-0.0013191547133736675
2025-03-27,0.04501642447149631,-0.042517822712706106,-0.005126518544522503,-0.00550859935097694,0.00024745844580756425,-0.007102859029716196,0.005934041445722217,-0.020211240713645887,0.010924340535551066,0.004463652950837137,0.008332812115393133,0.037492496227572294,0.009098619980328147,-0.008598061069740091,0.00030518499544665524
2025-03-28,0.01549011054407706,0.0213708359744032,0.0016795382237854712,-0.003571126041111877,-0.014638068073664343,-0.00616815261670989,-0.013145493247371713,-0.006308395543066243,-0.01989723002821868,-0.0019382146192150722,-0.00202434810440096,0.013880074663601312,-0.0033537147388244815,-0.004627548956496687,0.00476299484010184
2025-03-31,0.037932207233858824,0.0464936872736063,-0.048314599423677836,-4.49291556711591e-05,0.024282385041164117,0.004665323982684931,-0.008121203877337928,0.006855028886857235,0.002715286462154869,-0.007778208056971974,-0.0075114697016264295,0.021341110574301204,0.007376382682031772,0.009208150715190919,-0.0032951055879584887
2025-04-01,-0.02065414867761232,0.006176576428494115,0.015083759905710339,-0.006469496192826483,-0.01708545465661031,0.005900145867934,0.005305349982804745,0.0073211269914915346,-0.005535136166463041,0.00011670278394727471,-0.023258002537282742,0.0030235155483826093,-0.010451336588934603,-0.004775305438703513,0.014737081106080652
2025-04-02,-0.02629983717363918,0.013336619733661298,-0.012929951766531358,0.01132643089558818,-0.009398057930634227,0.011962750088639494,-0.001047792800667294,-0.01871103911453443,-0.021462440699199954,-0.004060755371584375,0.0016211737207200688,-0.00884749289322882,0.012069383954626827,0.006072490602926993,-0.00013195049434815793
2025-04-03,0.0364522994207317,0.04626791252957863,-0.04250339337550419,-0.002306280890032945,0.011977481663270154,0.01050781918636717,0.013307839586290475,0.01291665926337819,-0.01392120678399898,-0.013103348583463488,-0.00582189087329236,-0.009424413844223992,-0.0052802463741647215,-0.0017839122282751847,0.006889148133452554
2025-04-04,0.12946472946993823,0.0416891990056066,0.04076852450982353,-0.014870082211433688,0.0023949129197456463,-0.004587644341894711,-0.022037006408501016,0.0019612970166516183,-0.012794444865981448,0.003296803604627507,-0.02640950254645098,0.03070955582688365,0.024042217723646814,0.007606533154894099,0.0013673341436014055
2025-04-07,0.11739026667015554,-0.03883165831255201,0.030405024750074956,0.06871962137083279,-0.004324385704632134,0.023971196071267496,0.017533840924110918,0.007694952434012462,-0.004576280445735801,-0.0023775506173307117,0.036074364661850086,0.008204699954513357,-0.03340112219527394,-0.009674004317499594,0.0032340666442994583
2025-04-08,-0.11113008590552886,0.015243460653731437,-0.019426394422919376,-0.04603265793883602,0.01461203925423912,0.01592417243952091,-0.003999213074921284,-0.006981937451970871,0.012190674541738012,-0.00125372309388295,0.020852839603853104,-0.0005186369480115615,0.01018484681778644,-0.005673688537620481,-0.011534540562009681
2025-04-09,0.07852517116804532,0.01648513966270386,0.024880507853408385,0.045229073424184064,-0.004125040983235739,0.0011813121937239884,-0.004639842964692191,-0.017230189350595032,-0.016587570331087546,-0.006983506535148317,0.012510108787877342,0.015638823415318626,0.004643001363175138,0.0034046173189314216,-0.0075262730256601944
2025-04-10,-0.20676571363796897,0.014159195668370811,-0.046644692667474036,-0.0756358545835583,-0.007905141916861234,0.0035241445291517405,-0.013469250118306703,0.013395392378917018,0.028735787020161115,0.01583584398957457,-0.014215778841525625,-0.0358597884940781,-0.0030167107641109747,0.029354860896625437,-0.00657103714052593
2025-04-11,0.037686801887493106,-0.0014019150962568654,0.011906081809051816,-0.010008604929224894,0.011992107084300745,-0.008839877527362733,-0.0013880277323593637,-0.016394709103097926,-0.008929066882422163,-0.01191705772551628,-0.025117911936407007,-0.007079591890710987,0.0016673721596622284,-0.00597172514646335,-0.0010864157385221515
2025-04-14,-0.04279576679559462,0.010658018474223993,-0.018762224441230036,-0.013052972269122796,0.010415168213404042,-0.009684640717924969,0.0034754379366124435,-0.005297523094357087,0.0033030128036849425,0.0270048759112482,0.027100441868187768,0.011133557120558482,0.018835447913858248,-0.011706723525742065,0.012342984553344727
2025-04-15,-0.0015147358109451345,0.0012898035523134952,-0.002962215544198789,0.007453152520218974,0.008424817588234396,0.0002546183771850637,0.0010965833967211411,0.011974989696524035,-0.011296206936257196,-0.003558247648127037,0.006192497538747624,0.007360527980893515,-0.0069648811104454445,0.006899699050138271,0.006321993944416067
2025-04-16,0.033582377391070235,0.01986674095457763,0.001061514433452463,-0.0024292873488886094,0.008149642248758178,-0.0042591986639075735,-0.01051260874809489,-0.005242937789685,0.00789573579156454,0.006016444818870849,0.004733530819286146,0.006979736484416174,-0.005629087151621708,-0.004466890601031198,-0.007895516817473157
2025-04-17,-0.03371045351498579,-0.0061691156460854015,-0.017336986455351092,-0.013248214423854671,0.007204501399154878,0.002317355147588776,0.0012009196370676434,-0.008276149239291554,0.0037170368872782057,-0.002075141176891548,-0.005509138392786368,-0.0011584766100665388,-0.009864456873015476,0.0017221772873956495,-0.005202061229370003
2025-04-22,0.051859271619814545,0.011818584100649369,0.004790091981672118,-0.004003573422502308,0.010117384414095746,-0.01219760740541559,0.011562877456249924,0.01417060790973852,0.00801030744503181,-0.0018174331877849916,0.0043563648770187,0.005540134239782751,0.00230630283598492,-0.008394522187631766,0.0034938170157618915
2025-04-23,-0.08691637590856742,0.01982902163683286,-0.030362723665021497,0.00853663059072177,-0.006166657803903609,-0.011195147623417077,0.011283330335331604,-0.03582287674721689,0.0016250854798963502,0.01821031218784421,-0.0007285462454582519,-0.01475458009925239,-0.018207690398096638,0.009650991696596462,0.0067290168707764535
2025-04-24,-0.03069546110393887,0.0001990754347162396,-0.007199525657110463,-0.0006197114874728951,0.005026070223026708,0.0033824921029755864,0.0045713122849125164,-0.0027091613337983456,0.004304869331798784,0.013030682474094918,-0.006523525260481104,0.017733852597221992,-0.002282448006409129,-0.009443952911926236,0.006607310381169927
2025-04-28,-0.014306640848507777,0.024785368241035458,-0.0005360250279780499,-0.0052800028213965,-0.008068969384476116,-0.0018424784959822403,-0.011903623746371621,-0.008600417307063596,0.002228992389264831,-0.005597838036550955,-0.002679909376645509,-0.003734774874710957,0.0018587511116043255,-0.00479481780907267,-0.00200296702069262
2025-04-29,-0.051768661187651326,-0.0004932401280133521,-0.010636162208170543,-0.009732600800082095,0.0016498597417578262,0.014760777417293163,0.004751557239580776,-0.0021544672353670286,0.005426088763790747,-0.005903413047395243,-0.0034754841682149646,-0.0018913940273029364,0.0014583641507362887,0.007737224140753773,0.00583806311976211
2025-04-30,-0.01828721879613621,0.02372009422084451,-0.012409145378208326,0.007332027925568618,-0.014548733599931259,-0.0008549013392465859,-0.006895462735817789,0.014387479096279618,0.003393830088341926,0.0012837487994369423,-0.007590074909689236,0.006433201930130581,0.006039690327392636,-0.0007866492449747703,0.013099317215831865
2025-05-01,-0.03044762850593677,0.0018477588140452977,0.004107343560327268,0.010584406727045186,-0.0012891005176979048,-0.0027986667709095094,-0.007627828448439558,0.007351710361027338,0.007414924247493234,-0.003383038556045542,-0.0010975882158590976,-0.0035727518265124708,0.009522709437437367,-0.00931206216699666,0.006170207142480376
2025-05-02,-0.012969070860191365,0.008608084757625149,-0.02247322077994248,-0.01742988402082513,0.012943583802315146,-0.013180110299320003,-0.00119547190105932,0.010718205077063512,0.004174005158038501,0.002423881703151486,-0.004425981570834816,0.008624568206166795,0.0024070792890022955,-0.00882539101218771,-0.019856850891588257
2025-05-05,0.025980660643784133,-0.007171678217824963,0.005130122306207777,-0.004932778639095092,0.00235238936641299,0.010785525173422367,-0.0030514696306462668,0.008133694089392204,0.002191463119260273,0.00456260146466326,-0.0019645972125370576,0.0008601394978136311,-0.0037593440774502775,-0.010514388392091099,-0.0017863474003277941
2025-05-06,-0.009767502047307855,0.002620731356247868,0.017260496782582565,0.009068894713066503,-0.0012596002845818423,0.013933462341971724,-0.007722830040404168,0.011052502831242398,0.0003141335547868784,0.00701800547257095,-0.006645361776625448,0.0032636730695065,-0.0019157353738673303,-0.0011900240822148242,0.000955689412454157
2025-05-07,-0.021077860467112162,-0.0027241043325895165,-0.0029933058175098566,-0.004189524971449952,-0.011748849131594232,0.0003030014370098981,0.004197943658834255,-0.006172408312578872,-0.006087791723342605,0.006521392219068774,0.010211589995877188,0.0006955215960274892,0.013260094764645378,0.0036879840379579316,0.01196695893398287
2025-05-08,-0.01867879756770455,0.0053384355020938854,-0.0037832385199243744,-0.01941679059261823,0.0019222130284094192,0.006440966098981827,-0.006597609390137864,0.0130135466021882,0.005974591039388346,0.01570331441303699,-0.0014176745034832684,0.014176290832870073,0.009229967589539438,-0.0007896299821466719,0.007566969594452117
2025-05-09,-0.028144316282236476,0.005282993159367436,0.0012321784245215293,0.0001241630233975034,0.00432429410626452,-0.0050882931738463495,0.001130563281876751,0.006056583150989215,0.004339452555008939,-0.009162852451536682,0.002945256794241228,-0.005348448106181538,0.007664675201939223,0.004988995999770103,0.004803727525213257
2025-05-12,-0.0038411984352675005,-0.013813543184124422,0.006235961905812767,-0.00048760722686615274,-0.015527461240255567,-0.0036787558251063354,0.010905152403890585,0.00831574656788174,-0.007324655974545859,-0.015797269456093548,0.009438791490111852,0.002901217884255486,0.003083098193776925,0.004305449130824082,0.000577771072559881
2025-05-13,-0.07105973053065602,-0.012886881005646715,-0.012459167384904454,0.02070593403023521,-0.023490105600261917,-0.008375858251658796,0.0031376942706058415,0.01008777989272784,-0.009293407586683289,-0.018046212507908683,0.00844158730751816,0.002825565921726999,0.002034604273757302,0.003598569832803729,0.005400431531779748
2025-05-14,-0.006295105012791242,-0.00218627660648034,0.004380197821874432,0.012026683622585304,0.011505462678669804,-0.010665525140914886,0.01595051426183807,0.018308124189200838,-0.0033243554666140926,0.0016225723278368294,-0.003348087974676857,0.011635561953188944,0.026118035504905598,-0.00650448006567289,0.00324465716054424
2025-05-15,0.002267854853451744,0.020510541184513304,-0.010041987648637396,0.005170622092755978,-0.004418337725625207,0.009830823387083147,0.010036900784728353,-0.010548059594048417,-0.006955745830149488,0.004478904858199349,0.004709977201231084,-0.008255497118571677,-0.005338598267059306,0.006161868662885401,-0.0025537351301709366
2025-05-16,-0.005989546893000195,0.0025148794472794997,-0.004730678795771336,-0.0034533645516711463,-0.00682382053646035,-0.012932795573518868,-0.007608364046734021,-0.005583334532462947,0.0018373402481836167,-0.0067891656974952835,-0.008318072263790955,-0.005247704204112039,-0.00514977054424483,-0.001756465722923342,0.01815009491264085
2025-05-19,0.02881366920901573,0.026741207766789166,-0.018135644372338805,0.0146732375983606,0.007436018425215068,0.013043931993035161,-0.0035916806211973946,0.002149692630747452,-0.005151639327351754,-0.01471576744151198,-0.0005071125041498188,0.006406050104032297,-0.0033576486047554133,-0.010298251793761558,0.0017651798065883662
2025-05-20,-0.025940215356203597,0.008921565360162352,-0.0012456623458712772,-0.004291646012098101,-0.0055231242557182,-0.004675306527352743,0.0005550308330411563,-0.006168539943672585,-0.002723850234489884,0.0004581488957296926,-0.0009379292174278337,0.002310979477297192,-0.01456834682234237,-0.01010482140544858,-0.004055523390477628
2025-05-21,0.009939482971996661,0.018305043806379546,0.006159306734322193,0.0027299747995567698,-0.018654750314679846,-0.006061472605440075,0.005834810042209434,0.005916816059068535,0.004943032142494624,-0.004466979206449035,0.006038879166649819,0.006949692253744001,0.022664645382889165,0.00650227734234281,-0.016667542932303988
2025-05-22,0.026099245355090117,-0.00927901538658159,0.0028447640964487006,-0.018934095817889577,0.0012352122585798726,0.0042614814461089875,-0.000696652923739355,-0.005272275855223482,0.004748333904960061,-0.01040860069646898,0.0012383295906618816,-0.003024459140687311,0.004697950436166125,-0.00840755899124373,0.005929984484397694
2025-05-23,-0.018652362592234403,-0.005479663346364183,0.0048373988741594424,0.00261630260221196,-0.0010961304420545588,0.003914691543216815,0.004545625321314091,-0.000287898398287029,-0.0023988634761696608,-0.0020104262230964468,-0.0003414929302315437,0.016511184344488703,0.007401037321428141,0.0018192306760251658,0.004028285763113769
2025-05-26,0.006561926698696513,-0.0029538253905520583,-0.003624676030287526,0.012205672113407316,0.0016383250744223814,0.005350417301891244,0.0015777922360086162,0.004229726169702015,0.009908331519573238,-0.01458406842032352,-0.003765202198882501,0.0003670392559684213,-0.0022290219511049564,0.003032056291938268,0.008557375488707877
2025-05-27,-0.022580671898379142,-0.006391099660054371,0.004308072481531898,-0.008485502158670343,-0.004424724883668786,-0.0007522353024331808,-0.0014789420945378311,-0.010057007383328357,0.0006325320122970902,0.004738973909763316,-0.006300234270418675,0.012499897041931088,0.0016581699771356733,0.009508876651012261,-0.006837855039994052
2025-05-28,-0.004848755336851198,-0.011089711707344489,0.00019880789654669437,-0.0107510683448772,0.0059818748195703065,0.010300934812743193,0.0014840704857975212,-0.004985340021371085,-4.91172386977431e-05,0.008316799439636917,0.012850854792543744,-0.018577899914897573,-0.008210369408609836,-0.0013572620034332029,0.005005916924446852
2025-05-29,-0.010433853777443063,0.004326794474708687,0.0007220229907006883,-0.005630527571078239,-0.006312337713072607,-0.0029693651610413247,0.013575732293138071,0.007201782631971234,0.017252754509339524,-0.005713696762661101,-0.010408707661854713,0.006445686363157149,-0.009982862123389702,0.007679911685106785,0.004812749401213984
2025-05-30,0.0051433180231837145,0.005672484545393561,0.009549926161512828,-0.006736161292116929,-0.01823832980053952,7.519033274947358e-05,-0.00354691300810414,0.011404196303416549,-0.008550989900909755,-0.012531115487146964,0.005395582288523354,-0.011825497652445165,0.0007997358543163585,-0.013896550179809538,0.018847182407243902
2025-06-02,0.0028509646588507566,0.035972130241654146,0.01526369993727813,0.02121262641383342,0.024407771683974535,-0.006433136913029331,-0.018464185043362908,0.01602802737992332,0.025382860848631707,-0.016417917270890918,0.02096806948828429,0.0004646456378164848,-0.01582314970065135,-0.015277366289924788,-0.014801231911000277
2025-06-03,0.005556692069956803,-0.04792842140553973,-0.025225167379434556,0.015505087494727414,0.007308707989883504,-0.015944793143659743,-0.010272465986440642,0.013907052607715435,0.04618690140110769,-0.00998656067127767,0.014625305357223914,-0.04562926778445686,0.03698254104937852,0.0500327870535612,0.019464083376906315
2025-06-04,-0.05468915483841444,-0.011672036053271035,-0.01317255140955683,-0.009491703505548166,-0.011728875039981369,0.019421237989773386,-0.007696279590025254,-0.0021324188813827086,-0.013277071501825468,-0.0032965775133721635,0.00388160621419658,0.013590416363296326,0.0014011594251166317,-0.0031310963680024175,0.00724089359650815
2025-06-05,-0.008559507327371877,-0.019625168352388752,-0.007813292276833856,-0.009047881121007849,-0.013079350551963782,-0.010101700320225648,0.0010850242635169277,-0.01266241368055144,0.003318010860547948,-0.011670261869936225,-0.016767269577135476,-0.007262848047503164,0.0017633658852311762,0.002846834316554435,0.008397103728607781
2025-06-06,0.013178258744644969,-0.011605372471211113,-0.012927187531642707,-0.004979216757308259,-0.0008645050438012824,-0.001700541830575616,-0.005375519228553675,0.00031096763227200243,-0.002241137238466788,-0.003944829010960113,-0.0017367768348209589,0.009672487142563111,0.010648422816495879,-0.002020275394378303,0.0011855752421397064
2025-06-10,-0.026322204779076798,0.022121843982181543,0.0012952136550338485,0.014525045102040238,-0.01866265034212354,0.02470759007296171,-0.004836135554723783,-0.0010334269705019208,0.006416037188979427,-0.006630056566006476,-0.016410226927429054,0.015334509381458335,0.011095235992614078,0.017341084497097328,0.01727889312643262
2025-06-11,-0.0037824787670059663,-0.01032312154341757,-0.011577977716487772,0.005089857778022942,-0.0017356284132400213,-0.00023011695575615569,0.005374644645756625,0.0009531150613388789,-0.0035105265329863442,0.008748411639752386,0.004773562995452768,-0.009522725797966237,-0.018148707708178183,-0.00029711854562049634,-0.008424745617692924
2025-06-12,0.015909459167382088,0.01262611961268876,0.004363475390395037,3.17855945321376e-05,0.00647664909807712,0.006704551752355478,0.001826503958124422,-0.0021038169054865027,0.0023746221144072574,-0.001241990394055805,0.001629444513454001,-0.0008482576903691328,-0.007453137717801206,-0.005420302236140329,0.004640352283439996
2025-06-13,0.0355603504151389,0.002875112351931659,0.012691993260593145,0.009096883941994803,-0.0004494903191663303,0.013755515357942267,0.008860116087742311,-0.011453758600277522,-0.004590061728723366,-0.0031428267294132685,-0.006275110713096008,0.0020799499351552217,0.0031949812143547886,-0.0030889549678013535,-0.0015353151651792737
2025-06-16,-0.020678178117255627,0.01318872538763433,0.005507953871798632,-0.01722201092580508,0.0023093355131632866,0.005775792580012929,0.028841798595298392,-0.00433570847210715,0.005084384713294157,0.013457637788910546,0.011846435407318421,-0.005456875149463604,-0.003355089405314888,-0.005378544816686454,0.0036005056434289806
2025-06-17,-0.0038917838916518593,-0.0034907180659944992,-0.0006590228794803809,0.01776290097536721,-0.011197002291999191,-0.012796914507651453,-0.0016028372183245511,0.0019018156573862757,-0.004162514062730966,0.001321396457585016,-0.005292832739127737,0.002850859725504655,-0.004167872863572755,0.002008106086590233,-0.00017086865964471907
2025-06-18,0.004462791089917519,0.013193069869998327,0.00832640274222039,-0.014023494076445606,0.0010731576410174224,0.0040338803535321065,0.007560986646972078,0.0006027194848204329,0.011407936480103081,-0.005673938498827118,-0.004819918302930373,-0.006832805286744679,0.0008351671304587446,0.011207472610329158,-0.0005781381185581468
2025-06-19,0.019496696309512597,0.009858245476582402,0.0031250224201560266,0.00034975458776971997,0.0037325406300538783,0.0020420226018820972,-0.0023835942798781473,-0.008816295397451998,0.00598661210514016,-0.009637053978872748,-0.01257077546958482,0.004848600560532074,0.011198245611425834,-0.008255135627460174,-0.00244720975669994
2025-06-20,-0.0009333767592055453,-0.004920828314175629,-0.0052248443014148915,-0.008286113900381847,-0.007327246274288336,0.005940379343084612,0.0022396174557133,-0.011279725797174907,-0.004990725323770235,-0.008622333055976619,0.0068417616553469885,0.0029826212247617582,0.0134294259863054,-0.002171316313172818,-0.0009370254823922841
2025-06-23,0.013020517539868312,-0.004511780378973095,-0.005943582550722589,0.011717917143726586,-0.007107141265394564,0.008513791898650412,-0.007934063731191893,-0.0037094528130529906,-0.0031565281669652064,0.0012794729534534141,0.0070299346706617204,-0.008879354069859737,0.006882913988152085,-0.0034487850950293483,-0.002955413679423362
2025-06-24,-0.05037463509627065,0.008086065007479862,0.013926428317585834,0.008674474001564568,-0.011148907656892797,-0.006675822144531059,0.0021273805179991144,0.003503734750775936,0.008149380288210693,-0.001657170027624212,-0.0016171008917639275,-0.0030866499257981793,-0.00379640074026939,0.0023424540244577096,0.0075527433279149875
2025-06-25,-0.013482141218784978,-0.006623249042023578,-0.0032105089936984186,-0.006813655095517974,-0.014142178970572109,-0.0012068542762372508,-0.005861388471638255,-0.00022119436549214794,0.006531252566566598,-0.014237464550586597,-0.005649533198819803,-0.007912704518760312,-0.006510343375813597,-0.003615541390185902,0.006036649970245566
2025-06-26,-0.0060309248687896635,0.010706772980820059,0.005231926035285405,0.0076191200537480625,0.004588907966776611,0.005549807544520063,-0.011765728137344273,0.003798207434843592,0.010823569090056114,-0.006421044210754934,-0.006895789898930817,0.0041037720624649944,0.0008835270331295156,-0.003257498085978301,-0.0031308736761542144
2025-06-27,-0.023980053585561784,0.014474494455779866,-0.00830902241424291,-0.004614810717967741,-0.010674689903206665,0.0020071717996282055,0.003622554156640483,-0.001835138385515489,-0.013906956994712009,0.0006050541565281953,-0.0006730916935571829,0.0011027284599685087,0.00981038189807624,0.0026552586845597233,-0.005921630839499827
2025-06-30,-0.028177716025821083,-0.015881256759587934,0.0008737405159541764,0.006607189390115384,0.01932586040614005,0.0010857818756091564,-0.012455732353791259,0.01259864726006731,0.004261951976658201,0.007111153533878969,0.003919053153812151,0.004026829029359567,0.0044529944361587,0.005084392263546418,-0.0011009410932186431
2025-07-01,0.006416850367385032,0.004919579316011358,0.011550044233350773,-0.0023764187367556265,1.795038971016716e-05,0.013420151959810648,0.00014553873280867433,-0.01605815942034843,-0.005161283180897526,0.002184311605502231,-0.0028516848621723103,0.0002892043925573189,-0.006693188475355103,-8.170142533091466e-05,0.0010739014940687598
2025-07-02,-0.031707716822855815,-0.0010290372462201942,-0.004182994674677868,-0.011098298498196135,0.006237912615293206,0.007891894595288945,0.006774421480208257,-0.0037370487561035537,0.005260540885873287,0.008494953564862594,-0.01293631888870536,-0.0022525504803029266,-0.010492595209329401,0.003875366347580847,-0.00968914581082498
2025-07-03,-0.005555779469513576,0.025313401512640794,-0.012852258473446024,0.01888958095505415,-0.0050652518946164085,-0.022934556325557243,-0.0022212418456324053,0.004003309456149248,-0.0036930199424915966,-0.0041310023817695395,0.004951489989473037,0.0072412226840088975,0.005309695236524203,0.003446023770865573,-0.00679978438686035
2025-07-04,-0.019031674243718637,0.0056232990702332775,-0.0034528930318633955,-0.0027108135219505764,0.0006448411685641788,0.002215109433069022,-0.0010361097963294968,0.01098144191902125,0.009676211526596638,-0.005413739409349881,5.044373845036298e-05,0.0015050152170712244,0.007979935468014005,-0.008006041070594114,0.0061085784801961475
2025-07-07,-0.0029218123117565973,-0.0068731498046140545,-0.00250461176292378,-0.00519475377112831,-0.00030744939611930403,0.010604742131864015,-0.008060944873621953,-0.0041842407706037844,0.001289404427573226,0.019158456548356434,0.008866354353360494,0.00727386321420032,-0.008714067918686688,0.007310179069675343,-0.006521333404789035
2025-07-08,0.008155763033623621,0.019285167673832655,0.012032947278028217,-0.003718677456539779,0.008875488856188853,-0.011385445492551098,0.0031155843092629193,0.0052180590738002686,0.01766699937080635,-0.0052272947276930815,0.005014489859972184,-0.004297546511020557,0.0013859737356500743,-0.011060979083048681,-0.001951242153714581
2025-07-09,-0.004689113405982106,-0.011507995789435944,-0.01167326717761034,-0.0006061630906252715,0.009257216439766541,0.005071921956104459,0.00887650083543756,-0.01064831641761569,0.013042502799174469,-0.0009447744478234307,0.011461042672065162,-0.004063568844112684,-0.0062227173953320735,-0.010903295343488108,-0.004090861367880653
2025-07-10,0.0010988388254526123,-0.008414598423093432,-0.0021556838365941193,-0.02945216893759976,-0.0009037548835381731,0.0007352443243052103,-0.0021808262882871557,-0.006611248424826416,0.013140724631773766,0.008940682603726366,-0.0003476932377070483,0.014222319666756324,0.013780441509988908,0.001933799024553189,-0.01378233939048904
2025-07-11,-0.01089037106862077,-0.03496437620567266,0.00909583071098711,0.0067596105715155815,-0.006076659081978823,0.008294365562907231,0.0034454239923962897,0.001548048301317864,0.0065375162757173415,-0.012832018957400654,-0.0018663215461585286,-0.006293201145772152,-0.015156862885821638,-0.00021960767744035194,-0.004806095374864318
2025-07-14,0.019915265447348635,0.0017401943510494471,0.016803181810918787,0.0008780900804086413,0.0006068292010714296,-0.013579225529064765,-0.02079487180639712,0.004653380153531602,0.018688006584284506,-0.0013981339063355437,0.008789555549573932,-0.016371556956611456,-0.00816401688049927,-0.012980410774400685,0.016338961113589928
2025-07-15,-0.034448455768477125,-0.016553080165014368,-0.025832974221110413,0.00828347192443726,-0.009837030638830825,0.014802184483266244,0.003778182976375716,0.0031272924480893055,0.014499320344500945,-0.023915294840965703,0.003077080465434845,-0.013445465868202874,0.018220237922780925,-0.0013974259548610495,0.010431142160257667
2025-07-16,-0.002170352304448531,0.012717832337236721,-0.01720314806763923,-0.008091885852691445,0.013735895848429623,0.011783489766968719,-0.0027145618175674095,-0.0045427626712371905,-0.007311174603416749,-0.0035492544684486123,0.0074186954301630305,-0.00931565166332481,0.006367777761671522,-0.00639303565599855,-0.014580895261915777
2025-07-17,-0.03848834910189044,-0.02678309710338384,-0.0015599596023297445,-0.011214336835151509,-0.010651706270394249,0.011427821658253345,0.005037940029856152,-0.0005789551273013649,0.0015842126924768237,-0.008300124402664175,0.00678217909552858,0.0032433184242029504,-0.00889868064392894,0.006125149479972075,-0.0028960952487394713
2025-07-18,-0.053122185316216514,-0.027737337444851958,-0.00500955807002659,0.006963493773681303,0.008560752694325727,-0.005319734126378456,0.018438123493066567,0.001065977078520633,-0.004338089248512707,-0.0020951332155857098,0.009906545381840678,0.009418445078638945,-0.011683406694168407,-0.00936022924674575,-0.009739083180831599
2025-07-21,0.018932808685428713,-0.06269611697652508,0.0051567082273592186,0.036803944823044304,0.0031312162553134184,0.005128760061592331,0.014536479886990873,-0.006318783350960059,0.012718190540228597,-0.001574256290676064,-0.0012994629881398598,0.0013536519510474355,-0.0074386258744891616,0.012885027088470493,0.007443536583946714
2025-07-22,-0.008784187762805973,0.02793906250054199,0.02044552150782371,-0.015264820430252063,0.003485537834877865,-0.012444087955482257,0.0019339938082390026,-0.02296762212540338,-0.007712336916608221,-0.025617447130098343,-0.003187171293499549,0.010763624496504762,-0.008528573080676009,-0.0018874262108974254,0.008722490498128023
2025-07-23,-0.02756975739634085,-0.017832807966660646,-0.01715412010272253,0.03665884141936609,-0.007812379584529678,-0.018329505242028924,0.02793864634539806,-0.0323056207870105,0.004322052217866898,-0.0027307348239677884,0.005102604907801005,-0.014948198374439817,0.017034793664192617,0.010940648912669498,0.006792075244754712
2025-07-24,-0.011664338174649786,0.014182142013045353,-0.008820872037874222,0.00292027222492735,0.017202944496183873,0.012075432993945614,-0.005223115202910257,-0.010286090992238378,0.00736123343032109,0.013642145140714714,0.0019623094131049046,0.013246710858346644,0.0034262027588036997,0.006345399654530958,0.009462405750543232
2025-07-25,0.0015042701558638594,-0.0026734859172305434,-0.012223689667688172,0.0011777151983499328,0.0068103789945311915,0.010171556776813561,0.006211366345184404,-0.0008260340945670402,-0.004257497688391997,-0.00805896749993156,-0.004005903994429374,-0.008494962963924158,-0.009202879095305492,-0.0073731487050526425,-0.006896668880906279
2025-07-28,-0.014807433021505995,0.03998074856710695,-0.011368422891408882,-0.008301275502773398,0.013720508697312084,-0.00453598045873299,0.009211759235086688,0.006804807624023657,-0.01571494163208745,-0.011035401965356345,-0.0008054054634447883,-0.015335353689181142,0.012955368513087779,-0.004069721763994813,-0.006716504191356228
2025-07-29,-0.0011747495583590334,-0.004314074302524378,-0.0010240287847973527,-0.010816818814730907,0.0003007507367728665,-0.005063254904865769,0.0005679814054244559,-0.003053069963533264,-0.004471949814165288,-0.01152144633207087,0.003375776782390926,0.0006403377942707979,0.0010924950848748294,-0.002888420559500961,-0.008169852153307596
2025-07-30,0.01220218157273038,-0.030223957466111468,0.016583686246267576,0.007420000987612562,-0.008549745675075939,-0.003506380102356689,-0.00045670001304870056,0.0008523546928678995,-0.005446596337577906,0.007721204480924549,0.007016787498279528,-0.007633815014805747,-0.015100848859597893,-0.009345699177617111,0.0010365250389988067
2025-07-31,0.0074048538763365895,-0.03674798703412767,-0.03766504845599824,0.019678308978763562,-0.0076578574704051425,-0.00250548912330519,0.0014426300605002353,0.003963193585637848,0.0022099920293871395,0.009332859209613194,-0.0002535134095712489,-0.008445013013702164,-0.0016291195041789705,0.004232124590988402,-0.002863669389792484
2025-08-01,0.0013283863641517424,0.035031949866423044,0.022872203888999576,-0.005083313833621031,0.014028287675242043,0.00036364007269405405,-0.0058589567861277135,0.015511392695554266,0.0029885178460569506,-0.00880812622939749,-0.007072509166898877,-0.007375718484843821,-0.0045278516167355475,0.0047769653780042175,0.012435170554570463
2025-08-04,0.01909317838225133,0.0031474562608087525,0.0035005040530663853,-0.01820609267663244,-0.002338271151895911,-0.0036977632588553935,-0.005734602675243616,-0.008837578072176047,0.00360444990561841,0.006762448107833214,-0.004304257801442485,0.002204548847021681,0.007505377772249128,-0.0010896745312954262,0.0011275785010952805
2025-08-05,-0.01758209752791366,-0.038026323674589475,0.016864747604228878,-0.0073322502877500775,0.007826758179044912,-0.032087284684994805,0.018276297075325416,0.010822948010960471,-0.02352192839528479,-0.0031015251283719285,-0.014668811294047866,0.002721406767956246,-0.016678562710023635,0.014380220655056768,-0.015023911992427315
2025-08-06,-0.023738801349224632,-0.039771587516209045,0.0033681660122269388,0.013221050145693164,-0.013839619329052727,-0.025905683340252356,-0.03067673632424972,0.013138156131011273,0.008703902000652417,-0.025440997418319334,0.021799831799902625,0.007690575204881038,-0.01258070464225337,-0.024078544475470937,0.013371572486772681
2025-08-07,-0.006852916061514107,-0.00882086151641417,-5.4210908397211576e-05,-0.002291965913729386,0.0008876512215997847,-0.006313209560449795,-0.001386820142227351,0.00045887203744169073,0.0083412828807036,0.013952813371969571,-0.005340964062683069,0.0027226901693365524,-0.0016684919211543761,-0.015676295041062886,0.0012841083736323355
2025-08-08,-0.004357637438753096,0.023342614970162934,-0.032890265349379916,0.009760164174081962,0.016130615947896974,-0.021841779539628833,-0.0038695132306461534,0.016684964344436008,0.034465100298495525,0.00481973640250142,0.01946691240783521,-0.01020798642072232,0.0328464491874405,0.0037293573833083763,0.0020290507045826927
2025-08-11,0.020403594279685196,0.02730290854703397,-0.0008995804818205414,0.001608102208511873,0.026054255792592046,-0.037406589583636345,-0.03413915496473564,-0.020982476004608067,-0.0334360122580164,0.004004406805345041,0.007043164380962642,0.0009709083109944896,0.008444810680471149,-0.022699993909890494,0.024089197640598272
2025-08-12,-0.025390514048919573,-0.018069012578774073,-0.003336044371617653,-0.00876741550511869,-0.0032646139262646244,-0.016337169538704264,0.002585817617681194,0.014225657142217692,0.004133216458699989,-0.008371613823609349,0.009310921721912392,0.010544380979639074,-0.010418878499905755,-0.007584346931210226,0.018183957771237373
2025-08-13,0.023797535374758223,-0.01383737065568964,-0.016397003059955773,0.009548730118384051,0.012048939055188598,-0.024632519988814456,0.01580742222016805,0.018290373247492706,-0.007352158340164742,0.002872623552511732,0.01596543813298302,0.028662740903607136,-0.010267313047323713,-0.0029886569500326412,-0.005864455039035127
2025-08-14,-0.046133124025230024,-0.038706382395241386,-0.020677429055172572,0.014090744708341214,-0.005528023245334324,0.0053400515941209575,-0.005053406420699552,-0.011217647952942708,0.008006280908365682,0.0036093051884677017,-0.013378201373835328,-0.005629908019384901,-0.0005943130868811833,0.021842606233989988,0.001900822621174538
2025-08-15,-5.007797079980463e-05,-0.005389066949998247,0.00611777818878585,-0.009892343367367109,0.002909381143536411,-0.028466530885070555,-0.000389498005119972,-0.01663159907548257,-0.027378602713434286,-0.02748607366377042,-0.03349609978831834,0.025862806473550135,0.014774664429504591,-0.02104243725660867,0.017550363113298308
2025-08-18,-0.026315982592133587,0.0051442655611076615,-0.0038004388261684073,0.014459917045282138,0.0076053298197257015,0.009767170296942622,0.004208496443920507,0.004195188915687336,-0.004733088385915499,-0.01051489721950768,0.0023719713600345318,0.004671571397806582,-0.006519663267430923,-0.015733017296837033,0.001041989860492834
2025-08-19,-0.009938040418422311,-0.004450975262256379,0.018779036005182513,0.023664931539232596,-0.005166983374044362,0.030803659967270365,-0.0562460295790876,-0.014933476469298775,-0.02011018953039402,-0.03248350035535179,0.02759525311871462,-0.026254184724777162,0.008363815271227064,0.021830011255934065,0.024714076997467742
2025-08-20,-0.03819569039244216,-0.015060315830871569,0.051559134853449616,-0.018165906000117717,0.028878263574486265,-0.025172572204999265,0.009896410538831701,-0.010665677918180452,-0.011043970560087539,-0.005174613532283493,0.005392607969723246,-0.016717460057733585,0.002624492912631837,-0.01831810989090338,-0.02109900975595795
2025-08-21,-0.01913175023727585,-0.02802373603568871,-0.02918903129837596,0.002580016736857409,-0.06335321102887734,-0.007159300969244653,-0.014572104795133307,0.03550715291956191,-0.030177186108276424,-0.015266519380544765,-0.011926173941258056,-0.015591088671927657,0.018662036752099258,-0.06764595309077913,0.0012928228999964713
2025-08-22,0.0010787456241013354,0.025777784770786218,-0.005722058442461343,0.021388590498046856,0.020102729067781412,1.3112174969995435e-05,-0.008641184033133612,-0.013606957740000208,0.01103703897189741,0.014885195919193092,0.0019213453255433027,0.002716910332303156,0.0015026592885495232,-0.0020382981931349083,-0.0022821899102024633
2025-08-25,0.055206431591782894,0.006010313086828802,-0.0272555100105647,0.016715399033955504,0.001300644912890609,-0.04878798807465195,0.018503263127041966,-0.01344216308449975,-0.02643005495597428,-0.019140259707151316,-0.029910287931914945,-0.005461298839536759,-0.05923131318101269,0.005745009180872346,-0.0029994916875969242
2025-08-26,-0.0172062031756543,-0.0020928216026764607,0.023964665386535165,-0.039911129779371904,-0.03441143695099253,-0.015603054895482743,-0.011568210086960922,-3.8827504788119574e-05,-0.009266416579083522,-0.0029106903302585888,-0.008063059630904814,0.040506140550338146,0.012534880048997032,0.01145106439164927,0.005310893583845705
2025-08-27,0.008715115148630059,-0.024164073153592844,-0.0049195814635189265,0.014857058499543538,-0.016606720356689704,-0.0024361989409912147,-0.003676676693599115,-0.0005369403959809595,-0.018585254312263325,-0.010839503759433286,0.01575236612579081,0.027549825064201585,-0.0025195476469366458,0.0008520213755939175,-0.017698578154135024
2025-08-28,0.03145681322108639,0.039311310279260575,-0.00014565499319460224,0.03152391154596292,-0.030669825430740996,0.03303835656073492,-0.019085876390219282,0.004926242202867226,-0.018844583924436664,0.013079025055766857,-0.0033771167102705163,-0.01577490075331435,0.04021376372416799,-0.015547624188324923,-0.000108271444974032
2025-08-29,-0.0010626255675601202,0.005778047258167643,-0.0014962958583939364,-0.0034583334833546498,-0.018440737929833275,-0.004093387369346949,0.012264738396157764,0.014559387558722284,0.004161466120272236,-0.024211620222523093,-0.02711186381466488,-0.007868899817534266,0.01909011533067407,-0.009057383227972605,0.031071982383930795
2025-09-01,-0.017121279324926533,0.014800057985560534,0.04159182750806996,-0.03289992249111042,-0.012678412093335131,-0.002489510350545881,-0.006761284344905149,-0.0014695681488043951,0.00940560039911412,-0.0033579124863575456,0.002621982058946217,-0.009892783934634431,-0.0009503984643016764,-0.018908082442054743,7.770420479411228e-05
2025-09-02,-0.011748192706182084,-0.016755088865662054,0.021472717838141087,-0.0024115134084033004,0.012939117257906918,0.004021988430767944,-0.010299871757153379,-0.018181763693110416,-0.01280656952651514,-0.02247055741854107,0.005957963146951704,-0.005511352999465008,-0.0021407115899980344,0.018578795939219187,0.008461209644237386
2025-09-03,-0.03668725801380037,-0.034072247829350595,0.03922901193445019,-0.0025376532008921818,-0.001985976680795076,0.02494022328140342,0.0031610970104786087,0.0012817321257221563,-0.0006690331252366677,0.009746164264473786,-0.006517315688416426,0.022918886538588232,0.017731746026539374,0.020273830312368332,-0.010343462238154182
2025-09-04,0.03418685357868554,0.003252421343010454,-0.00556669506447171,0.009182769011212523,-0.00808769224121081,-0.0163562702065669,-0.012272337239295416,-0.007216723889851857,-0.00761413103694492,-0.017080010214340795,-0.001964108423326458,0.008736432855579498,0.004126536162662563,0.00717911312122682,-0.015866879409552073
2025-09-05,0.022231175783806973,0.013997236321416055,-0.018161448198204276,0.004637304969078506,-0.012668196587293509,-0.0017008366888133066,-0.009007811398085342,0.0083324338656691,0.003312581349914238,0.00453433898574885,0.0014774676891865068,-0.0011082380541946931,0.0037543284523993974,-0.0204101743922456,0.004141675930046365
2025-09-08,-0.02585331022092132,0.004009558109528321,0.008942642586180261,-0.0004934667793778337,0.005836967172578348,-0.0027636734485511033,-0.002037056321574904,0.00796852503919602,-0.0019148001917520176,-0.001471956578364094,0.0007204009452319044,0.012061084696192754,-0.00029175407816603227,0.00808867181998746,-0.004495807433598564
2025-09-09,-0.012761510166584687,0.007581077596224251,0.004147614260496274,-0.015196435190413768,-0.004532044162710246,-0.0031970405222867507,-0.005082782164016497,-0.0028246927817914273,-0.0029048088217508523,0.011587004151831231,-0.0028694941153818163,-0.0036640531904396307,0.0024443032249411144,0.006893783938277955,-0.0001512939608060987
2025-09-10,0.031570776503786396,0.0105511449903446,0.0030745449854004164,0.0014407565923749035,0.008971928053111568,0.0025202105690438096,-0.0002783293574402008,-0.0008611654964911903,-0.005030091850144084,0.014794652747750124,0.0042444226898320815,-0.010600091553378788,-0.005062206592216519,-0.0027869570212590918,0.0057432425958904455
2025-09-11,-0.02181044192921978,-0.010336887140153992,0.006396036225846104,-0.005019158344766453,0.00469400352987041,-0.0025979186198547203,0.006721822332786453,0.006376616512563373,0.0019367455963879628,0.0024658291044515053,-0.015371829424812458,-0.0031029241949882018,0.006292009153294231,0.007306597265503584,-0.0023013383434665013
2025-09-12,0.00188586052189154,0.0029889471873064508,-0.005704110181694871,0.010222815402548503,-0.008199336361898714,0.0038042584239243137,0.00994741769784865,-0.01212749794492739,-0.00346253222414284,-1.9331086011132497e-05,-0.003918963696400013,-0.0074638089346679695,-0.00760296937784447,-0.004838266019288993,0.004267967763719757
2025-09-15,0.002507394610308888,0.011542921764361315,0.015539836047178752,0.004655326275116216,0.012139347867253212,-0.000361146773972774,-0.008025626752988613,-0.016511777891267135,0.0002847331368350482,-0.00684433146552414,-0.004955441953729391,0.00812988116407569,0.009236210622543975,0.015365495518870858,-0.0016119019303306894
2025-09-16,-0.0018339891116413306,-0.01950956092647956,0.0006517861239202702,0.004438550265491081,0.006055067679534419,-0.0011795927437616366,-0.011143993539947857,0.0123965828626305,-0.016008626405757818,-0.004460052634224226,-0.01377548722652554,-0.016790406205964857,0.018744396592900954,0.006393848089403207,0.002836186629168305
2025-09-17,-0.01887800875795899,-0.026581034662339888,-0.0005133856001013244,0.0032080062843780977,0.00861611417810615,-0.01221466659050393,-0.008661689412015137,-0.010946199827045337,-0.014844202088990862,-0.0007068101142159369,0.0023048869646546156,-0.009826983613387458,-0.0004918031109243892,0.002104269479321594,-0.004796137014413908
2025-09-18,-0.008870909020373451,0.01379979976252839,-0.012118748100860877,-0.012221573650439837,-0.0005475614486785733,0.0055499132163678395,0.009962250851168166,-0.0017263833141100274,-0.007680786045119683,-0.0004698970157443968,0.005404320397735557,0.011576152755495039,0.009646304504872374,0.002677969043194019,-0.0070142248143993035
2025-09-19,0.012627235182254488,-0.02050519928913367,-0.0024327102830053386,0.004073787776401001,-0.001935429969016417,-0.000368504367884427,0.01243499303316008,-0.017106291014881096,-0.00408669678177449,-0.008798548627328122,-0.01056006667270795,-0.0029376211487444318,-0.011328607288358805,-0.005399569893380929,-0.004266311935030064
2025-09-22,-0.006026287728880676,0.004877190973416405,-0.005743974995479521,-0.0038243532650338195,0.006964682669814285,-0.046993588281915036,0.013510793898048608,0.017537633926847304,-0.011009119112596215,0.021915196153824496,0.03521747230617287,-0.022410105460671854,-0.0009862434136902452,0.025412880874512475,0.027570378643624646
2025-09-23,0.009152967966883868,-0.019156501268354532,0.005222146370427379,0.00037366090685454626,-0.0065900218258027575,0.0006009723919708182,0.0037136448560871668,0.0032279481606485136,0.0022938431062519515,-0.010946040376753034,-0.007763771634641878,-0.0033828909096114902,0.004224723013321519,-0.0032617390975230474,0.004656837446508917
2025-09-24,-0.04173626415111429,0.026074095532429325,-0.0015258015021950184,-0.023178455147086597,-0.020970540417496974,-0.005470508462441822,0.009730571946100565,0.0038782304957680237,-0.010803710201524075,0.017167686472557713,0.0028202903010492173,-0.004798827985862759,-0.004826315312962383,-0.0015340935108157636,0.004993232742592995
2025-09-25,-0.020476944853983665,0.006766061097414236,-0.01618310641922614,-0.010432498247208124,0.030281148976120015,0.005135659975736923,0.015281920291848848,0.0076197610883853815,-0.01871776826852159,0.012166535723929532,-0.017216526715117225,0.009714018087918998,-0.005928393201438068,0.0041639108560738896,-0.0019397515877802903
2025-09-26,-0.0020225423519592937,-0.005000842719278337,-0.011757901017874708,-0.009449434255163378,-0.017821885510644057,0.00011495636714613667,0.0009361620949772153,-0.010870817169403045,0.004410159205522821,-0.00682309978185483,-0.026225812107148194,-0.01557200971664543,-0.025893141573545567,0.0020493002875431295,0.002851111584786049
2025-09-29,0.027322583407583922,0.029925547445813352,-0.010199169313907257,0.010777261202173085,0.010381864295508234,0.00797190102486416,-0.006002594849589052,0.0007936704891964062,-0.0095243998426912,0.00014283711661757404,-0.013363009965906593,0.014007875537783022,0.005638086251731782,0.017004556137540556,-0.0027741089652930477
2025-09-30,-0.006805615595592758,0.0017542387971012734,-0.006555108481539912,0.0023804483205186345,-0.0032654888692236457,0.0003393132450192544,0.016101650196226877,-0.00023435576660706288,-0.0032726938889607727,0.0037507795200245803,0.014052737117706441,0.004561667800218009,-0.00031433373384255235,-0.005992652967872119,0.010083093022739104
2025-10-01,-0.002230727011467727,0.004644165583548462,0.008063208787681778,-0.002977752109265457,-0.0010295253552274023,-0.009001943323904011,0.006241697345913391,-0.004430053459981549,-0.01695139644303587,-0.00945276646502051,0.00873333147895511,0.0040928617162332885,0.013959709453352127,-0.004884234364223513,0.000749863186548445
2025-10-02,0.048457344008198025,0.011857111836547892,-0.00937832817752912,0.019385952686770454,-0.010610275924722147,0.0029890379939749617,0.018236660334291648,0.013328232187820718,0.006749986053881317,-0.00030824082841491825,0.009056390774374895,-0.016446954923796445,-0.014923384398652394,-0.01735861253886799,-0.009169889750591492
2025-10-03,-0.024334512112285822,0.015613807908559912,0.01728491210176851,-0.019078539319051638,-0.013677595300039177,0.001009950710556414,-0.002746068925514863,0.003253835636737091,0.00047887043116425637,0.006163651588598797,-0.002724842664405136,-0.013807745712280786,0.0017166061822241783,-0.010580919490144716,-0.0006288670276589866
2025-10-06,0.013272370630521328,-0.006834510260489927,-0.020908467819486763,-0.002165471828032146,-0.00407517100655632,-0.01698288965709092,-0.009406476441276602,0.0006155641461410601,-0.0032005724763079857,0.008185518274204,-0.021589300152429713,0.003053827011521947,-0.010442549488455813,-0.01045190284449685,0.0003668026812459653
2025-10-07,0.01196020283396549,-0.003940568298086803,-0.01319362137193079,-0.009285893882419476,-0.01647598116915581,0.006399897934823588,-0.007443253141192642,-0.010114798012024289,0.006155258643866907,0.013980515076999312,-0.0036228308041315713,-0.014519619550971561,0.00020457354473489027,0.012223468257027593,-0.008030407795270537
2025-10-08,-0.02570187919859625,-0.000705506394442,0.012525139570309332,0.006807034327294185,-0.008656326334379025,-0.011786819840545715,-0.0015641289813508705,0.002072819831805392,-0.0016402814226908714,-0.0001410131025520896,-0.008986493380403344,0.010608334971131552,-0.00829568397410425,-0.012037130851911881,-0.009734921989686441
2025-10-09,0.011018960060857548,0.003848534800003971,-0.004907615284937675,0.013975598612378093,0.01413275649305871,0.005763426513296974,0.0026477532441862503,0.0007797659420136703,-0.0067296644215797926,0.004909672514225153,0.005704791148560548,0.018279221984738147,0.009121667718325252,-0.0028225195702409386,-0.0027089962741982014
2025-10-10,-0.01734406575746025,-0.008660700322319113,-0.031808311092732064,0.031608236802034874,-0.0033801773457122434,0.009787003472119011,-0.008665273090521215,0.0018049804250429282,0.01508513582089991,0.004338648865214736,-0.0005867566055015895,-0.006837936050678605,0.01794918309163909,0.01566537255547615,0.008143955388965042
2025-10-13,0.040905853631964674,0.03268031269409637,0.015185039296816328,0.035064142571727706,-0.009917764077420291,-0.02195724550226049,0.0010242522512635107,-0.0010291345100847068,0.008787482159147807,0.0020297879246318996,-0.0073797046092803475,-0.003659156060989128,0.032128084304391485,-0.0007577864615675757,0.007872857736075971
2025-10-14,0.007497758173819408,-0.0030579826682847087,0.02450692926542829,0.0004334830986482516,0.008958133261873107,0.01249772372057903,0.0338613616400143,0.0064821638269383615,-0.006561195983962614,-0.0008437424211365185,0.0023710808987730102,-0.01865021146984585,-0.017601967034746032,-0.0058056097118314295,-0.01818529586976079
2025-10-15,-0.024733411922795462,0.0006659966269755005,0.008029962968995724,2.6224281248957756e-05,-0.0022584045585171734,-0.008136433856835195,-0.006209509598703508,0.02892674883288253,0.02453996852924649,0.0027234706440210374,0.0008492672584691452,-0.001301826682124745,-0.010629923840127741,0.002435379856504408,0.0066420038523152935
2025-10-16,0.030020012111741427,-0.015741926330781128,-0.0121897357721653,0.009638074374033355,0.014323233328578204,-0.006197695000625785,0.02628956035309247,-0.0068424599136559135,-0.004425671632468509,-0.004672930819446649,-0.015066678041715667,0.016726092716061465,0.011570126605229342,0.02314546880974654,0.0018158373969676279
2025-10-17,-0.03242365106139348,-0.021673365026037644,0.026566914792634705,0.013755339300061722,0.002311359084266008,0.006775621903696623,-0.006894759365500472,-0.02009161447392651,0.004623663629068103,-0.005070132116947077,0.02605503605824576,0.0009179780050257184,0.002957027856156804,-0.012772038585673499,-0.006981171737046064
2025-10-20,-0.03371507847564614,0.016250306775462423,0.0025407687840313395,-0.01226228667930181,0.009668516788689048,0.00047027512074344896,0.012292044703927585,-0.008208788263488462,-0.0012793037584944542,0.005746850317044327,0.005218114902346364,0.010985783302171152,-0.008014631596659355,-0.00031529118881385137,0.008635459962414101
2025-10-21,-0.011015010135528488,0.0028441909832476334,0.024302618203807493,-0.01483885219494966,0.002664744183628378,-0.0015964890388260786,0.017437043275229942,-0.0034975589764652034,0.01870777684330925,0.00783003273702436,-0.0033695050331709166,-0.0003580859369760835,-0.009495050638715235,0.002794803615352128,-0.021570799164626855
2025-10-22,-0.01248140831993656,0.010885801562194425,0.02721268502109138,0.02177034532242777,0.032112125454123945,0.004466234844782995,0.020237847904865488,-0.011536708963855988,0.012935125591100691,0.016274759639838196,0.003864928795380097,0.004351247460195716,-0.0041915182624773575,-0.010203241423538843,0.005291840179241985
2025-10-23,0.01654118682920468,-0.008618554233688803,0.005813320009760343,-0.014119244536810417,-0.0061253340601407635,0.022813262653114022,0.004989919816612394,0.014863231981685914,-0.0027197801731763315,-0.026002175950901422,-0.016306821430592817,-0.006602119860813352,0.006030896704460365,0.002884440042597575,0.0077270957161576954
2025-10-24,-0.009010621897962139,0.022560713676951085,-0.009870566729380408,0.01252617334355986,0.007289041271671158,0.024056629149433215,0.0026751902134293792,-0.0035656762812311905,-0.006838663712210603,-0.012362202810048982,-0.007361613746130063,-0.010281657443956867,-0.002730535102515857,-0.0022848228783458975,0.008168163313031907
2025-10-27,-0.014375202732085547,0.009129209097046698,-0.0083651990339224,-0.01321234217743763,0.010654322550780474,-0.00043286562464590406,0.0012378508791441897,0.005356145795325632,-0.015898347213171876,0.0023458924745146346,0.0042444375062883725,-0.003469279497593809,0.009207818656359088,-0.00792414417833155,-0.0031264208387141433
2025-10-28,-0.042868750185441465,0.011094742488721629,0.006682803630018724,-0.025998098807597604,0.011378603198386458,-0.021079538125332968,-0.009650631193519998,-0.0008199883629925011,0.004615893439605629,0.024136269422718196,-0.006337413491626466,-0.0037962951454523887,0.03274581945216179,-0.02689788896803656,0.005564831808305422
2025-10-29,0.04185918333762503,0.014740517482321785,0.021310401573366312,0.015678813317670955,-0.007452968555611303,-0.011237511848598948,-0.006268589777514719,-0.00929799391173706,0.0027206048399108676,-0.01372366843652075,0.00663620870014405,-0.009056481284933329,0.0003998398970312641,-0.008831011397148866,0.0009388821531904996
2025-10-30,0.041058474180374165,-0.00723781128691952,-0.017620776446608553,0.0373023702594463,-0.003973687374875271,-0.018774073392730267,0.035886438178316715,0.01904642882267354,0.014045211418695497,0.007031700138982825,0.011506413703222374,0.019127260225308088,-0.0002739889966214609,-0.02437566133725346,0.00027116435181178777
2025-10-31,0.0250494899550899,-0.0001596465304630249,-0.00046552533704195126,-0.016185819137269037,0.0074319116843621705,-0.006170378761491261,0.005079639143906273,0.001760730142308319,0.014929556871556419,0.0022728325515641553,-0.005152111004653095,-0.009787324569489194,0.00869546688353655,0.01042723059333684,-0.013488901957194172
2025-11-03,-0.0187200132553943,-0.0029956920707100267,0.002289842804371836,-0.010137293447149934,0.007017038370742979,0.009756242711351507,0.015397880625403546,-0.004995249573224931,0.009475058279791228,-0.014089089423965691,0.008132343656244568,-0.009232534436861574,-0.011127439957722399,-0.005660837641723576,0.010061881783036679
2025-11-04,0.02836833671867992,-0.007274150587883943,0.004151786711711938,0.002719231445518028,-0.006224383204547861,0.03267117851521616,-0.006367722818654586,-0.0030051597995155712,0.01649429210473146,-0.00172467800438302,-0.00027191677073508754,0.008847864523484078,-0.005737688882445333,-0.0011476518149537195,0.0075684205381754644
2025-11-05,-0.006666501944212207,0.03916063550315483,-0.0019535716888413658,-0.011750458846091555,0.00935160828959219,-0.004127460817117041,0.005488077661312507,0.009484482261062306,-0.015349615326393546,0.005136702342992256,0.017975562082917708,0.003972773470532652,0.008854509738762499,-0.01060501451527699,-0.0030632651548621968
2025-11-06,0.011275777328788423,0.010442472925113402,0.008590972750158054,0.0018381362603797338,0.005201824244823521,-5.165368218096508e-05,0.008305197902281606,-0.0005629874312284202,-0.01602416916485378,0.004679787456535208,-0.0013741620064362454,-0.019550353521337206,-0.00692868200760209,0.0020696659776525527,-0.007423417521815351
2025-11-07,0.016691707356104295,0.040491972357310814,-0.04202534112632474,0.008696591879022457,-0.006628696272567533,0.01495010818298394,0.010646646050836253,-0.008136825191390007,0.025341432222507437,-0.018317168248597672,0.010043269705687157,-0.0033525398679702255,-0.020375083543048816,0.019453630702875115,-0.023028483940467047
2025-11-10,0.0027104414586544517,-0.05494027189178886,0.0009944552162802823,-0.01372681351285716,-0.006675996510229741,0.0038554563138376865,-0.008951429344481171,-0.0014915879176667763,0.013651364216368242,0.014097200640497104,-0.020406830031874143,-0.005471339839339675,-0.012918130864307011,-0.007176756950743076,0.004894476105357055
2025-11-11,0.023214336088892867,-0.0006867885040100987,-0.005002099991510917,-0.002756293925660332,-0.017355172322021887,0.003701287698224102,0.005638959385754836,0.022362700549441505,-0.013901260182553552,-0.010672269360077757,-0.006759361415739773,-0.015912878307993986,-0.014296346776866468,0.005460846821600734,-0.008147454229569763
2025-11-12,0.037435657407793595,0.036636041251958254,0.001041478213433728,-0.010591926557759347,-0.007568878122650357,0.019048214503661478,-0.0012989128813323358,-0.015729918322085847,-0.0066091409494116425,-0.0004191548669311033,0.024319654223301516,-0.004952978355951453,-0.0011205917829157654,0.008244508799835843,-0.010447640979555608
2025-11-13,0.03836971799375821,-0.0014777283501113845,0.015036431207246643,-0.021864631428069416,0.02554734043930839,-0.053221893918262236,-0.01612292087100258,-0.01818378464075421,0.024218637979675273,-0.0021145668674831014,0.030985395704975747,0.0012103686232244587,-0.016458696941801607,0.007712915704662643,-8.225114375903493e-05
2025-11-14,0.027852960390229893,0.03666695604537147,0.02807873240744217,0.00729056334325344,0.02810097294785623,0.006139836360582809,-0.0034260364171386313,-0.01511712118422306,-0.009854194483716406,0.0014843202452439496,-0.015967700604089446,-0.02282902224503988,0.029283200068882066,0.020703053883095648,-0.013972071341740682
2025-11-17,-0.011855483665368772,-0.018156649050470083,0.014601859549182536,0.0254894219155316,0.0047412013916272346,-0.009745270546195003,-0.015501017936683665,-0.0008392302887047286,-0.011421823377138818,0.024103152823381074,0.006504777412453275,0.002000313870625499,-0.002451237438023269,-0.0019278657825598346,0.020143856174739124
2025-11-18,0.03899772715207853,0.06082499674114003,0.028533792750851113,-0.034789401155559375,0.05112159124542745,0.01832051420856353,-0.014655087567206973,-0.0034224898050831372,-0.04160634812080526,-0.013143934004972019,0.000873178329351966,0.011267355834652876,0.018091536231910222,0.017470739760907652,-0.019105112274579093
2025-11-19,0.021075791330957872,0.011875638806437284,-0.006577835165183881,0.01402968621008312,-0.0012913817910640618,-0.004466349948188583,-0.008875049563992134,-0.0017367565260705872,-0.003155263288193031,-0.0030644949606591053,0.007242125661492342,-0.004068695787790017,0.0001539902543015348,0.0031424173148142803,0.004236873598107409
2025-11-20,-0.008047754403073032,-0.04202670952867226,-0.03683544280918835,-0.012184013103440796,-0.031639941377911374,0.007874539605388954,-0.014158027214011337,0.024985912718979417,0.003298780734541854,0.003145886710545361,-0.007015418875409931,-0.00013381812786735436,-0.0026067287474704584,-0.0008546255673919708,0.0011901158743653948
2025-11-21,-0.01475251639915509,0.07130015304404513,0.038971394812999244,0.020568204690753152,0.0003593691185630253,0.0406865709474963,0.013649023502077225,-0.018955992080322878,-0.013237206845294974,0.021063125803697992,-0.007709192015633057,-0.004166831020122495,0.00330752893659141,0.018214309406610382,0.022388055790496398
2025-11-24,-0.023925973894594225,-0.03445286016918477,-0.03056918690879048,-0.018832820971545632,0.013214886286980967,-0.005643335148775391,0.009940069396964825,-0.0019414467011470145,-0.014802378433664746,-0.01146880058732443,0.002789634264628141,0.012004344062229177,-0.021684642557309713,0.01957620942225289,-0.0353410930008183
2025-11-25,0.023411870040163082,-0.03165916098602867,-0.010049376548230186,0.007442343075334809,0.004128835041306079,-8.505416247065974e-05,-0.014033197608200904,-0.012276620921164943,0.002406532090363172,-0.004495066675789584,-0.0020985819894136313,0.004339473853800592,-0.005542352215837028,0.007164592353783339,-0.008630420187340742
2025-11-26,0.005286529688208044,0.00480998818673797,0.016166676413816267,-0.042435294367034054,0.014295515301064139,0.008786658950190797,-0.002240525263230624,-0.01656836488737049,-0.0012344996814439883,0.002853050293351601,-0.012217757059551044,0.018491526367231854,0.010692417882764298,0.010894193318702351,4.7803853464273486e-05
2025-11-27,-0.005098428775761284,-0.021187935363906306,0.009430833792411627,-0.012406298920170637,-0.012331238218635736,-0.023053497211191144,0.005091267222747575,-0.00459873423923726,0.009171586797191152,0.01418797145512639,0.009786321310076127,0.013524735952326956,0.0021277406013623166,0.0037847024280948842,0.003903346838796493
2025-11-28,0.010870496965239215,-0.007546540008473722,-0.0025264280770380316,-0.017876634376647032,0.015686444728575315,-0.001832998258510727,0.004131915591391911,0.0049033118964549385,0.00036845402131214036,-0.01026122146939691,-0.00583035736968415,-0.004781279643601968,-0.016685492517358614,0.010041866242184718,0.005559551461758408
2025-12-01,0.021088630140845232,0.02609273271503046,-0.026741015008149346,0.04018082958095682,0.00531725236109957,0.010866346264601996,-0.02391816280324207,0.02107984161475498,0.013628553916461329,0.011382252728963677,-0.007745992195702805,-0.008966739844945896,0.026969254456513537,0.020119883746637243,0.0057359923722878
2025-12-02,0.005032420718001327,0.0153095135550648,0.015643258817213145,0.00373633925733252,0.010308117189234717,0.00952275189080734,-0.007732181590345126,-0.014474573442253363,0.0015576648319264527,-0.003576181566165961,-0.000833921153533648,-0.005397844288040903,0.014492038020452963,-0.0022851321063841476,-0.008257861536661214
2025-12-03,-0.0005081349587448755,-0.00430027817269882,0.0014764835260042371,0.005676343415830788,0.011588482410892118,0.006230209103059239,0.004172526235554105,0.0033438430212438456,0.005109467918919723,-0.004328146161472559,-0.000977225006359639,-0.0015354694449627496,0.000982245506173944,-0.01290726187101936,-0.0025503407461430205
2025-12-04,-0.0019086391841641186,0.0012439040167878548,0.0224544629653157,-0.002043533104301761,-0.0013933849334790526,-0.010386336242221315,0.007558648476117482,-0.006978962819464558,-0.004562792055893522,-0.005037232314194394,-0.008969688985757382,-0.007607189384513624,-0.008176123467542465,0.0003698822932897815,-0.00893324616251585
2025-12-05,0.013321426308758101,-0.004987972352563444,-0.005939605755481007,-0.0034622272773881077,0.014817495857370593,0.014844680511164166,0.0028917510960661864,0.0015805785310477767,0.005418186356365222,-0.003307993188581851,0.000793623622241812,-0.011768967763685245,-0.0035401018027507586,0.001221601012025988,7.100733573413867e-05
2025-12-08,-0.013525910931443801,0.0014236117643065317,0.004539319499522381,0.0027793959684891444,-0.0005121573888360008,0.007956053136604356,0.0019496600336601174,0.008960169305285653,-0.007734370540731337,0.0009118649882498412,-0.001090614528334713,0.0023866810784756213,-0.004307097657834874,0.009652253889500485,0.0030423890605812565
2025-12-09,-0.005616997409766191,0.01638172078741606,0.005165489963653096,-0.0005977687086435952,-0.0026697136467620825,-0.010001555980161432,-0.00184252689304073,0.005407790280395905,-0.005466830686408677,-0.0005155017050073898,0.011362008515803018,0.0135476473422781,0.0003384983145171411,0.0013394786081348227,0.0025635034971742817
2025-12-10,0.04379231266750996,0.018197986066737757,-0.011649541552414931,0.009664621409901993,0.00434630375131833,0.006484373243694906,-0.002283833000632375,0.014081577814716742,-0.001766902756519547,0.013412489957597962,0.009226567438889608,-0.006659508832485661,-0.008735776844598678,-0.01804855229037652,-0.0057682943060234125
2025-12-11,0.00942930218888755,0.01129570710138571,0.004332982754259368,0.003171900654476651,-0.008692206723000523,0.015686570956335952,-0.01535650883458849,-0.0018565068219797906,-0.002687571294758338,0.006966409801878808,0.008553047091334065,0.002991217858302588,0.00017521213541360622,0.0004943108253572556,-0.0027016004362706413
2025-12-12,0.02004469672537064,-0.02184168177022508,-0.01837866993561517,-0.004972313571594217,0.007840178980037575,-0.009305326352050537,-0.017170310510087786,0.0037735983334769053,-0.00427476625660389,-0.00914163661191803,-0.014599751511722504,0.00907393830900813,-0.020183900406996646,-0.002807189666599138,-0.007614499704641061
2025-12-15,-0.015567773081761278,-7.707550459365746e-05,0.018449363029342643,0.015077285469099727,0.00839455681514692,0.013507440283910562,0.00709386640735994,-0.02520811304277839,0.002412892221788474,-0.006952087818096524,-0.003559604537646395,-0.017060160443774067,-0.003982694786046934,-0.011191182916420909,0.0013019817794687211
2025-12-16,0.007037947237799829,0.011394069371512603,0.014467298199906817,-0.00841611146470684,-0.013412997210336982,0.002660007861612496,0.0031816445592405566,-0.005799863274228944,-0.01926500284772996,0.0037232946834659312,0.0009923662338370033,0.006331112231308655,-0.0004440238473313162,-0.008544037578711075,-0.0029055170644711127
2025-12-17,0.03637304941371818,-0.00627719660435796,-0.004776000245582643,0.004538027337449501,-0.014357483001988794,-0.0018996229053094508,0.017935153670125315,0.013861431799028606,0.003362542256362315,0.005299225033306909,-0.005782603311114373,-0.011470603379182188,-0.01365631000488827,0.0079665579815799,0.004289286414018302
2025-12-18,-0.015894547568735855,0.01025689366515449,0.003062398487878507,-0.006283563487159109,0.0002418411389341537,-0.001353885939641879,-0.0005269284371603807,0.004023993843890965,-0.0037583567943985756,-0.003346211723711477,0.006312520682822242,0.003915613369741576,0.00551263110458256,0.013544390824909611,0.007155345318705282
2025-12-19,0.006007477335199914,-0.0343518017845826,0.017984057240805273,-0.0016493660443745346,0.006364590400852663,-0.018767392432499926,-0.00564984463720032,0.00881751456397756,0.0015533410739117224,-0.005209871020298048,0.01161877811963311,0.029108387783603966,0.021631453825370732,0.011072720738062767,0.013968223630958223
2025-12-22,0.022318964688935357,-0.026261276548416014,-0.025322630824616204,-0.01854002873639144,0.009010246298420226,0.006403937064513497,-0.012947158049049057,0.014619997452098145,-0.0005610078204910667,-0.01952685591614133,0.013923252405381644,0.0009376425545547429,-0.005356212349188004,-0.0035040186546851145,-0.01261781925219105
2025-12-23,-0.01454801099465267,-0.019944238367496737,-0.01431440407613491,-0.011862541832782847,-0.00625072777148105,0.00047158872916124126,0.0035056286947742674,0.00804556115321121,0.007026298711117911,0.010203532187212561,0.0005261655590254209,-0.0036100388644192275,0.006007734527142304,0.0004131099134577541,0.008730521372372084
2025-12-24,0.01767491762393908,0.006035189487268105,0.0029696555348639017,-8.869590588184996e-05,-0.0031857121351967724,-0.0063909579416018165,0.013515526954865258,-0.01381872288711948,-0.006936392538482887,0.007257422549849349,0.01270290427349398,0.006747376603062231,-0.002826689791104524,0.00551190591204096,-0.003580759277036036
2025-12-29,0.0024340517874512344,0.019033003191411074,0.014018306132867666,0.011515642332424917,0.015019149715548059,0.0035623115619908825,-0.00019597094510053357,-0.007749617934572454,0.005749793308555868,0.016285991467037523,-0.009324396678226002,-0.005423457222102361,-0.0032408212913481674,0.0005749062459480423,0.0064822679976055605
2025-12-30,-0.021979815589708573,0.0023670391976100525,0.0020675404821762964,-0.006480059180776809,-0.004171609831958642,0.0009943522696868247,0.004005594858632202,-0.0015690595108761966,0.0019742546446483446,-0.0048896088099558135,0.006713014231724891,0.0008358315880319422,-0.004627365168095309,-0.00870890884948668,-0.006813582470518138
2025-12-31,0.007379589087850127,-0.0034305445347286956,-0.006304075228415699,0.010965652845587674,0.006675789883524468,0.00402356918775888,-0.0050478370794691686,-0.003312750033190142,0.0038004615421857817,-0.009468731513107771,-0.0017178284706374587,0.0010326221249358414,0.00039322052779621147,0.005806327903186614,-0.0039774242565101476
2026-01-02,-0.004673310332749092,-0.008176491981159084,0.003637531242029624,0.009575992990289838,-0.011916824296047018,0.006404834248308181,-0.005221690874668867,0.010591062904962999,0.0065209928048039715,0.0016004414253593972,0.010910190630878338,0.014435919441444817,0.002031837784680737,0.006311951542475565,-0.004971287158574481
2026-01-05,0.04263677135201117,0.01678408284103024,-0.0016946115176257734,0.002981481121023598,-0.02034115111348442,0.0004737631370035258,0.015171998301719652,-0.00732297205655642,-0.003064157207455114,-0.014052632196431257,-0.012518560039581711,0.001450870807009322,0.0023451948099036035,0.00933351051602732,-0.0038376346776142884
2026-01-06,0.03706196907032836,-0.004619082348964694,-0.006706230864828127,0.027948351778338862,0.025957546084947745,0.02105978890217583,-0.03442932462671519,-0.031061577583322113,0.012334081896837101,-0.036517960684255314,0.02232644657771161,0.0008441169712906738,-0.013959005600085032,0.06673049259738068,-0.014194561464979848
2026-01-07,0.013448732370246078,-0.015063889227077937,-0.00655776780871356,-0.0026372102828957117,-0.002893619304342439,0.006143951767004929,0.009017193513210316,0.019209832854165367,0.03169873605206081,-0.006118933378792281,-0.005717907059661288,0.0005335738584144389,-0.019756784085792994,0.013860029501393525,0.010271830752564996
2026-01-08,-0.03173124313796456,-0.0155873253338322,-0.0027824489472390254,-0.013420975941325188,0.002237540452225413,0.00903573727037557,-0.011686777702482507,-0.005867594893409645,0.011186833366437126,-0.015198394098302884,-0.0007721636369436601,-0.008894753393172994,0.01125552087267152,0.003238512513603278,0.010960561553823082
2026-01-09,-0.0036054487072562816,0.004988365064444927,0.00785904151001005,-0.0049514088136488445,-0.00633906127254497,-0.010793522708176458,-0.013498516641847872,0.01584843405710126,0.011338489641884617,-0.017004993978296863,-0.008834453660875848,-0.009475063704412933,-0.01973197815377317,-0.0010345019382628344,-0.014210127018917896
2026-01-12,-0.00013413987911032856,-0.024931864189929348,-0.02239073232616381,-0.003161550401111442,-0.013556224867042641,-0.0008096011535410984,-0.005776120832401248,0.010876765343902257,0.0029170000547065356,-0.001601764904104144,-0.008648286908666864,-0.01117504303623315,0.005546854204225906,0.001124123552365222,0.0021261139827313427
2026-01-13,0.014667919689692313,-0.00404166790586968,0.001582637153096026,0.003587832520062285,-0.0012478882865638986,0.00959174576582156,-0.009224317075317975,-0.008805201577020019,0.01329398390043389,-0.012434946178291018,-0.01419331363362487,0.007224701683320198,0.001283511182983056,0.0046518870932316225,-0.004676546299326156
2026-01-14,0.014670660464805387,-0.0011384685041253909,0.006704031721786378,-0.002306208169492791,0.0026018670358669083,0.002559173664474568,0.0082150240745669,-0.003638679875955128,0.0022148113173352463,-0.0055059761666446955,-0.006155145227699583,0.001250756566594233,0.012679803137049927,0.0008304004868178909,0.01221115231734567
2026-01-15,0.003976989906443404,0.01492358744464203,-0.018542118545602893,0.005039495511315193,0.0011691590421509734,0.007228557960991817,0.008554058302653851,0.007219259045721196,0.00557701009932822,0.002971218845525128,-0.006270164942501257,0.002385548497543656,0.007589266640414537,0.013580549849723024,0.001902069656654867
2026-01-16,0.0010593890190191886,-0.04140109544670989,-0.01242135432563615,-0.012347104010479388,-0.005279994607017818,-0.009247532689521996,0.011602697031326721,0.0022631213595662733,-0.00936404510376799,0.010126753919268289,-0.0035431874547544352,0.003358001033129524,0.0073671414513124915,0.0027569231908899806,-0.0040333705602556835
2026-01-19,0.02902788666874326,0.022231601427809985,-0.013203985772150897,-0.008209273800358264,-0.005231917033019581,0.003003546398176558,0.003928303019340143,0.0025104501728286537,-0.00316986519505366,0.00974640439920151,-0.020897531586482065,-0.01651323238732915,0.008056161655073557,-0.006554476243800457,-0.005889249313408547
2026-01-20,0.0043666282393848175,0.01229653402316047,0.016784366228501307,-0.012239087799437234,-0.018137569882778135,-0.003597280631500319,0.004727670348918318,0.007521780887411365,0.0029945874915376135,-0.0033987717869676482,0.003962082601471041,0.008477004891611812,0.013077691431625238,0.011085492605174337,0.014782912810823863
2026-01-21,-0.06013040226599376,0.03226969803165218,0.0038615763865300873,-0.0028542189915351838,-0.003277302809107329,-0.008032286963992495,-0.00671768025839217,0.00958205918279131,0.011603913140547116,-0.0021720530348712484,-0.006444902074444111,0.0036017981848277744,0.0019954270223068987,0.005606299226595002,0.006949778088124849
2026-01-22,-0.05643725097286774,-0.010475443297380491,-0.0029914035084578797,-0.005999284963133291,-0.010884800522675084,0.004157502078355636,0.012336493279432576,0.00946206867293366,-0.0069154733738253545,-0.004044805701592601,-0.0007022466922301053,0.021634210065075394,-0.015802229394769576,0.00500034939210091,-0.02888942623772765
2026-01-23,0.01151854915456959,-0.02661656291913824,-0.0008234661114773322,-0.003612427734299529,0.03954934136619125,0.009551839819711978,-0.0044796230426594474,-0.013305921833793272,0.02447316169764336,-0.016949162448792764,-0.008550621164057559,0.010007902499823052,-0.002437100668223262,0.007332659622212131,0.013536425586537277
2026-01-27,-0.01684758323829243,-0.03200541622323641,-0.021446898746024786,0.004266703285199854,0.013680631344390551,0.015713737874662036,0.003399711854342957,-0.0010159425338426742,-0.012523385592303928,0.01392925477436209,-0.005977663809532661,0.00947428573977597,-0.006602582447865348,-0.0065539198930843244,-0.004837235664938883
2026-01-28,0.05427379612781296,0.020877784032242695,-0.002183471706718442,-0.011780414200548857,0.012406546196537811,0.025932112600571173,-0.0026394093811964794,-0.0092535192517977,-0.018689373517422767,-0.0013124531821720623,0.0019726083196644423,0.005604032267191217,-0.006584553863254809,0.0027610128937122012,0.0066979759852313645
2026-01-29,0.027362248124701737,0.011663716081494437,-0.015541521650897488,0.00719849397668368,-0.000488554783993581,0.0024013756531350745,0.002110298403552798,-0.01937525499265143,-0.03650753545470901,0.002719496047084838,0.012493468926117891,0.009813332337803498,0.004210524555155238,-0.002980591761202722,-0.00032946168040938413
2026-01-30,-0.024827437772511406,0.0698917558798422,-0.007418586316091619,-0.002885092428160385,-0.02460158037972777,-0.00383993024804495,0.002679306446889077,0.011769452347836502,0.007825815326204915,-0.013980355874714216,0.003909186360506602,0.011824520491572359,-0.020821627395802008,0.001641433372235239,0.012011784466536285
2026-02-02,-0.019087612082089356,0.04799201799557828,-0.0007083432044865574,0.0008269992628568076,-0.0028106894047185086,0.028751556469784948,-0.009178699349997257,-0.02392483505575821,0.0033563607836942563,0.011817659954404251,0.008874018805150838,0.01571045850671014,0.004569911415926098,-0.005235383783134942,0.007166353779707664
2026-02-03,0.006660292268402361,-0.022332216133889558,-0.013496619218673,0.003257136561686765,-0.010158383380106821,-0.016086456614990162,0.01820656021271802,-0.008781897565567763,0.007875407988720873,-0.02455185854571811,0.0026773924642289992,-0.008793449422648987,0.038981396017821475,0.01749826495489713,0.012586943127746402
2026-02-04,0.09078268378983816,0.07222344878210507,-0.058016390691307186,0.036380323425307635,-0.0246139050129844,-0.02293520723649963,0.013283117912647361,-0.017698999792274985,0.025258469583308678,0.0015333834783721207,-0.012554407978173069,0.0255307521171526,-0.015197300193246319,-0.005014872952864158,-0.009933843986705947
2026-02-05,-0.0480414968086319,0.03556289525873403,0.003995815391783601,0.0004537429851004756,0.006812333932510224,0.01224544623923204,-0.006140121514865812,-0.00814769545511866,0.00324807557769734,-0.005786028980465899,-0.002870300845741236,0.0003356653421355825,0.009482169613835441,-0.016195096370343262,-0.004148206140439615
2026-02-06,0.06782413205881599,0.09798315132771442,-0.029537706726542944,0.018205222691058072,0.0007514274701648554,0.01922729012755423,0.0158591015667681,-0.008046525330812683,0.005417437681382751,0.0094922636139412,0.021909687331245837,-0.008688146910542992,0.004123380230485597,-0.0031952430826627425,0.0015901579444459932
2026-02-09,-0.028660817294427442,-0.09092930854503302,0.03560414079890645,-0.015091122500967875,0.01610196435294374,-0.01487394115070367,-0.014211449901941314,-0.014868421542772771,-0.0009778782916735433,-0.0020176434663284927,-0.018533383041536993,0.002472551724822304,-0.01316860734732323,0.004874362714370018,0.007970915328876648
2026-02-10,-0.01891219682723504,-0.0368937583537804,-0.00845200035232366,-0.013624293277049166,-0.006329100392163755,-0.0023385169705518187,0.009110866718395194,0.013635531275580802,0.006195944657971827,-0.0019366249369472802,0.006657594821867903,0.0063461714081183744,-0.002706826560168553,-0.003790519402711517,0.010790772030499825
2026-02-11,-0.007646826301917702,-0.040238376148630746,0.037014761769290076,0.01135205097663608,0.003525736257250675,-0.01298344391499654,-0.026246131445306506,-0.01954093562927747,-0.004494975217051396,-0.005798835640735904,0.0369820195471642,0.010622335153174813,0.01006535296226352,-0.016105044359556286,0.0023408420026684584
2026-02-12,0.09849121513121525,0.06981515061907054,0.07690302919631391,0.015577670226118709,0.045235355359304674,-0.0020859359016772525,0.0074451232100263345,-0.015215720105139689,-0.007978657318522537,-0.01670882514905578,-0.0118539159310081,-0.013994223368964318,-0.0028539833328893784,0.005272221151388175,0.02542643306900647
2026-02-13,0.11157604046545386,0.06340109622869247,-0.040994483683006164,0.03355566629717353,0.024979863683130665,0.01890795160603309,-0.02065019542763339,-0.01927276285071583,-0.000279771914811919,0.007541415510258866,0.01728015494066472,-0.015763403361147933,0.04470799220762158,-0.007248422485500089,-0.012087176128925
2026-02-16,-0.057565635307338124,-0.015137627682954867,-0.015614942432093944,0.0020014255973266506,-0.019719402884483612,-0.021683288611420812,0.0038350643268454452,0.00899258906542975,0.008052238450425311,-0.01234658139206349,-0.0049389937746193,0.003089101377535569,-0.0038056768709829446,0.003235572176051425,0.0019939592488961823
2026-02-17,-0.006315113665668501,0.0012728470156725645,0.00012418203527510838,-0.0012490764531760885,0.010966235578622098,-0.0008517505917555286,0.0012627168474367344,-0.0051574639643248155,0.0026712861855067004,-0.01117177921465829,-0.012778794804118128,0.014640627948137192,0.011821626798802637,0.0033969410415821363,0.005340655041511529
2026-02-18,-0.044817576790760795,-0.013685457677105838,-0.034115892558098194,0.0037040998276342916,-0.003501650996388781,-0.01194127101932265,0.02257979463432629,0.01135387768295906,0.011354722800488864,-0.008361136968570873,-0.006711570799293997,-0.023453734259150438,-0.001069712360297623,-0.014302153961576042,-0.015158713523697805
2026-02-19,-0.0007283329488967658,-0.01875996653524102,-0.011538145079725363,-0.02014186582371094,-0.009038675804505469,-0.015062318971781494,0.005867100378503191,-0.018471113535698552,0.0020804918473359643,-0.010546708960654114,-0.021896236726873623,-0.00553509584398575,-0.01982371502037763,0.01425658295774694,-0.013354207809878553
2026-02-20,0.025279845766145906,0.01591777248044208,-4.3315939664548796e-05,-0.017671142234536634,0.009242031542487397,0.008401629567889198,0.029012421479844033,0.012443112479663294,-0.011843582072349933,0.007213669917031177,0.01806038736698553,0.009785444506219411,-0.004085978005207741,-0.016960205941867722,-0.009445699963306282
2026-02-23,0.05807843181728892,-0.009501340587467922,-0.03559813567169362,0.004534546970509165,0.021356446145963954,-0.009348275768778993,0.011579239225606155,-0.0004947823422055506,-0.013136799202165319,0.007758157969388467,0.0026170926336595546,-0.012515479488657295,-0.02494070408901016,-0.006965357843745975,-0.008230622060180536
2026-02-24,0.05390181657780478,0.023271853542965553,-0.006397876888687272,-0.011673989218493344,-0.02132129208316549,0.012864921029188191,-0.012179954366978628,-0.003995912346284069,0.002455025276069457,-0.028140827873467486,-0.0064162676675193825,-0.021885202282847856,-0.008010710996913693,-0.008187879205282057,-0.015590401211912184
2026-02-25,-0.025198597804693672,-0.05420772065796314,0.020220185231132448,0.006201722927075071,-0.03979970854679349,0.008571278321904893,0.003782147316581517,0.010580327077853611,-0.024334168228249648,-0.008483401607879044,0.012942346045867232,0.014967456860114366,-0.013345851765127877,-0.0066453291505617325,0.005833873949247758
2026-02-26,-0.057103563269670435,-0.006617976220550159,0.012641005538689035,0.0008674621005049831,-0.0029335288449014816,-0.014701964587320985,-0.020610437831913533,0.0004082479909898965,-0.008266828636561268,-0.006602069925699885,-0.015582939739464362,-0.008221406585621741,-0.010083910826734543,0.006145843765022878,-0.015826058718624404
2026-02-27,-0.018505092519010252,-0.04577687525528487,-0.002124549058209238,0.023791081122333888,-0.016731076001430218,0.008805891519026197,0.009545834220628263,0.013104511040629084,-0.034299188678242575,0.011550558789697797,0.01933884104554981,-0.01379963334937159,-0.014120522149446115,-0.004810567001335094,0.02642318169594033
2026-03-02,0.06049338500673899,-0.007949931829069966,-0.026405056836727555,0.026557489413841465,0.0028407322014560943,-0.012483212923803506,-0.012889716791944934,0.0014430667654286588,-0.01092072049725391,-0.007754933018632341,0.0035485062759278057,-0.007744402873117792,0.02121878750394353,-0.005864066630805894,0.01139213832060977
2026-03-03,0.018034299772652553,0.040650722314985344,-0.016444469779392665,0.012264811296678977,-0.012896048898035792,0.01611459431747259,-0.023034877439604126,3.6813242192186216e-05,0.005363607196889467,0.02032714983367776,0.018501838164483926,0.019807783994403194,-0.011832121578640362,0.01524416218333316,0.008114954490506823
2026-03-04,-0.0019321390461854511,0.042134156068025654,-0.05342876194843989,0.016951733685277817,-0.007823167387041077,0.012438150355805417,-0.001568370606975946,-0.014597114851631485,-0.004266955650091954,0.0020737102747894675,0.014274073323092237,0.007385251671528061,0.02757809897080942,0.02224758226853808,-0.020131147288918145
2026-03-05,-0.041028720602789046,-0.028254523092558548,0.019477516262055808,0.028624899484789027,-0.00624893406356263,-0.012384646282403208,-0.005179717851764116,0.011011610928651095,-0.006546026028915908,0.0055474831375245635,-0.0003563019886472377,-0.0005851030537953076,-0.0019149795785225361,0.00897173942660761,-0.0033887008598117896
2026-03-06,-0.08049967007413025,0.011710014032435212,-0.010473597164498402,0.009723901905857493,-0.0042080684596639256,0.0014431177393174884,-0.015856852638867696,-0.016602066217113014,-0.013002642183892094,-0.001609214376183673,-0.004012499596656536,-0.002789746084679167,-0.0024176023241037348,0.009098353025421592,0.006639307656204953
2026-03-09,0.011201545970566966,0.07702643435458575,-0.062437931315363224,0.01851423988331398,0.0065880351124927156,0.015243841322941992,-0.023228393660771188,-0.027144588186815144,-0.0113131822130104,-0.009025426651922009,0.008340569543278342,0.01471745902022257,0.004780977336091762,0.0064994164779262655,0.0007742900885068617
2026-03-10,-0.008763355919633108,-0.03844449304274741,0.0175275325084113,-0.006283615590434277,-0.0005535813994340143,-0.00039487497338016507,-0.00134080410947098,0.014340301690900953,-0.0022280177394427814,0.0011120544871597833,0.0107586133142877,-0.011996652322284761,-0.011510284408517932,-0.015114168629023534,-0.013620759646794831
2026-03-11,0.03192980864223405,-0.010614407851152993,0.01074173478012709,0.018844446959122504,0.004074898662900979,-0.0013207036265199478,-0.007354839407817296,-0.007905460374973828,-0.008638329895967828,-0.003265393300896479,0.001517250650227413,-0.001630382450110095,0.006285348708154116,-0.006586120918321034,-0.006942741323277752
2026-03-12,0.0314287027970604,0.05416802815595566,-0.032069514633325316,0.015991196488562634,0.01249450516789402,0.005067045919500563,-0.013654794195237097,-0.001910992870878744,-0.0006362494575610088,-0.007152906750595032,-0.014663811643625506,-0.01783806627619204,0.008340364776542677,0.0009565743923991588,0.021509782058510948
2026-03-13,-0.012711127130153314,0.018254426391326267,0.017261380636679015,0.016471202714641246,0.010311407579900332,-0.02582014116182031,-0.013190719490399128,-0.012176569298543728,-0.010077039051527691,0.011599187152817056,0.03253098878101526,-0.0010069767165463714,0.007652117180532337,0.011120385796461097,0.0020183156052123305
2026-03-16,-0.007285222914114275,0.03838127657824401,0.0018270502989433494,-0.002697780265204228,0.0012626883329072231,0.0028714555045403017,-0.005720418571591264,-0.004626408372974648,1.0487440444331416e-05,-0.0036958213201567394,-0.003449541816818386,-0.0022673517853820414,0.012178044134799984,0.004240747631371866,-0.00275850558379117
2026-03-17,0.019522084738667022,-0.01100362488981463,0.0011896428324559383,-0.0029210274850090126,0.0012691066425341534,0.004511908995816776,-0.006350351529148107,0.0038813241564258478,0.011424818953421824,0.00878243346312362,0.004725834736646262,-0.002712954752282279,0.0018750626799014264,0.0017178109636683376,0.0034824405465057945
2026-03-18,-0.0058626958802381595,-0.0122716370598835,0.013659532957157262,-0.010559352884981056,-0.003728577256496714,0.006936846968860224,0.003178896082236688,-0.01350834524866686,-0.006463717739642696,-0.008924381292418664,-0.016294695897909522,-0.003589161920141753,0.0021622373822853405,-0.0014821825255076308,0.0029840382131544273
2026-03-19,0.003924964185277656,0.07973149776586451,-0.019030701363413463,0.025935083560066834,-0.009593007410137487,-0.014352793985715878,-0.020942862267506752,0.01749719195313931,0.010122355301685943,-0.01627118367083629,-0.0037972604635431277,-0.006172561958190494,0.0005967521372117746,0.01941162285472773,0.011400820970403552
2026-03-20,-0.0024786368818833374,0.019561822402555537,-0.032011024714391344,0.015429600597624698,0.011974507917260728,-0.00759688178572729,-0.00870888654743171,0.01486367713776988,-0.012044470258609215,0.017723374562679292,0.008609593117375433,0.00014252425640673817,-0.0018489936808762065,0.016016691932370732,-0.003254547660872937
2026-03-23,-0.043964561616571106,0.05273605870937467,0.01500422346865103,-0.010767111843397478,-0.003725304790520952,0.0022946954621416655,-0.004371554075211951,-0.0005557817639705393,-0.009217929248091483,0.008409699631453486,0.013759683216318179,-0.004817995222769067,0.00454780210996506,-0.0026577280794490795,-0.0076447803356763
2026-03-24,0.0318694611045618,-0.01633328163053689,-0.0025622441747408893,0.005598940744662557,0.0006957269221449103,0.009961290708113545,0.0034321679287051946,0.010125156043450708,-0.00440770911454672,0.014527901366406875,0.002799324715397728,0.005849595938685604,-0.00845022997741542,-0.002803504240929281,0.009464221569292374
2026-03-25,0.015508446841730276,-0.09872683214795193,-0.03991313779837489,-0.02351098174234327,0.015295814896504662,-0.0020659432584545726,-0.007396891203904584,0.004198994290330968,0.010067278245864841,-0.005606598203330374,0.00852881666846081,0.011851386451478006,-0.01297830474555763,0.00421052356383331,0.008037489861537917
2026-03-26,0.0037670938413368084,0.023930958366256583,0.001981933473657613,3.9288697792109204e-05,-0.0006837646409658628,0.005797202655277516,0.009706214385762897,-0.00528376122616702,0.007804187022147223,-0.0020498778814216616,-0.002350990724472312,-0.013453669905359854,-0.0023613122021071222,0.014943115908133004,-0.008265878295611758
2026-03-27,0.003929297745309416,0.02423498475273018,0.019373878453120368,0.008735549503956663,0.008717758852765238,-0.003447480944476664,-0.00737002892692609,0.005523558787260245,0.008634258372075255,0.0026863476705008948,-0.0019249393073079817,-0.006081246576479454,0.009143519431803731,-0.0035452460348326625,0.004722562088996384
2026-03-30,0.04158438119715088,0.02657593450671619,0.02066138743789959,0.00549054412562203,-0.02118939707338135,0.005875783936678323,-0.00016505057893689357,-0.00030012563002137626,0.0029928260943768363,0.016270730577665805,0.0028132507094747504,-0.006811601328621592,-0.002284613061760167,-0.0009146853457054393,-0.0011976522275446192
2026-03-31,-0.021038945913389315,-0.038560209176352646,0.008742376980601017,-0.004186223904552888,0.004989946342153971,-0.0018224572119256675,-0.013672003584667684,0.0003907802818734036,0.00999379953022833,0.0011532141634998509,0.009055934445196605,-0.004830585696395166,-0.009887658935980127,-0.005561349500995625,0.0001687920750593308
2026-04-01,0.008020753194861051,-0.08067110321807044,-0.02477666178719402,-0.010555633446139636,0.0031321395896595737,0.01981138068420173,-0.005094443247196431,-0.01593536282570293,0.003258640134487894,-0.020138216491111978,-0.005870690882541108,-0.013232348322920414,0.005253228603948503,-0.022728130154257488,-0.005912526393105766
2026-04-02,0.030719058268083244,0.06562344718181083,-0.0008389268329818027,0.005194790187176401,-0.004883548801120719,0.004107182535431706,0.0011193977627680304,-0.004906166629004715,-0.010615744287516188,-0.0059345799129517105,0.006109898288590254,0.0014452829411733662,0.007029157459788574,-0.013492697293258984,0.010440288534309955
2026-04-07,-0.017890104628328414,-0.04194239468897587,0.017794970807898814,0.014632579058164596,-0.010331479636720748,-0.003946050734064486,-0.011318893730848987,-0.003058223273846457,-0.0050184001522940065,-0.017563183410059212,-0.017590584557537453,-0.0021768566200728095,0.009176748983953945,0.015942150858517187,-0.003852206353877466
2026-04-08,-0.03375206292192043,-0.1326136194089039,0.05153515025059326,-0.006365844255138653,-0.01228493223834649,0.007703913439208789,-0.007004553444455958,-0.008880549855434188,0.0036534029298088107,-5.830574445695033e-05,-0.010828975709615715,-0.011724053193572047,0.015791445467911898,-0.010960427846392309,-0.0037337373110398835
2026-04-09,0.046512104067784055,0.01968739490448853,0.018797141823925046,0.00013864079495146467,0.003268446860175701,0.009687601091164785,0.0138103248767482,-0.00530429432566724,-0.005917944946680593,-0.0026009939421917415,0.006470475177635202,-0.0017814787790087988,-0.010307286211540706,0.015513305056026742,-0.0050481289473593245
2026-04-10,0.004981483332385501,-0.001994860694736804,0.00390771982565037,0.006077661383460761,0.005363257218354655,0.004547465227413028,0.008719992131103412,0.006020545120847407,-0.003686017713391787,-0.003532916716580738,-0.001322553096409241,0.0050853791783881065,0.007000248643951714,-0.0010911411878699797,-0.0036065643242618054
2026-04-13,0.03576765063671408,0.01800981982968925,-0.007860112324972739,-0.006779993568332546,0.004540970519589532,-0.002303662750251537,0.002657686272330438,-0.0030399161621839387,0.00706204852308174,-0.00172278984355034,-0.006576706312671104,-0.004310000069605443,-0.005188094917176558,-0.00619617238214551,-0.009374758829513944
2026-04-14,-0.016978436865801156,-0.019039892805805713,-0.012236743510070125,0.017446469372670748,-0.002305259248832897,0.006009524945303107,-0.007559738151518085,-0.001472981699727781,0.00464992551764366,-0.011781631616412427,0.0023005717180129568,-0.006294722046229232,-0.0020043011326665795,-0.0023703261916235155,0.005929385680140097
2026-04-15,-0.0211839981606782,-0.009727729205563352,-0.01021298438028569,-0.0015973832640227218,-0.001335849099128931,0.0053374332054947245,0.00512536173602526,0.00938438400927273,0.0031626415900814723,-0.002222743011751245,0.0026046624951160083,0.0008073288484920988,-0.000388277333328814,-0.0018002714720688016,0.0052103715833983705
2026-04-16,-0.048686821822100775,-0.033378868551062424,-0.025380532781908785,0.0014783468638742874,-0.012336990373267645,-0.01706714434828427,-0.0015691444887149097,-0.008655049792086042,-0.0019272927238391283,-0.001423705636097323,-0.006306852983308511,-0.006729921605187441,0.007271184742655985,-0.005140155082373384,-0.007783732517754793
2026-04-17,-0.0023436936780771487,-0.007666664542513867,-0.0077021324200532435,0.007978074070013837,0.0024261934606880954,0.002405557748694732,0.005260508078240623,-0.001677511549095728,-0.0012047298534651027,-0.0016222002006255646,0.010034730959620583,-0.005442819896413798,0.011864597340386281,-0.004478837386362098,-0.004686114498723851
2026-04-20,-0.018119489074510685,0.00409812788767017,0.019531824230794248,-0.01255143368946607,-0.0009272597511203325,0.009048196103811095,0.005843483463533892,-0.001752592542732814,-0.0021140783821089423,0.009572308405065962,0.005256167092594083,-0.006749907415520325,-0.00677512845637667,-0.005825888153398001,-0.012968812803500334
2026-04-21,-0.004163566881176013,0.008814579562632485,-0.00027074873285542144,0.006670014268255684,-0.009133536194423551,0.003146310058786599,0.008484081892626833,-0.009840623008109074,0.00262711713775711,0.008610502329403887,0.004640118094057704,-0.002754456086140235,0.0007400442081850403,-0.005581020542410332,-0.004864003530173418
2026-04-22,0.04464121892724304,-0.004751911355143621,-0.0019107785442985551,-6.415076669270626e-05,-0.029185729284283337,0.009827907384230396,-0.038375760797660904,-0.03982727729268797,-0.02543009399241451,0.011178209964022585,-0.0011381668593970348,0.013908329844704035,-0.005636843986053546,-0.002288410882570948,-0.010192135534668391
2026-04-23,0.01711448626661569,-0.006049347521907216,-0.015235882231508747,0.005039777846051259,-0.007896521488176718,-0.007973272337197516,0.002429536601200047,0.009205303098417146,-0.0075436625573419664,0.0027587265595215914,-0.004196144467635925,0.004687941306594126,0.00023028505647911378,-0.005448271566835874,0.0006951591398511466
2026-04-24,0.005848527545369763,-0.016013331624492148,-0.0029142444686566446,0.008926523454114408,0.0025713752419646175,0.006402898175709149,0.00714463613348034,-0.003488843288127141,-0.007312396682741836,0.003778086637922255,0.0044120689966783855,-0.014607533114641245,-0.005089857602304466,-0.002080163290701813,0.006892759321239617
2026-04-27,0.001481903280809453,0.012803542816154874,-0.0036283375975663694,-0.0012687506127039532,0.0004056735210316523,0.007567528195105836,0.0037304724878226524,0.001555181776966103,-0.002109521207528525,0.0025622546478484736,-0.006652595296214806,-0.0020146260668919163,-0.0019908911320426744,0.00023216947694609146,0.005680566342227739
2026-04-28,0.035625971368279476,0.0007064114401840833,-0.01197334888888919,0.008648377018309745,-0.007206572135274904,-0.00028710574348678316,0.009946949163775,-0.001622836117783075,0.009122543885715166,0.002245439821145486,-0.004113709970895855,0.006748641215744208,-0.010013559310225675,-0.008275880564745259,0.002762673191284183
2026-04-29,0.010274820777118863,0.011025290028185634,0.004048954294640064,0.004815015243344021,-0.0018472663799430794,-0.0015004560225644979,0.005170410772663735,0.010982358788839216,-0.007830608810803961,-0.0032668135285912688,0.000656118970653417,-0.011592445843412994,0.0021162039227041237,-0.0033091565777759037,-0.001546113435781158
2026-04-30,0.009161899995093396,-0.024205099643763866,0.013354962746574122,0.0074858237583651345,0.005572321140364955,-0.007860199005532262,0.008354686538070307,0.0074896254136072185,0.002401157965085201,0.001235925712819262,-0.0024716787892145524,5.7173907138050023e-05,-0.001587526623066751,0.001296284654696745,0.003217591399187589
2026-05-01,-0.011917321468871768,-0.01992680158222608,-0.004163427573510487,0.0010721706109944728,0.009992905607214464,-0.00010517148290689312,-0.0057475388553172805,0.0014354557092171646,-0.004740700525561005,-0.002158184514944427,-0.005942269965324371,0.005101810503472928,0.0117214862126672,0.009846466163578916,-0.0037792860270537934
2026-05-04,-0.0022351558953554633,-0.010733204990027187,-0.008725260011053781,0.000499177442082227,-0.014907830570189424,0.007498058554471693,-0.00964639667213116,-0.006664955234401856,0.005020924307075547,-0.001434016720923419,0.00850927462607177,-0.012737911947191632,-0.0001456834300269725,-0.0018160384511995559,0.0024192802077670963
2026-05-05,0.013927911319814468,0.013187347833882621,0.009432496310818817,-0.0013692793528523222,0.0041904033812203605,-0.010827449967591229,0.0011479091506477498,-0.0016572481226940178,-0.006181030283788524,-0.005212080143571118,-0.0022363793985852895,0.0002474564284470572,0.002569438529099394,0.0007620515393569913,0.004407068485037512
2026-05-06,-0.008166190272097758,-0.03166166685895196,0.01267738211012433,0.01319039152738508,-0.016775160809712877,-0.00011635370738479508,0.02982214719064826,0.00036071216995079694,-0.0045887853258661845,0.015999254081019737,-0.00399503372566275,0.01536236760463049,-0.0025206509658333414,0.0024861282022638543,0.0035106747158811886
2026-05-07,-0.04061087163478867,-0.046509941917122745,0.0010733004205874764,-0.0027951803096694554,-0.00469360898819724,-0.0022477811452948134,-0.0020951660180463664,-0.000597057762369692,-0.01975341277157232,0.017294942975984134,0.0036280380298305483,0.000883200970829199,-0.009321798047896289,0.009550707244564673,0.008561846637520097
2026-05-08,0.012843736531416943,0.013785252098468571,-0.014726912693035448,-0.002960154820450502,-0.009303205198810149,0.012537096893479845,-0.002357834450001466,0.010264578242560109,-0.003063958722861609,0.016369337047608908,0.0012707013250031162,0.004057586334148797,0.00425657557584017,-0.014184571687015906,-0.0036864403000653233
2026-05-11,0.007321150780809136,-0.013898619690352682,-0.0014217695716494962,-0.004566560885773591,0.003806150015976183,-0.004026333037971705,-0.007896789299097784,-0.008356266952170354,-0.0026534314009300512,0.006076388213875817,-0.013599244466418251,-0.028743609014351707,-0.010793783140544511,-0.00012737772215717225,-0.02928657661806859
2026-05-12,0.031239820823578374,-0.02958160282609144,-0.025689685140311842,6.463881623684591e-05,-0.014025070858272015,-0.009386953440723227,0.0002630603697136743,-0.003470692998649497,0.017576712658440827,0.003874543402253992,0.00635190901745417,0.009984933213097054,-0.0072997797857841185,-0.007863831107465058,0.008906023279932002
2026-05-13,-0.01905020885405858,0.013130385994124725,-0.03417592711273255,0.02018089264295978,-0.007280175391167989,-0.004081111540502922,-0.0011889271619718424,-0.007758051109001769,0.017764356277049788,-0.005919671825547682,0.017484384322428815,0.008197759876357846,0.01436973713470479,-0.001062261274562838,0.00845273393273673
2026-05-14,0.024683796103799255,-0.014872141840169804,0.015281111891886131,0.0008592085135076179,-0.006155338964737023,0.006285436128257207,-0.0037980555519912156,0.015080686060067957,-0.002000426595846566,0.0019206874337357783,0.0016148461615403636,0.011013091158296493,0.008845582338328332,-0.012287843840489403,0.007610053945075255
2026-05-15,0.004154360391787019,0.03314898789557739,0.01945873374999948,-0.004034450782644378,-0.007320882969148952,0.009217166573991046,-0.00611092591663854,0.0024803180497390627,-0.011611891464575088,0.0055696365886541595,0.0013067944793416638,-0.0032414171318424006,-0.004211763565803952,-0.006047582653764464,-0.007242255345872094
2026-05-18,0.05818160285796676,0.02432422067237686,-0.005161208642633503,-0.008484282896995978,0.006753486947742592,0.009300327516096713,-0.013956166326782888,-0.0055774476190995955,-0.006441143477768725,-0.0023457493360840957,0.004712567464056882,-0.0012706775688897287,0.0026346319785420617,-0.005025760935253842,0.0014017138300807777
2026-05-19,-0.027033533798181613,0.007272154949006295,0.03130415149247243,-0.0131602256645629,0.007856529474754185,0.002306187734165039,-0.01065145076598109,0.009878186386487646,-0.01559378058186573,0.004966120751953523,-0.004192791444754244,-0.00022324493429486835,-0.003207264534306396,0.008456042613486921,0.004072171119000624
2026-05-20,0.03565571016728153,0.008263394963498396,-0.006916742685992082,-0.005176860312830338,0.0036771562875600222,0.0066869649449080104,0.01139865701069361,-0.002102170627178189,-0.01114172905102424,-0.013756926315284303,-0.0032636390334970407,-0.007209571646659869,0.0006776442765547544,-0.012122123548286108,0.008072508942322776
2026-05-21,-0.043207999992252014,-0.017154350212385955,0.026927693247478447,0.003766054233343899,0.005189628607967731,0.009023166644155589,0.011663216214919548,0.004554900658814196,-0.01194896862679377,0.0037824262437927245,-0.002390897496306647,0.0015490429787781692,0.004351728544079605,-0.011040675344962,-0.00028501622854727065
2026-05-22,-0.01435978894594136,-0.017747755981335916,0.005117454016960892,-0.0026498403620758997,-0.00965912354067148,0.0036806560667985797,0.01189257241850787,0.00012689354839806382,-0.004688485534864749,-0.003074068150851722,0.0037421425098188923,0.007548033760934932,0.011905713395580275,-0.0022153659307137677,-0.006438329518672397
2026-05-25,-0.03549636792012943,-0.028813219373434333,0.0012620646488554783,-0.006947426467048525,-0.00015848401011402113,0.011259742751091617,-0.0036377812572044753,-0.010097343160936944,-0.0012849675438691356,0.0028487971950922632,0.0007572375390138943,-0.01083510658496575,-0.004482801348979483,0.007549663103852662,-0.00633151446393693
2026-05-26,0.001719739689169632,-0.006549433804992045,-0.009655698325681495,0.005336093319962634,-0.011477151655828218,0.030945221067063353,-0.0012828432465486362,-0.00395735777064432,0.01083940704457359,-0.0036124730510106746,0.006961164711044588,-0.0044022743157712835,0.008224915534985892,0.005205325915703549,-0.004222643090310137
2026-05-27,-0.022965027605928265,0.007469541450173901,0.005409514265417033,-0.013619306068255671,0.010233047131867299,0.003983417281335108,-0.006741596567071792,-1.4480562622739505e-07,0.010070285707683955,-0.007476059481103277,-0.009943966945913783,-0.007521680306813695,-0.02191102652348496,-0.013641698690818693,-0.005690391979066762
2026-05-28,0.032946153319757115,0.009288494266758754,0.013773593758240044,-0.0007329682293012624,0.009382086433831153,0.0054473824134926175,-0.010836048531105723,0.0023272707361476795,-0.0028607690832259123,0.0037817004354638527,0.006175816805274913,0.0022329720451048614,-0.001193123839318307,-0.0027200951996084093,0.014857701792911146
2026-05-29,-0.06068147551164089,-0.007327933078026126,0.007274607586859976,-0.009073848958342479,0.0015170704834020316,-0.004320767528607509,-0.005167991243901324,-0.007916825612731292,0.002125780005800999,-0.002313850726253738,-0.012846247375037409,0.005854704732391693,0.00925705693893653,-0.0007898605621676088,-0.0007915418458599914
2026-06-01,-0.013321408136618432,0.023523022093944315,-0.028427017513399423,-0.03684649161370338,-0.0050794990867449735,0.011814272480136313,0.001925938733419377,0.004756814840651148,0.002182953391471996,0.002417035819486366,-0.023291020238362988,0.00800451629292172,-0.025181393370834512,-0.012538435770360647,-0.004618145271583293
2026-06-02,-0.004440310315609343,0.02519112815724501,-0.04280809634676444,-0.01591272119652292,0.006781490268287099,0.009741078696028336,-0.0071139633508717215,-0.002982663574269372,-0.0035752138988787395,0.011607432457022301,-0.000921609891779501,0.006305226352386434,-0.0029618021452882865,-0.014302544622637475,-0.015742112160833575
2026-06-03,0.0013772352433665735,-0.018576448166182,0.02220391833803518,-0.01797324210839889,-0.003934439666458368,-0.0030624977564151076,-0.014614499485201521,-0.00965241311082533,0.013108834443679888,0.01358721362034732,-0.01668486926250781,0.019023294749304753,-0.02033969048496669,0.007656682562838227,0.009702920339862831
2026-06-04,0.039907249842816774,-0.004337488129804743,-0.024802798978082862,-0.01769893603492892,-0.011268576877189632,-0.013654780199001775,-0.016081945208293084,-0.00014783720144657985,0.00942542065598003,0.010221163225656985,-0.004701909112628832,-0.0026017244322986124,-0.003397635745323369,-0.00134207600579584,-0.0006685132404189714
2026-06-05,0.011582553109998952,0.011313487182627027,-0.024410435962550592,-0.013424079685915346,0.012892915843872583,0.017765233458594366,0.016450936855245794,-0.0009093955942411655,0.0025290895237468376,0.003510299652515713,-0.004461423796901781,-0.0032148095766835437,0.002579163135342016,0.0042774973191963914,-0.012052393885930865
2026-06-09,0.014867505651948228,0.014512862216273095,-0.04431200624985993,-0.02186934871209167,0.007613056497753785,-0.011680937555213934,0.0045716255086350535,0.009037405458303935,0.0026786853156265805,-0.011426791470523084,-0.005459658288691673,-0.0011028850876095364,0.00979420865029822,0.005207945221017211,-0.00631422989925324
2026-06-10,0.009599372574066204,-0.0014276429626178388,-0.06863391514722406,-0.0270260899752594,-0.000141163885440712,-0.015145516731525633,0.026481994798954515,-0.004413368143583333,0.008668095767061831,0.011004855214053172,-0.008171805078127923,-0.0021295796518055847,-0.0024577935994768577,0.0017815137084102287,0.00543263896940234
2026-06-11,0.024030817017198582,0.007187772051186646,0.0005917067954866358,-0.020463215659440953,0.006062493046069094,0.003517257336953406,-0.01352626623267876,-0.01720260437865838,0.002646324173053017,0.0053766582085998235,-0.0029026377817255714,0.00010317508641551369,-0.0069366766512938115,-0.011481219595073592,0.0013756838203631706
2026-06-12,-0.06468531706099975,-0.0009134611210795412,-0.033038773333962844,-0.009108899676465153,-0.0013673947886075478,6.953470148316388e-05,-0.0022781855968483306,0.0035843693723517423,0.007352209637303092,-0.0057931725531035734,0.0005357237050532686,0.012705388383081412,0.009192534792005847,-0.007042421536519941,0.0006991458718546785
2026-06-15,-0.10019419514443077,-0.01686430550493958,0.01559260958462022,-0.005719690505144545,0.008013439016318319,-0.008027919572048469,0.02260770146683479,0.007989238205632113,0.01089887690161842,0.006464657920494497,0.011255592437034102,-0.004226064509510479,-0.007266707440850478,0.0025455687759651513,-0.0004550167079007655
2026-06-16,0.007000695104915946,-0.0029689889895508064,0.0033471930940143406,0.011695128595366222,-0.007295068580224964,0.009292829537074125,0.010094153971823908,0.008594792129995636,0.0063105093188761925,0.011503031889293233,-0.009493524465458583,0.003009255975848377,0.01300417905691616,0.014837920202017827,0.008369117968429186
2026-06-17,-0.04457890552280438,-0.01286656404968262,-0.005388066027534868,-0.0037441115628793426,0.001343112977723076,-0.004710098002816455,0.00875725252671741,0.0014963683345073583,0.01833652769853855,-0.000976836453171479,0.0004064496366164175,-0.004560371397358182,-0.012288879802244723,-0.004108309548164217,-0.003938479538979274
2026-06-18,0.019543928638525936,0.0009264667760249174,0.002682306332723693,-0.006734745784501157,0.01392760364434359,-0.0016369860151807091,0.002360192423874216,0.011056678696948605,-0.009438762735659368,0.008350925487583403,-0.0038163308454560434,0.013754822264527705,-0.003813825806529661,0.00403887884137302,0.005028055959615027
2026-06-19,0.036448314086894765,0.024196080716364986,0.02850164678445758,-0.007552931148670618,-0.001559924813202645,-0.01443702692287481,-0.002174977130176317,0.003137541552271275,-0.001744360031370166,0.002506892194385532,-0.0060875927550011755,0.0003373615603538962,-0.007667632663695759,-0.015118842040835393,-0.008819792763428307
2026-06-22,0.008189413506370546,0.025008494282019483,-0.01482707374935693,-0.010447506035277733,-0.007543702706174599,0.008729449992660907,0.004180429295852517,0.00820238821239103,0.001995883253944352,0.008277233252500581,0.006456207627519752,-0.0032993995269621004,-0.0007436635907720156,0.006068153845712602,-0.0011447805209761806
2026-06-23,0.048106594518321784,-0.0025080005461973745,-0.02227385142991033,0.008747490299216542,0.0007608401665099361,-0.004034833113489618,-0.0006584162616482332,0.002951768173830727,-0.004630475937325594,-0.007003224076859341,0.0014879818953329313,0.00800706908334353,0.0008592689383431749,-0.011091073119546413,0.0023396145200603744
2026-06-24,-0.007104339873746203,-0.025560314607615212,0.011630619848028025,0.017387144436765412,-0.013556665154984347,0.003501917189052609,0.0009995424311065341,-0.009390964616755128,0.008969505576009059,-0.000798186547821429,0.010280373013936188,0.012151579826231008,0.009638750794754325,0.0171792698734413,0.005401537543210219
2026-06-25,0.021808407337783765,-0.05071372530406192,-0.020082782954132492,-0.02954889771259653,-0.00949779479698113,0.001209396379336356,0.010845584695620554,0.012230937144558996,0.005465772913281042,-0.002668641341351437,0.012203946987266241,-0.0059215613967970905,-0.011128783411076922,0.008965957812374406,0.00708242748740196
2026-06-26,0.009475370562787098,0.017472172228571076,0.013142090915990879,-0.010308419592816094,-0.001722569499776554,0.010133442146824358,0.0028719523422531977,0.009715751610287033,0.007124632111248695,0.005667946189981897,-0.004220319049292457,0.0107527029699488,-0.012716985862813437,-0.0048582653964463094,-0.009674083336462741
2026-06-29,-0.04274809437951001,-0.042285091278656595,-0.008746652338612002,0.02286351652213146,-0.008715691058108429,-0.04095301845589218,0.011001066582933037,0.0026864325965477234,0.008786326771229093,-0.026911910371917487,-0.00023812942427265966,0.024020589772827405,0.0050470639612068885,0.004737168783523966,0.015690843593442572
2026-06-30,0.022768896238849336,-0.015281566210788472,-0.008108519042050358,0.01271968607326685,-0.007199444895216751,0.011546224881180291,0.0014297092065394018,-0.013242170166343771,0.004313320669366478,-0.023977626587639654,-0.008442153617902076,-0.0005657194305099737,-0.0042785688681608045,0.004592653637325673,0.007853115553114737
2026-07-01,-0.0015377859466463126,-0.003312267584883718,-0.015500261302989081,-0.006367981119891267,0.013344226733874894,0.00363030336892802,-0.020169371360515036,-0.012852046480183283,-0.01568590349367649,-0.009670600398415384,-0.028100313480364496,0.0162005114260745,0.006946902120401452,0.0047850557301197996,-0.0020878124223747993
2026-07-02,-0.006419109166323123,0.026278938023491797,0.003486287049028285,0.011789093192247559,-0.018665987597520643,-0.020327152258901818,0.02188887236698404,-0.006567377616651348,-0.00011943674188901639,-0.01773783922048976,-0.004043708135760266,-0.0037359660207594314,0.002607151448937766,-0.010893697563641792,0.0063036432374607805
2026-07-03,-0.047348546796990174,-0.005717331824951209,-0.021206313634803107,0.007363296808799146,-0.004988838803555983,-0.011300574582897896,-0.004625311153082847,0.014312663983629488,-0.006489448757457335,-0.018185844589685432,-0.018739841253496498,0.007873226802425146,0.016112710389199713,0.002377701977003983,-0.0039022780880767745
2026-07-06,0.004310741388010996,-0.007764483367342206,-0.011939166196132863,-0.0022360469441057716,-0.007282712143321201,0.00014855344503162445,-0.004451913914657618,-0.005432539226544987,0.004500331752614884,-0.0012895130853275072,-0.010549147484887339,-0.00020296532090824165,-0.011754858187080117,0.010747168526137463,-0.0009891319644712193
2026-07-07,0.03578644878009225,0.0058371890132403875,-0.022631663978142938,0.013644879207037944,-0.005083055651547891,-0.0072631680242694376,-0.006478311449767291,0.004790645932617388,-0.002372608884334327,-0.009051043814169558,-0.007694887201892896,-0.006476729502757737,0.0037115636700157436,-0.008144133743568453,-0.002067256164613073
2026-07-08,0.03715490816370749,0.014343436313756976,0.01783341758831477,0.004068041188480737,-0.004011714887554515,-0.004630352311523193,-0.004617334837826634,0.005525059460364372,0.009574297926136698,0.005791298867203739,-0.0006754027363453019,0.006031808870631507,0.0008579857801321864,-0.009251213972118151,-0.009124644100697793
2026-07-09,0.023747213440653434,0.005742896592910982,0.0008562544140130172,0.0003870574721915951,0.0048333869518335255,-0.013744933377145361,0.0013945717994490717,-0.002931337497583569,0.0026232732262390034,0.0019708311856921168,0.012667044708084208,0.008442597277713909,-1.0501628797327493e-05,-0.006619020493087091,0.009855227635205781
2026-07-10,-0.04342947398089778,-0.009357703180705093,0.0136875752006288,0.0037452431095687786,0.0048311519171996675,0.006028368913967174,0.000980882094099795,-0.004147416579431623,-0.005483122299419965,0.005174861116971871,0.002754854116961997,-0.0051690114365944805,0.001312042448013671,-0.007782029550219071,-0.02018080935487989
2026-07-13,0.01689262577066091,0.0016311625293463526,0.02361816593368474,-0.0019286071000272215,-0.0018693933266367806,0.0014839401961727018,-0.0017818968779402425,0.005473977071000034,0.008675232368847114,-0.0013911902197815277,-0.003148942402904469,0.003114757777362938,0.0023012632925293055,0.008796227092758308,0.0001334466368281088
2026-07-14,0.0028015253750245986,-0.007777129545002915,-0.00895869402989938,0.014584715574728013,0.007018482844585171,-0.00443399754185987,-0.006685868856091496,0.017552623683862262,-0.0029563188115965793,0.0021175219228901903,-0.0051731043212109844,0.010492672591839043,-0.00118849665995985,-0.0035950190735124566,-0.0032073677217451515
2026-07-15,-0.02353165369887001,0.004909013591762956,0.0025769842595798126,0.0006010810064593346,0.02195778706757665,0.01128248596582947,0.004603197237852556,0.0021437328933509294,0.009420262866172842,0.012280457815706986,0.003911619446192527,0.007563604068020613,-0.004619920088348606,-0.0009513612279766349,-0.0070415254053176665
2026-07-16,0.02118385727299819,0.01990428041521073,-0.020422016261753828,-0.027640818709579577,0.01894642321333857,-0.001743013428841166,-0.00345154893986662,-0.0028324073671152517,-0.007066074157619723,0.0033004256728699417,0.007999997569271873,-0.0037955598571257298,-0.015770388008677028,0.0009704793136478828,-0.0029555203966709033
2026-07-17,0.06798884536338529,-0.01806559244009287,-0.008806729237063826,-0.002418053285076513,-0.0026901344243875185,-0.00952607943531377,-0.0058691112799422445,0.004398879228938931,0.0020571181612857063,0.011242823641730737,-0.0031842890899438105,0.0036566741166089364,-0.014496032768197253,0.006333959741399882,-0.004984585787676646
2026-07-20,0.006185970822481938,0.012396125603054125,0.01198843895600023,-0.002010976125769783,-0.005606180076991291,0.009921864241504236,-0.014379844266829356,-0.00826524889872113,0.00750706709407291,-0.003151185286933404,-0.00716353602382183,0.018229161570231373,0.0017866002843846748,0.004436211312410324,0.009060591202880929
2026-07-21,-0.014984409633091968,0.02915095658815738,-0.008673513184648202,-0.010190390351561267,-0.015998192503858907,-0.008675787700814275,0.002052125172593031,0.003997514375902349,0.00633163292712626,-0.006328423940107843,-0.003099924257389897,-0.003524340492621122,0.001900989672664522,-0.002488329292646292,-0.0010054899097966417
2026-07-22,-0.048623440022880375,0.015449780302128926,0.022601676699911227,-0.0159969176136674,0.007441111440308584,0.013686719690213468,0.002463554361140642,0.015589838786698286,-0.01629179011452772,0.005225573663835987,-0.004917746436001593,-0.009283774937660806,0.0001622663102704789,0.0013604453948202924,0.016756969365363927
2026-07-23,-0.025959474964242092,-0.007282053941694842,0.03101430933503165,-0.0228640045042754,-0.01339873712212689,0.00022496289671797312,-0.007353833914094637,-0.010657693947826691,0.004980232188501605,0.005406919639707934,-0.009707246686925691,0.005330819769730433,-0.011987160357329659,0.006903865744776845,-0.005798580742012837
2026-07-24,0.05065510462431444,-0.009196962623354211,0.037323720084224445,-0.002769042412845443,-0.01496116093976137,0.0179773968050197,-0.008800636371142949,-0.033161865823566644,0.004198843046105164,0.0028610795501726525,-0.012641501631810196,0.005725013241874154,-0.003630234754870858,0.011249891624614611,-0.007013727949203773
2026-07-27,-0.04881639847222684,0.01707879493414224,-0.05177454796791123,0.023723688099859926,0.0007773035961763457,-0.03727921270823994,0.013218980759669516,0.011232818866298483,-0.018198915006823285,0.005121072103431242,-0.0029766841668616754,-0.007613069674721026,-0.00036560141710149626,0.0070688090722584975,-0.006130516436271638
2026-07-28,0.04059708923875244,-0.024022252275337472,-0.051613987865561796,0.02044456062126027,-0.021305897004693475,-0.0036518584931087158,0.012183334909636825,0.0058014814630839694,0.002795029239788344,0.0013736654835146641,0.027858806995291648,-0.01635854479924428,0.011369629600494202,0.014174847374097565,-0.025272625696880005
2026-07-29,0.013681683207613784,-0.03816521182055723,0.05043041844153915,-0.015000499095295407,-0.005935042038754974,-0.006357455134985987,-0.009262487929289359,-0.006039729468215942,-0.006878235112042939,-0.005575255798951707,0.014125497025404506,0.01192412067701838,-0.018423697745219996,-0.00764025109571306,0.006542858860434534
2026-07-30,0.023943365161730706,0.018008479912117403,-0.0037647291600507423,0.0036738402376675556,0.005577347568288682,0.009393244827066043,0.025322228144523475,-0.008295529260633162,-0.0034460767774008886,-0.028599804708780954,-0.005483305303457676,-0.010434310766392837,-0.01475377451713255,-0.02178891356269448,0.00017846019055385985
2026-07-31,-0.03587576216980774,0.010781496558341458,-0.005429876390544874,-0.004168947598417685,0.02018110008520803,-0.009386386290365582,-0.005651169985617382,0.0031326973995698523,-0.00846026278875113,0.0018812564534781981,0.006895029497179689,-0.007492533164098376,-0.006628305634700705,-0.0037127322251061016,0.002842014386904764
2026-08-03,0.0032800654742511357,-0.02439676423181193,0.0023273976639419354,0.0010607766130530478,0.014276424855982307,-0.004823987170510854,-0.012464944898798022,-0.011203873250842997,0.008638444591324549,-0.0017109319163986707,-0.001350566605654411,-0.0038187224346831234,0.007776440564229202,0.00384415067659321,-0.004318686203988173
2026-08-04,-0.027336759093166137,-0.039883623271784824,0.021557250867769648,0.017897514528297662,0.018497514943373764,0.013493488435333547,0.010442066862475462,-0.006894279420724431,-0.020533885789987553,-0.00346689929459731,-0.01784066591393659,0.004616349329297403,0.005280678941224768,0.0022568900679680636,0.022604701830970776
2026-08-05,-0.06402128736856783,-0.04757767087435577,0.022785623461935536,-0.0053225072285949925,0.007750916580253218,-0.02973046241764943,0.0044053121230592,0.002710008186712991,0.008884630719672118,0.0065392517694177685,-0.005330901847496382,0.009741102299525246,-0.010149375504502593,-0.00015684505435202838,-0.0048079047068817
2026-08-06,-0.02061787091840672,-0.014777492944718574,0.010154561220390384,-0.003559472268312873,-0.02969804682041074,-0.011057017623952928,-0.008017822982827006,-0.007115383710517599,0.010659927127194973,-0.002465385272327625,-0.01029396976428479,0.0015574539898865556,0.0057068896948447995,0.001206546716818318,0.009973074935809657
2026-08-07,-0.032240033653472874,0.005922071258954475,0.007806861880345934,0.017326482458829156,-0.015376045685787662,0.0058853774229399745,0.0006853414913918681,-0.010936040997194812,-0.0030309889533804944,-0.017226655277820465,0.011577603393104876,-0.0040694351471357686,0.004284292428144461,-0.0022251504030450712,-0.003124151378480617
2026-08-10,-0.027564984061040153,-0.00538429570380637,0.03071669297715399,-0.0077751848320695505,-0.02138127290874089,-0.003475183271872335,-0.0030612254637408538,0.001163920074855594,0.00034182511095964455,0.014867774035199474,-0.0003381145407754238,0.003916838893876705,0.0030990307392229953,-0.0038986114027766607,0.01702351997321411
2026-08-11,-0.00483333691412877,0.009130185463805347,-0.008661753742764363,-0.00812521326368697,-0.008669874943597283,0.0036224733800882484,-0.0021335240526995382,-0.005031856486077029,0.01613187957723282,0.004181246681369424,0.01565026315873256,-0.008935279992188854,-0.0014876175505331509,0.015779881554762936,-0.0013032244706252178
2026-08-12,-0.027017528986827247,0.042298804686017405,-0.013326405970158474,0.0013248204277927838,0.01197727355425338,-0.019430253554732015,-0.0036692410341796827,0.011030987812580044,-0.01876335133394967,0.004259136570498997,0.02704419425654071,0.007469677359223245,0.012339996851464384,-0.009610547480135572,-0.004726071384401727
2026-08-13,0.021548395774383715,-0.0021399485280191484,-0.00993270729761344,-0.01201114020243844,0.014809691998847309,-0.013004906056626209,0.0019328733568450994,-0.015826195013449607,0.018233727739445277,-0.00942480350735195,-0.0033567985534087735,-0.009353920145365697,-0.010179618424278709,0.006790143741149043,0.013707728908434393
2026-08-14,0.02621870669192124,-0.017811564654160623,0.02237510039488504,0.008871134028618024,0.0021309955347402192,-0.0018970335695831454,-0.0062530280641884955,-0.006254444818264869,0.010264758201347722,0.01248332028140113,-0.006158177377185471,0.00023780154710275193,-0.013646686666569255,-0.00017942183108330388,-0.01605558328088123
2026-08-17,-0.05132772136477749,0.0409569319775095,0.037134513011888345,-0.0059284514211271925,-0.01748626904969908,0.0052418196707211895,0.002103103113834121,-0.01169117463049971,0.019989543421919855,-0.01259913744728618,-0.009899940869269142,0.004091315004501986,0.009733134291849056,0.022363843034996125,-0.004384757585599669
2026-08-18,0.04222663598557426,0.017144086027316142,0.028129157329330544,-0.011352640398943363,-0.025232067714009074,0.013467061821947046,0.014343054493001028,-0.027949909050403902,-0.03652570620108965,0.015915790942162042,-0.025959893842890686,-0.020757165197986625,-0.01981526638422877,-0.007608320321588515,-0.015998369564734643
2026-08-19,0.01108258822890543,0.015121183229771466,-0.014194434973873338,0.018472062397723893,-0.01026980779477759,0.0005632181749759698,0.002404529588728156,-0.0024738978041688882,-0.007164122526944374,0.016636546763826157,-0.0012390451646927697,-0.008934972319159929,0.005721098390715595,-0.004204573390546421,0.01670624496719013
2026-08-20,-0.04315867045315275,-0.02421706238894576,0.0074712224478242,0.04111559803044828,0.0018051544393210613,-0.0072081755709164,-0.02171784667400283,-0.02422486044993517,0.0031210753930383133,0.009682456666177043,-0.01289098782905567,0.00029172704731490143,-0.011465913730325333,-0.0216632964796352,-0.011192924473838958
2026-08-21,-0.016661999873208027,0.031115171424617057,-0.011805266359465836,-0.002451345168744909,-0.0005096476740160205,-0.005321194586346181,-0.015292495752035356,0.010713358482564786,-0.014345494633486082,0.009806442174412571,-0.006374892202225941,-0.00742940513515771,0.004899954419841202,-0.0027043916286281604,-0.006822046580006317
2026-08-24,-0.025837583546021465,-0.020103021657385662,-0.003741386372679246,0.012813717764250668,0.02652993618778649,-0.004949731235800539,-0.023559625843067693,-0.028189381271500384,0.003995243446802988,-0.03469948757125797,0.021212612725215328,-0.01285224335714288,0.000499849009349529,0.006916252389610048,-0.011689475649768848
