Date,360.au,4DX.au,A2M.au,AAI.au,ABB.au,AD8.au,AGL.au,AIA.au,ALD.au,ALK.au,ALL.au,ALQ.au,ALX.au,AMC.au,AMP.au,ANN.au,ANZ.au,AOV.au,APA.au,APE.au,ARB.au,ARF.au,ASB.au,ASX.au,AUB.au,AZJ.au,BAP.au,BEN.au,BGA.au,BGL.au,BHP.au,BKW-202509.au,BOE.au,BOQ.au,BPT.au,BRG.au,BSL.au,BWP.au,BXB.au,CAR.au,CAT.au,CBA.au,CCP.au,CDA.au,CGF.au,CHC.au,CIA.au,CIP.au,CKF.au,CLW.au,CMM.au,CNI.au,CNU.au,COH.au,COL.au,CPU.au,CQE.au,CQR.au,CRN.au,CSC.au,CSL.au,CTD.au,CU6.au,CWY.au,CYL.au,DBI.au,DEG-202504.au,DGT.au,DHG-202508.au,DMP.au,DNL.au,DOW.au,DRO.au,DRR.au,DTL.au,DVP.au,DXS.au,DYL.au,EBO.au,EDV.au,ELD.au,ELV.au,EMR.au,EOS.au,EVN.au,EVT.au,FBU.au,FFM.au,FLT.au,FMG.au,FPH.au,GDG.au,GGP.au,GMD.au,GMG.au,GNC.au,GOR-202509.au,GPT.au,GQG.au,GYG.au,HDN.au,HLI.au,HLS.au,HMC.au,HUB.au,HVN.au,IAG.au,IEL.au,IFL-202604.au,IFT.au,IGO.au,ILU.au,IMD.au,INA.au,ING.au,IPH.au,IPX.au,IRE.au,JBH.au,JDO.au,JHX.au,JLG-202510.au,KAR.au,KCN.au,KLS.au,LIC.au,LLC.au,LNW.au,LOV.au,LTM-202503.au,LTR.au,LYC.au,MAQ.au,MFG.au,MGR.au,MI6.au,MIN.au,MND.au,MP1.au,MPL.au,MQG.au,MSB.au,MTS.au,NAB.au,NAN.au,NCK.au,NEC.au,NEM.au,NEU.au,NHC.au,NHF.au,NIC.au,NSR-202604.au,NST.au,NUF.au,NWH.au,NWL.au,NWS.au,NXG.au,NXL.au,NXT.au,OBM.au,ORA.au,ORG.au,ORI.au,PDI.au,PDN.au,PLS.au,PME.au,PMV.au,PNI.au,PNR.au,PNV.au,PPT.au,PRN.au,PRU.au,PXA.au,QAN.au,QBE.au,QUB-202607.au,REA.au,REH.au,RGN.au,RHC.au,RIO.au,RMD.au,RMS.au,RRL.au,RSG.au,RWC.au,S32.au,SCG.au,SDF.au,SDR.au,SEK.au,SFR.au,SGH.au,SGM.au,SGP.au,SGR.au,SHL.au,SIG.au,SIQ.au,SLC.au,SLX.au,SMR.au,SOL.au,SPK.au,SPR-202507.au,SRG.au,STO.au,STX.au,SUL.au,SUN.au,TAH.au,TCL.au,TLC.au,TLS.au,TLX.au,TNE.au,TPG.au,TPW.au,TUA.au,TWE.au,VAU.au,VCX.au,VEA.au,VNT.au,VUK-202409.au,VUL.au,WAF.au,WBC.au,WDS.au,WEB.au,WES.au,WGX.au,WHC.au,WOR.au,WOW.au,WPR.au,WTC.au,XRO.au,XYZ.au,YAL.au,ZIP.au
2024-08-26,19.47,0.42,5.481419,49.010345,3.3828197,9.84,9.991026,6.751744,28.767918,0.4,52.03252,15.177759,4.292868,73.16783,1.2264736,28.713179,26.87191,9.239313,6.9182363,9.026919,40.56439,3.628506,2.25,58.6671,30.530949,3.056844,3.4408967,11.083655,4.1183653,1.35,37.338726,25.651503,3.13,5.4781637,1.1636207,33.023388,19.243122,3.27388,16.834106,36.498608,2.04,130.82042,14.197959,14.639263,6.521088,14.230384,5.5266795,2.8340776,7.184151,3.4133716,5.934958,1.535075,7.158236,290.42145,17.23012,26.636457,2.4586565,3.1141307,1.2464906,10.66,297.3164,11.441384,7.12,2.8282068,2.15,2.7650552,1.22,,2.7464724,28.99539,2.8093214,4.5606565,1.275,3.4001734,7.405084,2.19,6.4314704,1.17,30.892223,4.7132235,8.114408,4.05,3.97,1.79,4.152129,10.099323,2.633578,0.9177462,18.571442,15.899783,31.940577,2.5407956,,2.2,31.823816,7.474829,1.5082024,4.43023,2.4237058,35.525215,1.1358461,2.461487,1.1818864,7.7888966,53.444935,4.5615625,6.8006473,14.583606,2.37,9.736227,4.9897957,5.868607,2.1016119,5.099542,2.7725453,5.7217426,2.28,9.645997,74.56882,1.675,54.35,5.453573,1.5818436,1.308268,3.4854844,8.225953,6.1441107,160.88,35.068825,4.21,0.785,6.8,90.57,8.665219,1.8393962,0.14,45.13,12.215744,8.828326,3.576757,200.60983,0.965,3.2538111,34.627743,2.7,14.577278,0.8399395,74.897095,15.59,4.0463295,5.493038,0.7930901,2.2316635,14.349711,4.08,3.2170272,22.227741,42.77761,9.47,4.75,17.766615,0.54,2.2292538,8.851235,17.077688,0.28,10.88,3.02,147.44215,24.643766,16.461412,1.955,2.49,18.177177,0.8958947,2.4399676,13.88,5.884055,14.472749,3.6877809,215.66095,26.264729,1.9942875,44.685192,101.36616,32.70639,1.9426,1.7599612,0.665,5.087653,2.9181464,3.133296,6.026558,5.24,22.110079,9.07,39.788456,10.995984,4.563074,0.495,25.83161,1.2264726,7.2895784,1.76,4.42,2.7822413,32.837215,2.9298675,1.365,0.9104386,6.6365447,0.165,15.956044,15.673366,0.5251573,12.3247,4.5909095,3.691232,19.86,22.442896,3.0608187,11.44,4.33,11.082999,2.3078194,1.9657415,2.833383,4.035909,4.2,3.196194,1.465,28.11055,23.099688,7.164672,71.774475,2.98592,6.6485686,13.10108,33.462708,2.2946305,118.27753,143.55,96.98,4.8182287,2.27
2024-08-27,19.12,0.43,5.3411098,50.52867,3.353741,9.82,10.144042,6.732398,28.446064,0.415,52.429714,15.292743,4.292868,73.66009,1.2217013,28.62614,26.826626,9.167061,6.953265,9.062776,40.157894,3.5562968,2.33,57.69832,30.096546,3.0660791,3.4339592,10.616596,4.080408,1.35,37.805,25.3059,3.12,5.4956937,1.1863476,32.534878,19.034058,3.2828743,16.673601,36.17494,2.01,129.51984,13.804842,14.561395,6.4287214,13.783007,5.6200356,2.8160834,7.1747484,3.3869793,5.9747896,1.5261501,6.987802,290.11252,17.519468,26.456863,2.4407754,3.131626,1.2416971,10.9,295.98032,11.254466,6.99,2.7899878,2.11,2.809653,1.22,,2.7464724,28.499578,2.8093214,4.4863486,1.17,3.3229375,7.2651896,2.22,6.4225383,1.17,30.83611,4.7589827,8.185121,4.05,4.02,1.605,4.1330824,9.760799,2.6141422,0.95679927,18.269005,16.17766,31.589472,2.5407956,,2.19,32.20688,7.5547266,1.482199,4.4029946,2.4149873,36.6648,1.114003,2.4739187,1.1818864,7.788897,53.26754,4.5162187,6.728492,15.388419,2.31,9.726521,5.0276685,5.9564896,2.1408942,5.002223,2.7904327,5.572327,2.27,9.511759,73.55198,1.65,54.4,3.9751358,1.6138462,1.3377777,3.622349,8.146475,6.1075387,159.0,30.517118,4.11,0.795,6.79,87.61,8.336047,1.8485022,0.12,45.6,11.884094,8.6931,3.521446,199.5849,0.95,3.2627997,34.269997,3.31,14.651606,0.83064127,75.05357,15.75,4.072323,5.7410517,0.8025882,2.2410011,14.416014,4.01,3.2353578,21.757727,42.599453,9.5,4.61,17.540226,0.555,2.23839,8.923269,16.992537,0.28,10.76,3.08,146.92534,24.351793,16.179539,1.87,2.46,18.221405,0.9186331,2.4303992,13.75,5.9026165,14.254703,3.6210768,214.63394,26.303753,2.003151,43.985935,102.151375,33.13064,1.9708903,1.7453759,0.68,5.0586357,2.9275901,3.1241877,5.914436,5.15,22.502508,9.05,39.621735,10.608118,4.526931,0.485,25.969402,1.2264726,6.711746,1.74,4.43,2.7464569,32.628605,2.8881314,1.34,0.9390388,6.764346,0.2,15.604589,15.574394,0.53947973,12.242778,4.5909095,3.6728675,19.97,22.129284,3.0542362,11.42,4.39,11.195899,2.3078194,1.9476241,2.7595491,4.0084543,4.19,3.196194,1.465,27.94557,24.010366,7.252582,71.50412,2.9264,6.639057,13.463707,33.10791,2.2771142,117.80999,140.37,96.48,4.7560005,2.09
2024-08-28,19.25,0.43,5.3411098,49.118797,3.2955837,9.81,10.252053,6.664687,28.45553,0.42,52.497528,15.101104,4.3098025,73.97335,1.216929,28.577784,27.098333,9.148998,6.8481784,8.982099,39.883747,3.5833752,2.29,56.729538,29.983223,3.0660791,3.4131474,10.706416,4.042451,1.335,37.265583,25.104298,3.03,5.486929,1.1590753,32.466484,18.87044,3.27388,16.635836,36.1559,2.01,130.59424,13.594569,14.590594,6.4010115,13.716376,5.6200356,2.789092,7.0713115,3.4133716,5.9050837,1.503838,7.104415,288.40356,17.622139,26.428507,2.4139538,3.1228783,1.177386,10.74,295.96106,11.470898,6.9,2.7899878,2.1,2.809653,1.23,,2.688037,28.213535,2.8186545,4.458483,1.285,3.2959948,7.2372108,2.22,6.3242793,1.13,30.695816,4.8138943,8.087889,3.9,3.99,1.625,4.0854664,9.864237,2.5752702,0.9372727,18.949486,16.012672,32.233162,2.579885,,2.19,32.67834,7.723398,1.4518615,4.3939166,2.3801138,35.049564,1.1096343,2.4863505,1.1745682,7.9515643,53.66175,4.4708753,6.75555,15.04904,2.28,9.775055,4.970859,5.858842,2.1801767,4.9924912,2.7725453,5.4317007,2.47,9.550113,74.22046,1.635,54.64,3.7303615,1.5544128,1.3131863,3.6679704,7.9477806,6.089253,158.63,29.91524,3.99,0.77,7.02,87.0,8.211496,1.8211844,0.12,44.18,11.727482,8.306741,3.576757,200.43117,0.955,3.2448227,34.58188,3.22,14.447207,0.83684003,74.87753,15.34,3.9596844,5.832908,0.78359205,2.222326,14.273937,3.98,3.2536886,21.982943,42.52027,9.33,4.81,16.782314,0.565,2.2475264,8.977296,17.077688,0.27,10.13,3.0,146.20973,24.428263,16.19833,1.955,2.44,18.256786,0.9186331,2.5739267,13.44,5.8654933,14.35464,3.630606,214.32094,26.08911,2.003151,42.04144,101.24747,34.975613,1.9897504,1.7745466,0.68,5.0973253,2.9087026,3.1150794,5.8864055,4.92,22.25365,8.82,39.73942,10.520849,4.4907875,0.46,25.528465,1.2264726,6.91621,1.71,4.48,2.7464569,32.401028,2.7629235,1.33,0.981939,6.7187033,0.19,15.551871,15.610385,0.45831907,12.169959,4.662568,3.663474,18.79,22.325293,3.0608187,11.21,4.27,11.090729,2.3398724,1.9657415,2.713403,3.9718473,4.19,3.154359,1.395,28.257196,23.721401,7.2613735,71.970245,2.89664,6.439315,14.095981,34.190968,2.268356,117.17334,141.7,97.95,4.720442,2.38
2024-08-29,18.96,0.415,5.284986,46.79201,3.2180405,9.44,10.22505,6.6356683,28.351402,0.42,52.352215,14.871139,4.2844005,74.06284,1.2121568,28.645483,27.207016,9.39285,6.6292467,9.107596,40.36587,3.5292184,2.28,57.32571,29.709358,3.1214902,3.4026237,10.634561,4.4220233,1.275,37.0553,25.142698,2.78,5.4956937,1.1313684,32.52511,18.715914,3.27388,16.843548,36.032143,2.01,130.81099,13.3751545,14.833934,6.4287214,13.8877125,5.713392,2.789092,7.0807147,3.3781822,5.815462,1.5083004,7.095444,286.26016,17.612806,26.749884,2.4139538,3.1228783,1.157598,10.5,295.9899,11.719401,6.67,2.7708783,2.18,2.794907,1.205,,2.688037,28.652136,2.8093214,4.439906,1.235,3.2959948,7.1346216,2.16,6.3332124,1.07,30.880352,4.8596535,8.105568,3.9,3.9,1.51,4.046924,9.864237,2.5558343,0.9226278,19.346432,16.116875,31.8528,2.6385186,,2.14,32.521187,7.8121734,1.4301271,4.4211516,2.3713956,35.15857,1.0921597,2.4801347,1.1745682,7.9802704,53.937695,4.4346004,6.8755255,15.514474,2.27,9.716813,5.037137,5.8881364,2.1605356,4.963295,2.7278268,5.4756465,2.46,9.358343,73.68379,1.6,54.97,3.7793162,1.4401177,1.2885947,3.34862,7.759021,6.0709667,158.32,29.153486,3.86,0.725,7.02,81.8,8.140324,1.8393962,0.12,40.61,11.736695,8.094242,3.576757,201.8134,0.95,3.2358344,34.802025,3.12,14.140611,0.8182436,74.66236,15.21,3.8557098,5.78698,0.78834105,2.2410011,14.207635,3.95,3.2536886,21.747934,42.55986,8.84,4.75,16.546083,0.58,2.2749352,8.968291,17.039845,0.265,9.75,2.91,146.23955,24.317036,16.113768,1.955,2.37,17.56685,0.93682384,2.5834951,12.99,5.911897,14.263788,3.640135,214.4487,26.098866,1.9854239,42.68322,100.42573,35.123604,2.0746214,1.7794085,0.685,5.1166697,2.9275901,3.1059709,5.9424667,4.97,22.090935,8.55,39.749226,10.501455,4.481752,0.45,25.583582,1.2264726,6.9962173,1.705,3.9,2.6569958,32.552746,2.8547428,1.295,0.99623907,6.5361295,0.195,15.516726,15.718351,0.4344483,12.188164,4.719895,3.6728678,18.48,22.276289,3.0147417,11.46,4.2,10.880386,2.051395,1.9929177,2.6672566,3.909648,4.17,3.229662,1.415,28.486334,23.327358,6.856987,69.04296,2.85696,6.2871304,14.235454,33.360004,2.2858722,118.05868,143.19,95.38,4.684883,2.28
2024-08-30,19.12,0.44,5.2288623,47.17652,3.2665048,9.45,10.450072,6.722725,27.945692,0.425,53.001286,15.014867,4.3182693,74.68937,1.2217013,28.848572,27.533066,9.510262,6.6467614,9.358593,40.242977,3.5924013,2.34,57.027626,29.520489,3.1214902,3.4306865,10.82318,4.839554,1.265,37.274727,25.3155,2.84,5.5395193,1.1544574,32.808445,18.779541,3.2558916,17.211763,36.041664,2.12,131.4707,13.786556,15.067538,6.3548284,13.792525,5.853426,2.8340776,7.2311683,3.422169,5.9648314,1.5395374,7.1402955,290.0063,17.538136,26.872765,2.4497159,3.1841114,1.177386,10.45,295.2498,11.699522,7.23,2.7517688,2.28,2.8130558,1.22,,2.7562118,28.623533,2.827988,5.192275,1.325,3.3049757,7.1812525,2.19,6.4493356,1.085,30.870853,4.8871098,8.132086,4.05,4.0,1.515,4.085466,10.174551,2.750194,0.9275094,19.818987,15.865049,32.19415,2.716697,,2.27,32.80603,7.7766633,1.4127396,4.466543,2.3888323,35.178387,1.1008971,2.5485094,1.2221364,8.095094,54.95278,4.1534705,6.967815,15.689012,2.32,9.843005,5.254908,6.0150776,2.2096386,5.0606146,2.781489,5.4317007,2.72,9.281635,74.91718,1.645,55.08,3.7168727,1.5818436,1.308268,3.4307384,7.669608,6.180683,161.0,29.238127,3.98,0.75,7.06,84.55,8.478392,1.8576081,0.13,40.15,11.86567,8.248786,3.5583198,202.77248,1.03,3.2178574,35.013,3.23,14.345008,0.821343,76.54995,15.59,3.8817036,5.7502375,0.79783916,2.259676,14.453901,3.97,3.2628539,22.051487,42.203545,8.82,4.76,16.683886,0.58,2.330876,8.968291,16.80331,0.23,9.79,2.97,149.77776,24.53254,16.433226,2.125,2.34,17.381098,0.9413715,2.5260842,13.37,6.227446,14.345555,3.6782515,215.20535,26.674505,2.003151,39.79999,101.850075,35.242,2.0934815,1.8183025,0.675,5.1843762,2.965366,3.133296,6.0452447,4.9,22.06222,8.63,40.288635,10.646905,4.5359664,,25.427416,1.2412494,7.120674,1.755,3.89,2.6927803,32.713943,2.7796178,1.455,1.0391394,6.5909014,,15.692453,15.898299,0.41535166,12.333803,4.767667,3.6916547,18.61,22.452696,3.2648733,11.65,4.34,10.928192,2.1796072,2.011035,2.6580274,3.9564142,4.18,3.2714972,1.43,28.632982,23.808968,6.900942,67.68186,3.0156798,6.3632226,14.161067,33.31332,2.2858722,118.24769,142.84,98.36,4.8004494,2.4
2024-09-02,18.9,0.44,5.3598175,46.73286,3.1792688,9.51,10.504079,6.7033787,28.621876,0.4,52.710655,14.966957,4.301335,75.36063,1.2407904,29.641594,27.768545,9.537356,6.594218,9.618554,40.13899,3.628506,2.27,58.527374,29.690474,3.1861365,3.4306865,10.961702,4.8490434,1.15,36.87245,25.3731,2.73,5.6096396,1.1267505,33.04293,18.734093,3.264886,17.145674,35.651356,2.1,133.61005,13.887121,14.970203,6.4564314,13.954343,5.6480427,2.8520718,7.259378,3.4397635,5.745756,1.5306126,7.0864744,290.71112,17.687477,26.90112,2.4228942,3.1578686,1.127916,10.61,293.88483,11.858563,7.29,2.7613237,2.23,2.8221302,1.195,,2.7075155,29.157482,2.827988,5.3316026,1.465,3.278033,7.3024945,2.14,6.4850664,1.085,31.440777,4.8138943,8.282352,3.9,3.91,1.475,3.9602044,9.977078,2.6141422,0.8982197,20.3388,15.786897,32.67204,2.6776078,,2.2,32.737278,7.936457,1.4214333,4.493778,2.3801138,35.921593,1.1183716,2.560941,1.2806818,8.200349,53.94755,4.1716075,7.023188,15.417508,2.38,9.978905,5.1223516,5.897901,2.199818,5.0411506,2.7636015,5.537171,2.79,9.396697,76.24474,1.665,55.84,3.6177561,1.5864154,1.2689215,3.4581115,7.7093472,6.134968,162.42,30.140944,3.89,0.71,6.92,79.3,8.425014,1.9031376,0.12,39.51,11.819608,7.9879932,3.6781597,204.07947,1.06,3.2358344,35.453304,3.17,14.075575,0.83064127,75.806656,14.47,3.9076972,5.897208,0.774094,2.278351,14.302353,3.91,3.2811844,21.982943,42.55986,8.74,4.88,16.17205,0.56,2.3029056,8.923269,17.039845,0.215,9.6,2.84,149.90697,24.358746,16.456121,2.04,2.35,17.328026,0.9277285,2.4016936,13.5,6.3759394,14.472749,3.7258976,203.84566,27.2599,2.003151,38.68885,100.38007,35.528114,2.036901,1.7648231,0.66,5.2811,2.9275901,3.1515129,6.0545883,4.86,21.947363,8.59,40.21998,10.705085,4.5721097,,25.601955,1.2757285,7.5029316,1.74,3.86,2.7375107,32.61912,2.7796178,1.425,1.0200726,6.663931,,15.806675,16.024261,0.3990068,12.379315,4.815439,3.6916547,18.01,22.560501,3.278038,11.65,4.41,10.851704,2.019342,2.0291524,2.7226322,3.9657674,4.17,3.204561,1.4,28.96294,24.141714,6.7954497,67.51406,2.80736,6.391757,14.142161,33.444035,2.329663,120.81418,143.7,97.71,4.9871335,2.3
2024-09-03,19.02,0.43,5.1727386,46.57511,3.1501904,9.48,10.531081,6.606649,28.4963,0.395,52.846283,14.966957,4.3690724,75.718636,1.2455626,29.486858,28.031197,9.347693,6.471616,9.645448,39.940468,3.6555843,2.24,59.319164,30.020998,3.1399608,3.4096394,11.1002245,4.8012223,1.18,36.23246,25.4115,2.7,5.62717,1.1221327,33.267643,18.543207,3.27388,17.155115,35.775112,2.05,135.12738,14.24367,14.803432,6.530325,13.97338,5.6107,2.8340776,7.3252015,3.4397635,5.7557144,1.5306126,7.014713,290.1318,17.564053,26.64591,2.4407754,3.149121,1.1081281,10.6,294.16357,12.067306,6.86,2.732659,2.25,2.8493536,1.205,,2.726994,29.424458,2.8373213,5.1551213,1.4,3.2331283,7.4423895,2.1,6.493999,1.075,30.90885,4.7349777,8.202799,3.75,3.85,1.485,4.008382,9.911254,2.5655522,0.9275094,20.404957,15.370081,33.237705,2.81442,,2.19,32.4819,7.9187026,1.477943,4.5210133,2.3888323,36.46661,1.1183716,2.5795887,1.284341,8.152507,54.588142,4.2441573,7.124706,15.659922,2.4,9.969198,4.885644,5.8684115,2.170356,5.1287384,2.7725453,5.4580684,2.66,9.37752,76.68725,1.675,56.23,3.6375794,1.5957648,1.2984314,3.6588464,7.6099997,6.134968,163.5,31.429338,3.8,0.65,6.88,78.46,8.398323,1.9213494,0.13,36.17,11.801183,7.8431077,3.6597228,206.68407,1.065,3.1998806,35.70097,3.33,14.345008,0.84303886,76.65753,14.07,3.8297164,5.704309,0.774094,2.278351,14.321615,3.87,3.2445233,22.227741,42.67863,8.72,4.79,16.300007,0.58,2.330876,8.887253,16.850616,0.22,9.31,2.75,151.17914,24.789751,16.379803,1.955,2.41,17.336872,0.9322761,2.4208305,13.49,6.2552886,14.590856,3.7163684,204.09132,26.733044,2.003151,38.995373,98.71834,35.715576,2.0463312,1.7113435,0.66,5.24241,2.9275901,3.1606214,6.1148825,4.9,21.937792,8.55,40.386707,10.656602,4.5901814,,25.68463,1.2511005,7.707396,1.69,3.8,2.6238108,32.467407,2.7629235,1.37,1.015306,6.6274166,0.2,15.89454,16.249195,0.3893922,12.388417,4.853657,3.7104418,17.69,22.717308,3.2648733,11.86,4.33,10.708289,1.9552358,2.0563285,2.7041736,3.9844742,4.21,3.154359,1.38,29.155415,24.10669,6.6108384,67.55191,2.90656,6.211038,14.104348,33.424843,2.3559375,123.728836,144.7,97.99,4.907126,2.22
2024-09-04,18.31,0.425,5.2008,44.376495,3.3343554,9.1,10.405068,6.693706,27.965014,0.385,52.671906,14.545353,4.292868,75.04737,1.216929,29.061333,27.587406,9.040619,6.366529,9.484092,38.305035,3.5924013,2.17,58.396957,29.917118,3.0845494,3.3324664,10.887824,4.896864,1.145,35.327335,25.181097,2.55,5.4956937,1.0713365,32.603268,18.070536,3.237903,17.126791,35.004013,2.03,131.88538,13.667707,14.793622,6.465668,13.802045,5.3679743,2.8250804,7.1653447,3.3957767,5.4569745,1.4949131,7.104415,284.3485,17.326702,26.712076,2.405013,3.1228783,1.0833931,9.59,292.20267,11.977845,6.69,2.6944401,2.14,2.7858326,1.1,,2.6588192,28.652136,2.8093214,5.136544,1.335,3.0535102,7.2558637,1.97,6.39574,0.98,30.68088,4.604998,8.026014,3.75,3.76,1.375,3.7867649,9.647958,2.4295,0.84452176,20.026913,14.812332,33.393753,2.68738,,2.07,32.089012,7.9009476,1.3649238,4.4574647,2.2231834,36.31797,1.0965284,2.4893029,1.2404319,7.9611325,53.60262,4.1171956,7.1708503,15.07813,2.3,10.192461,4.80043,5.6521554,2.1507149,5.050883,2.7099395,5.352598,2.65,9.272047,76.06585,1.665,55.06,3.6177561,1.4972028,1.2541666,3.47636,7.35,6.180683,159.82,30.686398,3.57,0.61,6.74,76.41,8.2026005,1.8849258,0.14,34.21,11.524809,7.6112924,3.682384,204.1547,0.995,3.1819038,34.8112,3.44,14.177773,0.7965477,75.44621,13.79,3.7777295,5.7410517,0.75939596,2.259676,14.003785,3.74,3.1712008,21.228962,41.17419,8.15,4.89,15.817701,0.565,2.4986992,8.815218,16.708698,0.215,8.65,2.58,149.68616,24.268373,15.740638,1.785,2.34,17.115738,0.90044236,2.3060088,13.25,6.2924123,14.763474,3.6877809,197.51724,25.786655,1.9765605,38.318203,96.49051,35.666245,1.9426,1.6870347,0.625,5.165032,2.8331518,3.0968626,6.0674067,4.89,21.272717,8.04,39.906143,10.433579,4.481752,,25.289915,1.2461749,7.6451683,1.69,3.6,2.4958203,31.99329,2.7295346,1.22,0.99147236,6.4539714,0.185,15.797889,16.114235,0.37977758,12.406623,4.805885,3.6822612,17.28,22.080282,3.212214,11.35,4.18,10.756094,1.8590766,2.011035,2.648798,3.9844742,4.2,3.154359,1.36,28.532162,23.493732,6.7075396,66.35965,2.728,5.9587145,13.915282,32.935413,2.320905,121.25188,141.09,95.1,4.836008,2.16
2024-09-05,18.34,0.435,5.1727386,44.711708,3.5282133,9.52,10.405068,6.6743603,27.800797,0.395,52.41034,14.353714,4.2081957,75.72678,1.2026122,28.896927,28.302904,9.031588,6.3139853,9.277917,37.6433,3.628506,2.14,58.611206,29.73769,3.0660791,3.3675451,10.915528,4.8586073,1.16,35.57419,25.3347,2.55,5.5395193,1.0436295,33.150402,18.143255,3.2558916,17.343945,35.004013,2.03,133.21422,13.832269,14.842672,5.7544446,14.496905,5.134584,2.8430746,7.184151,3.422169,5.5266805,1.535075,7.3466105,281.8189,17.469112,26.494675,2.431835,3.1578686,0.91024804,9.36,291.3472,11.888384,6.87,2.7231045,2.06,2.8312047,1.095,,2.7562118,28.594927,2.8373213,5.108679,1.375,3.0535102,7.2278843,2.01,6.538662,0.995,31.279299,4.6328506,8.087889,3.6000001,3.82,1.38,3.8060358,9.535116,2.536398,0.8201136,19.894596,14.748327,33.588806,2.6678355,,2.14,32.599762,7.732276,1.3562299,4.584562,2.2057467,37.130543,1.114003,2.534446,1.2404319,7.9515643,54.184074,4.1806765,7.106248,15.097522,2.3,10.580745,4.9897957,5.6914744,2.1801767,5.099542,2.6831083,5.33502,2.71,9.080277,75.85871,1.68,55.0,3.6375794,1.4174145,1.2394117,3.622349,7.33,6.317828,159.84,29.971666,3.58,0.625,6.74,76.5,8.02467,1.9304553,0.125,32.2,11.345029,7.408453,3.6351738,206.82512,0.97,3.208869,35.31571,3.56,13.815432,0.8058459,75.37753,13.92,3.7257423,5.656486,0.75449663,2.278351,13.984524,3.74,3.1528702,21.434593,41.68887,8.26,4.8,17.146507,0.54,2.4147875,8.829115,16.80331,0.22,8.76,2.58,151.8659,24.358746,15.588001,1.87,2.3,16.991901,0.9186331,2.3442826,13.37,6.3480973,14.58177,3.6782515,201.9491,25.60128,1.9765605,38.51168,97.77789,35.72544,2.0463312,1.7113435,0.66,5.2018633,2.8709273,3.1606214,6.0484166,4.9,21.62935,8.15,39.494236,10.443276,4.5992174,,25.50607,1.2412494,7.867411,1.75,3.55,2.4683936,32.154488,2.746229,1.24,0.98670566,6.408328,0.17,15.947257,15.970278,0.37497026,12.479442,4.748558,3.6728678,17.44,22.393894,3.2714555,11.28,4.29,10.71785,1.9552358,2.0653872,2.648798,4.0125337,4.2,3.137625,1.38,28.944609,22.75652,6.6987486,65.48911,2.8768,5.9296007,13.953095,32.964203,2.329663,122.8435,144.06,94.84,4.7026625,2.12
2024-09-06,18.6,0.42,5.2008,43.627193,3.6262188,9.33,10.378065,6.7130523,27.511003,0.4,53.175667,14.5549345,4.174327,75.13835,1.216929,29.051664,28.791979,9.094808,6.3314996,9.403415,37.671658,3.646558,2.13,58.77888,29.930168,3.0937846,3.3675451,11.155633,4.8681717,1.135,35.153625,25.2867,2.45,5.635935,1.0205405,33.11132,18.234154,3.237903,17.58942,35.070652,2.08,135.2122,13.685992,14.793622,5.7636814,14.849096,5.106577,2.8610687,7.2405715,3.448561,5.417143,1.5306126,7.3286705,278.78723,17.734947,26.664814,2.4586565,3.210354,0.875619,9.25,292.20267,11.798923,7.23,2.703995,2.17,2.8312047,1.07,,2.7367332,28.547255,2.8746543,5.1736984,1.32,3.0175862,7.1346216,1.965,6.6190553,0.94,30.804363,4.679272,7.990658,3.45,3.85,1.355,3.844578,9.497502,2.52668,0.8005871,19.66777,14.739185,33.822876,2.6972601,,2.18,32.60959,7.6612563,1.351883,4.59364,2.1621547,38.15121,1.1183716,2.5473437,1.2075,7.9419956,54.657127,4.198814,7.1708503,15.407812,2.26,10.755473,4.809898,5.544027,2.1408942,5.0800786,2.7099395,5.44049,2.78,9.128221,77.20509,1.67,54.08,3.6375794,1.3798672,1.2344934,3.6405976,7.44,6.317828,159.7,30.507711,3.44,0.595,6.76,76.51,8.006876,1.9668792,0.13,30.65,11.250408,7.389135,3.6162896,211.72398,0.945,3.2268457,35.82022,3.56,14.001248,0.7934483,75.76021,13.56,3.5957747,5.64709,0.73979867,2.2690134,14.186778,3.74,3.070382,21.297506,41.08511,7.96,4.9,17.353209,0.57,2.442758,8.903232,16.86954,0.24,8.33,2.41,154.43384,24.476925,15.66432,1.955,2.33,16.983059,0.891347,2.3347142,13.34,6.2552886,14.799816,3.7068393,201.11383,25.933004,1.9765605,38.540703,97.71398,36.080624,2.0651913,1.7259289,0.665,5.231087,2.8142643,3.1879466,6.029426,4.86,21.754654,8.3,39.8473,10.462669,4.5992174,,25.553059,1.2511005,7.726841,1.725,3.54,2.3769715,31.813126,2.7211874,1.275,0.981939,6.3170414,0.185,16.017548,16.186214,0.37016293,12.443032,4.777221,3.6916547,17.74,22.237087,3.2846203,11.27,4.28,10.660484,1.9231828,2.0563285,2.6395686,4.0405936,4.21,3.0957901,1.355,29.421213,21.864464,6.6811666,66.2461,2.85696,5.599639,13.811295,33.242504,2.3471794,122.2681,142.47,95.64,4.711552,2.12
2024-09-09,18.54,0.415,5.1727386,42.020134,3.7242248,9.54,10.32406,6.6743603,27.742836,0.385,53.001286,14.190822,4.1235237,75.4552,1.2312458,28.761534,28.547441,9.031588,6.454101,9.259988,40.035,3.6646104,2.1,59.198063,28.380728,3.0937846,3.3324664,11.1002245,4.8681717,1.14,35.437046,25.075497,2.47,5.653465,0.9882156,32.73028,18.234154,3.2918684,17.476124,35.12777,2.2,134.72212,13.5671425,13.910714,5.6805515,14.953801,5.0692344,2.8610687,7.306395,3.448561,5.397227,1.5261501,7.238968,281.31683,17.848875,26.504128,2.4497159,3.2016065,0.86572504,8.95,290.842,11.172694,7.52,2.6848855,2.11,2.8493536,1.07,,2.726994,27.65098,2.8373213,5.1551213,1.33,3.080453,7.1999054,1.96,6.7083817,0.955,30.804363,4.5957136,8.105568,3.3,3.73,1.345,3.7289515,9.441081,2.497526,0.81035036,19.563808,14.812332,34.076447,2.6678357,,2.07,32.8355,7.572481,1.3301486,4.6299534,2.2231834,39.984447,1.1183716,2.534446,1.1965227,7.5879545,54.592846,4.1534705,7.143163,15.504777,2.24,10.774888,4.7341514,5.514538,2.0623293,5.099542,2.7278268,5.3086524,2.63,9.051512,75.87754,1.645,53.61,3.419523,1.3517066,1.2246568,3.622349,7.43,6.3635435,157.69,29.144081,3.38,0.62,7.04,77.08,7.8823247,2.0033028,0.13,30.4,11.184174,7.418112,3.6257317,210.36058,0.925,3.1998806,35.710144,3.57,13.815432,0.7841501,73.79776,13.75,3.6304326,5.290036,0.73489934,2.297026,14.109729,3.71,3.0062249,21.747934,41.263268,7.93,4.93,17.363052,0.585,2.4334345,8.856909,16.812773,0.24,8.37,2.41,156.79274,23.531492,15.435366,2.04,2.35,16.93883,0.891347,2.2934132,13.3,6.2552886,14.736218,3.6687224,197.89067,26.001299,1.9854239,37.96027,97.54051,36.139824,2.027471,1.7064818,0.64,5.260311,2.8048205,3.2334886,5.659115,4.87,22.140203,8.16,39.651154,10.326916,4.698611,,25.355701,1.2560261,7.690564,1.78,3.5,2.4043984,31.642443,2.6877987,1.3,0.9724056,6.2805266,0.18,15.583894,15.970278,0.36535564,12.379315,4.748558,3.6822612,17.55,22.070482,3.2977853,11.1,4.35,10.985558,1.8590766,2.074446,2.5800297,4.03124,4.25,2.9953861,1.31,29.21041,21.655104,6.6108384,65.73513,2.7577598,5.56082,13.943642,33.242504,2.3471794,124.67722,141.61,92.34,4.9249053,2.17
2024-09-10,17.03,0.425,5.238216,42.493378,3.7732277,9.66,10.432072,6.7033787,27.907053,0.39,53.23379,14.334551,4.1912613,75.22888,1.2312458,28.751862,28.438757,9.15803,6.392801,9.204924,40.016098,3.7458458,2.1,60.129585,28.794554,3.1030197,3.3464978,11.358799,5.0211983,1.12,35.34562,25.123497,2.58,5.7060556,1.0159225,33.570522,18.280293,3.2828743,17.211763,35.651356,2.27,135.49493,13.7591305,14.165775,5.588185,15.02995,4.947872,2.870066,7.4004283,3.448561,5.417143,1.566312,7.4632235,276.50867,17.867865,26.258368,2.5033593,3.2016065,0.895407,9.02,291.90698,11.311856,7.5,2.6562212,2.2,2.931023,1.085,,2.7951686,27.975164,2.8559878,5.1551213,1.24,3.0894337,7.1999054,1.985,6.6547856,0.995,31.06083,4.6328506,8.185121,3.45,3.81,1.315,3.7289515,9.469291,2.507244,0.81035036,19.526003,14.519742,33.74485,2.7168767,,2.11,32.766743,7.758908,1.3301486,4.6208754,2.2319016,40.707836,1.1314775,2.5408947,1.2184772,7.5783863,55.631294,4.1806765,7.2631392,15.640528,2.3,10.755473,4.63,5.4260693,2.1114326,5.050883,2.7188833,5.2998633,2.66,9.195339,76.5931,1.675,53.19,3.3798764,1.3845606,1.278758,3.6314733,7.56,6.47326,158.97,28.974804,3.32,0.61,7.04,77.81,7.9268074,2.0033028,0.135,30.29,11.3355665,7.263568,3.6351738,213.78322,0.915,3.2178574,35.728493,3.65,13.926922,0.7686531,74.74955,13.81,3.6824195,5.421582,0.744698,2.3063636,14.061573,3.83,3.0612168,22.61942,41.165577,8.01,4.94,17.559912,0.575,2.4334345,8.949554,16.812773,0.255,8.86,2.36,157.99709,23.336845,15.67386,1.955,2.47,17.018438,0.90044236,2.2739775,13.62,6.3202543,14.963349,3.6877809,198.9716,26.28424,2.0297415,37.776466,97.79616,36.514736,1.9897504,1.6870347,0.655,5.347983,2.823708,3.2243803,5.051425,4.89,22.188398,8.28,39.759037,10.220253,4.7076464,,25.233528,1.2560261,7.890084,1.735,3.42,2.4226828,31.509691,2.6794515,1.28,0.99623907,6.3170414,0.18,15.897602,16.177216,0.37016293,12.415725,4.7963305,3.7104418,18.15,22.178284,3.278038,11.09,4.3,10.956875,1.8270236,2.0653872,2.6178322,4.0593,4.25,2.970285,1.365,29.613691,21.837154,6.6020474,65.347176,2.7577598,5.4734774,14.104348,33.23291,2.3734539,127.34518,142.02,91.54,4.7915597,2.17
2024-09-11,16.67,0.415,5.275632,41.95112,3.7340252,9.38,10.432072,6.5969763,27.907053,0.395,52.95285,14.315386,4.1319914,75.22888,1.2217013,28.896927,27.93157,9.085777,6.5241594,9.11315,40.29024,3.691689,2.14,60.03643,28.313362,3.1214902,3.3254507,11.1002245,5.126405,1.145,35.967323,25.008295,2.61,5.5921097,1.0113047,33.609604,18.160332,3.2918684,17.565763,35.489517,2.25,132.93149,13.740845,14.322738,5.6713147,15.077544,5.0785704,2.8610687,7.560285,3.4397635,5.5764704,1.6109362,7.633658,276.16107,17.934322,25.889729,2.4765377,3.1403735,0.895407,9.34,290.3192,11.351617,7.37,2.6753306,2.28,2.9219484,1.11,,2.7172546,28.528185,2.827988,5.1736984,1.25,3.1523001,7.1626,2.08,6.645853,1.035,31.469275,4.6328506,8.264674,4.05,3.83,1.28,3.8060358,9.584419,2.448936,0.83964014,19.74338,14.903765,33.900898,2.6776438,,2.11,33.120342,7.8654375,1.3344955,4.6027184,2.2231834,41.619503,1.1271088,2.502201,1.2148182,7.501837,55.581844,4.2169514,7.1985373,15.357751,2.27,10.930202,5.13,5.553857,2.121253,4.9924912,2.63839,5.2647066,2.58,9.214516,76.89439,1.635,52.96,3.389788,1.3517066,1.2590849,3.7318408,7.52,6.4549737,159.5,29.492044,3.7,0.69,6.87,77.57,7.9446006,1.9759852,0.13,35.12,11.212561,7.253909,3.5879638,210.64267,0.935,3.1729152,35.205635,3.62,13.89905,0.7717525,75.397156,13.33,3.6477616,5.3652053,0.75449663,2.2876885,14.283091,3.81,3.0887127,22.139614,40.451206,8.15,5.11,16.585455,0.565,2.4054642,8.949554,16.661392,0.255,8.97,2.67,156.24532,23.239523,15.69294,1.955,2.42,16.956522,0.9186331,2.2642596,13.3,6.3480973,14.917924,3.6687224,194.5594,26.050083,2.038605,37.63136,98.92833,37.116573,1.9897504,1.6967583,0.64,5.3285003,2.8425958,3.2517054,5.2508235,4.88,21.889597,8.5,39.651154,10.3754,4.6715035,,24.932795,1.2757285,7.7631173,1.72,3.41,2.3952558,31.234703,2.6711042,1.29,0.9724056,6.2531404,0.18,15.851469,16.033258,0.3893922,12.433929,4.786776,3.7104418,18.27,22.070482,3.2451258,11.29,4.21,10.899508,1.8590766,2.0653872,2.6178322,4.03124,4.25,3.1292582,1.37,29.18291,21.354715,6.549301,65.84868,2.7775998,5.347316,13.745122,33.22331,2.3559375,126.608505,141.16,91.33,4.667104,2.11
2024-09-12,16.94,0.435,5.266278,44.228607,3.675222,9.72,10.567085,6.664687,28.11957,0.405,53.534107,14.037511,4.1573925,74.14254,1.2598795,29.1387,28.348188,9.311566,6.594218,9.278342,41.26394,3.7187672,2.17,60.083008,28.78493,3.1676662,3.3885922,11.238747,5.088148,1.175,36.512985,24.547491,2.89,5.6972904,1.0621009,34.169273,18.058825,3.3368392,17.719261,35.508556,2.35,134.73155,13.896264,14.469889,5.745208,15.458289,5.2186046,2.897057,7.635512,3.4837503,5.6660924,1.628786,7.6246877,280.73752,18.076735,26.211105,2.4765377,3.1753638,0.92014205,9.58,292.05222,11.5703,7.49,2.7135496,2.49,2.9037998,1.145,,2.765951,29.710503,2.8466544,5.2572947,1.235,3.2151663,7.2465367,2.13,6.7977076,1.175,31.735237,4.707125,8.317709,4.2000003,3.86,1.32,3.8927555,9.843458,2.497526,0.8591667,19.40314,15.232928,34.778656,2.7855341,,2.15,33.92576,7.9275804,1.3562299,4.59364,2.18831,40.787113,1.1358461,2.515099,1.2331136,7.69321,55.631294,4.2713637,7.1708503,15.630778,2.37,11.0661,5.48,5.770113,2.1605356,5.1287384,2.6473336,5.317442,2.79,9.387109,77.49696,1.685,53.27,3.3204062,1.389254,1.2590849,3.7227163,7.69,6.47326,165.6,29.877623,3.83,0.715,6.94,77.43,8.167014,2.0306206,0.13,38.02,11.600505,7.5147023,3.6162896,213.25667,0.96,3.2178574,35.554203,3.54,14.261392,0.7781838,74.347244,13.61,3.7084134,5.52494,0.8230872,2.259676,14.485346,3.89,3.125374,22.580252,40.461124,8.72,5.44,16.76263,0.57,2.452082,9.014406,16.756002,0.27,9.79,2.88,163.62064,23.580154,16.189007,1.955,2.54,17.24762,0.9413715,2.2836955,13.73,6.3480973,15.036031,3.6973102,195.90567,26.703775,2.0651953,38.88896,100.80921,37.09684,2.018041,1.7453759,0.695,5.4551373,2.9087026,3.3063562,5.3457747,4.96,22.111288,8.89,40.386707,10.540242,4.7347536,,25.327509,1.2806541,7.690564,1.75,3.82,2.440967,31.746748,2.7044427,1.4,0.99623907,6.32617,0.185,16.165176,16.195211,0.42785066,12.561364,4.834548,3.7198353,19.03,22.5409,3.2987645,11.38,4.22,10.947313,1.9552358,2.101622,2.6745362,4.0967126,4.24,3.397002,1.385,29.604523,21.773438,6.5756745,66.59621,2.7775998,5.589935,13.953095,33.069767,2.382212,131.04846,144.27,95.46,4.8182287,2.26
2024-09-13,16.96,0.415,5.24757,45.53003,3.6458201,9.26,10.42307,6.722725,27.878075,0.435,53.6988,14.420788,4.242065,73.780426,1.2551073,29.496529,28.212334,9.465103,6.58546,9.452713,41.453007,3.7277935,2.24,59.179432,28.871544,3.1676662,3.4306865,11.211042,5.0403266,1.24,37.256226,24.221087,2.81,5.7060556,1.0482473,33.786343,18.538671,3.3548276,17.584951,35.10937,2.41,133.49695,13.951118,14.50913,5.883758,15.344067,5.37731,2.9330451,7.6825285,3.5189397,6.223739,1.6644853,7.5977774,280.76648,17.962805,26.6081,2.4586565,3.210354,0.91519505,9.97,290.6968,11.480839,7.58,2.7477763,2.67,2.9037998,1.23,,2.726994,30.3398,2.8839877,5.2762403,1.18,3.3049757,7.34991,2.17,6.8155727,1.145,31.459774,4.7349777,8.459137,3.9,4.08,1.255,4.162551,9.968181,2.468372,0.9177462,19.526003,16.000975,34.49582,2.8738081,,2.2,34.75082,8.051865,1.434474,4.59364,2.18831,37.962933,1.1314775,2.50865,1.2770227,7.683641,56.560955,4.416463,7.097019,15.640529,2.43,10.930202,5.39,6.0060296,2.1507149,5.099542,2.63839,5.247128,2.62,9.367932,76.809654,1.735,53.21,3.2510247,1.389254,1.3476143,3.8114636,7.76,6.409259,164.92,29.849075,3.61,0.67,6.92,78.44,8.264875,2.0397265,,38.33,11.789746,7.3215218,3.5596378,213.58575,0.94,3.2268457,35.113903,3.47,14.187065,0.7813994,77.22223,13.76,3.7344067,5.487355,0.8230872,2.278351,15.024694,3.92,3.1620355,22.903385,40.153553,8.7,5.4,16.959488,0.59,2.4800522,9.005142,16.850616,0.28,9.37,2.9,166.83551,23.726143,16.112688,1.955,2.58,17.04749,0.9459192,2.516924,14.09,6.4223437,15.090543,3.7068393,196.23978,27.084282,2.0651953,39.46939,101.73138,36.38648,2.201499,1.8620584,0.735,5.47462,3.012585,3.324573,5.383755,5.01,21.542603,8.94,40.867264,10.743872,4.7528257,,25.393293,1.3545381,7.717772,1.78,3.61,2.5598156,31.803644,2.7044427,1.41,1.0010058,6.3718133,0.2,16.082136,16.159222,0.432658,12.652388,4.8249936,3.7198353,19.05,22.560501,3.305469,11.5,4.26,10.727411,2.1155012,2.101622,2.6745362,4.124772,4.24,3.279864,1.525,29.421213,22.073822,6.61963,66.33126,2.85696,5.8325534,14.075989,33.30968,2.3734539,130.45116,142.1,94.61,4.8715672,2.31
2024-09-16,16.95,0.42,5.1072607,48.201885,3.6556206,9.41,10.252053,,27.945692,0.44,54.183186,14.286641,4.2166634,74.05202,1.2646518,29.583569,28.25762,9.438008,6.6292467,9.278342,41.226128,3.7277935,2.7,59.626564,28.833048,3.1861365,3.4236708,11.192573,4.9159923,1.235,37.209183,24.288286,2.78,5.6709948,1.0436295,33.609604,18.501759,3.3997984,17.786417,35.446033,2.38,134.75983,13.849013,14.55818,5.976125,15.1061,5.2092686,2.9420424,7.691932,3.5277374,6.2038236,1.7001847,7.6822624,280.0617,18.06724,26.211105,2.4765377,3.2016065,0.90530103,9.85,287.2405,11.490779,7.48,2.6995697,2.81,2.940097,1.245,,2.8438652,30.52096,2.8373213,5.2478223,1.155,3.3049757,7.340426,2.11,6.761977,1.13,31.535765,4.6885567,8.406101,3.6000001,3.84,1.28,4.33599,10.160061,2.487808,0.95191765,19.563808,15.71753,34.29101,2.7953424,,2.17,34.996376,8.06962,1.4170865,4.6027184,2.1970282,38.64668,1.1314775,2.50865,1.2550682,7.7410536,56.580734,4.4708753,7.1523924,15.699035,2.4,10.784595,5.27,5.799603,2.1605356,5.0606146,2.6562774,5.282285,2.56,9.291224,75.71748,1.725,53.22,3.300583,1.3610935,1.3328595,3.7273874,7.86,6.546404,166.44,30.343863,3.62,0.67,6.82,79.88,8.389427,2.0488324,0.13,38.27,11.695126,7.138001,3.5879638,214.76111,0.92,3.2268457,35.57255,3.45,14.279972,0.7974776,78.14458,13.65,3.6824195,5.3933935,0.8034899,2.2690134,15.246212,3.9,3.125374,22.874012,40.41152,8.56,5.36,16.7331,0.6,2.4614053,8.847645,16.689774,0.285,9.2,2.88,161.41103,23.872128,16.198547,2.04,2.45,16.87465,0.93682384,2.448899,14.13,6.524433,15.145054,3.756573,198.14616,27.269657,2.0651953,39.03407,101.17442,36.317413,2.104942,1.871782,0.725,5.562292,2.9936972,3.370115,5.35527,5.06,21.928152,8.82,41.083027,10.772962,4.7618613,,25.553059,1.3988683,7.6180115,1.825,3.55,2.440967,31.737268,2.7044427,1.365,1.0248393,6.390071,0.2,16.257444,16.429142,0.41342875,12.643286,4.891875,3.766803,17.82,22.697706,3.2652402,11.5,4.25,10.650924,2.083448,2.1106808,2.6745362,4.1434784,4.23,3.145992,1.5,30.053633,21.937284,6.566883,66.78545,2.73792,5.725801,13.905828,33.70314,2.39097,130.85931,144.4,95.23,4.862677,2.41
2024-09-17,16.79,0.42,5.051137,49.641335,3.675222,9.56,10.306058,6.655014,28.11957,0.43,54.919445,14.200403,4.174327,74.278336,1.2646518,30.647377,28.266676,9.338661,6.6730328,9.296698,41.594807,3.7368193,2.71,59.533413,28.919662,3.1769013,3.4517338,11.211042,4.9351206,1.21,37.209183,24.441889,2.7,5.6972904,1.0482473,33.23649,18.455622,3.3997984,18.237312,35.4268,2.37,134.80695,13.867578,14.823052,5.9299417,15.02995,5.162591,2.9600365,7.710738,3.545332,6.213781,1.7805084,7.7559533,278.93353,18.152687,25.927538,2.530181,3.2191017,0.90530103,10.19,286.57248,11.470899,7.51,2.7188523,2.67,2.9491715,1.235,,2.8146474,30.61631,2.8933208,5.2194047,1.185,3.2959948,7.340426,1.975,6.8781004,1.13,31.697243,4.707125,8.344227,3.6000001,3.87,1.275,4.2492704,10.102496,2.487808,0.9616809,19.705576,15.991832,34.21299,2.736493,,2.11,35.281216,8.06962,1.4040458,4.6027184,2.2754934,39.508797,1.1358461,2.5860379,1.2221364,7.712348,57.095016,4.380188,7.1523924,15.738037,2.44,10.910787,5.18,5.7602835,2.199818,5.0606146,2.6473336,5.2647066,2.62,9.482993,76.037605,1.745,53.35,3.360053,1.3845606,1.3328595,3.7087038,7.92,6.5646896,167.18,30.182104,3.57,0.65,6.74,79.99,8.531772,2.0761502,0.135,37.84,11.619429,7.253909,3.5879638,214.47903,0.925,3.208869,35.645935,3.48,14.335718,0.7878307,76.74143,13.65,3.7430713,5.449771,0.81328857,2.315701,15.207687,3.84,3.1620355,23.011097,40.183315,8.51,5.45,16.723257,0.575,2.4986992,8.847645,16.614084,0.28,9.13,2.85,167.23366,23.84432,16.208088,2.125,2.61,16.892843,0.93682384,2.4974883,14.07,6.645084,15.190479,3.7372587,198.30339,27.31844,2.0651953,38.84059,101.11964,36.860054,2.0952864,1.8863674,0.72,5.5915155,3.0503602,3.388332,5.364765,5.1,22.149843,8.79,41.308598,10.802052,4.779933,,25.628242,1.3988683,7.554528,1.81,3.54,2.431825,31.557102,2.6870508,1.24,0.99623907,6.408328,0.205,16.23899,16.375158,0.41342875,12.652388,4.8632116,3.7761965,18.5,23.236727,3.238421,11.53,4.16,10.736972,2.1155012,2.137857,2.702888,4.152832,4.24,3.020487,1.54,30.273603,21.96459,6.6811666,66.80438,2.64864,5.686982,13.782935,33.655155,2.399728,131.04846,148.1,97.48,4.836008,2.42
2024-09-18,16.87,0.41,4.9108276,49.20753,3.5870166,9.4,10.351063,6.615568,27.781477,0.435,55.21008,14.324968,4.199729,73.91622,1.2551073,30.502314,28.212334,9.447041,6.6905475,9.53531,41.755512,3.772924,2.84,59.114227,29.102516,3.1769013,3.5359223,11.164868,4.8873,1.225,36.87049,24.49949,2.69,5.6797605,1.0528653,33.207035,18.603266,3.3908043,18.112597,35.263275,2.35,135.07083,14.053222,15.107545,5.948415,15.277434,5.1999335,2.9780307,7.701335,3.545332,6.1639915,1.7626587,7.691474,281.0634,18.22864,25.606161,2.5212405,3.192859,0.91519505,10.33,285.99158,11.798923,7.65,2.7477763,2.69,2.8584278,1.255,,2.834126,30.444683,2.8746543,5.1720414,1.195,3.2870138,7.226621,,6.8066397,1.155,32.105686,4.6885567,8.123246,3.9,3.84,1.305,4.287812,10.610979,2.497526,0.97632575,19.906946,15.936972,33.86189,2.7561095,,2.1,35.310684,7.8654375,1.4083927,4.59364,2.2667751,39.360157,1.1358461,2.527997,1.2367728,7.463562,57.134575,4.380188,7.1523924,15.747788,2.48,10.823422,5.08,5.770113,2.199818,5.0411506,2.665221,5.22955,2.69,9.540524,74.45584,1.75,53.52,3.360053,1.4361882,1.3328595,3.69002,7.91,6.464117,167.2,30.848166,3.57,0.65,6.76,79.51,8.389427,2.0488324,0.135,37.09,11.553195,7.195955,3.5313118,215.75783,0.92,3.1998806,36.159615,3.54,14.893167,0.7974776,77.369415,13.38,3.9163616,5.3839974,0.80838925,2.297026,15.22695,3.81,3.2353578,22.991514,40.877842,8.55,5.47,16.56577,0.6,2.5173464,9.0422,16.680313,0.285,9.14,2.82,169.04514,24.094582,16.208088,2.125,2.56,16.856457,0.95956224,2.4780524,14.03,6.6636457,15.181394,3.7372587,196.42648,27.747728,2.0563319,39.024395,100.197464,35.764908,2.0952864,1.8960909,0.705,5.688929,3.0220287,3.4065487,5.3457747,5.11,22.207676,8.73,41.514553,10.695388,4.7528257,,25.59065,1.379166,7.4456997,1.765,3.47,2.4135406,31.718304,2.6261792,1.275,1.0010058,6.4357142,0.205,16.26667,16.53711,0.41823605,12.606876,4.8727655,3.7855902,17.85,23.060322,3.2920594,11.53,4.11,10.736972,2.083448,2.137857,2.7123387,4.162185,4.22,3.137625,1.57,30.392756,22.146645,6.7690763,66.81384,2.6288002,5.76462,13.792389,33.76072,2.382212,131.60594,147.85,100.0,4.862677,2.38
2024-09-19,17.2,0.43,4.9201818,51.03149,3.6556206,9.63,10.51308,6.6545978,27.346786,0.43,55.57821,13.098483,4.0473194,74.00675,1.2789686,30.376589,28.529327,9.465103,6.6117325,9.397649,42.436157,3.8451333,2.96,58.192024,29.959038,3.1676662,3.5218909,11.284921,4.9638133,1.255,37.811306,25.248299,2.78,5.653465,1.0621009,34.179092,18.953924,3.3908043,17.98788,35.50375,2.44,135.73055,14.433791,15.048685,5.966888,15.144175,5.3959813,3.0140188,7.710738,3.5717237,6.323319,1.8295951,7.571727,276.7259,18.219145,24.71765,2.5570028,3.131626,0.925089,10.65,285.1009,12.097126,7.7,2.7477763,2.65,2.9219484,1.3,,2.7854295,30.04422,2.921321,5.115206,1.28,3.358861,7.3214583,,6.8155727,1.225,32.618618,4.679272,8.034854,4.2000003,3.83,1.405,4.239635,10.553415,2.5752702,1.0056155,20.549416,16.128983,33.442516,2.7757258,,2.12,35.850903,7.8565607,1.434474,4.675345,2.310367,40.31146,1.1314775,2.5731397,1.2221364,7.367875,56.758755,4.425532,7.124706,15.582022,2.54,11.056394,5.2,5.9765396,2.0623293,4.9924912,2.7278268,5.2119718,2.87,9.655585,74.20162,1.75,56.41,3.4492579,1.4221079,1.2689215,3.7367291,8.0,6.555547,166.57,30.933802,3.72,0.665,7.01,80.2,8.647427,2.0761502,,37.8,11.780284,7.128342,3.4557757,217.81703,0.975,3.208869,36.233,3.59,14.70735,0.79426193,77.516594,13.54,4.0030065,5.374601,0.8181879,2.3437135,15.22695,3.89,3.2541683,23.255898,40.927452,8.79,5.83,16.43781,0.635,2.5266697,9.292342,16.897924,0.275,9.88,2.88,170.54807,23.858223,16.5706,2.04,2.46,16.838263,0.96410996,2.5557954,14.34,6.6914883,15.008776,3.7372587,194.56923,27.776999,2.0829225,39.053417,103.73095,34.85722,2.1145978,1.8960909,0.725,5.7668595,3.0660594,3.4885244,5.37426,5.17,22.47756,9.16,41.279175,12.023827,4.825112,,25.26172,1.3890171,7.5454593,1.79,3.6,2.5049624,32.021736,2.6261792,1.31,1.0105392,6.472229,0.225,16.322031,16.591095,0.41342875,12.370213,4.853657,3.766803,18.76,23.03092,3.2719452,11.73,4.35,10.555313,2.1155012,2.1650333,2.7217896,4.2183046,4.22,3.154359,1.64,30.58523,22.392414,7.0943437,66.37858,2.65856,5.8325534,13.707309,33.8183,2.399728,131.32721,149.4,101.11,4.907126,2.6
2024-09-20,18.09,0.46,4.9669514,50.183598,3.7830281,9.44,10.567085,6.488721,27.559303,0.445,55.8204,13.280539,4.01345,73.37305,1.2503349,30.889153,28.882547,9.519293,6.6117325,9.737212,42.8332,3.8631856,2.97,58.303806,30.103397,3.1676662,3.5990639,11.284921,4.9925056,1.28,37.952427,25.709105,2.68,5.688525,1.0667187,34.149635,19.442997,3.3908043,17.930319,36.706123,2.5,136.1829,14.38738,15.107545,5.865285,15.125137,5.349303,3.032013,7.776562,3.6596973,6.313361,1.8563696,7.5072465,274.75165,18.247627,24.018183,2.6821709,3.2016065,0.934983,11.02,284.28766,12.097126,8.64,2.8056245,2.58,2.9763947,1.34,,2.8049083,31.236073,2.8933208,5.134151,1.295,3.3139565,7.397329,2.1,6.9316964,1.17,33.378517,4.716409,7.9994974,3.9,3.91,1.345,4.239635,10.409505,2.52668,1.0544318,21.009691,16.119839,32.876846,2.7757258,,2.11,35.644638,7.8565607,1.4431678,4.639032,2.2667751,39.68717,1.1271088,2.5408947,1.1782273,7.5114055,56.43239,4.4980817,7.08779,15.1139765,2.49,10.939909,5.0,5.917561,2.1310737,4.953563,2.681904,5.150448,2.84,9.530935,75.20905,1.775,57.89,3.419523,1.4221079,1.2344934,3.79278,7.76,6.628691,165.58,31.913866,3.69,0.645,6.96,80.32,8.549564,2.0488324,0.13,36.7,11.76136,7.031752,3.4463336,217.3657,1.035,3.208869,36.38894,3.6,15.088273,0.7878307,77.15354,14.19,4.1156454,5.468563,0.8279866,2.3810635,15.429206,3.88,3.2729785,23.62799,40.74886,9.06,6.29,16.53624,0.63,2.4986992,9.34793,16.661392,0.285,9.42,2.79,171.36423,23.83737,16.751854,2.04,2.46,16.656324,0.95956224,2.5460775,14.6,6.7378926,15.1541395,3.785544,195.54208,28.48923,2.091786,38.9857,103.192245,34.90655,2.104942,1.9641557,0.72,5.864273,3.0660594,3.4065487,5.4122405,5.22,23.373964,9.1,42.27953,11.985041,4.8431835,,24.707243,1.3840916,7.4003544,1.78,3.81,2.4592514,32.145008,2.6174831,1.385,0.99147236,6.4813576,0.22,16.894085,16.384155,0.4374653,12.315598,4.8632116,3.7292287,20.31,23.462137,3.2048972,11.85,4.2,10.488387,2.083448,2.0563285,2.7217896,4.2557178,4.23,3.2631302,1.695,30.768541,22.54716,7.2349997,67.39105,2.69824,5.793734,13.782935,33.568787,2.3646955,131.1281,150.05,100.76,4.916016,2.67
2024-09-23,18.27,0.45,4.8640575,49.30612,3.6556206,9.31,10.7201,6.430176,27.723518,0.43,55.239143,13.098483,4.115057,72.558304,1.2407904,30.860138,28.710466,9.483167,6.6117325,9.636261,43.078983,3.790976,3.04,58.555317,30.074526,3.158431,3.5499537,11.312625,4.9925056,1.24,37.453796,25.3635,2.9,5.653465,1.0667187,33.747066,19.276896,3.3458333,17.911133,36.28289,2.5,134.19435,14.248148,15.3527975,5.902231,14.896689,5.37731,2.9690335,7.7577553,3.5805213,6.2635713,1.7938957,7.424345,272.20358,17.6495,24.055992,2.592765,3.149121,0.97455907,10.91,280.8023,11.987785,8.79,2.824907,2.69,2.940097,1.35,,2.873083,30.826078,2.9119875,5.105733,1.225,3.3049757,7.264556,2.06,6.7083817,1.23,32.457138,4.614282,7.8757477,3.9,3.93,1.46,4.220364,10.044932,,1.0202603,20.59736,16.1747,32.476982,2.7168767,,2.11,35.10442,7.9275804,1.4562085,4.5664053,2.2929304,39.211517,1.0921597,2.5924866,1.2660455,7.320032,57.095016,4.3983254,7.013959,14.977463,2.52,10.998151,5.07,5.927391,2.0819705,4.9049034,2.6910887,5.194393,2.87,9.406286,73.67437,1.76,57.05,3.389788,1.4408816,1.3279412,3.746071,7.6,6.3818297,164.9,32.227863,3.69,0.63,7.0,81.0,8.5406685,2.0488324,0.13,36.76,11.666739,7.002775,3.4274497,217.26227,1.01,3.1729152,36.41646,3.57,15.05111,0.78461504,78.35063,13.95,4.106981,5.3933935,0.8230872,2.371726,15.458098,3.83,3.3011937,23.530073,40.143627,9.35,6.25,16.86106,0.69,2.452082,9.440575,16.633007,0.275,9.86,2.78,172.41927,23.517591,16.5706,1.955,2.49,16.647228,0.97320545,2.5460775,14.41,6.7378926,15.145054,3.785544,190.63853,28.323368,2.0651953,39.18885,102.57138,35.251865,2.1242535,1.9544321,0.72,5.747377,3.0660594,3.34279,5.35527,5.27,23.190828,9.23,41.455708,11.732928,4.725718,,24.566273,1.4234964,7.481976,1.77,3.85,2.532389,31.95536,2.5305238,1.365,0.981939,6.472229,0.195,16.51579,16.600092,0.44227263,12.260983,4.834548,3.7010481,20.69,23.403334,3.1780777,11.95,4.22,10.278046,2.1475542,2.074446,2.740691,4.2370114,4.22,3.154359,1.72,30.805202,22.75652,7.35,66.25556,2.728,5.9296007,13.669496,32.426796,2.3471794,131.89465,149.17,98.85,5.004913,2.7
2024-09-24,19.1,0.46,5.0791984,51.1991,3.6556206,9.48,10.7111,6.5277505,27.61726,0.455,56.41135,13.079319,4.132718,73.192,1.2694241,30.918163,28.176107,9.60961,6.638004,9.700502,43.457123,3.8631856,2.93,58.68573,30.122644,3.1676662,3.6201108,11.035581,4.944685,1.21,38.68626,25.603502,3.19,5.4693985,1.0990436,34.463833,19.507591,3.3818102,18.064629,36.27327,2.46,130.11359,14.155326,15.401848,5.976125,15.344067,5.554686,2.9870276,7.8799987,3.5717237,6.1739492,1.8652945,7.3875,270.43356,17.117832,23.725163,2.6464086,3.1666162,1.019082,11.3,278.4981,12.44503,8.63,2.824907,2.83,2.9219484,1.345,,2.9315186,31.68421,2.9119875,5.228877,1.26,3.3858037,7.3024907,2.07,6.7887745,1.36,30.97534,4.6235666,7.7343206,3.9,3.84,1.44,4.278177,9.843458,2.72,,20.971336,16.458145,31.78453,2.6972601,,2.07,35.497303,7.7677855,1.4518616,4.584562,2.336522,39.53853,1.1052656,2.5795887,1.2404319,7.310463,57.8071,4.389257,6.83861,15.474762,2.52,10.842837,5.27,6.2714353,2.1605356,5.031419,2.6543503,5.282285,2.93,9.406286,74.2487,1.75,56.65,3.5681977,1.4643487,1.3672875,3.7180455,7.87,6.409259,134.53,32.808292,3.83,0.675,7.26,81.3,8.683013,2.0488324,0.13,39.16,11.695126,7.0993648,3.4557757,219.30269,1.055,3.14595,35.31571,3.51,15.27409,0.7910463,77.93852,13.96,4.1589684,5.3933935,0.83778524,2.3810635,15.429206,3.81,3.3482194,24.244884,40.292458,9.93,6.38,16.802,0.67,2.4241111,9.422047,16.784388,0.275,10.86,2.91,174.32033,23.406363,16.713696,1.87,2.55,16.510775,0.96410996,2.5655134,14.92,6.8028584,15.108712,3.824172,190.38304,28.313612,2.0651953,40.340042,106.32399,35.656376,2.1339092,1.9447086,0.74,5.718153,3.1906178,3.324573,5.3457747,5.4,23.547462,9.8,42.34818,11.674748,4.7708974,,24.848213,1.3988683,7.5273213,1.755,4.15,2.5963843,32.08811,2.5305238,1.395,0.99147236,6.4813576,0.195,16.700325,16.357164,0.41823605,12.088037,4.920538,3.6822612,20.93,23.520939,3.1512585,12.43,4.81,10.421459,2.1155012,2.0563285,2.7595923,4.2089515,4.25,3.2631302,1.735,30.08113,22.974981,7.15,65.82029,2.74784,6.2886763,13.896375,31.476736,2.3646955,131.91455,148.87,99.6,5.1560383,2.77
2024-09-25,19.25,0.44,5.154031,53.348415,3.675222,9.53,10.657094,6.488721,28.071268,0.475,54.725697,13.155974,4.1680403,73.146736,1.2551073,30.550667,27.87723,9.564451,6.6642756,9.819809,43.95815,3.8090284,3.0,59.095596,29.16026,3.1861365,3.641158,11.035581,4.9829416,1.225,40.17275,25.536303,3.15,5.486929,1.0898079,34.061264,19.479908,3.3818102,17.930319,35.47489,2.41,127.12604,14.146043,15.195836,6.0223083,15.125137,6.301535,2.9960246,7.927016,3.606913,5.944916,1.8742193,7.313809,268.0411,17.174797,23.328169,2.6106462,3.149121,1.078446,11.38,277.57834,12.365509,8.69,2.824907,2.78,2.931023,1.325,,2.9704754,32.218163,2.9306543,5.209932,1.225,3.4576511,7.1981697,2.18,6.922764,1.365,31.393284,4.6514196,7.6282496,4.2000003,3.89,1.375,4.3552613,9.881834,2.74,,21.048048,17.235336,31.462685,2.6776438,,2.1,35.51695,7.696766,1.4649023,4.5754833,2.4149873,38.428673,1.1008971,2.5924866,1.2404319,7.3296003,56.521397,4.3983254,6.8016944,15.328498,2.58,10.813716,5.34,6.4778614,2.1536202,4.9438314,2.6635349,5.3086524,3.17,9.454227,74.01332,1.725,56.08,3.6574028,1.4549619,1.3672875,3.7367291,8.12,6.445831,134.61,33.293568,3.82,0.685,7.57,81.28,8.727495,2.0306206,0.13,41.29,11.80867,6.799936,3.3991234,214.49783,1.03,3.1189847,34.380074,3.52,15.056024,0.8103401,78.83143,13.83,4.2542777,5.421582,0.8524832,2.371726,15.554411,3.83,3.320004,24.058836,40.500813,9.7,6.06,16.427967,0.685,2.4241111,9.338665,17.049305,0.265,10.64,2.95,167.33318,21.279144,17.009428,1.87,2.56,16.528969,0.9823008,2.575231,15.0,6.8028584,14.863413,3.804858,189.05643,28.0014,2.0829225,39.93374,110.341385,34.886818,2.1532204,1.9398469,0.735,5.649964,3.2864323,3.324573,5.35527,5.48,23.364325,10.04,42.122612,11.897772,4.779933,,24.688446,1.3496125,7.4729066,1.705,4.0,2.7335174,32.211384,2.45226,1.405,1.0010058,6.4631,0.2,16.46043,16.186214,0.40862146,12.02432,4.853657,3.6728678,20.12,23.148525,3.1177347,12.59,4.76,10.3927765,2.1475542,2.0472698,2.7312403,4.1808915,4.22,3.463938,1.815,29.83366,23.102417,7.14,66.17986,2.70816,6.5118856,13.839656,31.649473,2.3646955,130.35161,147.1,97.58,5.1560383,2.67
2024-09-26,19.38,0.445,5.369171,52.589252,3.763427,9.9,10.882117,6.498478,28.46732,0.47,56.275723,13.510506,4.3004994,73.50884,1.2741963,30.647377,27.850058,9.5734825,6.769363,9.856519,44.591522,3.8722115,2.85,59.403,29.58371,3.2046068,3.7744567,10.989407,5.1072764,1.29,40.793686,27.379524,3.32,5.4606338,1.0805721,35.033325,19.756742,3.4087925,18.055035,35.648033,2.47,126.61713,14.526612,15.794252,6.1146746,15.467809,6.348213,2.9960246,8.124486,3.6509001,5.944916,1.892069,7.4611907,276.40494,17.288725,23.734615,2.592765,3.2016065,1.142757,11.5,281.88663,12.951976,8.7,2.8441896,2.77,2.8947253,1.34,,3.0678682,32.446995,2.9586542,5.2478223,1.31,3.5474603,7.3024907,2.29,6.7709093,1.43,31.63075,4.753546,7.7961946,4.35,3.97,1.42,4.4708877,10.188843,2.66,0.986089,21.613806,17.738224,32.39896,2.7855341,,2.15,35.69375,8.025232,1.4822899,4.6027184,2.5108895,39.389885,1.1271088,2.6569762,1.2660455,7.5114055,56.916996,4.479944,6.83861,15.572271,2.65,10.978737,5.45,6.6941175,2.3018048,5.070347,2.7370117,5.387755,3.17,9.636409,76.24474,1.705,55.57,3.677226,1.4314948,1.4361438,3.7740965,8.32,6.47326,139.53,34.41635,3.93,0.725,7.7,82.7,8.914323,1.994197,0.13,43.13,12.054685,7.060729,3.4557757,218.3342,1.09,3.208869,34.49932,3.73,15.378381,0.8521434,79.1258,14.35,4.2976003,5.5531282,0.8769799,2.3997386,15.641091,3.95,3.3670294,24.352596,40.381752,9.8,6.25,16.979176,0.69,2.4614053,9.338665,17.456142,0.285,11.45,2.99,171.95146,21.320854,17.476877,1.955,2.65,16.592648,0.9777531,2.6043847,15.0,6.942071,14.936094,3.8628,194.87386,27.874563,2.091786,40.04015,112.5053,34.965744,2.2208104,2.0127733,0.76,5.649964,3.3822467,3.3792233,5.3932505,5.74,23.95229,10.37,42.171646,11.955951,4.7980046,,24.998579,1.379166,7.5635977,1.665,4.12,2.8340814,32.91307,2.5305238,1.415,1.0057725,6.3170414,0.22,16.617285,16.231201,0.42785066,12.02432,4.9300923,3.7104418,20.76,23.56014,3.2920594,13.04,5.11,10.574436,2.2116601,2.0925634,2.740691,4.246364,,3.6145442,1.825,29.641186,22.48344,7.43,67.17341,2.78752,6.7350945,13.924734,32.004547,2.399728,133.93542,147.49,96.42,5.227156,2.8
2024-09-27,19.23,0.63,5.8462234,56.424503,3.7536263,9.82,10.783107,6.6448402,29.037245,0.47,56.35322,13.730889,4.3269916,74.3236,1.2789686,30.647377,27.569294,9.555419,6.7956347,10.058421,44.761684,3.8408508,2.83,59.552044,30.074526,3.2415476,3.739378,10.7400675,5.1168404,1.31,42.09201,27.389124,3.34,5.4080434,1.0851899,34.679848,20.208904,3.3818102,17.88235,35.46527,2.43,126.438065,14.610152,15.823681,6.0038347,15.344067,6.8149934,2.9693825,8.171502,3.6263375,5.87521,1.892069,7.359865,273.68182,17.20328,23.63064,2.5995584,3.1666162,1.147704,11.81,276.01965,12.902275,8.65,2.853831,2.78,2.9219484,1.385,,3.0678682,32.75211,2.921321,5.1625686,1.32,3.5923648,7.340426,2.4,6.7798424,1.44,31.34579,4.6328506,7.5663757,4.65,4.0,1.395,4.5190654,10.2655945,2.5,1.0397869,21.527504,18.378263,32.008846,2.8149588,,2.15,35.29104,7.9986,1.5127181,4.584562,2.4498608,39.578163,1.1148939,2.6182826,1.2770227,7.559249,58.50929,4.452738,6.7924657,15.777041,2.62,11.085515,5.68,6.7629266,2.3413208,4.973027,2.7553806,5.4229116,3.14,9.607644,75.171394,1.635,56.49,3.6375794,1.3704803,1.357451,3.848831,8.29,6.4915457,134.41,34.70181,4.08,0.785,7.76,82.91,8.852046,2.0033028,0.13,49.14,11.997912,7.24425,3.4557757,219.54716,1.125,3.2268457,33.884735,3.73,15.71022,0.8360652,78.61557,15.27,4.39291,5.5719204,0.8916779,2.371726,15.63146,3.97,3.3482194,24.861776,40.272614,9.77,6.35,16.949646,0.645,2.4893758,9.218226,17.427757,0.27,11.74,3.16,173.22546,21.452936,17.257463,1.955,2.64,16.647228,0.9777531,2.594667,14.9,6.886386,14.890667,3.833829,196.53458,27.825783,2.0651953,40.20461,116.36748,34.699356,2.1918433,1.9836028,0.775,5.659705,3.5451312,3.34279,5.4122405,6.2,23.971567,10.68,41.86762,12.36321,4.779933,0.25,25.08316,1.4333476,7.6180115,1.69,4.19,2.806655,33.06479,2.4870439,1.375,1.015306,6.244012,0.215,16.580378,16.204208,0.45669454,11.933295,4.9109836,3.6822612,20.44,23.32493,3.3121738,13.1,5.28,11.444485,2.2116601,2.0563285,2.740691,4.2650704,,3.8069854,1.785,29.14625,22.173952,7.4,66.88008,2.69824,6.880666,13.811295,32.08132,2.3474443,134.54268,148.72,97.3,5.289384,2.79
2024-09-30,18.94,0.675,5.8368692,56.88789,3.7732277,9.78,10.648093,6.6350827,29.491255,0.45,56.769794,13.817127,4.3181605,73.96149,1.2694241,30.763428,27.60552,9.438008,6.7956347,10.021711,44.903484,3.7952347,2.91,59.552044,29.622206,3.2600179,3.7253466,10.758536,5.0307627,1.32,43.2398,28.022732,3.29,5.416808,1.1221327,33.521233,20.48574,3.3728158,18.2565,36.032795,2.43,127.59726,14.415226,15.813872,6.0038347,15.201286,6.8616714,2.9147313,8.218518,3.5727463,5.72584,1.8652945,7.32302,274.34317,17.146313,23.88585,2.5814428,3.1578686,1.1922271,11.82,277.16205,12.822755,8.38,2.8345482,2.75,2.931023,1.39,,3.1165645,33.80094,2.9026542,5.1909866,1.365,3.6282885,7.188686,2.48,6.7709093,1.375,31.450277,4.6607037,7.4691434,5.25,3.86,1.415,4.4708877,10.342346,2.65,1.0397869,21.431612,18.90858,31.316395,2.7757258,,2.06,36.332188,8.167272,1.4866368,4.5210133,2.4498608,39.588074,1.1060103,2.6182826,1.2623864,7.8463087,57.727974,4.4890127,6.7924657,15.504014,2.63,11.075808,5.86,6.851395,2.3314419,4.8951716,2.7094579,5.343809,3.18,9.511759,75.26555,1.65,57.43,3.6970494,1.4690423,1.3672875,3.858173,8.43,6.4915457,132.63,34.254597,4.24,0.805,8.02,83.17,8.914323,1.9577733,0.13,52.04,12.21554,7.0703883,3.4463336,218.49403,1.17,3.2178574,34.260822,3.69,15.738665,0.8071245,76.45687,15.14,4.514213,5.581317,0.9063759,2.3810635,15.381049,3.97,3.3670294,24.342804,40.024567,9.61,6.56,17.22525,0.625,2.5453167,9.273814,17.550755,0.26,11.55,3.27,177.41577,21.411226,17.219303,1.955,2.61,16.938328,0.9913961,2.5363595,14.8,6.886386,15.026947,3.8145149,197.51724,27.806269,2.0297415,40.26265,117.9014,34.502037,2.1242535,1.9836028,0.74,5.718153,3.6122012,3.324573,5.383755,6.32,23.95229,10.84,42.05396,12.27594,4.7347536,0.295,25.59065,1.4185708,7.599874,1.725,4.3,2.9255035,32.951,2.45226,1.44,1.0582062,6.408328,0.22,16.764912,16.276188,0.4855384,11.951501,4.891875,3.6446872,20.73,23.383734,3.2987645,13.27,5.41,11.473167,2.083448,2.0019763,2.7690427,4.2557178,,3.7818842,1.735,29.072926,22.938572,7.35,66.64352,2.64864,7.0068274,14.019268,31.956564,2.3474443,136.57353,149.44,96.36,5.449399,2.75
2024-10-01,19.42,0.6,5.827515,55.152657,3.6458201,9.82,10.693098,6.625325,28.979286,0.43,56.266037,13.663816,4.2298546,73.87096,1.2694241,31.111584,27.306643,9.50123,6.77812,10.150195,45.234352,3.8226044,2.88,58.890663,29.323864,3.2507827,3.7884881,10.712363,5.0307627,1.325,41.997925,27.79233,3.42,5.4080434,1.0990436,34.32637,20.199677,3.3548276,18.026255,35.96546,2.44,125.66525,14.851489,16.019884,6.0592546,15.163212,6.6936307,2.9238398,8.199713,3.5638144,5.815462,1.8295951,7.295386,283.41696,17.241255,23.914207,2.5542698,3.1578686,1.177386,11.32,279.03058,12.892336,8.72,2.795983,2.67,2.9582458,1.33,,3.1847394,32.914204,2.8466544,5.200459,1.41,3.664212,7.160235,2.4,6.744112,1.44,31.925213,4.6885567,7.557536,4.95,3.84,1.37,4.403439,10.217625,2.76,1.0349052,21.297363,18.250254,31.267632,2.7953424,,2.04,36.42059,8.122884,1.4649023,4.5210133,2.4149873,40.083546,1.1104522,2.6182826,1.3026364,7.894152,58.647747,4.461807,6.764779,15.55277,2.62,10.842837,5.75,6.6941175,2.3314419,4.9146357,2.6727195,5.2734957,3.25,9.578877,76.6496,1.685,56.42,3.7565193,1.4314948,1.3525326,3.858173,8.55,6.47326,128.89,34.42587,4.09,0.785,7.89,82.71,8.958804,1.994197,0.125,51.61,12.357471,7.282886,3.4368918,214.71411,1.21,3.2538111,34.05902,3.69,15.852437,0.8167714,75.7504,15.13,4.574865,5.5625243,0.90147656,2.371726,15.304,3.92,3.4328654,24.342804,40.16347,9.46,6.46,17.107134,0.605,2.5080228,9.440575,17.049305,0.255,11.77,3.29,179.76472,21.313902,17.190685,1.955,2.65,17.011103,0.96410996,2.507206,14.79,6.654365,14.790731,3.833829,207.14745,27.425762,2.0474684,40.562542,114.80617,35.034805,2.104942,1.9544321,0.735,5.679188,3.5163867,3.2972474,5.3457747,6.38,23.817347,10.62,42.897392,12.451868,4.7708974,0.275,25.41209,1.7447927,7.599874,1.685,4.39,2.998641,33.23547,2.4174762,1.345,1.0486728,6.390071,0.21,16.783365,15.952283,0.46150184,11.924193,4.8632116,3.663474,20.97,23.599342,3.2786498,13.07,5.43,11.148094,2.1475542,2.038211,2.7595923,4.3305435,,3.6814802,1.73,28.587156,22.874851,7.24,66.794914,2.5593598,7.0553513,13.820748,32.11971,2.3385525,136.84232,150.2,96.31,5.449399,2.75
2024-10-02,19.31,0.605,5.9958863,56.109005,3.675222,9.62,10.675096,6.596053,29.375338,0.44,55.558834,13.587161,4.2475157,73.87096,1.2551073,31.295334,27.270414,9.185124,6.804392,10.122663,44.062138,3.7678654,2.84,58.8534,29.497095,3.2323124,3.7113152,10.703128,4.9829416,1.31,42.39307,27.648327,3.45,5.4080434,1.1498396,33.913986,20.411917,3.318851,18.09341,35.00356,2.41,126.46633,14.702974,15.558809,6.0592546,14.839578,6.6002746,2.9056227,8.086872,3.528087,5.7756305,1.8028206,7.3045974,283.95184,16.918455,23.564474,2.5361545,3.0966358,1.142757,11.51,277.87848,12.484791,8.74,2.7863417,2.84,2.9763947,1.34,,3.1457825,32.45653,2.799988,5.1720414,1.45,3.5923648,7.150751,2.4,6.7709093,1.485,31.87772,4.642135,7.4868226,5.1000004,3.8,1.44,4.4130745,10.102496,2.82,1.025142,20.789143,18.414837,31.745518,2.8149588,,2.09,36.558098,8.149517,1.4822899,4.475621,2.3975506,39.003418,1.1015685,2.6053846,1.3136137,7.808034,58.776318,4.4346004,6.83861,15.279743,2.61,10.852545,5.85,6.703948,2.3018048,4.8854394,2.6543503,5.2559175,3.42,9.50217,76.30123,1.67,55.42,3.677226,1.5394436,1.3623692,3.848831,8.71,6.537261,126.81,34.035748,4.05,0.805,7.8,82.11,8.86984,1.9577733,0.13,52.54,12.1019945,7.041411,3.4180074,212.65488,1.245,3.2268457,33.92143,3.74,15.321495,0.8039088,76.74143,14.96,4.5228777,5.5907125,0.89657724,2.3623884,15.409943,3.85,3.40465,24.284052,39.955116,9.61,6.47,16.949646,0.615,2.4800522,9.607337,16.897924,0.255,11.83,3.31,178.38124,21.279144,17.085747,1.87,2.59,17.465944,0.96410996,2.4877703,14.5,6.478029,14.890667,3.7662299,205.85031,27.015985,2.0297415,41.15265,115.00704,34.4527,2.075975,1.9738792,0.72,5.5817747,3.5738754,3.2334886,5.307794,6.33,23.72096,10.59,42.30895,12.549607,4.7347536,0.275,25.571854,1.8831898,7.509183,1.785,4.56,2.9803567,33.22599,2.434868,1.325,1.0486728,6.545258,0.225,16.783365,15.997271,0.45669454,11.915091,4.815439,3.663474,20.39,23.638544,3.3121738,12.9,5.38,11.482728,2.051395,2.011035,2.7973948,4.2370114,,3.6145442,1.705,28.513832,23.584856,7.04,65.27148,2.51968,7.0359416,14.028722,31.63988,2.3296604,134.473,146.43,95.32,5.4671783,2.66
2024-10-03,19.27,0.58,5.911701,55.63576,3.7046235,9.63,10.630092,6.596053,29.394657,0.435,55.219765,13.68298,4.2651772,73.780426,1.2551073,31.111584,27.243244,9.031588,6.786877,10.067598,42.157154,3.859097,2.78,59.533413,29.64145,3.2415476,3.7113152,10.647719,4.9829416,1.29,42.68472,27.638727,3.39,5.372983,1.1590753,34.316555,20.328867,3.318851,18.189344,35.715366,2.41,126.86216,14.805078,15.529379,6.142385,15.191768,6.516254,2.9511654,8.246729,3.6263375,5.745756,1.8028206,7.3690767,279.7991,16.90896,23.734615,2.6176739,3.131626,1.1180221,11.94,279.41785,12.534491,8.73,2.7767005,2.92,2.9582458,1.36,,3.1555216,32.914204,2.799988,5.153096,1.395,3.5384793,7.0559134,2.32,6.9763594,1.535,31.915712,4.5864296,7.5486965,4.8,3.77,1.47,4.3552613,10.121685,2.89,1.0397869,20.72202,18.268541,31.823544,2.824767,,2.02,37.12778,8.149517,1.4562085,4.5664053,2.3626773,38.15121,1.1193358,2.6247315,1.2770227,7.9994073,58.92467,4.4073944,6.7370925,14.84095,2.63,10.755473,5.72,6.56633,2.370958,4.9049034,2.6176116,5.150448,3.49,9.454227,75.7928,1.68,55.33,3.6673145,1.511283,1.3377777,3.7834384,8.93,6.6469774,130.53,33.769325,4.07,0.77,7.71,82.47,8.843149,2.0124087,0.135,51.73,12.423706,7.089706,3.4180074,213.02159,1.35,3.1998806,33.939774,3.69,15.065505,0.7974776,76.77087,14.56,4.4595575,5.5907125,0.90147656,2.353051,15.255843,3.81,3.414055,24.381971,39.845974,9.84,6.39,17.363052,0.62,2.4707289,9.561014,16.80331,0.245,11.83,3.15,176.92805,21.0984,17.066668,1.955,2.52,17.71156,0.95956224,2.4683347,14.46,6.468748,14.845242,3.775887,208.62146,26.986715,2.0474684,41.30743,115.080086,34.29484,2.0276964,1.9447086,0.71,5.62074,3.5834568,3.288139,5.279309,6.15,23.865541,10.75,42.073574,12.520286,4.7980046,0.26,25.665834,2.036415,7.4638376,1.725,4.68,2.8706505,33.5958,2.4609559,1.285,1.0582062,6.527001,0.21,16.820272,15.925292,0.44707993,12.006115,4.786776,3.6446872,20.45,23.873755,3.379222,12.95,5.4,11.520972,2.019342,2.038211,2.7690427,4.227658,,3.5225072,1.66,28.147211,23.721394,7.0,65.31879,2.47008,6.929189,13.886921,31.678263,2.3296604,133.99516,146.02,94.0,5.387171,2.62
2024-10-04,19.14,0.53,5.827515,54.906178,3.6850224,9.41,10.756104,6.537508,30.235056,0.445,55.15195,13.93211,4.2298546,73.32779,1.2598795,31.092245,26.844738,8.968367,6.5591884,9.9850025,41.442787,3.859097,2.78,59.468204,29.525967,3.2415476,3.718331,10.546137,4.896864,1.295,41.94148,27.369925,3.36,5.3642178,1.1729288,33.599785,20.125854,3.318851,17.978287,35.724987,2.38,125.09979,14.591588,15.303747,6.1239114,15.153693,6.292199,2.9329484,8.162099,3.5995421,5.72584,1.7938957,7.3875,284.72986,16.842503,24.00873,2.608616,3.131626,1.098234,11.55,279.72766,12.474851,7.67,2.7863417,2.9,2.9854689,1.38,,3.1457825,33.629314,2.7719882,5.115206,1.315,3.5205176,7.0464296,2.31,6.940629,1.505,31.78273,4.5585766,7.4868226,4.65,3.81,1.545,4.4516163,9.996963,2.86,1.0202603,20.367222,18.067387,31.98934,2.8345754,,2.04,36.410763,8.06962,1.4735961,4.5754833,2.2493384,37.735016,1.1282194,2.6053846,1.2806818,8.190782,59.22137,4.389257,6.8570676,14.811697,2.69,10.755473,5.66,6.458202,2.3314419,4.8367796,2.6451657,5.001032,3.4,9.329577,74.587654,1.64,55.33,3.5483744,1.544137,1.3476143,3.7740965,8.9,6.509832,140.69,32.998596,4.18,0.74,7.61,83.75,8.558461,2.0033028,0.135,50.99,12.073609,7.109024,3.4557757,211.47952,1.49,3.1729152,33.416916,3.55,15.037061,0.79426193,76.515755,14.05,4.5047865,5.609505,0.8916779,2.3623884,15.31363,3.83,3.2917886,24.313429,39.955116,9.73,6.35,17.481169,0.63,2.4707289,9.579544,16.964153,0.255,11.66,3.05,178.18217,21.251337,17.171604,2.04,2.43,18.102724,0.9459192,2.507206,14.32,6.4965906,14.863413,3.6986308,209.555,26.733044,2.0208778,41.046234,112.9253,34.196182,2.0663192,1.9641557,0.705,5.6012573,3.5259683,3.2699223,5.3267846,6.22,24.039038,10.77,42.210876,12.285713,4.80704,0.265,25.524864,2.0166442,7.4729066,1.71,4.5,2.815797,33.44408,2.504436,1.285,1.0582062,6.663931,0.23,16.57115,16.13223,0.45188722,11.924193,4.805885,3.6258998,20.48,23.76595,3.3456979,12.9,5.37,11.243704,2.051395,2.0563285,2.8540988,4.227658,,3.51414,1.665,27.624779,24.249346,6.91,64.99707,2.48,6.948599,14.123254,31.649473,2.3118768,129.94345,145.32,96.24,5.4138403,2.55
2024-10-07,20.45,0.53,5.958471,56.30619,3.6066177,9.72,10.702099,6.537508,30.206078,0.455,56.140095,13.951274,4.1680403,73.96149,1.2694241,31.469412,27.161732,9.121903,6.5504313,10.159372,41.938084,3.813481,2.83,60.902744,29.314241,3.2138422,3.739378,10.684658,5.097712,1.285,42.204906,27.705929,3.39,5.4255733,1.1821644,33.80598,20.31964,3.2918684,18.083817,35.77308,2.43,127.012955,15.009286,15.696151,6.225515,15.115619,6.544261,2.942057,8.209115,3.6084738,5.715882,1.7849709,7.240118,283.5045,16.870985,24.349012,2.5995584,3.0966358,1.147704,11.96,279.59213,12.703473,7.89,2.8056245,2.82,2.9945433,1.385,,3.1555216,34.09652,2.7906547,5.134151,1.33,3.5474603,7.226621,2.39,6.84237,1.445,32.0107,4.5864296,7.5486965,5.25,3.73,1.61,4.403439,10.246407,2.91,1.0056155,20.779554,18.60685,30.614187,2.864,,2.02,35.9393,8.185027,1.4996774,4.557327,2.1795914,38.6665,1.1148939,2.6698742,1.284341,8.229055,60.586185,4.380188,6.847839,15.035969,2.75,10.83313,5.81,6.54667,2.361079,4.8757076,2.6727195,5.009821,3.59,9.645997,74.860695,1.665,54.53,3.6177561,1.5206699,1.3279412,3.9329073,8.84,6.509832,137.45,34.578114,6.09,0.88,7.69,84.03,9.110045,1.994197,0.14,53.34,12.187154,7.253909,3.4463336,215.07141,1.51,3.208869,34.049847,3.7,15.207723,0.7910463,76.712,14.2,4.5771523,5.64709,0.91617453,2.3063636,15.255843,3.86,3.3388143,25.06741,40.490894,10.02,6.62,17.559912,0.615,2.4707289,9.440575,16.973616,0.245,11.79,3.1,181.45677,21.237432,17.877548,2.04,2.53,18.102724,0.9504669,2.4683347,14.29,6.542995,14.963349,3.7276018,208.6804,26.56718,2.0120144,41.249386,110.63356,33.89033,2.0276964,1.934985,0.685,5.6109986,3.5451312,3.2699223,5.37426,6.42,24.067953,10.91,42.750282,12.354131,4.816076,0.285,25.289915,2.0067587,7.6361504,1.75,4.64,2.9163613,33.377705,2.4783478,1.3,1.0534395,6.6548023,0.23,16.589603,16.186214,0.4663092,11.915091,4.777221,3.6258998,20.49,24.108963,3.3591077,13.09,5.46,11.387118,1.9872888,2.0291524,2.8635492,4.227658,,3.84882,1.34,28.21137,24.285757,6.99,65.15793,2.48992,7.0359416,14.104348,31.659073,2.302985,131.1281,147.72,98.86,5.582745,2.7
2024-10-08,20.0,0.57,5.9397626,55.961117,3.6360195,9.59,10.747103,6.517993,29.935604,0.455,55.936657,13.797962,4.1857014,74.14254,1.2598795,31.575794,27.270414,9.112872,6.4803734,10.058421,41.766636,3.7678654,2.76,60.837536,29.314241,3.2415476,3.7113152,10.721598,5.145533,1.32,41.198235,27.600327,3.38,5.4255733,1.1775466,33.88453,20.375006,3.2828743,18.09341,35.75384,2.43,127.20144,15.566217,15.549,6.188568,15.048988,6.2548566,2.9147313,8.049259,3.5727463,5.815462,1.7537339,7.350654,285.37173,16.918455,24.500248,2.5633276,3.0791407,1.098234,11.78,283.2033,12.544432,7.67,2.795983,2.79,3.076213,1.38,,3.1555216,34.44931,2.7719882,5.1720414,1.345,3.4935749,7.0843644,2.37,6.8155727,1.45,31.906216,4.567861,7.433787,5.1000004,3.77,1.605,4.393803,9.948992,2.92,1.0202603,20.73161,17.61936,31.209112,2.8738081,,2.01,36.16521,8.0962515,1.5083712,4.5482483,2.2319016,37.65574,1.1104522,2.6634254,1.2404319,8.238624,60.170807,4.425532,6.866297,14.665433,2.7,10.716644,5.49,6.4680314,2.3215628,4.8173156,2.6543503,4.9922423,3.52,9.550113,75.78339,1.69,54.1,3.588021,1.5065897,1.3279412,3.8301473,8.85,6.4001155,140.2,34.064293,5.94,0.835,7.67,83.15,8.878736,2.0033028,0.145,51.23,12.196616,7.0703883,3.4557757,215.87065,1.465,3.1729152,34.187443,3.62,15.169797,0.7813994,76.64331,13.61,4.513832,5.6376934,0.9112752,2.2876885,15.458098,3.76,3.3388143,25.214289,40.798466,9.98,6.54,17.422112,0.625,2.452082,9.533221,16.992537,0.25,11.81,3.0,178.59024,21.557213,17.724913,2.04,2.47,17.929882,0.95992434,2.4683347,14.26,6.617242,14.59994,3.7179449,208.32664,26.250467,2.0120144,41.191345,110.46921,33.988995,2.0566638,1.934985,0.695,5.5525503,3.4493167,3.260814,5.2698135,6.15,24.10651,10.9,42.60317,12.451868,4.816076,0.27,25.242928,1.9771022,7.7359095,1.735,4.63,2.806655,33.169094,2.4174762,1.275,1.1011064,6.6182876,0.225,16.6911,16.195211,0.45669454,11.887784,4.7963305,3.5977194,20.63,23.530739,3.379222,13.12,5.34,11.434923,2.051395,2.0200937,2.8257468,4.2557178,,3.731682,1.44,28.33052,23.976269,6.86,65.24309,2.46016,6.9680085,13.953095,31.563105,2.302985,131.5263,145.15,97.2,5.547186,2.72
2024-10-09,20.56,0.575,5.9397626,54.925896,3.7340252,9.95,10.729102,6.5667806,29.037245,0.44,57.050735,13.845872,4.2475157,74.09728,1.2789686,31.68217,27.379097,9.130935,6.6467614,10.085953,41.53804,3.758742,2.73,61.694542,29.776186,3.2323124,3.7113152,10.795476,5.1646614,1.265,40.71842,27.456326,3.32,5.434338,1.1359862,34.532566,20.162766,3.3008626,18.457964,36.5907,2.43,127.823456,15.649757,15.61767,6.1700945,14.982357,6.086816,2.9056227,8.021049,3.5816784,5.765672,1.7537339,7.424345,286.89862,17.18429,24.897242,2.5633276,3.0791407,1.098234,11.34,285.60434,12.574251,7.44,2.824907,2.9,3.0489895,1.37,,3.204218,34.230007,2.799988,5.181514,1.305,3.3947847,7.1317835,2.3,6.7977076,1.435,31.64975,4.5864296,7.6017323,4.8,3.79,1.61,4.3263545,10.092903,2.88,0.97144413,21.019281,17.345057,32.077114,2.913041,,1.995,35.654457,8.114007,1.5083712,4.53917,2.310367,38.280033,1.1104522,2.7085679,1.2660455,8.363017,61.37739,4.452738,6.949357,14.655682,2.74,10.842837,5.36,6.3009243,2.3215628,4.8562436,2.6727195,4.965875,3.45,9.569289,76.75316,1.71,53.68,3.588021,1.4361882,1.308268,3.9796166,8.85,6.3726864,143.04,34.02623,5.91,0.79,7.41,84.69,9.145632,1.994197,0.14,47.94,12.206078,7.215273,3.5029857,216.3784,1.39,3.1729152,34.361725,3.65,15.217202,0.78461504,77.31054,13.18,4.477649,5.712863,0.8818792,2.2876885,15.217319,3.67,3.3858397,25.615759,40.53058,10.23,6.65,17.52054,0.605,2.4147875,9.561014,17.124996,0.25,11.78,2.85,185.75656,21.83528,18.211441,2.125,2.43,17.76614,0.9693817,2.507206,14.42,6.645084,14.609026,3.7082877,212.74867,26.240646,2.0120144,41.25906,107.958336,34.679626,2.075975,1.934985,0.685,5.6012573,3.3822467,3.2699223,5.37426,6.25,24.251091,10.67,42.691437,12.520286,4.80704,0.26,25.712826,1.8733042,7.772186,1.78,4.56,2.7426596,32.87514,2.45226,1.295,1.1011064,6.4996147,0.235,16.88486,16.276188,0.46150184,12.006115,4.8249936,3.6446872,20.73,23.893353,3.3658123,13.7,5.48,11.415801,2.019342,2.038211,2.787944,4.3305435,,3.639645,1.41,28.431341,23.266264,6.92,65.81084,2.50976,6.803028,13.773481,31.956564,2.3118768,133.49742,147.38,101.43,5.40495,2.89
2024-10-10,20.73,0.565,6.0426564,56.70056,3.8026297,9.92,10.567085,6.5667806,29.220781,0.46,57.011986,13.807545,4.2210245,74.23307,1.2551073,30.985863,27.46061,9.27544,6.6817904,10.287856,42.271454,3.758742,2.74,61.46166,29.747314,3.2230773,3.7323625,10.786242,5.145533,1.345,41.301727,27.245121,3.42,5.346688,1.1544574,34.728943,20.291956,3.27388,18.429182,36.350224,2.43,128.35121,16.058172,15.715772,6.142385,15.077544,6.292199,2.9056227,8.021049,3.6084738,5.745756,1.8028206,7.3875,282.4541,17.079855,24.831078,2.5542698,3.0791407,1.132863,11.82,284.76205,12.743234,7.12,2.795983,2.94,3.039915,1.385,,3.204218,35.011864,2.7719882,5.153096,1.25,3.4845939,7.0179787,2.36,6.744112,1.445,31.611753,4.5864296,7.6636066,5.1000004,3.89,1.71,4.3263545,10.2655945,2.81,1.0153787,20.952158,18.039957,32.29168,2.9424658,,2.03,36.07681,7.9630904,1.5083712,4.5482483,2.3539588,38.359306,1.1060103,2.6956701,1.2770227,8.391724,62.83122,4.425532,6.9032125,14.63618,2.79,10.580745,5.45,6.4090524,2.272168,4.8367796,2.6635349,4.974664,3.49,9.396697,76.38596,1.705,53.16,3.7763426,1.4502685,1.357451,4.0263257,9.09,6.3909726,143.5,34.02623,8.2,0.835,7.72,85.05,9.287976,2.0124087,0.14,51.18,12.253388,7.24425,3.4841018,218.15553,1.385,3.1998806,34.205788,3.59,15.236164,0.7974776,76.58444,13.14,4.5771523,5.703467,0.90147656,2.2876885,15.207687,3.73,3.40465,26.594954,41.185417,10.33,6.9,17.530382,0.615,2.4241111,9.431312,16.983076,0.245,11.85,2.92,186.26416,21.744907,18.182821,2.125,2.39,17.747946,0.98829645,2.5460775,14.21,6.700769,14.972434,3.6986308,213.47586,26.348673,2.003151,41.297752,109.4466,34.679626,2.0952864,2.0127733,0.715,5.6304812,3.458898,3.260814,5.279309,6.4,24.10651,10.88,42.701244,12.549607,4.7980046,0.26,25.712826,1.858476,7.790324,1.765,4.53,2.8615084,33.074272,2.4000843,1.25,1.1297065,6.5635157,0.235,16.921766,16.267189,0.4663092,11.960603,4.8249936,3.6352935,21.16,23.991358,3.3926315,13.65,5.31,11.549655,2.051395,2.0472698,2.7973948,4.2931304,,3.7065809,1.425,28.321356,23.43011,6.93,66.11363,2.50976,6.9680085,13.773481,31.879793,2.3118768,133.77615,147.78,101.53,5.547186,3.0
2024-10-11,20.85,0.57,6.0333023,58.18931,3.7732277,10.15,10.558084,6.5570226,28.815071,0.475,56.71167,13.778799,4.2210245,74.3236,1.2694241,31.05356,27.524008,9.293503,6.6993046,10.324566,42.06191,3.7496192,3.0,61.4244,29.651075,3.2415476,3.669221,10.749302,5.145533,1.36,40.859543,27.197123,3.42,5.3642178,1.1590753,34.778034,19.922844,3.264886,18.39081,36.311745,2.43,127.83287,15.8354,15.61767,6.2070413,14.953801,6.2548566,2.9056227,8.058661,3.617406,5.8851676,1.7626587,7.3875,284.0491,17.060867,24.64203,2.5542698,3.0878882,1.13781,11.61,286.3595,12.991736,6.97,2.8056245,2.94,3.076213,1.43,,3.1555216,34.55419,2.799988,5.209932,1.215,3.4486701,7.074881,2.41,6.6815834,1.42,32.0107,4.577145,7.6282496,4.95,3.99,1.64,4.403439,10.438287,2.81,1.0007339,20.990513,17.802227,32.555008,3.0013149,,2.07,35.81161,7.9897223,1.5431463,4.53917,2.3539588,38.121483,1.1148939,2.6956701,1.2660455,8.458704,63.09825,4.416463,6.940128,14.499666,2.8,10.83313,5.43,6.448372,2.232652,4.846512,2.6359808,4.974664,3.56,9.415874,75.613914,1.725,52.17,3.8259008,1.4737357,1.4459804,4.0263257,9.4,6.3726864,140.04,33.788353,8.18,0.835,7.75,85.0,9.27908,2.0033028,0.14,50.94,12.253388,7.3215218,3.4935436,218.3624,1.45,3.1639268,34.196613,3.53,15.264608,0.8006932,78.20345,12.94,4.622381,5.712863,0.90147656,2.278351,15.381049,3.77,3.414055,26.927881,40.77862,10.54,7.05,17.55007,0.63,2.4054642,9.486898,17.191225,0.26,11.87,2.88,185.35841,21.703197,18.163744,2.04,2.39,17.829819,0.97883904,2.6141026,14.16,6.654365,15.099628,3.7082877,214.14407,26.221006,2.0208778,41.278404,109.18182,34.72896,2.1242535,2.1002853,0.735,5.572033,3.4493167,3.2699223,5.184357,6.74,24.067953,10.83,42.23049,12.490964,4.816076,0.27,25.543661,1.8337623,7.808462,1.74,4.46,2.8340814,33.140648,2.4174762,1.285,1.1106397,6.6000304,0.23,16.681871,16.276188,0.4759238,12.115345,4.7963305,3.6258998,21.22,24.246168,3.4127462,13.75,5.31,11.578338,2.2116601,2.0472698,2.7973948,4.34925,,3.689847,1.44,28.284695,23.548447,7.03,65.933846,2.5296,7.0456467,13.622229,31.726248,2.302985,132.07384,149.69,105.0,5.538296,2.92
2024-10-14,21.24,0.555,6.0052404,59.727352,3.861433,10.17,10.540082,6.5472655,28.148546,0.485,56.479164,13.874618,4.3269916,75.13835,1.2598795,30.860138,27.949684,9.203187,6.6817904,10.223615,41.87141,3.7496192,3.05,61.443027,29.545216,3.2415476,3.6271267,10.813946,5.0211983,1.42,41.20764,27.341124,3.43,5.381748,1.1544574,34.7584,20.190449,3.2468975,18.352434,35.638412,2.38,128.94496,15.853965,15.7452,6.2347517,15.02995,6.3855557,2.878297,7.983435,3.617406,6.02458,1.7849709,7.276963,285.13834,17.02289,24.831078,2.5542698,3.0966358,1.13781,11.66,289.77704,12.514611,6.9,2.8056245,3.0,3.039915,1.43,,3.1750002,34.43024,2.8093214,5.2194047,1.16,3.4845939,7.027462,2.45,6.6369205,1.415,31.953709,4.5492926,7.610571,4.95,4.02,1.605,4.528701,10.188843,2.82,1.0056155,20.62613,18.305117,32.574512,3.0013149,,2.05,35.7625,7.9808445,1.5561869,4.53917,2.3626773,37.14045,1.1104522,2.7085679,1.2623864,8.535253,62.71254,4.452738,6.967815,14.421659,2.88,10.736059,5.47,6.4090524,2.272168,4.797852,2.6910887,4.9131403,3.58,9.319989,75.83047,1.735,53.6,3.8159893,1.4314948,1.4853268,3.9796166,9.15,6.26297,141.52,33.26502,8.21,0.835,7.75,84.11,9.270184,2.0215147,0.14,50.67,12.158768,7.186296,3.4746597,219.92328,1.44,3.1729152,34.517666,3.69,15.378381,0.7878307,78.96881,13.02,4.6676097,5.675278,0.9112752,2.2876885,15.737404,3.75,3.4610808,26.82996,40.738937,11.15,7.03,17.215406,0.67,2.4147875,9.440575,17.380453,0.25,11.82,2.87,185.82622,21.953459,18.144663,2.125,2.35,17.747946,0.9977538,2.6724095,14.18,6.6636457,15.272246,3.6793168,215.20535,26.250467,2.0297415,41.278404,110.47834,35.123604,2.1628761,2.2266912,0.76,5.5525503,3.5738754,3.2790308,5.231833,6.65,24.3282,11.14,42.250107,12.705989,4.80704,0.26,25.600048,1.8387051,7.690564,1.715,4.57,2.8889349,33.19754,2.3739965,1.36,1.1106397,6.5543866,0.22,16.663418,16.330172,0.45188722,12.02432,4.805885,3.6352935,21.5,24.04036,3.2719452,13.8,5.45,11.750435,2.2116601,2.0291524,2.787944,4.34925,,4.041261,1.495,28.458838,23.066008,4.53,66.37858,2.5395198,7.103875,13.660042,31.668667,2.302985,131.14803,149.5,103.96,5.5916343,2.87
2024-10-15,21.86,0.535,5.9491167,60.66398,3.8320312,10.52,10.666096,6.615568,27.491682,0.5,56.634167,13.83629,4.3446527,76.17943,1.2789686,30.927835,28.212334,9.212219,6.6993046,10.324566,42.20478,3.8408508,3.17,62.225506,30.16114,3.269253,3.641158,10.998641,5.1359687,1.44,41.405212,27.456326,3.57,5.4956937,1.1498396,35.44571,20.624157,3.27388,18.371622,36.36946,2.39,131.27278,16.243816,16.059126,6.2994084,15.325029,6.404227,2.9056227,8.256132,3.6620648,6.12416,1.8117454,7.424345,284.30194,17.07036,24.774363,2.5995584,3.1141307,1.152651,11.59,291.60687,12.514611,6.81,2.853831,3.09,3.0671384,1.42,,3.1165645,35.05,2.7813215,5.257295,1.135,3.556441,7.150751,2.51,6.6815834,1.495,31.592756,4.5492926,7.681285,4.95,4.16,1.63,4.5190654,10.371129,2.92,1.0202603,20.635717,18.716568,32.896355,3.0797808,,2.08,36.027702,7.9897223,1.5822684,4.5482483,2.3888323,36.36752,1.1326611,2.740813,1.3538637,8.774469,64.38395,4.4899216,6.930899,13.349054,2.98,10.794301,5.53,6.330414,2.361079,4.865976,2.7002733,4.9922423,3.61,9.339166,76.809654,1.765,53.97,4.0142226,1.4549619,1.4754901,4.0356674,9.43,6.3818297,142.09,34.435383,8.21,0.84,7.77,85.45,9.599355,2.0124087,0.14,50.24,12.499402,7.447089,3.5029857,220.66609,1.455,3.1908922,35.02218,3.76,15.18876,0.8071245,79.6066,13.01,4.6676097,5.788032,0.9259732,2.315701,15.9011345,3.78,3.5269165,27.603525,41.324326,10.94,7.09,17.32368,0.665,2.4334345,9.394253,17.238531,0.25,12.1,2.79,189.48901,22.106396,18.659811,2.125,2.43,17.82072,0.9977538,2.6918452,14.38,6.7935777,15.335843,3.756573,220.27596,26.44688,2.038605,41.926556,111.4553,35.43932,2.201499,2.3336504,0.8,5.62074,3.5451312,3.2972474,5.2603183,6.82,24.212536,10.84,42.57375,12.784179,4.861255,0.265,26.079346,1.8485905,7.83567,1.83,4.79,2.8706505,33.264977,2.3826923,1.4,1.1011064,6.490486,0.23,16.552698,16.510118,0.45188722,12.260983,4.853657,3.6540806,21.94,24.157965,3.2719452,13.42,5.62,11.358436,2.2116601,2.038211,2.7690427,4.4053693,,4.041261,1.545,28.926277,22.565365,4.6,66.78545,2.5791998,7.0456467,13.707309,31.620686,2.356336,132.94989,149.85,107.24,5.582745,2.93
2024-10-16,22.3,0.54,5.7433295,60.880886,3.7340252,10.09,10.468075,6.537508,28.00365,0.53,56.769794,13.625488,4.2828383,76.40574,1.2932854,30.1735,28.438757,9.013524,6.6817904,10.040066,41.21419,3.8317273,3.08,62.076458,29.83393,3.2323124,3.563985,11.072519,5.049891,1.46,40.96303,27.03392,3.42,5.8550615,1.1267505,34.218365,20.531878,3.2468975,18.04544,36.080887,2.48,131.75343,16.280945,15.61767,6.0130715,15.429733,6.301535,2.8874056,8.030452,3.6531332,6.4029827,1.7849709,7.3690767,278.24304,17.02289,24.528605,2.5633276,3.0966358,1.157598,11.33,290.05783,12.35557,6.5,2.8152657,3.06,3.058064,1.395,,3.0776076,34.964188,2.7719882,5.228877,1.04,3.5205176,6.9800434,2.46,6.690516,1.435,31.12732,4.4843025,7.6636066,5.3999996,4.15,1.545,4.8274026,10.371129,2.86,1.0202603,20.453524,18.716568,32.067364,3.0405478,,2.19,36.135746,7.9630904,1.6170435,4.557327,2.3626773,36.63507,1.1282194,2.702119,1.3099545,8.611802,64.690544,4.5271053,6.9032125,12.676239,3.03,10.571038,5.41,6.212456,2.400595,4.827048,2.6543503,4.974664,3.45,9.329577,76.159996,1.81,53.78,3.915106,1.4314948,1.490245,3.9609327,9.3,6.2903996,141.99,34.140415,8.3,0.825,7.72,84.54,9.590458,1.9850911,0.14,49.11,12.120919,7.186296,3.4557757,220.30879,1.375,3.1549385,35.269848,3.59,14.487156,0.8006932,81.65736,12.7,4.5409694,5.6940703,0.94067115,2.3343759,16.190071,3.76,3.498701,27.613317,41.492992,10.89,6.71,17.116976,0.67,2.349523,9.255284,17.049305,0.25,11.74,2.69,184.98021,22.259335,18.31638,2.125,2.35,17.975368,1.0072113,2.7307167,14.23,6.9142284,15.190479,3.6793168,219.05743,26.250467,2.0297415,41.191345,110.27747,35.11374,2.2497773,2.4892268,0.825,5.562292,3.5163867,3.288139,5.117891,6.81,23.479992,10.81,41.955883,12.872144,4.8341475,0.255,25.863192,1.8238767,7.6180115,1.94,4.55,2.815797,33.11084,2.3044288,1.445,1.1106397,6.353556,0.215,16.054455,16.438139,0.45188722,12.115345,4.891875,3.6352935,21.23,24.03056,3.2518306,12.85,5.54,11.176776,2.2116601,2.038211,2.7501416,4.32119,,4.150032,1.555,29.091257,22.6928,4.46,66.29341,2.6784,6.8224373,13.631682,31.208033,2.3118768,130.29189,147.59,106.81,5.42273,2.86
2024-10-17,22.02,0.575,5.60302,65.14994,3.7242248,9.99,10.567085,6.703385,28.303102,0.54,57.438244,13.817127,4.397636,76.0889,1.5223544,30.038103,28.819149,9.094808,6.6905475,10.645775,41.099895,3.8499737,3.21,62.933456,30.911798,3.269253,3.5429382,11.2572155,5.097712,1.465,40.445587,27.264322,3.65,6.1355433,1.1267505,34.267464,20.633385,3.2918684,18.621054,35.69613,2.55,133.82681,16.466589,15.382228,5.772918,15.762886,6.180172,2.9511654,8.218518,3.715656,6.393025,1.7849709,7.498036,275.41296,17.060867,24.812172,2.5814428,3.1403735,1.132863,11.51,292.17807,12.44503,6.51,2.8441896,3.19,3.058064,1.37,,3.04839,35.6793,2.8839877,5.3236027,1.015,3.4935749,7.1223,2.62,6.7977076,1.54,31.34579,4.493587,7.6017323,5.25,4.27,1.53,4.865945,10.639761,2.96,1.0397869,20.73161,18.204538,32.447723,3.177863,,2.32,36.75454,8.016355,1.6474717,4.6208754,2.3713956,37.65574,1.137103,2.6956701,1.2514092,8.755332,65.93668,4.573585,7.00473,13.134534,3.14,10.745766,5.47,6.261605,2.479627,4.9243674,2.6451657,4.9922423,,9.367932,77.34632,1.905,54.52,4.034046,1.3939474,1.5049999,3.9702747,9.3,6.4001155,142.18,33.255505,8.3,0.83,7.77,84.56,9.990802,2.0215147,0.135,47.25,12.253388,7.166978,3.4935436,221.87907,1.48,3.1819038,35.88443,3.63,14.676778,0.8039088,82.18722,13.11,4.531924,5.722259,0.94557047,2.3810635,16.401958,3.8,3.5269165,27.074759,41.6319,11.94,6.81,17.028389,0.76,2.3774936,9.310872,17.181763,0.27,13.03,2.68,189.90704,22.196768,18.640732,2.125,2.34,17.875301,1.0686842,2.769588,14.61,7.072003,15.572059,3.7372587,218.27129,26.368315,2.0563319,41.38482,108.31442,34.965744,2.327023,2.5670154,0.845,5.659705,3.6122012,3.3518982,5.2223377,6.88,24.154703,10.95,42.691437,12.979655,4.897398,0.29,25.609447,1.8535333,7.672426,1.99,5.17,2.715233,33.120476,2.3739965,1.49,1.1154064,6.353556,0.21,16.23899,16.483126,0.45669454,12.288291,4.8823204,3.6822612,21.0,23.658144,3.238421,13.13,5.5,11.21502,2.4039783,2.0653872,2.740691,4.4240756,,4.091463,1.605,29.83366,22.711006,4.38,67.353195,2.95616,6.6962757,14.019268,31.284803,2.356336,126.42931,148.4,109.6,5.351612,2.87
2024-10-18,21.62,0.54,5.5188346,60.299187,3.6262188,9.64,10.32406,6.615568,27.66556,0.545,56.479164,13.654234,4.3888054,75.817314,1.426909,30.424944,28.61084,9.022555,6.270199,10.599888,40.690323,3.7769885,3.15,62.654003,30.921425,3.2323124,3.5078595,11.368033,5.0211983,1.475,39.57063,26.880318,3.54,6.1443086,1.1544574,33.80598,19.932072,3.228909,18.304466,35.667274,2.63,134.62788,16.34592,15.401848,5.6805515,15.267918,6.002795,2.9056227,7.870595,3.644201,6.3531933,1.744809,7.3690767,275.71445,16.97542,24.878338,2.5270967,3.0791407,1.0833931,11.1,291.0066,11.262156,6.78,2.7767005,3.36,3.0308409,1.39,,3.0094326,34.802097,2.865321,5.2194047,1.03,3.4486701,7.0084944,2.58,6.7083817,1.485,31.298298,4.4471655,7.5663757,5.25,4.2,1.5,4.856309,10.399911,2.89,1.0397869,16.493233,17.866232,32.66229,3.1484385,,2.3,35.909836,8.016355,1.6474717,4.557327,2.3452406,36.971992,1.1193358,2.7085679,1.2587273,8.8797245,66.292725,4.4899216,6.940128,13.417311,3.09,10.794301,5.31,6.133817,2.479627,4.8173156,2.6359808,4.8779836,,9.291224,76.16942,1.915,53.19,3.8754594,1.3517066,1.5197548,3.8768566,9.04,6.3269715,140.19,31.45714,8.23,0.825,7.7,82.49,10.017492,1.9850911,0.135,45.86,11.912754,6.944821,3.4557757,221.93549,1.45,3.1819038,35.93947,3.52,14.335458,0.8006932,82.86426,13.13,4.486695,5.665882,0.9063759,2.353051,16.450113,3.72,3.470486,27.221638,41.47315,11.75,6.6,16.949646,0.805,2.4054642,9.088523,16.992537,0.25,12.49,2.67,191.90762,21.786617,18.640732,2.125,2.32,18.703115,1.0686842,2.7598703,14.2,6.8399816,15.708338,3.688974,219.932,26.093338,2.0297415,40.978516,107.39226,35.163067,2.3173676,2.576739,0.84,5.5428095,3.5451312,3.288139,5.1653666,6.69,24.058315,10.7,42.210876,12.921013,4.816076,0.27,25.440283,1.8485905,7.599874,2.0,5.06,2.6420956,33.101208,2.4000843,1.525,1.105873,6.2987843,0.21,15.860696,16.339169,0.44707993,12.242778,4.901429,3.6728678,21.96,23.677746,3.1847825,12.55,5.31,11.033362,2.3719254,2.038211,2.7123387,4.3305435,,3.9659579,1.595,29.705343,22.419722,4.2,66.45428,3.08512,6.6186376,13.801842,31.380772,2.3207686,121.92963,147.65,109.5,5.547186,2.85
2024-10-21,22.04,0.52,5.5281887,62.428787,3.6262188,9.54,10.432072,6.6545978,27.491682,0.585,57.341366,13.826709,4.3888054,75.77205,1.4221367,30.473299,28.538385,9.943778,6.2789564,10.994514,40.776047,3.7952347,3.15,63.287437,31.489233,3.2138422,3.4727807,11.340329,5.0594554,1.56,40.1163,26.774715,3.76,6.109248,1.1914,33.452503,20.384233,3.219915,18.294874,36.46565,2.6,136.13579,16.42946,15.67653,5.7359715,15.458289,5.9561176,2.9056227,7.927016,3.670997,6.522479,1.7224969,7.3045974,281.73444,16.956432,25.076836,2.5270967,3.0791407,1.0833931,11.44,293.37857,11.4609585,6.56,2.824907,3.51,3.0217664,1.445,,3.04839,34.954655,2.921321,5.2667675,1.045,3.4307084,7.0843644,2.52,6.6815834,1.54,32.15318,4.4378815,7.6017323,5.3999996,4.41,1.48,5.106833,10.831641,2.89,1.0495502,16.598711,18.140535,33.159683,3.3151782,,2.47,36.400944,8.007478,1.6909406,4.5664053,2.3801138,38.002567,1.1193358,2.727915,1.2550682,8.984981,67.38062,4.3876667,6.930899,13.495318,3.14,10.939909,5.37,6.0944977,2.4499898,4.797852,2.6359808,4.8164597,3.4,9.396697,76.263565,1.915,53.99,4.0538692,1.3517066,1.6279575,3.8301473,9.04,6.3269715,139.19,29.430408,8.22,0.845,7.77,82.0,10.186525,1.994197,0.135,39.55,12.092533,7.195955,3.4746597,224.91618,1.46,3.1908922,36.159615,3.54,13.747628,0.819987,85.09164,12.91,4.4957404,5.665882,0.94557047,2.371726,16.767944,3.76,3.5175114,27.72103,41.50292,12.31,6.72,17.372894,0.855,2.4241111,9.16264,16.964153,0.27,13.01,2.76,194.42578,21.66844,18.66935,2.125,2.38,18.730406,1.0923277,2.8764846,14.73,6.9327903,15.899127,3.6986308,223.77426,26.61383,2.038605,41.017212,109.391815,35.537983,2.394613,2.6739743,0.875,5.659705,3.5355496,3.324573,5.1653666,6.7,24.704111,10.96,42.397217,13.096942,4.852219,0.275,25.524864,1.898018,7.572667,1.965,5.31,2.66038,33.82373,2.3479085,1.605,1.0677395,6.390071,0.21,15.620802,16.40215,0.45669454,12.069833,4.891875,3.6258998,21.49,24.157965,3.1378489,12.49,5.31,11.100288,2.5001376,2.038211,2.6934373,4.442782,,4.032894,1.71,29.796997,22.711006,4.29,67.37212,3.2339199,6.6186376,13.981455,31.486334,2.3296604,104.17975,151.0,111.65,5.573855,2.9
2024-10-22,22.16,0.515,5.5094805,61.304832,3.6262188,8.96,10.432072,6.488721,26.912098,0.585,56.130405,13.481759,4.415297,74.866776,1.3839586,30.308893,28.302904,9.781209,6.217655,10.774258,40.1855,3.7222495,3.15,62.3466,30.459478,3.1861365,3.4236708,11.220276,5.097712,1.57,39.645893,26.611515,3.65,6.056658,1.1775466,32.853558,19.784426,3.1839383,17.843977,35.705746,2.54,133.10112,15.863247,15.56862,5.597421,14.925245,5.778741,2.878297,7.927016,3.5995421,6.502563,1.7091095,7.3875,277.66925,17.003902,24.953955,2.490866,3.0091603,1.0636051,11.0,284.76205,11.808863,6.77,2.7767005,3.51,3.0308409,1.44,,3.0191717,34.563725,2.9026542,5.2194047,1.015,3.3947847,6.932625,2.51,6.511864,1.48,31.34579,4.4100285,7.6282496,5.1000004,4.36,1.485,5.077926,10.774076,2.82,1.0397869,16.176792,17.85709,32.828083,3.3740275,,2.49,35.428547,8.06962,1.7039813,4.4483867,2.3801138,38.19085,1.1015685,2.6892211,1.2733637,8.745764,66.44107,4.294708,6.92167,13.368556,3.09,11.124343,5.26,5.8782415,2.4895058,4.7297287,2.608427,4.7109895,3.16,9.674763,74.211044,1.86,51.48,4.063781,1.3188525,1.5886111,3.8394892,8.96,6.162397,136.45,28.954649,8.23,0.85,7.56,82.02,9.91963,1.994197,0.135,37.87,11.922215,7.002775,3.4652178,218.64449,1.42,2.9931467,35.389095,3.43,13.567488,0.7910463,84.826706,12.55,4.4595575,5.5907125,0.9357718,2.3437135,16.825731,3.7,3.5363216,27.211847,41.681507,11.66,6.74,16.959488,0.86,2.36817,8.949554,16.907387,0.27,12.76,2.78,186.62248,21.890894,18.2973,2.04,2.18,18.548468,1.1206998,2.847331,14.15,7.016318,15.590229,3.6696599,223.24362,25.926388,2.0120144,40.320694,107.87617,35.44919,2.3849573,2.683698,0.87,5.572033,3.4684794,3.242597,5.127386,6.6,24.164341,10.78,41.55378,12.803727,4.7347536,0.265,25.120752,1.8288195,7.355009,1.935,5.16,2.7518017,33.35168,2.3392127,1.625,1.0677395,6.3170414,0.215,15.270185,16.366161,0.44707993,11.878681,4.805885,3.607113,21.02,23.932556,3.1110296,12.4,5.27,11.090729,2.4680846,2.011035,2.513875,4.358603,,3.991059,1.715,29.265402,22.401518,4.26,65.81084,3.26368,6.5215898,13.764029,31.227226,2.3207686,107.1364,147.89,110.5,5.7427597,2.82
2024-10-23,21.98,0.52,5.5468965,62.35977,3.6458201,8.57,10.432072,6.4204183,26.921759,0.595,56.934486,13.443432,4.415297,74.3236,1.3696417,30.395931,28.40253,9.84443,6.23517,10.654951,40.17598,3.7678654,3.21,62.12304,30.78669,3.2046068,3.3605292,11.192573,5.1742253,1.62,39.918728,26.477114,3.6,5.9865375,1.1867822,32.22516,19.507591,3.1659498,17.815197,35.494133,2.59,133.61946,16.188124,15.529379,5.551238,14.858615,5.7040563,2.8691885,7.917612,3.59061,6.5722685,1.7224969,7.451979,277.5039,17.241255,25.039026,2.4727507,3.0354028,1.03887,10.96,281.98346,11.62994,6.69,2.7670588,3.53,3.012692,1.46,,2.9217792,34.287216,2.9119875,5.2194047,0.97,3.4037657,6.9800434,2.47,6.5029316,1.425,31.79223,4.419313,7.7343206,4.95,4.39,1.515,5.1742816,10.553415,2.84,1.0349052,15.697338,18.07653,32.85734,3.442685,,2.56,35.222282,8.0962515,1.717022,4.4211516,2.3626773,38.64668,1.1060103,2.6956701,1.2367728,8.812744,66.549866,4.313299,6.9585857,13.261296,3.08,11.279656,5.13,5.897901,2.5389006,4.7686563,2.6267962,4.7725134,3.15,9.617231,76.141174,1.87,51.56,4.0538692,1.3047723,1.5787745,3.848831,8.83,6.26297,139.17,28.40277,8.26,0.835,7.51,78.61,10.106457,2.0124087,0.135,35.99,12.073609,6.85789,3.4841018,218.29659,1.365,2.9841583,35.425785,3.36,13.558006,0.7910463,85.70981,12.78,4.441466,5.5907125,0.94557047,2.3343759,16.787207,3.7,3.5645368,26.957256,41.423542,11.76,6.83,16.605143,0.89,2.3774936,8.9402895,16.888464,0.275,12.51,2.72,187.07037,21.87699,18.049265,2.125,2.17,18.584856,1.1254286,2.8959203,14.03,7.25762,15.526633,3.660003,223.06674,26.083517,2.0208778,40.446457,108.15921,35.2716,2.365646,2.6934214,0.875,5.562292,3.497224,3.2517054,5.2698135,6.62,24.270369,10.7,41.416477,12.705989,4.7437897,0.27,25.515467,1.8387051,7.3822165,1.94,5.14,2.8249393,33.226444,2.3653004,1.64,1.0963397,6.3352985,0.215,15.4547205,16.357164,0.45188722,11.878681,4.805885,3.6258998,21.11,23.952156,3.0842104,12.37,5.32,11.329753,2.5001376,1.9929177,2.4855232,4.3773093,,3.991059,1.685,29.357054,22.155746,4.16,66.019,3.2934399,6.3857236,13.470976,31.71665,2.3385525,105.59336,147.1,109.54,5.7516494,2.8
2024-10-24,21.61,0.51,5.434649,62.43865,3.7046235,8.62,10.351063,6.391146,27.337128,0.585,55.597584,13.43385,4.4064665,74.95729,1.360097,30.134815,28.719522,9.835399,6.252684,10.599888,39.328266,3.7952347,3.2,62.132347,30.940674,3.1953716,3.3675451,11.358799,5.097712,1.64,39.749382,26.505915,3.58,6.039128,1.2098714,31.420021,18.972378,3.1659498,17.54658,35.542225,2.54,135.1745,16.150993,15.195836,5.5420012,14.68728,5.470666,2.8691885,7.927016,3.5995421,6.2834873,1.7537339,7.451979,273.10803,17.412148,25.029573,2.4818084,3.0354028,1.033923,10.5,284.21988,11.56036,6.7,2.7670588,3.47,3.0308409,1.445,,2.9217792,33.867683,2.8933208,5.2667675,0.94,3.367842,6.875722,2.39,6.4225383,1.44,31.820726,4.428597,7.690124,4.8,4.26,1.51,5.0104775,10.658949,2.82,1.0300236,15.208293,17.491352,32.867096,3.3838356,,2.49,35.310684,8.122884,1.6996344,4.4211516,2.336522,38.438583,1.1104522,2.6698742,1.2367728,,66.223495,4.3040037,6.995501,13.173537,3.02,11.43497,5.13,5.7209644,2.5685377,4.827048,2.6451657,4.7725134,3.13,9.636409,75.16199,1.865,50.5,4.0538692,1.3047723,1.5345097,3.9329073,8.86,6.226398,139.8,27.498829,8.31,0.835,7.44,76.06,9.955215,2.0124087,0.14,35.91,11.969525,6.7323227,3.4746597,219.36852,1.29,2.9661815,35.68263,3.31,13.614892,0.78461504,80.33271,12.45,4.405283,5.581317,0.9308725,2.3343759,16.767944,3.73,3.573942,26.62433,41.492992,11.43,6.72,15.9555025,0.915,2.349523,8.986612,16.756002,0.26,12.4,2.63,185.32857,21.863087,17.572275,2.125,2.12,18.40292,1.1254286,2.8570487,13.91,7.3411474,15.617486,3.6213748,225.60204,24.011372,2.003151,40.40776,107.53834,35.143337,2.327023,2.7323155,0.86,5.4356546,3.5355496,3.2334886,5.1558714,6.49,24.665556,10.52,41.11245,12.881918,4.716682,0.265,25.975967,1.8238767,7.2371116,1.99,5.01,2.8340814,33.03377,2.3305168,1.58,1.0868063,6.353556,0.205,14.642771,16.294182,0.44227263,11.896886,4.767667,3.6540806,21.46,23.56994,3.0775058,12.37,5.24,11.234142,2.5321908,1.9929177,2.5516777,4.3866625,,3.8906553,1.745,29.43038,22.13754,4.02,65.971695,3.24384,6.230448,13.414255,31.889389,2.3474443,98.92348,146.25,108.39,5.7872086,2.73
2024-10-25,21.3,0.51,5.369171,61.334408,3.8222308,8.59,10.42307,6.391146,27.163252,0.61,57.157303,13.510506,4.3888054,74.95729,1.3648694,30.144485,28.719522,9.754114,6.287713,10.627419,38.75677,3.758742,3.23,62.84962,30.873306,3.2046068,3.3324664,11.368033,5.0594554,1.63,39.881096,26.16991,3.62,5.9582467,1.1775466,31.636034,19.101568,3.1299732,17.421862,35.67689,2.55,135.73055,16.150993,15.068304,5.597421,14.573055,5.470666,2.8327544,7.917612,3.5727463,6.3531933,1.7224969,7.350654,276.14236,17.241255,24.793266,2.4546354,3.0266552,1.0636051,10.77,284.33606,11.451018,7.16,2.7477763,3.52,2.9854689,1.45,,2.950997,34.067913,2.8933208,5.3141303,0.925,3.358861,6.837787,2.44,6.4404035,1.43,32.22917,4.39146,7.6370893,4.95,4.28,1.49,5.077926,10.428693,2.82,1.0641952,15.2370615,17.363344,32.476982,3.3838356,,2.53,35.399082,8.131762,1.6952876,4.3939166,2.3975506,39.528618,1.1060103,2.6892211,1.2184772,9.913141,67.00481,4.276116,6.9124413,13.271047,3.24,11.318485,5.31,5.740624,2.5487797,4.7686563,2.6451657,4.7725134,3.22,9.665174,75.28438,1.875,49.71,3.974576,1.2953855,1.5197548,3.9329073,8.73,6.116682,144.57,27.222889,8.28,0.89,7.44,78.36,9.786182,2.0124087,0.135,34.12,11.80867,6.693687,3.4841018,219.29329,1.265,2.8673089,35.728493,3.33,13.747628,0.7878307,69.4117,12.47,4.450512,5.600109,0.94067115,2.3063636,17.615492,3.76,3.5457265,26.810377,41.542603,11.47,6.76,15.758643,0.925,2.3029056,8.949554,16.481627,0.275,12.23,2.74,184.43279,21.724052,18.430857,2.125,2.15,18.557566,1.1254286,2.8764846,13.76,7.4525175,15.653826,3.6020608,225.3662,23.284645,2.0120144,40.340042,107.812256,37.2251,2.3366787,2.7225919,0.865,5.1823807,3.5547125,3.2152717,5.184357,6.51,24.627,10.67,40.984955,12.618024,4.6624675,0.265,26.004162,1.8337623,7.209904,1.95,5.13,2.8706505,32.571358,2.3479085,1.555,1.091573,6.32617,0.205,14.006129,16.231201,0.4374653,11.787657,4.748558,3.6352935,20.9,23.658144,3.037277,12.54,5.33,11.253265,2.5001376,1.983859,2.5611284,4.283777,,3.8237193,1.83,29.457876,22.110233,4.05,64.35363,3.26368,6.5409994,13.404803,31.371172,2.2763095,111.49672,147.4,110.32,5.8672156,2.69
2024-10-28,21.9,0.515,5.3598175,61.873653,3.694823,8.79,10.207048,6.410661,27.385427,0.57,57.91294,13.472178,4.3534827,75.409935,1.3553249,30.395931,28.484043,9.781209,6.243927,10.425516,39.14729,3.7040033,3.27,62.570164,30.844433,3.1953716,3.2833562,11.312625,5.049891,1.625,40.41736,26.20831,3.41,5.8863525,1.1729288,31.577122,19.55373,3.1479616,17.719261,36.032795,2.46,134.63731,16.336637,15.558809,5.6436048,14.430275,5.5453506,2.8145373,7.917612,3.5370188,6.2336974,1.6957223,7.4427676,277.56226,17.127327,24.868885,2.4365199,3.0004127,1.0438169,10.82,282.6999,11.709461,7.27,2.7284937,3.39,2.9854689,1.445,,2.9412577,34.03931,2.9026542,5.3804383,0.965,3.3858037,6.8946896,2.46,6.386808,1.4,32.59962,4.4100285,7.6017323,5.25,4.22,1.47,4.981571,10.54382,2.8,1.0300236,15.03569,17.747368,32.896355,3.4034522,,2.44,35.182995,8.158394,1.6561655,4.37576,2.3801138,38.884506,1.1015685,2.702119,1.2184772,9.693062,67.894905,4.294708,6.9585857,13.358805,3.33,11.599991,5.35,5.858582,2.5290217,4.807584,2.6543503,4.781303,3.2,9.626821,74.94543,1.815,49.97,3.944841,1.2953855,1.5148365,3.8394892,8.66,6.180683,145.03,27.356102,8.26,0.92,7.52,80.54,9.830665,1.9850911,0.135,34.53,11.80867,6.906185,3.4368918,218.60689,1.305,2.7954013,35.47165,3.31,13.624373,0.7685369,71.23677,12.61,4.4957404,5.5531282,0.9553692,2.3063636,16.642738,3.77,3.583347,27.104136,41.74104,11.38,6.86,16.231108,0.92,2.3029056,8.958819,16.576239,0.285,10.36,2.83,188.04578,21.466839,18.583492,1.955,2.13,18.57576,1.1348859,2.7598703,13.79,7.536045,15.635654,3.6020608,227.97029,23.078413,1.9942875,40.13689,109.674866,38.54717,2.2497773,2.6642509,0.845,5.192122,3.5738754,3.2152717,5.231833,6.62,24.520975,10.77,40.92611,12.764632,4.644396,0.27,26.004162,1.858476,7.164559,1.95,5.02,2.934646,32.629154,2.3392127,1.53,1.0772729,6.289655,0.2,13.969222,16.384155,0.4374653,11.842272,4.786776,3.6352935,21.46,24.05996,3.0238674,12.44,5.25,11.21502,2.4360316,1.9657415,2.5233257,4.3024836,,4.300638,1.81,29.476208,22.101131,4.0,65.37556,3.10496,6.783618,13.357536,31.419159,2.2674177,112.492226,151.15,111.55,5.9916716,2.79
2024-10-29,22.27,0.505,5.4533567,61.76502,3.6850224,9.06,10.099037,6.5277505,27.356447,0.575,58.939835,13.63507,4.379975,75.817314,1.3696417,30.67639,28.583668,9.72702,6.2614417,10.388807,39.137768,3.6492643,3.29,62.02057,30.680828,3.1861365,3.248278,11.368033,5.0785837,1.63,40.492626,26.28511,3.42,5.8773656,1.168311,31.861866,19.452225,3.111985,17.73845,36.052032,2.45,135.8719,16.01176,15.401848,5.6436048,14.458831,5.5080085,2.7963202,7.8611917,3.4923596,6.2834873,1.6689478,7.498036,277.82486,17.212772,25.143002,2.3821738,2.9654224,0.97455907,10.6,283.34854,11.590179,7.17,2.6995697,3.33,3.0036178,1.45,,2.9412577,34.13466,2.8933208,5.4562197,0.91,3.3858037,6.8946896,2.62,6.3689427,1.37,32.077194,4.419313,7.725481,5.25,4.21,1.41,5.020113,10.524633,2.8,1.1130114,15.026101,17.793083,31.960081,3.5211506,,2.47,35.595528,8.167272,1.6648593,4.3394465,2.3975506,38.062023,1.0926849,2.6698742,1.2184772,9.951416,68.3993,4.3040037,6.967815,13.475817,3.27,11.619406,5.4,5.897901,2.479627,4.778388,2.6727195,4.7725134,3.13,9.636409,75.18081,1.87,51.29,3.8457243,1.2719183,1.5787745,3.7554128,8.71,6.180683,145.65,27.527374,8.3,0.89,7.73,82.4,9.68832,1.9668792,0.135,37.0,11.789746,7.022093,3.4368918,219.0112,1.36,2.7864127,35.6918,3.25,13.501119,0.76532125,72.6203,12.33,4.450512,5.52494,0.94557047,2.315701,17.230242,3.8,3.5551317,26.888712,43.11025,11.55,7.22,16.181892,0.93,2.3029056,8.912496,16.405935,0.29,9.85,2.85,190.73315,23.594059,18.79337,2.125,2.09,18.493887,1.1065137,2.8181775,13.64,7.545326,15.690167,3.6020608,225.85753,22.793615,1.9854239,39.720917,110.56965,37.40269,2.2401216,2.6545272,0.855,5.123933,3.5642939,3.1879466,5.2223377,6.71,23.865541,10.4,40.55343,12.578929,4.653432,0.265,25.806803,1.878247,7.046661,1.955,4.96,2.9163613,32.484653,2.3566046,1.54,1.0629728,6.271398,0.195,13.6647415,16.456135,0.46150184,11.887784,4.805885,3.6352935,20.71,23.658144,3.0439816,12.31,5.25,11.234142,2.5001376,1.9748002,2.5516777,4.3024836,,4.459611,1.84,29.549532,21.946386,4.06,65.612114,3.20416,6.754504,13.414255,31.486334,2.2407422,115.52852,151.14,113.53,5.902775,3.12
2024-10-30,22.35,0.51,5.3785253,60.994682,3.6850224,9.11,10.03603,6.498478,27.24053,0.555,59.182026,13.539251,4.3623137,75.002556,1.3648694,29.370808,28.275732,9.519293,6.1826262,10.34292,38.518646,3.6492643,3.3,61.210148,30.61346,3.1676662,3.1991677,11.331095,5.00207,1.62,40.558483,26.256311,3.4,5.8414183,1.1452218,31.26292,18.944696,3.1299732,17.556171,36.3887,2.5,134.70328,16.067453,15.293937,5.597421,14.439795,5.4986725,2.7872117,7.832982,3.5012915,,1.6734102,7.516458,276.33688,16.804527,24.963408,2.373116,2.97417,0.9894,10.58,278.30447,11.769102,6.85,2.6513631,3.39,3.039915,1.49,,2.8925614,32.933273,2.8466544,5.3330755,0.915,3.367842,7.311975,2.53,6.413605,1.355,32.0107,4.3821754,7.6724463,5.3999996,4.19,1.385,5.0393844,10.534226,2.77,1.2252889,15.24665,17.546213,31.882057,3.4230685,,2.44,36.027702,8.06962,1.6692061,4.3122115,2.432424,37.83411,1.0926849,2.5795887,1.2075,9.788748,68.10259,4.211045,6.9032125,13.758594,3.25,11.328193,5.27,5.8684115,2.5092638,4.6810684,2.6451657,4.737357,3.12,9.588467,73.354256,1.85,49.87,3.8159893,1.2859986,1.6181208,3.6619947,8.61,6.189826,147.05,28.269556,8.24,0.85,7.65,81.07,9.430321,1.9668792,0.13,36.08,11.874906,6.867549,3.3991234,217.55376,1.345,2.7774243,35.27902,3.22,13.33994,0.7556743,71.442825,12.28,4.414329,5.468563,0.94557047,2.3343759,17.345818,3.84,3.5927522,27.182472,44.519146,11.4,7.14,16.142519,0.955,2.2749352,8.801322,16.35863,0.28,9.85,2.88,196.5956,23.135246,19.213118,2.125,2.06,18.475695,1.1065137,2.7890236,13.66,7.545326,15.544804,3.592404,225.71996,22.440075,1.967697,39.450043,109.84834,36.820587,2.259433,2.6253567,0.84,5.094709,3.5163867,3.1879466,5.203347,6.52,23.923372,10.29,40.945724,12.510512,4.6715035,0.255,25.562458,1.9029608,7.1101446,1.93,5.02,2.8615084,32.484653,2.3739965,1.575,1.0772729,6.2257547,0.2,13.323353,16.168219,0.45669454,11.696632,4.786776,3.5977194,21.1,23.922754,3.0506866,11.83,5.13,11.0524845,2.5001376,1.9748002,2.5044243,4.3024836,,4.392675,1.82,29.338724,21.78254,4.0,64.00352,3.20416,6.7156854,13.25355,29.567019,2.2407422,114.87148,150.0,111.8,5.831657,3.02
2024-10-31,21.97,0.53,5.3972335,60.007072,3.5674155,9.35,9.432968,6.449691,26.950737,0.57,59.5986,13.510506,4.30933,75.72678,1.3648694,29.99942,28.212334,9.61864,6.103811,10.196082,39.528286,3.6583877,3.31,60.567394,30.777065,3.1214902,3.2131991,11.358799,4.9255567,1.625,40.1163,26.054708,3.44,5.8593917,1.1544574,31.223644,18.741682,3.1029906,17.613733,36.3406,2.62,134.53365,16.123148,15.499949,5.588185,14.382682,5.470666,2.778103,7.851789,3.4834278,,1.6555605,7.405922,275.44214,16.700092,24.935051,2.3640583,2.9654224,1.004241,10.97,277.81073,12.325748,6.83,2.6320806,3.47,3.039915,1.525,,2.9412577,31.92258,2.8093214,5.3141303,0.955,3.3229375,6.951592,2.59,6.404673,1.38,31.535765,4.354323,7.5398574,5.1000004,4.22,1.435,5.0490193,10.486258,2.72,1.2448153,15.323362,17.527925,31.999094,3.3740275,,2.45,35.98841,8.007478,1.7387564,4.303133,2.432424,37.249454,1.0793595,2.6247315,1.2111591,9.731337,68.349846,4.257524,6.92167,13.583077,3.31,11.163172,5.25,5.770113,2.5685377,4.6908007,2.6359808,4.7197785,3.3,9.540524,77.23334,1.88,48.86,3.796166,1.3047723,1.5738562,3.6619947,8.62,6.1989694,144.4,28.469376,8.23,0.825,7.6,82.57,9.572665,1.9486674,0.13,39.4,11.941139,6.7613,3.3896816,217.6854,1.32,2.7504592,35.590897,3.2,13.3494215,0.7556743,69.62756,12.35,4.405283,5.4309783,0.88677853,2.3437135,17.076141,3.85,3.6303725,27.113928,44.023056,11.54,7.74,16.162207,0.935,2.2469647,8.921761,16.405935,0.28,10.2,2.85,193.91818,23.461977,19.203577,2.125,2.06,18.43021,1.1112424,2.7890236,13.61,7.498922,15.635654,3.592404,222.98813,22.400791,1.94997,38.859936,108.935295,36.425938,2.3077118,2.63508,0.82,5.0752263,3.5259683,3.197055,5.2223377,6.63,24.039038,10.37,40.916306,12.412773,4.680539,0.24,25.308712,1.9375602,7.046661,1.87,5.25,2.8706505,32.243813,2.3044288,1.59,1.0677395,6.18924,0.215,13.41562,16.123232,0.45188722,11.569198,4.767667,3.5883257,20.93,23.942356,3.0305722,11.55,5.15,10.8325815,2.5321908,1.9748002,2.4855232,4.2931304,,4.317372,1.835,29.439545,21.646002,4.03,63.66287,3.19424,6.608933,13.234643,28.75131,2.2140667,117.7485,149.5,111.68,5.796098,3.02
2024-11-01,22.18,0.535,5.3411098,60.688526,3.577216,8.99,9.477973,6.400903,27.346786,0.55,59.57922,13.43385,4.274008,72.46777,1.3648694,29.89304,28.13988,9.5734825,5.9549375,10.058421,39.452087,3.6036487,3.16,59.738342,30.623085,3.1399608,3.1640894,11.321859,4.9159923,1.59,40.248013,25.968307,3.44,5.796484,1.168311,30.565788,18.972378,3.076008,17.757635,35.811558,2.73,133.91162,15.937504,15.421469,5.5420012,14.277977,5.732063,2.7689946,7.776562,3.4477,6.4726887,1.6243236,7.3782883,277.22186,16.71908,24.783815,2.3550005,2.9391797,1.009188,10.64,272.65048,11.7293415,6.76,2.6031566,3.54,3.0308409,1.48,,2.9412577,31.893976,2.7906547,5.2194047,0.95,3.3858037,6.999011,2.52,6.315347,1.38,31.108322,4.3357544,7.5486965,5.1000004,4.16,1.41,4.943029,10.495851,2.74,1.2789867,15.083635,17.820515,32.15514,3.2955616,,2.34,35.86072,7.9630904,1.717022,4.275898,2.3278039,36.36752,1.0926849,2.702119,1.1599319,9.731337,68.76522,4.211045,6.8201523,13.6415825,3.31,11.26995,5.31,5.897901,2.5685377,4.5837493,2.6635349,4.746146,3.4,9.463816,77.04504,1.895,48.02,3.6970494,1.3141592,1.5689379,3.577918,8.53,6.1441107,142.97,28.183922,8.18,0.81,7.78,85.0,9.465907,1.9577733,0.13,40.61,11.931677,6.577779,3.3519135,209.87163,1.31,2.7234938,35.049694,3.2,13.320978,0.7460274,67.851555,12.25,4.486695,5.4591665,0.90147656,2.3437135,16.931675,3.87,3.6397777,27.388102,44.052822,11.38,7.55,16.004719,0.925,2.2283177,9.005142,16.30186,0.27,10.16,2.89,194.88364,23.037924,19.060482,2.125,2.02,18.439308,1.1017851,2.7404344,13.37,7.5824494,15.517548,3.5730898,223.94131,22.273125,1.932243,37.998962,110.77965,36.50487,2.2497773,2.6253567,0.795,4.938848,3.5642939,3.1515129,5.1558714,6.57,23.5571,10.44,40.651505,12.334582,4.644396,0.225,25.036171,1.9375602,6.86528,1.915,5.11,2.943788,31.897001,2.295733,1.53,1.1011064,6.2348833,0.215,13.129592,15.979276,0.4374653,11.487276,4.777221,3.5883257,21.45,23.82475,3.0238674,11.4,5.14,10.631802,2.4680846,1.9476241,2.513875,4.246364,,4.1918674,1.815,29.421213,21.89177,4.09,63.038357,3.0751998,6.744799,13.064483,28.597765,2.196283,117.96751,148.21,110.87,5.8672156,2.96
2024-11-04,22.29,0.54,5.2288623,61.281086,3.5870166,9.23,9.585984,6.478963,27.066654,0.53,60.3833,13.596743,4.3534827,70.611946,1.3839586,29.970407,28.311962,9.6367035,6.1213255,10.2603245,40.023582,3.6127717,3.27,59.94328,30.863682,3.149196,3.2272305,11.340329,5.0211983,1.545,40.078667,26.104881,3.18,5.8593917,1.168311,31.145096,19.00929,3.0850024,17.872757,36.888885,2.74,136.04155,15.956069,15.558809,5.5420012,14.506425,5.7040563,2.778103,7.804772,3.4834278,6.422899,1.628786,7.359865,280.39233,16.633635,25.04848,2.3459427,2.9479272,0.99929404,10.82,277.22015,11.63988,6.99,2.6802871,3.39,3.0217664,1.47,,2.950997,32.14188,2.799988,5.342548,0.95,3.3498802,7.160235,2.46,6.3332124,1.325,30.81386,4.363607,7.5398574,4.8,4.22,1.37,4.9526644,10.476663,2.78,1.2399337,14.891853,17.573643,32.242916,3.2955616,,2.32,35.850903,7.8654375,1.7126751,4.275898,2.3278039,36.407158,1.0971267,2.7666087,1.1526136,9.712199,68.82456,4.238932,6.8293815,13.602579,3.31,11.2408285,5.33,5.848752,2.5290217,4.603213,2.6635349,4.763725,3.36,9.492581,76.88498,1.88,48.27,3.6673145,1.2906921,1.5295914,3.5498927,8.45,6.189826,142.63,28.317133,8.23,0.8,7.94,85.55,9.448113,1.9486674,0.135,36.7,11.98845,6.606756,3.4085655,209.00656,1.28,2.7504592,35.50834,3.16,13.273572,0.72994924,67.66512,12.34,4.414329,5.477959,0.90147656,2.3343759,17.085773,3.92,3.5927522,27.750404,44.221493,11.13,7.28,16.17205,0.89,2.2189941,9.125581,16.330244,0.28,9.83,2.95,194.65472,22.9406,19.308516,2.04,2.01,18.612146,1.0923277,2.7404344,13.45,7.6938195,15.354013,3.6020608,229.01192,22.489176,1.9411066,38.202118,109.3279,36.573933,2.2787445,2.576739,0.775,5.0557437,3.5738754,3.1606214,5.136881,6.65,23.846262,10.33,41.691086,12.461642,4.653432,0.21,24.932795,1.9968731,6.910625,1.86,5.27,2.8797927,31.607992,2.3305168,1.535,1.1011064,6.2348833,0.23,13.1665,15.916294,0.44707993,11.72394,4.844103,3.6446872,22.2,24.412775,3.0305722,11.38,5.09,10.803899,2.4680846,1.9566828,2.4760723,4.283777,,4.091463,1.805,29.69618,21.828053,4.02,63.2276,3.1744,6.6186376,13.177922,28.684135,2.2140667,120.97394,150.28,110.2,5.840547,3.02
2024-11-05,22.01,0.525,5.1259685,61.17245,3.5576148,9.25,9.54998,6.537508,27.066654,0.545,60.480175,13.730889,4.3358216,70.38563,1.374414,30.1735,28.167051,9.61864,6.051267,10.324566,40.099777,3.6583877,3.25,59.896706,30.805937,3.1769013,3.241262,11.211042,5.00207,1.535,40.10689,25.948797,3.18,5.7785106,1.168311,30.919264,18.972378,3.076008,17.815197,36.71574,2.65,135.57033,15.677603,15.401848,5.523528,14.601611,5.536015,2.7872117,7.8235784,3.4834278,6.154033,1.6332484,7.3414426,279.40036,16.62414,25.133549,2.3640583,2.97417,0.9894,10.55,274.94498,11.878443,7.15,2.6610045,3.33,3.0308409,1.455,,2.9607363,30.130035,2.7813215,5.3141303,0.955,3.3229375,6.9421086,2.42,6.377875,1.315,31.108322,4.354323,7.4161086,4.8,4.12,1.365,4.933393,10.371129,2.74,1.2594602,15.006923,17.454779,32.1844,3.3151782,,2.26,35.654457,7.8032956,1.673553,4.275898,2.2929304,35.32703,1.0926849,2.785956,1.1452955,9.63565,67.42018,4.2296367,6.8201523,13.690337,3.3,11.124343,5.36,5.848752,2.5586586,4.574017,2.6359808,4.6934114,3.34,9.348755,75.67982,1.875,47.99,3.7763426,1.3047723,1.4705719,3.5592344,9.1,6.226398,143.05,28.45986,8.23,0.82,7.85,85.78,9.199011,1.9668792,0.13,38.2,11.969525,6.5488024,3.3991234,205.17961,1.285,2.7324822,35.44413,3.17,13.226167,0.7267336,67.439445,12.27,4.378146,5.4591665,0.90147656,2.3343759,17.066511,3.88,3.5927522,27.750404,43.963524,10.98,7.3,16.142519,0.86,2.2096705,9.069993,16.235632,0.27,9.53,3.0,193.90823,22.502642,19.165419,2.04,1.975,18.439308,1.0923277,2.711281,13.55,7.675258,15.453952,3.6020608,226.01476,22.22402,1.932243,37.989292,109.03573,36.495007,2.2401216,2.557292,0.765,5.036261,3.5930383,3.1606214,5.184357,6.75,23.846262,10.43,41.514553,12.27594,4.653432,0.225,25.026772,1.9523884,6.9922466,1.84,5.24,2.815797,31.453854,2.3218207,1.505,1.105873,6.1983685,0.22,13.221859,15.952283,0.45669454,11.714837,4.786776,3.6352935,22.41,24.128565,3.0238674,11.08,5.04,10.784777,2.4039783,1.9476241,2.4666216,4.274424,,4.1165643,1.75,29.256235,21.755232,4.1,63.057278,3.0950398,6.5992284,13.159017,28.444221,2.205175,120.63547,150.3,110.38,5.7872086,2.95
2024-11-06,22.69,0.515,4.9763055,64.036514,3.5576148,9.36,9.504976,6.625325,26.921759,0.525,61.17769,14.095002,4.3004994,70.79301,1.4173644,30.579681,28.321018,9.627672,6.007481,10.471403,40.576023,3.6675107,3.42,60.669865,31.44111,3.1953716,3.3044035,11.4603815,5.145533,1.5,40.078667,25.90002,3.22,5.8773656,1.1498396,30.929083,20.052032,3.076008,18.016663,37.581455,2.67,137.08766,16.104584,15.68634,5.7359715,14.582574,5.564022,2.7689946,8.002242,3.4834278,6.1142015,1.6198611,7.3967104,282.9404,16.62414,26.031513,2.3640583,2.9566748,0.99434704,10.9,276.62958,12.027546,7.35,2.6802871,3.4,3.039915,1.435,,2.7951686,30.87375,2.8373213,5.4088564,0.955,3.3139565,6.9800434,2.35,6.3242793,1.33,31.925213,4.400744,7.7519994,4.65,4.06,1.39,4.923758,10.582197,2.76,1.2741051,15.150759,17.262766,32.13563,3.3151782,,2.23,35.575882,7.936457,1.6561655,4.2123494,2.2667751,36.377426,1.0971267,2.7924047,1.1452955,9.664356,69.45753,4.3040037,7.032417,13.7293415,3.32,11.318485,5.06,5.7799435,2.5882957,4.73946,2.727827,4.7109895,3.27,9.511759,77.732346,1.915,48.84,3.8754594,1.2859986,1.4459804,3.6339693,9.26,6.1715403,149.7,29.154467,8.29,0.785,7.9,86.78,9.0477705,1.9213494,0.13,37.25,12.168229,6.828913,3.4463336,212.37279,1.33,2.7864127,36.003677,3.2,13.25461,0.70422417,68.05761,13.27,4.378146,5.5625243,0.9063759,2.3437135,16.96057,3.91,3.649183,28.02458,45.739525,11.05,7.61,16.43781,0.865,2.2189941,9.14411,16.547855,0.27,9.6,2.91,197.13306,23.051826,19.470692,1.87,1.985,18.557566,1.1065137,2.6626918,13.58,7.7123814,16.00815,3.6793168,231.3605,22.646307,1.9411066,37.031578,108.99921,37.37965,2.1725318,2.5378447,0.745,5.1434155,3.6026196,3.1515129,5.203347,6.79,24.260729,10.5,41.798965,12.803727,4.5901814,0.22,25.571854,1.9227319,6.9922466,1.915,5.28,2.8706505,31.76213,2.3305168,1.5,1.0963397,6.0614386,0.225,13.55402,16.474129,0.4663092,11.642017,4.844103,3.6352935,22.86,24.863594,3.037277,11.8,5.24,10.918631,2.4039783,1.911389,2.4666216,4.3305435,,4.216968,1.72,29.56786,21.382025,4.18,64.04137,3.0751998,6.7059803,13.612775,28.482609,2.2140667,121.869896,153.68,114.9,5.8494363,3.14
2024-11-07,22.78,0.525,4.854704,67.62154,3.675222,9.16,9.504976,6.5082355,27.317808,0.5,61.19706,14.18124,4.2475157,70.20457,1.445998,30.96652,28.719522,9.50123,5.867365,10.572355,40.461727,3.6127717,3.4,60.73507,30.748196,3.2230773,3.3464978,11.386503,5.1359687,1.385,40.445587,26.114635,3.19,5.9582467,1.1867822,30.781803,21.15937,3.031037,18.227718,37.562214,2.69,138.78404,16.89357,15.362607,5.7913914,13.97338,5.713392,2.741669,8.011645,3.3851771,5.915042,1.597549,7.3322315,281.5302,16.548187,27.619492,2.3459427,2.9216845,1.019082,10.92,274.3641,12.136887,7.01,2.6899285,2.78,3.039915,1.36,,2.697776,28.699812,2.9306543,5.4562197,0.85,3.3319185,7.160235,2.33,6.217088,1.29,31.440777,4.39146,7.85807,4.5,3.79,1.295,4.6057854,10.822047,2.89,1.1862358,15.45761,17.829659,32.39896,3.354411,,2.14,34.71153,7.9897223,1.5518401,4.030783,2.3626773,34.930653,1.0926849,2.8504455,1.1526136,9.903573,68.96303,4.2017484,7.2262235,13.602579,3.36,11.0661,5.28,5.740624,2.5882957,4.6908007,2.7461963,4.737357,3.37,9.540524,77.0262,1.96,48.35,4.093516,1.3423197,1.3328595,3.6526527,8.83,6.116682,152.59,28.745316,8.22,0.815,8.02,86.99,9.421425,1.8940316,0.13,38.46,12.206078,6.993116,3.4746597,215.81424,1.35,2.768436,36.077065,3.24,13.25461,0.71065545,65.16301,14.4,4.332917,5.665882,0.9112752,2.278351,15.891503,3.99,3.667993,28.053955,46.840847,10.87,7.68,16.142519,0.81,2.2189941,9.14411,16.983076,0.25,9.63,3.01,199.06398,22.836323,19.632868,1.785,2.04,18.739504,1.1301572,2.4780524,13.6,7.768066,16.780392,3.640689,229.4836,22.86236,1.8967891,37.147667,111.080956,36.55953,2.0470078,2.4114387,0.67,5.0752263,3.6696897,3.1150794,5.279309,6.7,24.0294,10.56,42.93662,13.351062,4.5178947,0.215,25.49667,2.4021792,6.9831777,1.97,5.34,2.9529302,32.15711,2.3305168,1.24,1.0963397,6.2074976,0.215,13.424847,16.816029,0.49034572,11.523685,4.786776,3.6446872,22.86,25.147804,2.997048,11.4,5.2,11.081167,2.2437131,1.884213,2.494974,4.3866625,,3.9324899,1.65,29.57725,22.073822,4.23,64.00352,2.8172798,6.7253895,14.350135,28.444221,2.1873913,124.30889,155.18,118.96,5.9116645,3.11
2024-11-08,23.79,0.52,4.9388895,67.14748,3.694823,9.48,9.558982,6.5082355,27.337128,0.515,62.39834,14.190822,4.3004994,70.02351,1.4555426,31.469412,29.099915,9.5734825,5.9549375,10.664129,40.023582,3.6401412,3.39,61.079735,31.113903,3.2507827,3.3535137,11.580434,5.145533,1.43,40.831318,26.04635,3.21,6.0031805,1.1821644,30.605064,20.541107,3.0580199,18.371622,38.081642,2.68,140.7255,16.745054,15.6471,5.7544446,14.268458,5.8347545,2.7507775,8.021049,3.4387681,6.2038236,1.6020113,7.3875,284.87576,16.870985,27.231949,2.3640583,2.9391797,1.009188,11.23,276.20358,12.44503,7.2,2.6706457,3.07,3.039915,1.395,,2.610123,29.081203,2.8933208,5.4088564,0.85,3.3408992,7.2740397,2.42,6.3421445,1.32,31.915712,4.39146,7.9287834,4.8,3.85,1.275,4.7021403,10.812454,2.85,1.195999,15.582268,17.875374,33.325478,3.5211506,,2.24,35.06513,8.122884,1.5866153,4.1124883,2.432424,35.43603,1.1104522,2.8310986,1.1599319,9.932279,70.56521,4.211045,7.1800795,13.826851,3.3,10.969029,5.3,5.730794,2.6376908,4.7199965,2.7645652,4.728568,3.78,9.550113,80.02967,1.945,48.47,4.043957,1.3141592,1.3771241,3.5685763,9.09,6.226398,152.92,28.830952,8.05,0.835,8.09,88.0,9.501493,1.9122435,0.13,38.47,12.083072,7.1476603,3.5124278,214.88335,1.395,2.7954013,36.370598,3.25,13.33046,0.7267336,65.94798,16.57,4.251505,5.712863,0.9112752,2.3063636,16.170809,3.92,3.667993,28.739393,47.842953,11.2,7.6,16.496868,0.845,2.237641,9.181168,16.689774,0.265,9.72,2.98,203.03531,23.27428,20.033539,1.87,2.07,18.784986,1.1065137,2.516924,13.74,7.8330317,16.580519,3.6793168,230.13216,23.37303,1.914516,37.45723,112.58747,36.944885,2.0856307,2.46978,0.67,5.0654845,3.6409454,3.133296,5.383755,6.75,24.202898,10.55,43.652557,13.292419,4.554038,0.225,25.534264,2.5109198,7.1373515,1.96,5.65,2.9163613,32.301613,2.3826923,1.315,1.105873,6.1983685,0.225,13.544794,16.780039,0.495153,11.642017,4.767667,3.6446872,22.99,25.51042,2.963524,11.51,5.24,10.975996,2.2757661,1.911389,2.4855232,4.339896,,4.124931,1.66,30.168606,21.909975,4.34,64.74158,2.8768,6.657457,13.754576,28.64575,2.205175,126.518906,157.0,111.75,5.876106,3.25
2024-11-11,23.95,0.5,4.602147,66.86107,3.6164184,9.46,9.4959755,6.498478,27.153593,0.52,63.560856,14.363296,4.3358216,70.74774,1.4507703,31.227638,29.10897,9.447041,5.841093,10.563178,39.76641,3.6127717,3.32,61.098362,30.777065,3.2046068,3.2973876,11.51579,5.0785837,1.415,39.16608,25.763449,3.12,5.9222994,1.1636932,30.516695,19.913614,3.0400314,18.601866,38.399067,2.68,141.16843,17.097776,15.58824,5.689788,14.25894,5.3596115,2.741669,7.917612,3.4387681,6.3830667,1.6020113,7.359865,292.66577,16.842503,27.364283,2.3550005,2.9479272,0.96961206,11.26,278.16895,12.524551,7.48,2.6513631,3.09,3.0217664,1.37,,2.6296015,28.623533,2.9026542,5.361493,0.815,3.1972046,7.2550726,2.21,6.270684,1.295,32.485638,4.177922,7.645928,4.65,3.94,1.275,4.692505,10.639761,2.87,1.1764725,15.630213,16.567867,33.237705,3.4524932,,2.33,35.949123,7.9187026,1.5866153,4.1760364,2.4411426,36.00087,1.1104522,2.8439963,1.1562728,10.334163,71.34652,4.1738605,7.1523924,13.71959,3.31,10.716644,5.2,5.2786217,2.6376908,4.6908007,2.727827,4.7022004,4.15,9.540524,80.61342,1.925,50.0,4.1133394,1.2906921,1.2394117,3.5498927,8.89,6.153254,157.29,28.535982,8.08,0.84,7.88,90.15,9.25239,1.9304553,0.13,36.95,11.770822,7.427771,3.4841018,217.63206,1.46,2.7324822,36.682476,3.28,13.283053,0.7267336,65.97742,16.33,4.2334137,5.6376934,0.8818792,2.3063636,16.373064,3.77,3.6585882,29.248575,48.93435,11.11,7.68,16.585455,0.805,2.237641,9.171904,16.784388,0.27,9.68,2.96,199.77066,23.211716,20.52007,1.7,2.05,18.648535,1.1017851,2.516924,13.51,7.9165597,16.798563,3.6986308,234.99638,23.245363,1.914516,37.176685,109.08138,37.62667,2.0566638,2.4892268,0.45,5.0654845,3.5451312,3.1697297,5.279309,6.78,23.788431,10.29,43.260265,13.0383,4.653432,0.22,25.581253,2.4812632,7.3187327,1.95,5.73,2.9255035,32.349785,2.3392127,1.285,1.1440067,6.1435966,0.23,13.378714,16.762043,0.495153,11.65112,4.729449,3.6352935,23.34,25.696625,2.9501145,11.06,5.18,10.526631,2.2757661,1.911389,2.4193683,4.358603,,4.342473,1.615,30.037193,21.864464,4.3,64.86459,2.85696,6.6186376,13.499335,28.319466,2.205175,129.31627,159.62,114.18,5.73387,3.35
2024-11-12,24.19,0.48,4.5086074,65.172264,3.7144241,9.5,9.522978,6.5472655,27.114952,0.495,62.902096,14.286641,4.3358216,70.928795,1.465087,31.121256,29.498419,9.555419,5.823579,10.8385,39.661636,3.7040033,3.4,61.05179,30.85406,3.1214902,3.2973876,11.589668,5.0594554,1.32,38.479286,25.646387,2.98,6.0121675,1.1544574,30.95854,20.135082,3.067014,18.5539,38.98583,2.7,141.60196,16.89357,15.6471,5.7636814,14.649205,5.3596115,2.759886,8.002242,3.4923596,6.1142015,1.6377108,7.4151335,291.1875,16.851997,27.628944,2.3640583,2.9829175,0.96466506,11.1,277.52997,12.554372,7.46,2.6513631,2.83,3.039915,1.36,,2.726994,29.29097,2.8093214,5.389911,0.8,3.242109,7.3214583,2.25,6.3510776,1.205,32.485638,4.0293736,7.7873564,4.95,3.74,1.335,4.528701,10.745296,2.9,1.117893,15.754871,16.586153,33.36449,3.4819176,,2.3,35.870544,7.8654375,1.5344526,4.239585,2.3855486,35.624313,1.1104522,2.8310986,1.1562728,10.3245945,71.05971,4.2203403,7.2446814,13.436812,3.33,10.8040085,5.2,5.308111,2.6673276,4.8173156,2.7370117,4.6582546,4.02,9.530935,82.52471,1.95,50.24,4.1034274,1.2859986,1.2492483,3.5685763,8.75,6.125825,158.98,28.840467,8.14,0.875,7.75,89.77,9.448113,1.9486674,0.13,37.66,11.732974,7.8237906,3.5313118,219.89568,1.515,2.7324822,36.36382,3.32,13.491638,0.749243,62.955254,17.03,4.179139,5.600109,0.86718124,2.3343759,15.939659,3.72,3.6773982,29.111486,48.686302,10.95,7.58,16.851217,0.74,2.2935822,9.273814,16.462702,0.245,6.88,3.13,203.67232,23.489784,20.376972,1.649,2.06,18.60305,1.1206998,2.439181,13.52,7.888717,16.871244,3.7276018,237.96407,23.520342,1.9233795,37.16701,107.319214,37.69584,1.9601065,2.3919916,0.445,5.0654845,3.458898,3.1697297,5.3172894,6.8,24.270369,10.12,44.339073,13.0383,4.698611,0.215,25.08316,2.4713776,7.3459406,1.935,5.37,2.934646,32.802563,2.3913884,1.175,1.13924,6.1435966,0.22,13.710875,16.914997,0.49034572,11.72394,4.844103,3.6352935,23.47,26.157244,2.9232953,11.55,5.24,10.421459,2.1475542,1.9295067,2.4004672,4.3960156,,4.8946953,1.535,30.131058,21.709719,4.35,65.55534,2.76768,6.492476,13.792389,28.377045,2.2229586,131.65572,161.14,126.4,5.5027375,3.5
2024-11-13,22.39,0.495,4.471192,61.863777,3.6262188,9.14,9.4959755,6.381388,27.491682,0.485,64.539314,14.13333,4.2563467,70.838264,1.445998,30.724745,29.061613,9.483167,5.858608,10.618241,39.480663,3.676634,3.32,61.116997,30.430609,3.1307256,3.1991677,11.635842,4.8681717,1.295,38.149998,26.251207,3.04,5.9582467,1.1452218,30.919264,19.572186,3.0580199,18.457964,38.812683,2.63,141.00821,16.652233,15.313557,5.6990247,14.763429,5.25508,2.7325606,7.945822,3.465564,6.134117,1.597549,7.3045974,288.7756,16.728575,27.600588,2.3459427,2.9391797,0.97455907,10.75,276.44565,13.071258,7.06,2.612798,2.87,3.0308409,1.37,,2.6588192,28.842833,2.8186545,5.3520207,0.81,3.2241473,7.1223,2.19,6.306414,1.225,32.31466,3.9736679,7.6547675,5.1000004,3.63,1.29,4.4708877,10.649356,2.88,1.0690768,15.946652,16.723307,33.11092,3.4721096,,2.3,35.880367,7.8565607,1.5301056,4.2123494,2.3325365,36.694527,1.0926849,2.7924047,1.1452955,10.401143,70.2784,4.192453,7.1616216,13.115031,3.17,10.939909,5.21,5.445729,2.5784166,4.73946,2.7461963,4.631887,3.89,9.435051,82.44939,1.91,53.35,4.162897,1.2578381,1.2541666,3.5498927,8.74,6.0709667,151.67,28.840467,8.06,0.88,7.6,90.34,8.9943905,1.9213494,0.13,34.95,11.71405,8.0749235,3.4935436,216.80458,1.525,2.7414708,35.895214,3.3,13.396827,0.7460274,62.346893,16.54,4.2786427,5.3558087,0.85738254,2.3063636,15.930029,3.66,3.6303725,29.22899,49.21216,11.74,5.9,16.86106,0.785,2.3122292,9.357195,16.623545,0.26,7.47,3.11,203.76189,23.371605,20.090778,1.7,2.06,18.493887,1.1065137,2.448899,13.41,7.981526,16.962097,3.688974,237.29584,23.431955,1.8967891,36.40278,103.7766,37.15238,1.9601065,2.382268,0.43,5.0557437,3.391828,3.1424046,5.307794,6.76,24.154703,10.1,43.47603,12.432322,4.6624675,0.21,24.867006,2.4713776,7.2824564,1.875,5.23,2.8889349,33.09157,2.3913884,1.13,1.1106397,6.1162105,0.225,13.544794,16.780039,0.46150184,11.38715,4.8249936,3.6165063,22.98,26.039639,2.9299998,11.66,5.31,10.3927765,2.1155012,1.911389,2.4193683,4.3305435,,5.1122375,1.49,30.046577,21.564077,4.32,64.9119,2.76768,6.492476,13.792389,28.127535,2.2229586,129.92354,161.55,129.75,5.5649657,3.38
2024-11-14,22.73,0.48,4.583439,61.68601,3.6458201,9.03,9.414967,6.371631,26.970057,0.47,65.081825,14.027929,4.2298546,70.521416,1.4364535,30.521654,29.396187,9.419946,5.9636946,10.517291,39.509235,3.676634,3.27,61.275352,30.680828,3.1399608,3.241262,11.6173725,4.9925056,1.245,37.641956,26.241453,2.97,5.994194,1.1452218,31.017452,19.110794,3.031037,18.31406,39.197445,2.87,144.04288,16.568693,15.323367,5.7359715,14.706316,5.198063,2.7325606,7.9552255,3.4298363,5.9249997,1.628786,7.3967104,287.4335,16.757055,27.959774,2.3550005,2.9654224,0.93993,10.2,275.00308,13.508623,7.08,2.6995697,2.64,3.0036178,1.34,,2.7172546,27.136099,2.8093214,5.3141303,0.795,3.2151663,7.340426,1.975,6.226021,1.165,32.11519,3.9365304,7.6017323,5.3999996,3.49,1.24,4.3263545,10.486258,2.86,1.0153787,16.675423,16.403286,33.013386,3.491726,,2.23,36.43041,7.6257463,1.4822899,4.2123494,2.3855486,36.575615,1.0971267,2.7988539,1.1635909,10.649929,70.713554,4.211045,7.3000546,12.695741,3.14,10.959322,5.2,5.35726,2.5882957,4.8367796,2.7829344,4.570363,3.75,9.272047,82.80717,1.96,55.0,4.242191,1.2672249,1.2246568,3.5966017,8.74,6.0709667,146.91,28.783377,8.05,0.855,7.34,89.72,9.145632,1.9395615,0.13,35.31,11.76136,8.103901,3.5313118,218.5356,1.78,2.7324822,36.2701,3.35,13.387345,0.73316485,61.58154,17.3,4.2062764,5.3652053,0.87208056,2.3063636,15.121006,3.88,3.6773982,29.699003,48.66646,11.33,6.5,16.76263,0.76,2.2935822,9.403517,16.633007,0.245,7.34,3.19,203.90123,23.441122,20.148018,1.615,2.07,18.539371,1.1112424,2.4003098,13.44,7.962964,17.252823,3.6793168,241.25601,23.628366,1.8967891,36.56723,104.013985,36.223576,1.882861,2.3336504,0.4025,5.2408285,3.343921,3.1697297,5.3267846,6.79,24.49206,9.95,44.221386,12.285713,4.6624675,0.215,24.791822,2.3922937,7.0647993,1.91,5.25,2.7975128,32.860367,2.3913884,1.095,1.1249398,6.107082,0.23,13.637061,16.950989,0.4759238,11.359841,4.844103,3.6165063,22.91,26.157244,2.9434094,11.83,5.39,10.364095,2.019342,1.9204477,2.3815658,4.32119,,5.10387,1.38,30.450203,21.527666,4.46,66.05685,2.64864,6.443952,13.707309,28.021973,2.205175,130.14255,171.0,131.62,5.4582887,3.31
2024-11-15,22.75,0.485,4.4992533,63.40444,3.5968173,8.97,9.630989,6.410661,26.85414,0.49,65.39183,14.248313,4.3358216,71.24564,1.4507703,31.217964,30.158278,9.347693,6.1125684,10.783435,39.96643,3.676634,3.16,61.685223,30.33437,3.158431,3.2552934,11.839007,4.9638133,1.235,37.698406,26.378027,2.86,6.075075,1.168311,31.744041,19.332264,3.0939965,18.525118,39.572586,3.0,146.20108,16.577974,15.323367,5.828338,14.544499,5.179057,2.7325606,8.002242,3.465564,6.223739,1.6064738,7.433556,286.84027,16.899467,28.564716,2.3640583,2.9916651,0.934983,10.54,268.18732,13.637845,7.14,2.6899285,2.65,3.0036178,1.395,,2.7464724,28.232605,2.827988,5.3993835,0.765,3.2331283,7.3214583,1.935,6.243886,1.14,31.887217,3.9922364,7.645928,5.25,3.46,1.205,4.4516163,10.687732,2.78,0.986089,16.61789,16.211273,32.68179,3.4623013,,2.27,36.83312,7.235137,1.5083712,4.2032714,2.394384,36.48643,1.1015685,2.8375475,0.97697735,10.975264,71.39597,4.26682,7.364657,13.066277,3.29,11.075808,5.09,5.4260693,2.5882957,4.807584,2.838042,4.4473147,3.62,9.224105,84.23829,2.0,56.51,4.2521024,1.2953855,1.1902288,3.6059434,8.72,6.2355413,146.58,27.679617,8.08,0.855,7.14,90.6,9.3324585,1.9213494,0.1275,33.53,11.751898,8.036287,3.6068478,218.28831,1.57,2.7504592,36.75745,3.37,13.292535,0.7685369,61.94459,16.71,4.251505,5.4403744,0.88677853,2.315701,15.265474,4.02,3.667993,30.100473,49.182396,11.58,6.15,16.378752,0.71,2.2842586,9.625867,17.124996,0.24,7.29,3.16,208.87784,23.851273,20.272034,1.683,2.04,18.966925,1.1206998,2.4586167,13.54,8.25067,17.54355,3.775887,243.08379,24.060472,1.9056525,36.141582,103.85877,35.61096,1.911828,2.4211621,,5.318759,3.4014094,3.1879466,5.3362794,6.73,24.675196,10.09,44.89809,12.285713,4.689575,0.21,24.331324,2.3626373,7.046661,2.01,5.16,2.806655,32.985603,2.3826923,1.1,1.1249398,6.1344676,0.225,13.950768,17.31988,0.4807311,11.414456,4.834548,3.6540806,22.9,26.382652,2.9836383,11.75,5.3,10.344972,2.1155012,1.9295067,2.3721151,4.367956,,5.204274,1.445,31.032177,21.846258,4.5,66.52997,2.68832,6.4245424,13.660042,28.213903,2.2229586,134.12457,172.61,128.52,5.4938474,3.36
2024-11-18,21.22,0.48,4.602147,67.49314,3.5870166,8.82,9.766004,6.537508,27.511003,0.485,65.711525,14.047092,4.3181605,71.47196,1.4841762,31.401716,30.16757,9.320598,6.217655,10.728371,39.461613,3.7040033,3.18,61.93673,30.41136,3.1676662,3.2623093,12.18993,5.0211983,1.265,37.971245,26.514599,3.07,6.1379824,1.1821644,31.557484,19.258442,3.0850024,18.467558,39.26478,3.07,144.21252,16.615103,15.372417,5.800628,14.620648,5.25508,2.741669,7.992839,3.4834278,6.2336974,1.6064738,7.5993605,285.07025,17.260242,28.78212,2.3821738,2.9916651,0.96961206,10.55,263.77255,13.945988,6.04,2.7188523,2.74,2.9945433,1.405,,2.7464724,29.081203,2.9399874,5.4088564,0.795,3.2959948,7.2835236,1.935,6.2528186,1.22,31.744736,4.057226,,5.7,3.55,1.19,4.5672426,10.745296,2.84,1.025142,16.454874,16.41243,33.344986,3.530959,,2.31,36.459873,7.119731,1.5301056,4.2214284,2.3060303,37.180088,1.1060103,2.8633435,0.9733182,11.003969,71.14872,4.313299,7.4477167,12.968767,3.25,10.920494,5.14,5.504708,2.6179328,4.7881203,2.911519,4.5352063,3.68,9.089866,83.99349,2.0,55.15,4.3512187,1.3094658,1.2689215,3.643311,8.86,6.26297,145.62,26.632948,8.08,0.845,7.15,89.06,9.430321,1.9304553,0.13,35.46,11.837057,8.045947,3.5879638,218.64973,1.575,2.8133783,36.701218,3.41,13.396827,0.77496815,62.788445,15.63,4.3510084,5.3839974,0.9112752,2.3250384,15.6507225,4.09,3.7056136,29.532541,49.31138,11.89,6.2,16.260637,0.725,2.3215528,9.820422,17.493988,0.245,7.69,3.09,207.54411,23.781754,20.224335,1.7,2.01,19.658285,1.1396146,2.4586167,13.58,8.259951,17.552635,3.756573,237.81665,24.119396,1.9233795,36.35441,106.10486,36.164288,1.9214838,2.4795034,0.38,5.367466,3.6122012,3.2061634,5.3172894,6.63,24.617363,10.29,45.35904,12.383452,4.653432,0.21,24.622662,2.2934384,7.0557303,2.03,5.85,2.8889349,33.178272,2.4609559,1.115,1.13924,6.2257547,0.235,13.996902,17.38286,0.49996033,11.414456,4.834548,3.6728678,22.78,26.225847,3.0171626,11.73,5.29,10.679606,2.083448,1.9566828,2.428819,4.34925,,5.4218163,1.405,31.201136,21.937284,,66.77599,2.69824,6.638047,13.574962,28.712925,2.2407422,135.02054,170.55,130.98,5.6894217,3.25
2024-11-19,21.44,0.51,4.592793,68.9153,3.547814,9.05,9.856011,6.6448402,28.245146,0.5,66.77717,14.8519745,4.2651772,71.06458,1.4746315,31.711187,30.056046,9.356724,6.270199,10.820145,40.052155,3.740496,3.24,62.327972,30.931047,3.1861365,3.2342465,12.40233,5.1072764,1.3,37.924206,26.475576,3.05,6.1829166,1.1914,31.812773,19.47068,3.120979,18.803331,40.24592,3.22,146.65344,16.42946,15.58824,5.8468113,14.934764,5.18856,2.759886,7.9740314,3.519155,6.4029827,1.682335,7.5072465,292.84082,17.412148,29.20747,2.4365199,3.0266552,0.944877,11.0,262.71725,14.403234,6.27,2.8056245,2.82,2.9673202,1.49,,2.7562118,29.557945,2.9773207,5.49411,0.795,3.2959948,7.34991,1.935,6.243886,1.23,32.06769,4.0757947,6.9209313,,3.61,1.185,4.7214117,10.822047,2.82,1.07884,16.761724,16.22956,33.413254,3.6290412,,2.42,36.862583,7.208505,1.5866153,4.239585,2.367878,36.417065,1.1148939,2.8568943,0.9586818,11.176206,72.67178,4.3411875,7.604608,13.222292,3.26,10.687524,5.0,5.504708,2.6179328,4.8757076,2.838042,4.508839,3.82,8.974804,84.47367,2.01,55.91,4.3809543,1.3282394,1.2935131,3.6806784,8.77,6.2721133,141.99,26.02398,7.95,0.81,7.04,88.99,9.581562,1.9395615,0.13,34.85,12.1019945,8.11356,3.5879638,219.75302,1.605,2.8043897,37.057358,3.4,13.3494215,0.7974776,64.0444,14.8,4.477649,5.4027896,0.9063759,2.3343759,16.276752,4.16,3.7620442,29.934011,48.368805,12.18,6.16,16.457495,0.765,2.3588467,9.922332,17.333145,0.245,7.9,2.93,211.59505,24.025064,20.45329,1.785,2.05,19.485445,1.1396146,2.5266416,13.06,8.324917,17.78885,3.8434858,244.79364,24.394373,1.9233795,37.34114,105.639206,36.401432,1.9890736,2.576739,0.42,5.416172,3.5163867,3.2243803,5.3932505,6.66,25.48485,10.3,46.790913,12.432322,4.653432,0.205,26.304895,2.303324,7.2824564,2.05,5.94,2.8706505,33.45765,2.4261723,1.23,1.2202737,6.244012,0.225,13.517114,17.75175,0.5191896,11.478173,4.8632116,3.7010481,23.02,28.862152,3.037277,11.7,5.3,10.641362,2.1796072,1.9476241,2.5044243,4.3773093,,5.2293754,1.46,31.341934,22.356003,,67.343735,2.73792,6.667161,13.650588,28.98163,2.2407422,138.21611,176.88,139.16,5.6716423,3.28
2024-11-20,21.53,0.475,4.5460234,69.18195,3.5184124,9.02,9.865013,6.6350827,27.733177,0.495,65.45964,14.689081,4.2475157,71.07329,1.4507703,31.3727,29.907345,9.212219,6.287713,10.636597,39.67116,3.685757,3.16,62.05783,30.228508,3.149196,3.1991677,12.356156,5.0594554,1.305,37.707817,25.695164,3.04,6.1110225,1.168311,31.842228,19.304579,3.076008,18.15097,39.880394,3.49,147.37914,16.318073,15.470519,5.689788,14.601611,5.065023,2.7143435,7.917612,3.4834278,6.412941,1.6778727,7.405922,289.81622,17.241255,29.084593,2.4274623,2.97417,0.930036,11.07,265.5636,14.204432,6.06,2.7767005,2.95,3.0308409,1.485,,2.765951,28.985855,2.9399874,5.446747,0.755,3.269052,7.311975,1.945,6.1009645,1.225,32.200676,4.0665107,6.7054935,,3.59,1.17,4.769589,10.7548895,2.77,1.0739584,16.50282,16.22956,32.730556,3.7467396,,2.47,36.784008,7.0930977,1.595309,4.185115,2.3325365,36.417065,1.0971267,2.8182006,0.9806364,11.224049,71.564095,4.285412,7.5492353,12.851756,3.22,10.809822,4.96,5.3965793,2.5981748,4.8562436,2.8747807,4.4912605,4.04,8.898096,83.42857,2.0,54.81,4.4007773,1.2813052,1.3181046,3.6152854,8.77,6.153254,139.01,25.84319,7.89,0.805,6.98,88.58,9.510389,1.9213494,0.135,34.71,11.922215,8.11356,3.5218697,218.66876,1.575,2.768436,36.85117,3.45,13.121875,0.8006932,64.65276,13.69,4.3148255,5.299432,0.89657724,2.297026,16.440483,4.1,3.6773982,28.954815,48.180294,12.9,6.15,16.250793,0.75,2.330876,9.940861,17.096611,0.255,7.81,2.89,213.61555,23.823465,,1.7,2.03,19.221634,1.1774441,2.5655134,12.95,8.185704,17.498125,3.795201,241.31499,23.785496,1.8879255,36.847775,105.821815,36.095123,1.9697622,2.557292,0.43,5.25057,3.5451312,3.1879466,5.35527,6.58,25.581238,10.18,47.379356,12.217297,4.5721097,0.205,26.116938,2.2934384,7.0738683,2.01,6.03,2.8249393,33.03377,2.3739965,1.23,1.2727075,6.1983685,0.215,13.41562,17.661777,0.53361154,11.432662,4.844103,3.6165063,22.96,28.773949,2.9769337,11.83,5.29,10.650924,2.1796072,1.9204477,2.4666216,4.283777,,5.204274,1.495,31.004015,22.20126,,66.86116,2.7577598,6.531295,13.376442,28.92405,2.205175,137.85773,173.91,141.89,5.636083,3.18
2024-11-21,21.71,0.45,4.4992533,69.37948,3.410606,8.96,9.702996,6.60581,27.66556,0.5,65.49839,15.005284,4.203363,73.410324,1.4412258,31.092245,29.9724,9.049651,6.23517,10.4897585,38.937744,3.6583877,3.09,62.35592,30.199635,3.1399608,3.171105,12.374626,5.0307627,1.31,37.453796,25.363487,2.96,6.120009,1.1775466,32.107334,19.489136,3.0490258,18.28528,39.54373,3.5,147.2472,16.234533,15.58824,5.615895,14.487388,5.2170687,2.705235,7.8894024,3.4834278,6.512521,1.6734102,7.4427676,284.973,17.165302,29.169662,2.4093468,2.930432,0.91024804,11.06,265.00208,13.975809,5.97,2.7670588,3.06,3.039915,1.52,,2.7562118,28.728415,2.9493208,5.418329,0.725,3.269052,7.3688774,2.01,6.109897,1.19,32.134186,3.9736679,6.7324233,5.1000004,3.67,1.06,4.837038,10.812454,2.74,1.0397869,16.28227,16.558723,32.691544,3.6780822,,2.48,36.39112,7.0664654,1.6474717,4.15788,1.8819329,37.447643,1.0838013,2.8182006,0.96234095,11.377148,72.75089,4.3411875,7.540006,12.315454,3.15,10.917139,4.96,5.2687917,2.4895058,4.865976,2.8472266,4.5176277,4.2,9.013158,83.494484,1.985,53.48,4.222368,1.2719183,1.3181046,3.4938416,8.64,6.025252,141.86,25.519674,8.03,0.79,6.87,88.05,9.421425,1.9213494,0.13,33.84,11.846519,8.0749235,3.5313118,218.15515,1.485,2.7864127,37.02924,3.54,12.8374405,0.8167714,64.54483,12.43,4.2876883,5.2336593,0.8818792,2.315701,16.91241,4.07,3.6868033,28.964607,48.368805,12.78,6.14,16.112991,0.75,2.3122292,10.005713,17.191225,0.245,7.74,2.8,213.61555,23.364655,21.101995,1.7,1.99,19.230732,1.1869015,2.594667,12.32,8.3063545,17.807022,3.746916,242.56297,23.294466,1.8879255,36.518864,106.314865,36.638577,2.008385,2.576739,0.405,5.192122,3.5738754,3.197055,5.4122405,6.55,26.130648,10.21,46.80072,12.14888,4.6353602,0.21,25.985365,2.3922937,7.0738683,2.02,6.09,2.7975128,32.677322,2.3566046,1.235,1.2536407,6.2074976,0.215,13.231087,17.661777,0.5239969,11.423559,4.834548,3.6165063,22.2,29.126762,2.9299998,11.51,5.3,10.650924,2.1475542,1.9204477,2.4666216,4.283777,,5.5640554,1.48,31.482735,22.310492,4.31,65.92438,2.78752,6.4730663,13.225189,28.674538,2.196283,138.3057,173.43,139.24,5.6005244,3.17
2024-11-22,21.0,0.455,5.0979066,70.21894,3.4498081,8.47,9.8110075,6.7521725,28.02297,0.515,64.41337,15.484381,4.203363,73.59361,1.4698594,31.3727,29.981693,9.302535,6.287713,10.554,39.14729,3.7222495,3.17,63.306065,30.007158,3.1676662,3.2061837,12.559322,5.0403266,1.35,37.78308,25.490303,3.07,6.20089,1.1914,31.920776,19.590641,3.0939965,18.381216,39.437923,3.39,149.8766,16.717207,15.60786,5.6251316,14.725354,5.25508,2.705235,7.936418,3.528087,6.4926047,1.7046472,7.4704013,290.03992,17.174797,29.963652,2.4093468,2.97417,0.930036,11.2,267.6645,14.00563,5.68,2.7670588,3.24,2.9945433,1.49,,2.7756903,28.575857,2.986654,5.475165,0.72,3.269052,7.482682,2.01,6.199223,1.265,32.058193,4.010805,6.8132124,5.1000004,3.7,1.13,4.8852158,10.822047,2.81,1.1374195,16.301449,16.741592,33.540043,3.707507,,2.5,36.587563,7.039833,1.6561655,4.1760364,1.9526157,37.844017,1.0971267,2.8504455,0.98795456,11.520678,74.04649,4.3876667,7.5861506,12.022924,3.17,10.926895,4.95,5.2786217,2.5389006,4.865976,2.8747807,4.464893,4.4,9.147397,84.793785,2.01,54.98,4.222368,1.3094658,1.4312255,3.5218673,8.96,6.08011,146.99,25.871737,8.1,0.77,6.8,86.74,9.53708,1.9213494,0.13,33.68,12.016836,7.3118634,3.4935436,220.2476,1.505,2.7864127,37.55408,3.46,13.036544,0.82320267,65.42793,12.36,4.405283,5.2618475,0.8916779,2.315701,17.239874,4.03,3.7150187,29.209406,48.974037,13.21,6.1,15.522411,0.745,2.349523,10.191004,17.296928,0.25,8.2,2.61,220.71219,23.614916,22.227688,1.7,1.98,19.458153,1.1821728,2.6043847,12.5,8.297074,17.970556,3.8145149,242.95604,23.942625,1.9056525,37.776466,106.99052,36.836193,2.0276964,2.5864625,0.405,5.2116046,3.6696897,3.2243803,5.5166874,6.54,25.822206,10.27,47.202824,12.354131,4.689575,0.205,26.286098,2.5208051,7.1282825,2.14,6.1,2.8523657,32.995235,2.4087803,1.28,1.2441071,6.3170414,0.215,13.378714,17.625788,0.5143823,11.569198,4.891875,3.6258998,22.58,29.881393,2.9501145,11.34,5.27,10.784777,2.2116601,1.9385654,2.4760723,4.3024836,,5.8652673,1.495,31.754948,22.80203,4.3,67.10718,2.8371198,6.7059803,13.3953495,28.684135,2.2140667,121.19295,172.92,142.25,5.902775,3.21
2024-11-25,21.75,0.505,5.154031,69.5375,3.4596088,8.58,9.93702,6.908292,27.62692,0.505,65.05276,15.513127,4.30933,73.54779,1.465087,31.633818,29.582064,9.212219,6.2614417,10.673306,39.566387,3.7313728,3.16,64.41457,30.209259,3.158431,3.143042,12.346922,4.9255567,1.295,37.820713,25.939043,3.02,6.164943,1.1960179,32.401897,19.609097,3.1029906,18.170158,39.6784,3.42,150.92271,16.55941,15.696151,5.615895,14.839578,5.2835884,2.7143435,8.002242,3.5995421,6.333277,1.7403467,7.498036,293.27847,17.241255,30.351194,2.463693,3.0091603,0.90530103,11.26,272.118,13.926108,5.76,2.7767005,2.6,3.039915,1.5,,2.7854295,28.699812,2.986654,5.5035825,0.755,3.2870138,7.4447474,1.97,6.2528186,1.275,32.846592,3.9829519,6.759353,5.25,3.71,1.34,4.837038,10.831641,2.91,1.1227746,16.234325,16.805595,34.18373,3.8252056,,2.48,37.137608,7.039833,1.6170435,4.239585,2.0409694,39.45925,1.1104522,2.8310986,0.9806364,11.673777,74.27396,4.3876667,7.5584636,11.983921,3.18,11.141531,4.92,5.249132,2.4697478,5.002223,2.8747807,4.359423,4.5,9.0611,85.170395,1.97,56.42,4.143074,1.2906921,1.3672875,3.4845,8.99,6.180683,146.99,26.499737,8.12,0.795,6.72,86.43,9.634941,1.9850911,0.13,33.46,11.874906,7.331181,3.5501957,219.32503,1.68,2.7414708,37.122963,3.22,12.799516,0.8103401,63.534172,12.66,4.2786427,5.290036,0.8769799,2.353051,16.96057,4.04,3.6021574,29.610876,48.964115,13.39,6.25,15.77833,0.715,2.3122292,9.968655,17.344975,0.245,8.31,2.51,226.57462,23.663576,22.771458,1.785,2.04,19.403572,1.1443434,2.5557954,12.59,8.222827,17.9433,3.8434858,244.06645,24.571144,1.9411066,36.78973,106.561386,37.11286,1.9987292,2.547568,0.4,5.3090177,3.5834568,3.3154645,5.6496196,6.65,25.590876,10.16,48.02664,12.402999,4.6715035,0.21,26.276701,2.5998895,7.1373515,2.18,5.9,2.8615084,33.785194,2.3826923,1.405,1.2488738,6.2622695,0.215,13.489433,17.634787,0.4855384,11.851374,4.891875,3.6540806,22.76,29.82259,2.9232953,11.63,5.24,10.803899,2.1796072,1.983859,2.4477203,4.34925,,6.4676914,1.5,31.360706,23.084213,4.25,68.34675,2.84704,6.5409994,13.385896,28.712925,2.2585258,122.15859,174.5,143.51,5.707201,3.35
2024-11-26,23.25,0.46,5.1727386,70.93002,3.5086117,8.61,10.045032,7.0253816,27.433725,0.495,64.96557,15.359817,4.3623137,74.968346,1.4603148,31.740198,29.089493,9.356724,6.2964706,10.241969,40.014053,3.8043582,3.21,61.64796,29.91092,3.1399608,3.171105,12.2084,5.0211983,1.26,37.50084,25.948797,2.93,6.1469693,1.1452218,32.627728,20.697979,3.0939965,18.179752,40.1882,3.38,145.56964,16.782183,15.539189,5.615895,14.96332,5.2835884,2.7143435,8.030452,3.6263375,6.2038236,1.7492715,7.4704013,297.86884,17.4881,29.349255,2.463693,3.0091603,0.925089,10.76,271.29507,13.816767,5.75,2.795983,2.74,3.039915,1.475,,2.8049083,29.891665,2.9773207,5.475165,0.72,3.278033,7.3593936,1.95,6.199223,1.24,32.561626,4.1315002,6.7324233,4.8,3.58,1.255,4.7214117,10.898799,2.88,1.0739584,16.013777,16.732449,33.18894,3.6976986,,2.43,37.48138,7.110853,1.6170435,4.275898,2.0232985,40.17273,1.1148939,2.8504455,1.0391818,11.740758,74.16517,4.452738,7.4384885,12.188691,3.11,11.122019,4.79,5.3277707,2.440111,5.0119553,2.8655958,4.377002,4.48,8.955627,84.944435,1.97,57.6,4.162897,1.234371,1.3820424,3.4845,9.01,6.2538276,150.64,26.337978,8.15,0.78,6.82,85.0,9.608252,1.9850911,0.135,33.38,11.960064,7.350499,3.5124278,221.07506,1.705,2.7864127,36.682472,3.22,12.8374405,0.819987,63.45735,12.32,4.197231,5.2242627,0.8769799,2.3623884,16.546427,3.95,3.6209674,29.493374,49.21216,12.91,6.17,15.699585,0.665,2.3122292,9.903803,17.306538,0.25,8.3,2.47,228.92358,23.698336,23.277065,1.666,2.06,19.385378,1.1679868,2.507206,12.7,8.297074,17.570807,3.8628,246.68037,25.111277,1.932243,38.06668,106.91747,37.893456,1.9697622,2.4892268,0.39,5.3966894,3.6217825,3.3610065,5.535678,6.74,25.446295,10.17,48.497395,12.881918,4.7347536,0.21,26.953356,2.649317,7.0920067,2.13,5.96,2.9529302,33.303513,2.260949,1.31,1.2488738,5.997538,0.215,13.609381,17.2479,0.49996033,11.805861,4.9300923,3.6728678,23.6,30.038198,2.9165902,11.66,5.46,10.966435,2.083448,1.9748002,2.457171,4.283777,,6.8107386,1.5,30.928923,22.210361,4.23,67.779,2.74784,6.5021806,13.215735,28.789698,2.2585258,123.840996,174.14,138.69,5.6894217,3.35
2024-11-27,24.7,0.44,5.3411098,72.0954,3.675222,8.71,10.054032,7.2010164,28.631535,0.49,65.58558,15.465506,4.3269916,74.280975,1.4698594,31.875593,29.173136,9.410914,6.3314996,10.287856,40.090256,3.7952347,3.21,61.033154,30.873306,3.1307256,3.1921523,12.282278,5.0307627,1.26,37.42557,26.153656,2.84,6.191903,1.1452218,32.78483,20.079716,3.111985,18.381216,40.803818,3.51,148.50064,16.494436,15.470519,5.6713147,15.134655,5.3691144,2.7143435,8.058661,3.6352694,6.343235,1.7358842,7.5625153,297.46036,17.469112,29.992008,2.4546354,3.0441504,0.925089,10.74,271.7985,13.906228,5.95,2.8056245,2.77,3.039915,1.505,,2.8049083,31.035841,2.986654,5.5509458,0.725,3.3139565,7.492166,1.965,6.243886,1.23,32.818092,4.094363,6.804236,4.8,3.65,1.18,4.8177667,10.985146,2.86,1.0739584,16.426107,17.052467,33.715595,3.717315,,2.52,37.776043,7.0376396,1.6257373,4.294055,1.9791218,40.549282,1.1193358,2.8439963,1.0282046,11.912993,73.38386,4.554993,7.5492353,12.198442,3.12,11.3171425,4.87,5.455559,2.479627,5.031419,2.8839653,4.368212,4.47,8.993981,85.631744,1.985,56.4,4.2025437,1.2390645,1.4508986,3.531209,9.0,6.500689,151.0,27.089676,8.04,0.775,6.87,86.29,9.679423,1.994197,0.135,33.57,12.035761,7.3215218,3.5596378,220.33319,1.76,2.8223667,36.729332,3.25,13.178761,0.8167714,64.078125,12.37,4.179139,5.2242627,0.87208056,2.3623884,16.9702,3.87,3.667993,29.41504,49.093098,13.0,6.34,15.660213,0.7,2.3029056,10.005713,17.354584,0.245,8.17,2.43,227.34102,24.490828,22.094131,1.7,2.14,19.476347,1.1774441,2.575231,12.76,8.167143,17.952385,3.8434858,246.53297,25.15056,1.9588335,38.269833,106.99052,37.656315,2.0180407,2.5183976,0.395,5.3869486,3.6122012,3.3792233,5.4976974,6.66,25.436655,10.29,48.595467,12.647346,4.7618613,0.21,26.727804,2.669088,7.1373515,2.12,5.71,2.9894989,33.399845,2.3305168,1.325,1.2488738,6.0614386,0.215,13.738555,17.472834,0.5191896,11.878681,5.006528,3.7104418,23.36,29.881393,3.0171626,11.68,5.43,11.042923,2.1155012,1.9929177,2.513875,4.283777,,6.1915803,1.525,31.097883,22.183054,4.8,68.18588,2.7775998,6.366314,13.102296,28.98163,2.2674177,124.37857,175.89,136.68,5.5027375,3.26
2024-11-28,24.67,0.45,5.3598175,69.794266,3.675222,8.79,10.045032,7.0839267,28.534939,0.475,65.750275,15.349151,4.291669,75.289116,1.4841762,31.981974,29.275368,9.546388,6.357772,10.3062105,40.366478,3.813481,3.16,61.778374,31.229387,3.1399608,3.1851363,12.411565,5.049891,1.27,37.698406,25.880512,2.76,6.2368374,1.140604,33.000843,20.411917,3.0939965,18.400402,40.390205,3.54,149.4525,16.680079,15.499949,5.6990247,15.087063,5.3596115,2.705235,8.115082,3.644201,6.412941,1.7403467,7.608572,299.22067,17.592537,30.020365,2.4365199,3.0266552,0.92014205,10.64,276.09708,14.224312,6.36,2.7863417,2.66,3.0671384,1.495,,2.7951686,31.073982,3.0053205,5.5035825,0.74,3.3408992,7.4162965,1.93,6.4225383,1.21,33.036564,4.085079,6.965814,4.8,3.64,1.205,4.798496,10.985146,2.83,1.0544318,16.675423,17.098186,33.013386,3.717315,,2.52,37.550137,7.138308,1.6170435,4.303133,2.032134,41.748325,1.1193358,2.8891394,1.0208864,11.999111,75.11461,4.452738,7.816873,12.549476,3.13,11.287873,4.83,5.445729,2.4895058,4.963295,2.9023345,4.4473147,4.34,9.003571,85.83888,1.99,56.72,4.172809,1.234371,1.3869607,3.577918,8.96,6.482403,148.13,27.803314,8.05,0.74,6.78,87.42,9.608252,2.0033028,0.13,33.3,12.092533,7.350499,3.5690796,221.22723,1.74,2.8043897,37.047985,3.25,13.320978,0.8103401,63.201157,12.63,4.224368,5.3558087,0.87208056,2.3623884,16.72942,3.83,3.6585882,29.8263,48.76568,12.89,6.55,15.630685,0.7,2.3029056,10.098358,17.498726,0.24,7.76,2.39,247.0185,24.087631,22.323086,1.7,2.16,19.549122,1.1679868,2.5460775,13.01,8.148581,18.170431,3.8628,247.77113,25.130919,1.9588335,38.11505,106.953995,38.1306,2.0180407,2.5183976,0.415,5.3382416,3.5834568,3.388332,5.5166874,6.65,25.34027,10.34,48.203175,12.852595,4.7437897,0.195,26.868774,2.748172,7.1826973,2.2,5.51,3.0260677,33.69849,2.3218207,1.41,1.263174,6.015795,0.205,13.6647415,17.697767,0.52880424,11.814963,5.0160823,3.7104418,23.78,30.170881,3.0238674,11.8,5.6,10.956875,2.1796072,1.9929177,2.5044243,4.3024836,,5.9489374,1.515,31.351322,22.20126,4.91,67.807396,2.8172798,6.376019,12.99831,29.125578,2.2674177,125.28448,175.88,137.92,5.5116267,3.38
2024-11-29,25.3,0.46,5.3785253,69.91279,3.694823,8.83,10.081035,6.849747,28.100248,0.495,66.04272,15.106745,4.2386856,75.65571,1.4889483,32.06901,28.968674,9.39285,6.3227425,10.3520975,40.442677,3.7769885,3.19,61.536175,31.566221,3.1214902,3.1640894,12.393096,5.049891,1.28,38.168816,25.61712,2.71,6.20089,1.1359862,32.971386,20.421144,3.0490258,18.2565,39.918873,3.68,149.4525,16.47587,15.3527975,5.745208,14.96332,5.4451375,2.6779094,8.077469,3.6084738,6.462731,1.7269592,7.479613,295.88486,17.6495,30.143244,2.4184046,3.0004127,0.91519505,10.51,273.23135,14.254132,6.41,2.7767005,2.69,3.1215847,1.52,,2.8049083,31.083515,2.9959872,5.446747,0.78,3.367842,7.387845,1.965,6.5029316,1.2,32.913082,4.057226,6.9927435,4.8,3.62,1.225,4.87558,10.956364,2.84,1.0641952,16.790493,17.363344,33.666832,3.6976986,,2.53,37.23583,7.1474595,1.6213903,4.32129,2.0763106,42.640167,1.1104522,2.8826902,1.0099092,11.798169,74.54099,4.4248505,7.872246,12.461718,3.14,11.346411,4.85,5.485048,2.5290217,4.9146357,2.8472266,4.4385257,4.42,8.907685,85.54701,1.995,56.21,4.143074,1.2484512,1.4017156,3.643311,9.04,6.546404,149.41,27.984102,8.03,0.73,6.88,87.97,9.7239065,1.9668792,0.135,33.63,12.073609,7.6209507,3.6068478,219.81009,1.77,2.8043897,36.64498,3.26,13.368384,0.8071245,64.137245,12.47,4.251505,5.3370166,0.8818792,2.3343759,16.864256,3.8,3.667993,30.149435,48.61685,12.92,6.7,16.014563,0.725,2.2656116,10.070564,17.402632,0.245,7.6,2.39,250.71114,24.115435,22.361246,1.7,2.2,19.721962,1.1727154,2.5655134,13.04,8.1393,18.170431,3.8434858,247.1717,25.278227,1.9411066,38.298855,107.958336,37.942863,2.0276964,2.4892268,0.435,5.318759,3.5642939,3.3518982,5.5166874,6.61,25.17641,10.37,48.556236,12.8135,4.716682,0.195,26.849977,2.8569126,7.0829372,2.2,5.61,3.0260677,33.525085,2.3044288,1.425,1.263174,6.034053,0.205,13.590927,17.72476,0.5143823,11.65112,4.949201,3.7010481,24.74,29.776617,3.0171626,11.81,5.58,10.8325815,2.2437131,1.9566828,2.4666216,4.2557178,,5.94057,1.515,31.313774,22.310492,5.15,67.968254,2.8272,6.3857236,13.11175,28.962437,2.2318504,127.524376,173.85,138.31,5.4938474,3.42
2024-12-02,25.48,0.475,5.2569237,70.28807,3.6164184,8.72,10.063033,7.035139,27.607601,0.48,66.47163,15.358847,4.2210245,75.42658,1.5080376,32.117367,29.15455,9.401882,6.270199,10.4438715,40.099777,3.7496192,3.15,61.918102,31.633589,3.1214902,3.2061837,12.356156,5.0594554,1.27,38.309937,25.509813,2.75,6.20089,1.140604,32.67682,20.467283,3.067014,18.266094,39.688015,3.55,149.08495,16.68936,15.656911,5.6620784,14.75391,5.473646,2.705235,8.105679,3.6084738,6.3830667,1.7358842,7.590149,294.11487,17.772923,30.266125,2.4184046,2.97417,0.91519505,10.48,271.69202,14.254132,6.01,2.8056245,2.62,3.1669564,1.97,,2.7854295,31.169329,3.0146537,5.465692,0.75,3.3858037,7.34991,2.06,6.413605,1.23,33.05556,4.0665107,6.9388843,4.8,3.56,1.25,4.6828694,11.28256,2.75,1.0153787,16.61789,17.409061,33.774113,3.6486576,,2.49,37.07867,7.055943,1.7735316,4.3576035,1.7847438,43.00682,1.1060103,2.8697922,1.0245454,11.922562,73.23551,4.4434423,7.8537884,12.217943,3.15,11.326898,5.15,5.5243673,2.479627,4.8854394,2.8564112,4.4385257,4.47,8.802213,85.8483,1.975,56.31,4.0538692,1.2672249,1.3672875,3.6246274,8.96,6.555547,145.7,27.527374,8.06,0.715,6.98,87.78,9.528183,2.0033028,0.13,35.72,12.319623,7.360158,3.5974057,219.61986,1.8,2.8673089,36.832424,3.22,13.614892,0.8167714,62.028576,12.69,4.296734,5.2618475,0.8769799,2.3437135,15.978185,3.87,3.667993,28.641474,49.142708,12.94,6.28,16.290165,0.68,2.2562883,10.107623,17.556383,0.245,7.66,2.43,247.66545,24.226662,22.485262,1.649,2.19,20.10403,1.1821728,2.516924,12.99,8.185704,18.11592,3.8145149,245.70752,25.268406,1.9411066,38.68581,108.907906,37.69584,1.9890736,2.4503329,0.41,5.3090177,3.5259683,3.3518982,5.5736585,6.58,25.398102,10.49,48.18356,12.921013,4.7528257,0.21,27.244692,2.827256,7.010385,2.19,5.91,2.9712145,33.679222,2.2783408,1.42,1.2441071,6.05231,0.21,13.55402,17.679771,0.52880424,11.705734,4.891875,3.7198353,24.55,30.466576,3.0439816,11.83,5.53,10.794338,2.1475542,1.983859,2.457171,4.0967126,,5.4971194,1.455,31.229296,22.574465,5.04,69.32137,2.78752,6.376019,13.007764,29.096788,2.2407422,128.95789,174.55,136.02,5.547186,3.43
2024-12-03,26.45,0.48,5.284986,69.3696,3.6458201,8.55,10.045032,7.0839267,27.57862,0.485,67.699875,15.300669,4.1238875,75.151634,1.5366712,32.194736,29.470537,9.27544,6.3227425,10.4438715,40.20455,3.7313728,3.16,62.20687,31.556599,3.1307256,3.220215,12.503913,5.06902,1.26,38.253487,25.685408,2.69,6.299745,1.1729288,33.33468,20.421144,3.076008,18.5539,40.082394,3.71,148.69855,16.7729,15.696151,5.782155,14.830059,5.511657,2.705235,7.7577553,3.5638144,6.393025,1.7849709,7.6177835,296.48782,18.038757,31.07902,2.4184046,2.9654224,0.89046,10.52,275.55493,13.916168,5.9,2.8152657,2.56,3.154275,1.92,,2.765951,31.607933,3.0270283,5.560418,0.745,3.466632,7.2930074,2.07,6.4404035,1.215,33.12205,4.085079,6.9209313,4.8,3.57,1.32,4.711776,11.109868,2.75,1.0007339,16.358984,17.765656,33.87164,3.6290412,,2.43,37.442093,7.1474595,1.7387564,4.37576,1.8465912,42.223976,1.0971267,2.8375475,1.0318637,11.970406,74.42231,4.4713297,7.872246,12.393461,3.13,11.063482,5.14,5.4260693,2.4895058,4.8951716,2.8931499,4.4473147,4.47,8.773446,87.37357,2.02,56.86,4.1034274,1.2766118,1.3820424,3.6339693,9.22,6.7292647,152.19,27.75574,7.93,0.715,6.97,87.94,10.026389,2.0033028,,36.65,12.319623,7.466407,3.6162896,222.20688,1.85,3.0830312,37.11359,3.27,13.719186,0.8103401,61.93989,13.39,4.2695966,5.290036,0.8622819,2.3343759,15.535148,3.88,3.667993,29.708796,49.43044,12.75,6.61,16.152363,0.67,2.2656116,9.97792,17.614038,0.235,7.78,2.5,255.52849,24.37265,23.238907,1.615,2.25,20.058544,1.1727154,2.5266416,13.29,8.408444,18.388475,3.8434858,249.27463,25.454998,1.9411066,39.41135,108.69791,37.567387,1.9987292,2.4503329,0.42,5.4356546,3.4684794,3.3610065,5.725581,6.37,25.41738,10.44,48.487583,13.126264,4.7708974,0.225,27.02854,2.8766837,7.1101446,2.24,6.11,2.9529302,33.467285,2.295733,,1.2679408,6.0796957,0.205,13.637061,17.68877,0.52880424,11.787657,4.949201,3.7574093,24.72,30.446863,3.0171626,12.26,5.42,10.937752,2.1796072,1.9748002,2.4760723,4.0499463,,5.388348,1.48,31.54844,22.683697,4.83,69.945885,2.78752,6.2886763,12.676897,28.991224,2.2318504,127.19585,177.18,143.94,5.4316196,3.41
2024-12-04,26.59,0.545,5.3130474,70.199196,3.6262188,8.1,9.973024,,27.607601,0.515,67.446434,15.320062,4.1062264,75.51823,1.550988,32.204407,28.987263,9.230283,6.243927,10.434694,39.60449,3.7131267,3.08,62.430435,30.58459,3.1307256,3.1570735,12.411565,5.049891,1.26,38.620403,25.607367,2.66,6.2727847,1.1867822,34.02199,20.31964,3.0490258,18.640242,39.486015,3.7,147.89746,16.587257,15.696151,5.6620784,14.573055,5.673206,2.6779094,7.738948,3.528087,6.432857,1.744809,7.4704013,294.83453,17.9723,31.4193,2.3640583,2.9216845,0.850884,10.39,274.12207,13.836647,5.79,2.7670588,2.72,3.2465053,1.895,,2.7075155,31.24561,3.0175095,5.6172533,0.7,3.4935749,7.0464296,2.11,6.377875,1.225,32.751602,4.085079,6.8132124,4.65,3.6,1.285,4.8274026,11.013927,2.6,1.0397869,16.301449,18.012527,33.413254,3.619233,,2.41,36.361656,7.055943,1.7387564,4.3122115,1.8819329,44.34459,1.0793595,2.8246496,1.0172273,11.664207,75.39153,4.4713297,7.9091616,12.412962,3.13,11.0829935,5.04,5.544027,2.5685377,4.8173156,2.8747807,4.368212,4.56,8.763859,87.561874,1.975,56.54,3.9844875,1.2766118,1.391879,3.643311,9.23,6.582976,151.55,27.860405,7.88,0.695,7.32,87.24,10.159836,1.9850911,0.125,35.1,12.329084,7.331181,3.5974057,221.61717,1.76,3.0111234,36.6075,3.25,14.09843,0.8039088,63.644566,12.88,4.296734,5.139697,0.8818792,2.297026,15.544779,3.85,3.649183,30.139643,50.363087,12.47,6.7,16.07362,0.665,2.2562883,9.913067,17.787008,0.245,7.73,2.4,260.01736,24.636812,22.98133,1.666,2.22,19.967577,1.2058163,2.5557954,13.27,8.241389,18.179516,3.804858,248.26247,25.288048,1.9411066,39.179176,109.63834,37.64643,2.037352,2.4892268,0.42,5.3285003,3.4493167,3.3610065,5.6781054,6.3,25.349907,10.4,48.781807,12.8135,4.725718,0.21,27.131918,2.8667982,7.028523,2.26,6.28,3.0077832,33.40948,2.3044288,,1.2679408,6.152725,0.2,13.849276,17.733755,0.5191896,11.72394,4.920538,3.7386222,25.1,30.752417,3.0104575,12.58,5.42,10.937752,2.1796072,1.9566828,2.4666216,4.0405936,,5.2879443,1.51,31.060335,22.629082,4.71,69.60524,2.78752,6.3177905,12.686351,28.770504,2.2140667,128.99773,177.68,144.48,5.547186,3.45
2024-12-05,26.33,0.515,5.4252954,70.416466,3.7242248,7.87,9.964023,7.318106,27.443384,0.52,67.99232,15.513987,4.1857014,74.09769,1.5843939,32.765327,28.977968,9.419946,6.2789564,10.45305,39.471138,3.676634,3.06,63.753197,29.901297,3.1122549,3.2131991,12.522383,5.1168404,1.325,38.18763,25.568344,2.6,6.290758,1.2006358,35.278793,20.125854,3.067014,18.77455,39.187828,3.71,148.89647,16.85644,16.196466,5.7267346,14.33509,5.673206,2.6505837,7.588495,3.519155,6.950672,1.7537339,7.6177835,296.42947,18.247627,31.353132,2.3459427,2.8604517,0.81625503,10.37,272.72794,13.757126,5.61,2.7863417,2.77,3.218836,1.91,,2.7075155,31.68421,3.0555854,5.626726,0.695,3.5115366,7.340426,2.15,6.288549,1.205,32.485638,4.047942,6.831166,4.5,3.72,1.285,4.9623,11.071492,2.63,1.0495502,16.176792,18.02167,32.999493,3.6290412,,2.63,35.61517,7.083398,1.7996129,4.239585,1.864262,43.086094,1.0793595,2.8826902,1.0282046,11.8651495,76.56844,4.4899216,7.9737644,12.373959,3.19,11.297629,4.96,5.3867497,2.5191426,4.7199965,2.911519,4.4736824,4.79,8.869331,88.68229,1.945,55.16,3.9349294,1.2719183,1.4361438,3.6246274,8.82,6.4366875,153.71,28.431314,7.96,0.65,7.15,88.92,10.631352,1.9759852,0.12,34.42,12.7927265,7.524361,3.6068478,222.28296,1.67,2.97517,36.49503,3.31,14.240647,0.8039088,63.4475,12.76,4.3600545,5.1772823,0.87208056,2.259676,15.920398,3.89,3.6397777,30.188602,49.98606,12.96,6.84,16.004719,0.7,2.2469647,9.838951,17.959978,0.26,7.55,2.31,266.74573,25.533583,23.591877,1.7,2.26,19.849318,1.2152736,2.7209988,13.19,8.232108,18.09775,3.833829,250.54228,25.062176,1.94997,39.217873,110.27747,37.49822,2.2111547,2.6253567,0.43,5.2408285,3.5451312,3.34279,5.6306295,6.19,25.108938,10.23,48.25221,12.73531,4.680539,0.205,27.094324,2.8371415,7.264319,2.27,6.07,2.9803567,33.948967,2.269645,1.57,1.2727075,6.0888247,0.205,13.840048,17.778744,0.5432261,11.860476,4.96831,3.7574093,24.6,31.619793,3.0305722,13.07,5.68,10.995118,2.2757661,1.9476241,2.4666216,4.0873594,,5.2293754,1.63,31.201136,22.383312,4.77,70.523094,2.94624,6.230448,12.71471,29.000822,2.205175,131.42676,179.17,152.53,5.4938474,3.39
2024-12-06,26.21,0.51,5.3411098,70.14981,3.7144241,7.8,9.946021,7.1815014,27.61726,0.5,65.97448,15.271581,4.115057,73.043724,1.5462157,32.610588,28.950087,9.50123,6.366529,10.407162,38.880592,3.6127717,2.98,63.678673,29.978287,3.0937846,3.3114192,12.466974,5.049891,1.36,38.291122,25.480549,2.58,6.209877,1.2052536,35.406437,19.978209,3.031037,18.697802,38.50488,3.62,148.01999,16.401613,15.941403,5.588185,14.192309,5.6827087,2.6596923,7.559895,3.456632,6.8311763,1.7224969,7.5533032,293.1715,18.038757,31.192444,2.3187697,2.8779469,0.821202,10.33,271.87598,13.985748,5.52,2.7477763,2.7,3.218836,1.91,,2.697776,30.969097,2.9889526,5.446747,0.67,3.4935749,7.4542313,2.24,6.2349534,1.215,32.286167,4.0386577,6.7862825,4.5,3.65,1.2,4.894851,11.052304,2.6,1.0104971,16.224737,17.820515,32.450645,3.8153973,,2.62,35.919655,7.0101843,1.8170004,4.2305064,1.8377559,42.957268,1.0660341,2.8439963,1.0355227,11.8173065,75.292625,4.4899216,7.9183908,12.568978,3.08,11.0829935,5.03,4.8461084,2.5487797,4.7005324,2.8839653,4.412158,4.63,8.62962,89.25662,1.925,55.01,3.885371,1.2625315,1.4508986,3.577918,8.81,6.4184017,151.45,28.926104,7.94,0.625,6.95,88.0,9.71501,1.9486674,0.12,34.76,12.830575,7.485725,3.6351738,219.53427,1.66,3.0111234,36.36382,3.27,14.5156,0.819987,63.092766,12.8,4.405283,5.2712436,0.86718124,2.2410011,15.747035,3.83,3.573942,29.81651,50.055515,13.07,6.66,15.994875,0.675,2.237641,9.848216,17.931149,0.255,7.62,2.25,266.84528,25.380644,23.286604,1.666,2.22,19.885706,1.210545,2.6626918,12.9,8.380602,18.079578,3.785544,247.07343,25.071997,1.9233795,38.93733,109.364426,36.75715,2.1918433,2.6545272,0.43,5.221346,3.4780612,3.34279,5.659115,6.13,24.781221,10.23,47.91876,12.5593815,4.6353602,0.195,26.849977,2.8470273,7.409424,2.26,5.91,2.9620724,33.948967,2.295733,1.58,1.2488738,6.015795,0.2,14.0430355,17.850721,0.5384188,11.632915,4.9300923,3.7480159,24.91,31.08754,3.0104575,13.36,6.08,11.023801,2.2437131,1.9295067,2.5044243,3.9844742,,4.995099,1.605,30.750574,21.900873,4.85,70.07836,2.88672,6.191629,12.5634575,28.712925,2.205175,130.77968,178.04,149.0,5.4938474,3.14
2024-12-09,24.03,0.505,5.3224015,65.75496,3.6262188,8.1,9.874014,7.3278637,27.076315,0.495,67.261215,15.213403,4.115057,73.364494,1.5462157,32.629932,27.909185,9.447041,6.375286,10.324566,38.156704,3.5580328,2.94,64.81513,30.324745,3.0937846,3.2552934,12.430035,5.0211983,1.34,38.18763,25.753693,2.55,6.1739297,1.1544574,36.437405,19.867477,2.9770722,18.65943,38.68764,3.54,150.20645,16.058172,16.265137,5.523528,14.04953,5.7017145,2.6141496,7.5408287,3.394109,6.990504,1.6555605,7.590149,293.2882,18.048252,31.570536,2.3187697,2.8254614,0.811308,10.1,272.3213,13.985748,5.64,2.738135,2.66,3.20039,1.92,,2.6490798,30.206312,2.9603956,5.446747,0.66,3.4576511,7.34991,2.21,6.1277623,1.235,31.839724,3.9829519,6.696517,4.35,3.66,1.175,4.856309,11.340124,2.56,0.986089,16.004189,17.601072,33.009296,3.7957807,,2.67,37.12778,7.0376396,1.8256942,4.1669583,1.9526157,43.413105,1.0482668,2.8117516,1.0574774,11.750325,74.857475,4.4899216,7.9829926,12.325205,3.03,11.161043,4.96,4.7576404,2.5586586,4.642141,2.8747807,4.4033694,4.64,8.50497,89.633224,1.915,55.12,3.8754594,1.234371,1.391879,3.4938416,8.57,6.281256,153.01,29.06883,8.1,0.61,6.93,88.83,9.795078,1.9122435,0.12,34.19,12.830575,7.582315,3.6540577,219.86714,1.655,2.9392161,36.298214,3.3,14.325976,0.8264183,63.112476,12.74,4.477649,5.2712436,0.85738254,2.2036507,15.9011345,3.75,3.5363216,29.493374,50.184498,13.03,6.72,15.994875,0.66,2.2283177,9.876009,17.7774,0.25,7.47,2.15,267.11398,25.23466,23.04811,1.5979999,2.23,19.931189,1.2010876,2.6335382,12.77,8.380602,17.852448,3.7662299,246.43471,24.718454,1.8879255,38.16342,109.09965,37.60691,2.2304661,2.6253567,0.405,5.25057,3.4493167,3.288139,5.6781054,6.24,24.839054,10.12,47.69319,12.510512,4.526931,0.19,26.878172,2.8470273,7.4275613,2.3,5.67,2.8889349,34.305412,2.269645,1.55,1.2441071,5.970152,0.2,13.803142,17.805737,0.5432261,11.769452,4.9109836,3.766803,24.8,31.097395,2.9836383,13.15,6.42,10.985558,2.2437131,1.8932717,2.4855232,3.9844742,,5.145705,1.605,30.853828,21.655104,4.77,70.579865,2.88672,6.143105,12.516191,29.020016,2.1429322,130.7299,178.81,151.69,5.449399,3.1
2024-12-10,22.77,0.485,5.434649,64.24392,3.5870166,7.75,9.829009,7.152229,27.047335,0.525,66.188934,15.261884,4.115057,72.814606,1.5271267,32.001316,27.398027,9.447041,6.4278297,10.554,37.775707,3.5124168,2.87,64.14443,29.843554,3.1030197,3.2552934,12.282278,5.06902,1.38,39.35424,25.59761,2.55,6.0571012,1.1498396,36.33922,20.448828,2.968078,18.505932,37.754597,3.48,148.55719,15.445548,15.696151,5.4403977,14.04953,5.996303,2.605041,7.512229,3.3851771,6.900882,1.6421733,7.608572,287.5016,18.048252,31.362585,2.3006544,2.834209,0.821202,10.59,273.02808,13.926108,5.49,2.7188523,2.8,3.135829,1.965,,2.6003835,29.796316,2.92232,5.5130553,0.635,3.5923648,7.0843644,2.46,6.1277623,1.245,31.602257,3.9736679,6.831166,4.65,3.82,1.14,5.097197,11.455252,2.59,1.117893,15.726104,18.698284,32.88188,3.7271233,,2.74,36.322365,7.0376396,1.8952446,4.139723,1.9967926,42.412254,1.0482668,2.8375475,1.0611364,11.109224,70.317955,4.4899216,7.8445597,12.032676,3.06,10.819578,5.08,5.0427055,2.5191426,4.5642853,2.8931499,4.350634,4.41,8.514558,87.787834,1.91,54.86,3.7763426,1.3000789,1.3869607,3.4564745,8.3,6.2355413,146.5,28.593073,7.97,0.61,7.01,85.83,9.91963,1.9122435,0.12,37.16,12.698106,7.1766367,3.6162896,215.75838,1.7,2.97517,35.276653,3.14,14.316496,0.8135558,64.64964,12.97,4.5500154,5.2242627,0.88677853,2.2036507,16.276752,3.8,3.5363216,28.396673,50.085278,12.61,6.43,15.45351,0.64,2.2562883,9.848216,17.671696,0.24,7.62,2.29,243.18651,24.816442,21.69346,1.632,2.15,18.25737,1.2010876,2.6918452,12.72,8.3620405,17.779766,3.746916,237.60046,24.31581,1.8701984,37.573315,114.38617,37.73536,2.2884002,2.7712097,0.41,5.2408285,3.5259683,3.2334886,5.659115,6.06,24.183619,10.67,46.447655,12.7744055,4.4907875,0.18,26.727804,2.787714,7.209904,2.25,5.61,2.9255035,33.64069,2.2174692,1.525,1.2107403,6.015795,0.2,13.738555,17.526817,0.5384188,11.814963,4.949201,3.8137705,24.47,30.08217,2.9434094,12.89,5.94,11.425362,2.3398724,1.8751543,2.5233257,3.9564142,,5.555688,1.64,30.262474,21.973694,4.59,70.2203,2.9958398,6.35661,12.506737,29.115982,2.1251485,125.03561,170.99,149.0,5.5560756,2.94
2024-12-11,23.0,0.47,5.3598175,63.41432,3.5968173,7.58,9.829009,7.2107735,26.41945,0.535,65.34086,14.99039,4.132718,72.53966,1.5080376,31.517767,27.03557,9.438008,6.4628587,11.113821,38.07098,3.5032938,2.9,63.343327,29.689571,3.0753143,3.2131991,12.245339,5.06902,1.375,39.51418,25.548836,2.52,6.021154,1.1221327,36.034836,19.950527,3.0040545,18.362028,37.49488,3.49,148.45352,15.464113,15.6471,5.468108,14.001936,5.806246,2.623258,7.5026956,3.3762453,6.920798,1.682335,7.516458,285.38147,17.991287,30.25667,2.3097122,2.834209,0.855831,10.58,270.70447,13.707425,5.17,2.6513631,2.79,3.163498,1.96,,2.5516872,29.100273,2.9603956,5.4088564,0.64,3.5384793,7.1317835,2.41,6.092032,1.255,31.72574,3.9736679,6.804236,4.65,3.83,1.11,5.020113,11.416876,2.58,1.1423011,15.563089,18.378263,32.88188,3.756548,,2.77,36.941162,6.9003644,1.8691633,4.130645,2.0498047,42.11497,1.0482668,2.8504455,1.0318637,11.195343,69.32896,4.4899216,7.7153544,11.798654,3.06,10.66348,5.08,5.072195,2.370958,4.4961615,2.8931499,4.1484833,4.53,8.514558,87.712524,1.91,54.33,3.736696,1.2953855,1.3967973,3.3537142,8.21,6.2081122,145.96,28.583559,8.04,0.6,6.97,85.65,9.857354,1.8940316,0.12,36.55,12.66972,7.157319,3.5690796,214.10345,1.63,2.97517,35.229794,3.04,14.344939,0.8135558,64.46242,13.44,4.5047865,5.2148666,0.88677853,2.222326,16.305645,3.72,3.5081062,28.142082,50.085278,12.48,6.35,15.394453,0.71,2.2656116,9.690719,17.45068,0.25,7.54,2.27,246.02316,24.731382,21.970116,1.7,2.12,18.011755,1.210545,2.7015631,12.58,8.241389,17.307335,3.7276018,238.50453,23.864061,1.914516,36.702663,113.04399,37.824287,2.3173676,2.7712097,0.415,5.162898,3.3726652,3.2334886,5.545173,5.97,24.10651,10.54,45.56499,12.60825,4.5901814,0.195,26.577438,2.787714,7.0194535,2.16,6.09,2.9072192,33.45765,2.2174692,1.51,1.2298071,5.933637,0.2,13.692421,17.022966,0.5480335,11.833169,4.920538,3.804377,24.15,30.072315,2.956819,13.21,5.96,11.329753,2.3398724,1.8751543,2.4760723,4.021887,,,1.635,30.149832,21.791643,4.6,70.948906,3.0355198,6.3857236,12.620177,29.077595,2.1429322,121.24273,168.62,147.68,5.573855,2.91
2024-12-12,23.0,0.46,5.3598175,60.767532,3.6164184,7.36,9.720999,7.1815014,26.554688,0.55,65.86725,14.903123,4.062073,72.08142,1.4937208,31.720856,27.063452,9.2844715,6.4453444,10.480581,37.575684,3.4394317,2.88,63.101128,29.23725,3.0937846,3.1851363,12.180695,5.0403266,1.37,39.31661,25.197647,2.51,5.985207,1.2329606,35.76973,19.304579,2.9860663,18.438776,37.004314,3.57,148.45352,15.176366,15.509759,5.597421,13.849638,5.7017145,2.6141496,7.350163,3.3494496,6.880966,1.6778727,7.5256696,282.53192,17.839382,30.75764,2.2915967,2.8254614,0.89046,10.75,269.47495,13.677606,4.55,2.641722,2.86,3.0989366,1.945,,2.4932516,27.956095,2.9984715,5.0867877,0.63,3.5115366,7.074881,2.38,6.074167,1.245,31.583258,3.9736679,6.7862825,4.8,3.82,1.11,5.0490193,11.340124,2.51,1.0690768,15.486377,18.487984,32.558456,3.8153973,,2.74,36.577744,6.772241,1.877857,4.067096,2.0763106,42.31316,1.0438249,2.8633435,1.0135682,11.625933,69.41797,4.480626,7.7153544,11.632887,3.4,10.604942,5.12,5.0427055,2.3512,4.43777,2.8839653,4.3154774,4.46,8.3132,88.004395,1.845,54.2,3.627668,1.3141592,1.3967973,3.3163471,8.51,6.1441107,144.48,28.269556,7.97,0.605,7.0,85.07,9.91963,1.8393962,,36.91,12.840036,7.3698173,3.5313118,214.54097,1.615,3.002135,35.257908,3.01,14.344939,0.8103401,64.68906,13.24,4.5047865,5.243055,0.88677853,2.2036507,16.132284,3.79,3.5551317,28.151875,49.450283,12.51,6.3,15.266494,0.715,2.2283177,9.672189,17.460289,0.24,7.59,2.36,250.77084,24.221018,21.979656,1.7,2.11,18.120916,1.2341883,2.7209988,12.41,8.352759,17.398188,3.7082877,232.80504,23.648008,1.8701984,35.648212,113.35443,37.537743,2.3173676,2.7906568,0.435,5.1044497,3.2960138,3.1697297,5.5071926,5.89,23.518545,10.4,45.074623,12.68644,4.5901814,0.19,26.408274,2.70863,6.9378324,2.19,5.8,2.9072192,33.59252,2.287037,1.445,1.215507,5.8971224,0.205,13.590927,17.256897,0.5480335,11.696632,4.8823204,3.7855902,24.11,29.983606,2.997048,13.43,6.03,11.272387,2.4360316,1.8570368,2.5044243,3.114624,,,1.64,29.999645,21.646002,4.59,70.58933,3.0355198,6.4633613,12.506737,29.096788,2.1073647,122.03912,171.0,154.21,5.6894217,2.93
2024-12-13,23.37,0.465,5.3411098,60.856415,3.6262188,7.31,9.657991,7.1815014,26.351833,0.525,66.65684,14.893427,4.026751,72.31054,1.5128099,31.914278,27.072744,9.32963,6.401558,10.664129,37.232788,3.4576778,2.8,63.37127,29.246874,3.056844,3.1781209,12.217634,5.06902,1.305,38.733303,25.324465,2.61,5.967233,1.2560498,35.563538,19.00929,2.9950604,18.409996,36.66765,3.59,149.1038,15.111391,15.421469,5.6251316,14.030492,5.5971828,2.605041,7.3310966,3.322654,6.96063,1.6644853,7.5072465,283.37805,17.753935,31.353132,2.3278275,2.8254614,0.86572504,10.49,268.71008,13.677606,4.54,2.641722,2.9,3.154275,1.9,4.2107587,2.5419478,28.080048,2.9603956,5.1625686,0.625,3.4935749,7.027462,2.31,6.065234,1.28,31.697243,3.9550993,6.7862825,4.5,3.71,1.11,4.865945,11.033115,2.56,1.0202603,15.687749,17.81137,32.695667,3.8055892,,2.71,36.12592,6.8088474,1.8343879,4.067096,2.0056279,42.50144,1.0393832,2.8633435,1.00625,10.783891,70.04104,4.480626,7.6968975,11.935166,3.61,10.702504,5.05,5.0427055,2.311684,4.4766974,2.9023345,4.359423,4.53,8.993981,89.44492,1.85,53.59,3.6673145,1.3235459,1.3722059,3.3817399,8.6,6.061824,147.65,27.936527,8.07,0.595,6.86,86.64,10.008595,1.8166314,,35.8,12.612947,7.379476,3.5313118,215.15918,1.84,2.9790773,35.21105,2.99,14.155317,0.8135558,64.27521,13.32,4.531924,5.2618475,0.8769799,2.2129884,15.833716,3.7,3.5175114,28.465218,49.5495,12.31,6.29,15.18775,0.675,2.2469647,9.644396,17.11435,0.235,7.95,2.26,248.46172,24.03672,22.428024,1.615,2.07,18.184595,1.2389171,2.6626918,12.39,8.25067,17.171057,3.6986308,235.90045,23.37303,1.8790618,35.706257,110.222694,37.20179,2.2208104,2.6739743,0.43,5.094709,3.257688,3.1606214,5.478707,5.82,23.672766,9.96,45.182507,12.442095,4.4998236,0.195,26.33309,2.7580576,7.0829372,2.2,5.74,2.806655,33.525085,2.287037,1.415,1.2107403,5.924508,0.205,13.6186075,17.202913,0.57207006,11.587402,4.8632116,3.7574093,24.53,30.092028,2.9903433,13.24,5.95,11.224582,2.4039783,1.8389194,2.4666216,3.4513402,,4.869594,1.605,30.196764,21.746128,4.69,69.69041,2.95616,6.3954287,12.506737,29.192753,2.0984728,120.87439,169.01,147.81,5.73387,2.86
2024-12-16,22.96,0.46,5.3598175,60.886047,3.5674155,7.24,9.63999,7.1229568,26.41945,0.505,66.22793,14.689806,4.00909,71.76065,1.517582,31.84658,27.12851,9.428977,6.384043,10.737548,37.089912,3.4668012,2.92,62.924145,29.102516,3.010668,3.1991677,12.282278,5.06902,1.245,37.961834,25.343975,2.4,6.039128,1.2468141,34.954773,18.455622,2.968078,18.44837,36.35984,3.47,149.50905,15.129953,15.411658,5.578948,13.821082,5.5021544,2.586824,7.245297,3.2958584,6.6917644,1.6510981,7.479613,285.03134,17.772923,31.154634,2.3097122,2.7904713,0.81625503,9.93,267.9743,13.727306,4.58,2.5935154,2.66,3.135829,1.875,3.9793985,2.4932516,28.289814,2.92232,5.0773153,0.615,3.4576511,7.036946,2.21,6.020571,1.23,31.887217,3.9458148,6.6875405,4.2000003,3.6,1.05,4.7599535,11.061897,2.52,0.9372727,15.793227,17.134758,33.930576,3.766356,,2.61,35.477657,6.671572,1.8083066,4.0035477,1.961451,40.96548,1.021616,2.8568943,1.0282046,9.310315,69.5861,4.5271053,7.7891855,11.905913,3.58,10.712259,5.01,4.9738965,2.3018048,4.5156255,2.911519,4.341845,4.43,8.9172735,88.51282,1.855,53.65,3.6177561,1.3094658,1.3230228,3.3537142,8.4,5.878963,144.81,28.08877,8.01,0.55,6.73,85.01,9.821768,1.7665489,0.12,35.1,12.594024,7.3987937,3.5407538,214.18904,1.83,2.960631,35.276653,2.98,14.240647,0.8071245,61.97931,13.3,4.5500154,5.1960745,0.8622819,2.2036507,15.506255,3.63,3.489296,28.298754,49.013725,11.82,6.26,14.981047,0.65,2.1910236,9.662925,16.710754,0.225,7.62,2.19,249.50679,23.59724,22.380325,1.564,2.07,18.28466,1.2625606,2.594667,12.32,8.259951,17.234653,3.7179449,233.0507,22.99985,1.8701984,34.835606,108.323555,37.00417,2.143565,2.6059096,0.4,4.9778132,3.2289436,3.1424046,5.4976974,6.08,22.94986,9.63,44.672523,12.168427,4.454644,0.205,26.116938,2.6394315,6.955971,2.17,5.24,2.815797,33.31315,2.3044288,1.42,1.215507,5.906251,0.205,13.49866,17.346872,0.56726265,11.760349,4.834548,3.7480159,24.83,29.648483,2.9769337,13.35,5.72,11.100288,2.2116601,1.8389194,2.4760723,3.1333303,,4.953264,1.52,30.422045,21.627796,4.63,70.02159,2.9958398,6.327495,12.440564,29.384686,2.1073647,118.71414,168.55,146.41,5.644973,2.87
2024-12-17,23.17,0.45,5.4065876,59.671284,3.547814,7.36,9.720999,7.2400465,26.197277,0.51,67.50491,15.06796,4.0179205,71.256584,1.5414435,32.465523,27.342264,9.528325,6.287713,11.003693,38.0805,3.5124168,3.0,62.598106,30.074526,2.9921978,3.2342465,12.430035,5.2316103,1.245,37.85835,25.587854,2.36,6.0840616,1.2560498,35.701,18.594038,3.022043,18.534712,36.696507,3.54,151.85573,15.287751,15.656911,5.597421,13.90675,5.464143,2.6141496,7.216697,3.331586,6.841134,1.6399419,7.516458,290.09827,17.848875,31.353132,2.3278275,2.8254614,0.806361,9.99,270.03647,13.747186,4.61,2.6320806,2.7,3.1819441,1.845,4.266285,2.4542947,28.575857,2.9699144,5.181514,0.61,3.466632,6.3446317,2.25,5.9759083,1.18,31.86822,3.9272463,6.705938,4.05,3.66,1.09,4.769589,11.148244,2.53,0.91286457,15.965831,17.070755,34.008984,3.7271233,,2.63,36.096455,6.8637576,1.8430817,4.0489397,1.9879571,40.79702,1.0393832,2.8697922,1.0501591,9.587807,70.88168,4.5456967,7.9276195,11.847407,3.6,11.024457,5.04,5.0033865,2.3215628,4.603213,2.911519,4.464893,4.45,9.080277,90.40527,1.865,53.69,3.627668,1.1827432,1.3426961,3.4097655,8.45,5.9246783,143.37,28.745316,7.96,0.555,6.64,85.86,9.795078,1.7847607,0.12,34.69,12.726492,7.601633,3.5690796,216.31001,1.94,2.9421847,35.79212,3.01,14.363901,0.8071245,61.644283,13.16,4.486695,5.2712436,0.83778524,2.2129884,15.486992,3.65,3.5269165,28.57293,49.410595,11.77,6.17,15.296022,0.645,2.2189941,9.672189,16.729973,0.23,7.47,2.17,256.03607,23.5618,22.780994,1.564,2.09,18.211885,1.2625606,2.6141026,13.33,8.417725,17.243738,3.7662299,239.03517,23.314108,1.8967891,35.28061,108.204865,37.814407,2.1532204,2.6739743,0.39,5.0752263,3.257688,3.1788383,5.611639,6.29,23.142635,9.61,45.38846,12.168427,4.4998236,0.2,26.370682,2.688859,7.0829372,2.15,5.16,2.806655,33.737026,2.2783408,1.4,1.2202737,5.869736,0.2,13.830821,17.409853,0.56245536,12.006115,4.920538,3.7574093,24.94,30.023031,2.9702287,13.53,5.73,11.042923,2.2116601,1.8570368,2.457171,3.2268627,,4.8277593,1.52,30.637936,21.409332,4.65,70.305466,3.1248,6.1236954,12.468924,29.576616,2.1340404,120.05807,171.11,148.8,5.760539,2.91
2024-12-18,23.15,0.45,5.3972335,59.572525,3.5380135,7.38,9.738999,7.279076,25.801224,0.515,66.95903,15.048568,4.0355816,70.61504,1.5414435,32.571903,27.286503,9.60961,6.13884,10.737548,38.128128,3.5854023,3.03,62.73784,29.939793,2.9829626,3.248278,12.43927,5.2507386,1.215,37.88657,25.412262,2.35,6.0840616,1.2606676,35.710815,18.409483,3.067014,18.457964,37.187073,3.44,150.5363,14.081068,15.63729,5.588185,13.935306,5.3691144,2.6505837,7.1499643,3.3762453,6.7614703,1.6510981,7.498036,286.34427,17.71596,31.92972,2.3640583,2.8517041,0.771732,9.98,273.25073,13.409222,5.17,2.6320806,2.79,3.228059,1.835,4.303303,2.4250767,28.594927,2.9413576,5.1625686,0.635,3.4217274,6.2118597,2.25,5.9937735,1.2,31.478771,3.9272463,6.6415462,3.75,3.54,1.12,4.779225,11.292154,2.57,0.9177462,15.841174,16.97932,33.822765,3.7859724,,2.59,36.175034,6.772241,1.8256942,4.085253,2.032134,41.034847,1.0393832,2.8891394,1.042841,9.626081,71.64322,4.5271053,7.75227,11.554879,3.45,10.985433,5.06,5.0033865,2.311684,4.593481,2.8839653,4.4824715,4.57,8.974804,90.744225,1.84,53.82,3.7168727,1.1968235,1.3476143,3.372398,8.37,5.933821,143.27,29.363802,7.96,0.55,6.59,83.83,9.786182,1.7756548,0.125,34.4,12.773803,8.045947,3.5501957,215.9581,1.98,2.9329615,35.60468,2.99,14.781071,0.8039088,61.545746,12.9,4.4686036,5.139697,0.80838925,2.2316635,15.390679,3.66,3.573942,28.337923,49.122864,11.58,6.2,15.404295,0.645,2.1910236,9.838951,16.854897,0.245,7.71,2.17,261.78903,23.583063,23.06719,1.564,2.12,18.339241,1.2862041,2.6043847,13.35,8.556938,17.189228,3.824172,239.3398,22.99985,1.914516,34.429306,108.1866,37.429054,2.1242535,2.6545272,0.415,5.0557437,3.2385252,3.1606214,5.5736585,6.52,22.978775,9.54,45.20212,12.041368,4.4998236,0.205,26.23911,2.6789734,7.0375924,2.16,5.24,2.7335174,33.96823,2.2783408,1.385,1.215507,5.869736,0.2,13.821594,17.121939,0.56726265,12.233676,4.8249936,3.766803,25.74,30.318727,2.9434094,13.88,5.78,11.128972,2.2116601,1.8660955,2.4193683,3.2268627,,4.919796,1.52,30.835054,21.43664,4.65,70.21083,3.2140799,6.1334004,12.610724,29.557423,2.151824,121.36219,170.63,150.31,5.698311,3.12
2024-12-19,22.28,0.455,5.4252954,58.77256,3.498811,7.24,9.666992,7.2010164,25.743267,0.505,66.627594,14.903123,4.053243,69.83604,1.5271267,31.904608,26.58947,9.492198,6.173869,10.4438715,38.099552,3.567156,3.03,60.958637,29.78581,2.9737275,3.143042,12.263808,5.2220464,1.17,37.33149,25.041565,2.27,6.039128,1.2283428,35.0726,18.298748,3.0580199,18.601866,36.523365,3.38,147.01158,15.157801,15.342988,5.523528,13.678302,5.473646,2.6141496,6.9592986,3.3673134,6.6320167,1.628786,7.2677517,283.11545,17.772923,31.665058,2.3459427,2.8254614,0.73710304,9.53,269.9106,12.892336,4.97,2.5742328,2.62,3.218836,1.79,4.118214,2.4250767,28.137257,2.8556871,5.124678,0.62,3.3498802,6.1170216,2.15,5.9759083,1.055,31.554764,3.8993933,6.549558,3.6000001,3.48,1.105,4.6443276,11.081086,2.52,0.88845646,15.630213,16.320995,33.205315,3.707507,,2.54,35.359795,6.7905445,1.7822253,4.067096,1.9879571,40.27182,1.0260577,2.8697922,1.0245454,9.20506,68.71578,4.4155545,7.8261013,11.272101,3.6,10.692748,4.9,4.826449,2.3018048,4.535089,2.8747807,4.4736824,4.42,9.041924,88.606964,1.83,51.03,3.588021,1.1545827,1.308268,3.3163471,8.07,5.650388,140.09,28.431314,7.9,0.54,6.5,83.12,9.71501,1.748337,0.13,33.03,12.745417,7.195955,3.5690796,213.05722,3.05,2.8776226,34.86428,2.96,14.458713,0.7974776,59.328682,12.54,4.441466,5.1584897,0.8034899,2.2129884,14.764651,3.69,3.6209674,27.72103,49.172474,11.3,6.0,14.9219885,0.645,2.2189941,9.635131,16.710754,0.23,7.81,2.13,249.0589,23.171936,21.846098,1.513,2.01,18.193691,1.3382196,2.575231,13.02,8.259951,17.552635,3.7662299,233.31601,22.577562,1.9056525,33.64572,107.19138,36.49036,2.0856307,2.576739,0.405,4.9680715,3.2193623,3.1241877,5.611639,6.39,22.56431,9.27,44.427338,11.699284,4.391394,0.195,25.844397,2.5998895,6.9196944,2.13,5.0,2.6969485,33.274612,2.243557,1.305,1.2059736,5.8058357,0.195,13.673967,17.13993,0.5480335,12.242778,4.729449,3.7292287,25.67,29.786474,2.9098856,13.22,5.71,11.0524845,2.083448,1.8570368,2.4099178,3.2268627,,4.6353183,1.49,30.084126,21.027023,4.54,69.28352,2.94624,5.890782,12.610724,29.163963,2.1251485,118.7241,166.27,141.83,5.644973,2.84
2024-12-20,22.0,0.44,5.266278,58.05161,3.47921,7.29,9.883015,7.2400465,26.148977,0.505,66.286415,14.786769,4.044412,69.148674,1.4984931,31.885265,25.966787,9.38382,6.2614417,10.508113,37.613785,3.52154,3.03,59.896706,29.58371,2.9921978,3.171105,11.792834,5.260303,1.105,37.24682,25.168383,2.28,5.823445,1.251432,34.8664,17.726624,3.031037,18.294874,35.975082,3.38,141.61137,14.665846,15.872733,5.4403977,13.62119,5.407126,2.5777154,6.8639655,3.331586,6.363151,1.628786,7.101948,281.14117,17.734947,31.740677,2.3459427,2.834209,0.722262,9.95,267.76132,12.902275,4.55,2.583874,2.5,3.2649512,1.74,4.0904512,2.3763804,27.784468,2.7985735,5.0867877,0.625,3.358861,6.069603,2.12,5.9312453,1.075,31.478771,3.8901093,6.61395,3.9,3.39,1.065,4.6443276,10.716514,2.49,0.88845646,15.572679,16.641016,33.49934,3.6094246,,2.5,35.281216,6.799696,1.7648377,4.0761743,1.9172744,40.48983,1.021616,2.8762414,0.9989318,9.511257,68.01358,4.369075,7.6415234,11.203844,3.56,11.073238,4.8,4.7576404,2.291926,4.4961615,2.8288574,4.39458,4.6,8.955627,86.5262,1.785,50.84,3.6177561,1.2155972,1.2640032,3.3630562,8.2,5.5315285,139.47,27.59398,7.84,0.53,6.32,83.72,9.697216,1.7210193,0.13,32.88,12.622409,7.060729,3.5501957,208.19707,2.42,2.8868458,34.086395,2.96,14.003619,0.8006932,58.353172,12.14,4.5228777,5.1584897,0.7985906,2.1943133,14.687601,3.58,3.5645368,27.52519,48.676384,11.08,6.09,14.853087,0.65,2.2189941,9.764834,16.143799,0.24,7.76,2.07,247.48628,22.803339,21.559904,1.479,1.95,17.838915,1.3145761,2.5266416,12.98,8.0928955,17.380016,3.746916,228.88417,22.37133,1.8879255,33.27812,106.588776,36.37179,2.0856307,2.547568,0.4,4.9193654,3.2001994,3.1150794,5.535678,6.07,21.532963,9.23,44.044853,11.406068,4.3642864,0.19,25.534264,2.5702326,6.901556,2.11,4.74,2.7243752,32.8122,2.252253,1.27,1.1916735,5.8423505,0.19,13.6186075,16.825026,0.5480335,12.260983,4.777221,3.7386222,24.74,29.589344,2.8897712,13.14,5.84,10.899508,2.051395,1.8751543,2.4193683,3.3484545,,4.459611,1.485,29.727434,21.43664,4.55,65.82029,2.86688,5.8034387,12.686351,28.962437,2.1162567,120.7848,166.04,140.22,5.5649657,2.83
2024-12-23,22.59,0.455,5.3317556,60.17497,3.4498081,7.42,9.883015,7.4742255,26.148977,0.5,67.02727,15.009782,4.15921,69.423615,1.5414435,32.13671,26.580175,9.546388,6.3314996,10.710016,38.652,3.5854023,3.05,61.098362,29.776186,2.9921978,3.2272305,12.079113,5.4898434,1.12,37.53847,25.139118,2.36,5.967233,1.2699032,35.3868,17.938864,3.0490258,18.467558,36.379078,3.41,145.77696,14.888618,15.990453,5.5697117,14.04953,5.5021544,2.6141496,6.9592986,3.403041,6.442815,1.6466357,7.3690767,284.2436,17.82989,32.071507,2.373116,2.8429565,0.746997,10.0,269.25226,13.150778,4.22,2.612798,2.56,3.2833972,1.795,4.19225,2.4348161,28.080048,2.8271303,5.105733,0.655,3.4127464,6.183408,2.12,6.109897,1.15,31.858723,3.9086778,6.6599436,3.9,3.4,1.175,4.6828694,10.898799,2.53,0.9031013,15.812406,16.823883,33.479736,3.6290412,,2.54,35.900013,6.7539377,1.7909191,4.130645,1.8289205,40.925842,1.0349413,2.9084864,1.0208864,9.760042,69.398186,4.4341464,7.881475,11.535377,3.58,11.112263,4.9,4.9050875,2.311684,4.535089,2.8196728,4.464893,4.85,9.041924,89.699135,1.83,50.9,3.6673145,1.2062104,1.2836764,3.3910818,8.4,5.696103,137.45,28.45986,7.72,0.535,6.4,85.39,9.830665,1.7802078,0.13,33.81,12.821113,7.166978,3.5974057,212.73386,2.53,2.9052923,34.80805,3.05,14.231166,0.8103401,60.294334,12.21,4.5228777,5.2148666,0.81328857,2.2503386,14.928382,3.56,3.6021574,28.102917,50.26387,11.49,6.22,15.099162,0.68,2.2656116,10.014977,16.105362,0.24,7.8,2.15,254.24452,23.11523,21.846098,1.5300001,2.06,18.05724,1.3240335,2.516924,13.23,8.352759,17.561722,3.824172,232.36284,22.70523,1.9056525,33.519962,106.953995,36.06548,2.075975,2.557292,0.4,4.9680715,3.2672696,3.1697297,5.592649,6.09,21.95707,9.45,44.89809,11.621093,4.472716,0.195,25.759813,2.5900037,6.9196944,2.1,4.92,2.7243752,33.16864,2.287037,1.325,1.2202737,5.91538,0.195,14.292156,17.364864,0.56245536,12.570467,4.805885,3.7761965,24.62,29.954035,2.963524,13.32,6.1,10.956875,2.1155012,1.9023303,2.428819,3.3391013,,4.610217,1.505,30.309406,21.78254,4.63,67.968254,2.84704,5.910191,12.71471,29.144772,2.1607158,122.63644,168.17,145.04,5.6716423,2.96
2024-12-24,22.26,0.445,5.4533567,60.787285,3.4596088,7.39,9.919019,7.464468,26.564346,0.505,67.03701,14.970997,4.115057,69.37779,1.5557603,32.542892,26.710289,9.465103,6.357772,10.710016,39.04252,3.5854023,3.08,61.508232,29.891672,3.001433,3.2272305,12.171461,5.4898434,1.125,37.378532,25.109852,2.36,5.985207,1.2837567,34.876225,17.837358,3.0850024,18.438776,36.379078,3.37,146.19165,14.953593,15.961023,5.551238,14.344607,5.492652,2.6414752,7.0069647,3.4477,6.3731093,1.6510981,7.3690767,288.57138,17.848875,31.976984,2.4184046,2.8729591,0.73215604,10.23,271.8082,13.120958,4.0,2.583874,2.56,3.2926202,1.775,4.220013,2.473773,28.127722,2.8176115,5.0867877,0.64,3.4396892,6.098054,2.2,6.3421445,1.115,33.05556,3.9086778,6.678342,3.9,3.3,1.19,4.6635985,10.908394,2.55,0.8835748,15.774051,16.823883,33.881573,3.5996165,,2.53,35.880367,6.7905445,1.7648377,4.2305064,1.8289205,40.80693,1.0349413,2.8762414,1.0355227,9.721767,69.75423,4.378371,7.8445597,11.954668,3.57,11.278118,4.82,4.9444075,2.291926,4.535089,2.8288574,4.350634,5.08,8.926863,90.38645,1.84,50.78,3.6673145,1.2109038,1.2590849,3.4938416,8.65,5.7783904,137.3,28.821438,8.26,0.55,6.45,86.0,9.910733,1.8029726,0.125,34.0,13.095513,7.447089,3.5974057,212.22026,2.55,2.9145153,35.04235,3.08,14.335458,0.8039088,60.57024,12.2,4.5771523,5.2242627,0.81328857,2.278351,14.822439,3.58,3.5927522,28.259586,49.876923,11.36,6.16,15.109006,0.655,2.2935822,10.089094,16.095753,0.235,7.55,2.18,249.01909,23.072699,21.703001,1.5469999,2.08,18.193691,1.3240335,2.4683347,13.17,8.389883,17.725256,3.833829,230.10268,22.449896,1.932243,33.6167,106.05921,36.539764,2.037352,2.5183976,0.39,4.987554,3.2672696,3.2152717,5.592649,6.01,22.284786,9.55,45.260967,11.621093,4.4998236,0.19,25.900784,2.609775,6.9196944,2.14,4.94,2.7335174,33.42875,2.287037,1.31,1.2441071,5.9610233,0.195,14.467464,17.427847,0.56726265,12.497646,4.815439,3.7949834,25.02,30.2793,2.9769337,13.32,6.13,10.995118,2.051395,1.9385654,2.4855232,3.3952208,,4.526547,1.44,30.440819,21.982796,4.61,67.72223,2.8172798,5.861667,12.960497,29.163963,2.1873913,123.45275,168.66,144.6,5.707201,2.91
2024-12-27,22.95,0.46,5.415941,60.32311,3.498811,7.43,9.982025,7.601073,26.564346,0.515,67.719376,14.786769,4.150379,69.69856,1.5557603,32.552563,26.78464,9.60961,6.3139853,10.930273,39.261593,3.685757,3.11,61.685223,30.267004,3.010668,3.2833562,12.180695,5.5281005,1.125,37.416164,25.402508,2.37,6.021154,1.2699032,35.563538,17.735851,3.0850024,18.457964,36.292507,3.6,147.21892,15.027851,16.049314,5.588185,14.287496,5.5591717,2.6505837,7.054631,3.474496,6.422899,1.6644853,7.3967104,287.5016,17.934322,32.383427,2.4455776,2.900234,0.73215604,10.4,273.35724,13.309821,4.25,2.5935154,2.6,3.3387353,1.805,4.1459775,2.473773,28.385162,2.8176115,5.039425,0.75,3.466632,6.1265054,2.23,6.2617517,1.135,32.609123,3.9272463,6.650745,4.05,3.37,1.3,4.692505,10.956364,2.59,0.8933381,16.032955,16.933603,34.038383,3.619233,,2.55,36.233967,6.7539377,1.7909191,4.2032714,1.8554265,41.391586,1.0482668,2.9213843,1.0245454,9.740906,70.58499,4.406258,7.946077,11.983921,3.58,11.268361,4.85,4.954237,2.3413208,4.603213,2.8839653,4.4033694,5.58,9.089866,90.9702,1.85,50.96,3.736696,1.2202907,1.2689215,3.4097655,8.67,5.750961,140.0,29.135439,8.28,0.55,6.5,86.59,9.990802,1.7984196,0.125,34.26,13.237444,7.360158,3.6162896,213.95126,2.83,2.9145153,35.220425,3.01,14.553524,0.8006932,60.30419,12.34,4.5771523,5.2524514,0.8279866,2.2690134,15.024694,3.59,3.6397777,28.51418,49.70825,11.2,6.3,15.18775,0.68,2.2656116,10.042771,16.230284,0.24,7.68,2.19,256.51385,23.264086,22.113213,1.5300001,2.15,18.13911,1.333491,2.507206,13.22,8.464129,17.688913,3.853143,232.99174,22.69541,1.9411066,33.519962,106.67095,36.98441,2.0566638,2.557292,0.4,5.0265193,3.257688,3.2152717,5.640125,6.05,22.304062,9.51,45.49634,11.699284,4.508859,0.195,25.788008,2.6196604,7.0194535,2.16,5.0,2.715233,33.515453,2.3218207,1.355,1.2679408,5.9792805,0.2,14.412104,17.499826,0.55764806,12.579568,4.7963305,3.7855902,24.95,30.456718,2.9903433,13.34,6.17,11.033362,2.1155012,1.9204477,2.4666216,3.4045742,,4.6353183,1.46,30.65671,22.06472,4.65,68.659004,2.86688,5.8228483,12.903776,29.279123,2.1784995,121.4916,168.92,146.63,5.6805315,3.06
2024-12-30,23.07,0.46,5.444003,59.691036,3.5086117,7.43,10.135041,7.6303453,26.912098,0.51,67.38794,14.815857,4.2651772,69.744385,1.5605325,32.668613,26.73817,9.61864,6.323083,10.985338,39.137768,3.6448104,3.12,61.303295,30.122644,3.001433,3.3114192,12.199165,5.5281005,1.12,37.48202,25.265934,2.38,6.021154,1.2837567,35.337708,17.53284,3.0683665,18.496338,35.801937,3.73,146.15395,14.870054,15.872733,5.606658,14.146514,5.5021544,2.6328006,7.045098,3.4676874,6.323319,1.6663216,7.3875,288.35742,17.905842,32.326717,2.40654,2.8911424,0.74205005,10.24,274.0543,13.26012,4.24,2.583874,2.63,3.4494116,1.785,4.10896,2.473773,28.127722,2.8176115,5.05837,0.715,3.4217274,6.069603,2.28,6.197481,1.125,32.685112,3.9086778,6.6415462,4.05,3.33,1.285,4.692505,10.965958,2.6,0.87869316,16.023365,16.915318,34.62644,3.5800002,,2.52,35.86906,6.7813926,1.7822253,4.1473517,1.8377559,40.935753,1.040351,2.9342823,1.0208864,9.520825,70.120155,4.4341464,7.9091616,12.1399355,3.59,11.287873,4.76,4.954237,2.3314419,4.5642853,2.8839653,4.39458,5.95,9.022747,90.97961,1.845,50.61,3.736696,1.2625315,1.2689215,3.4097655,8.67,5.732675,139.01,29.21156,8.23,0.54,6.51,88.69,9.973009,1.7891012,0.125,34.19,13.227982,7.2925453,3.6162896,213.00017,2.9,2.8868458,35.051727,3.02,14.430269,0.8006932,59.910046,12.2,4.5681067,5.2054706,0.81328857,2.2642365,14.98617,3.58,3.6397777,28.38688,49.192318,11.05,6.37,15.059791,0.68,2.3215528,10.0613,16.230284,0.24,7.62,2.2,256.5437,23.38459,21.903336,1.5469999,2.09,18.066338,1.3240335,2.507206,13.19,8.417725,17.616232,3.882114,230.93794,22.577562,1.9292202,32.833115,107.620514,37.12274,2.0566638,2.547568,0.405,5.0167785,3.257688,3.1788383,5.6021442,6.0,22.120928,9.39,45.46692,11.679735,4.462944,0.19,25.59065,2.609775,6.9831777,2.18,5.02,2.7426596,33.708126,2.3044288,1.41,1.2822407,6.0796957,0.205,14.319837,17.463837,0.5384188,12.62616,4.805885,3.7855902,24.67,30.407436,3.003753,13.15,6.34,10.956875,2.1155012,1.911389,2.4855232,3.4045742,,4.626951,1.45,30.553457,22.27408,4.65,68.526535,2.8371198,5.9684196,12.903776,29.269526,2.1614969,122.44729,167.39,143.56,5.7160907,3.0
2024-12-31,22.54,0.48,5.4065876,58.58492,3.5086117,7.41,10.162044,7.5718007,27.230871,0.51,66.637344,14.621932,4.1945324,68.598785,1.5128099,32.7073,26.524414,9.5734825,6.3412786,10.866032,38.680573,3.5894463,3.1,60.62329,30.026407,3.001433,3.3114192,12.097583,5.518536,1.125,37.209183,25.022055,2.43,6.021154,1.2883745,34.73876,17.246778,3.0313983,18.457964,34.657276,3.71,144.42928,14.842207,15.794252,5.551238,13.875768,5.464143,2.605087,6.9211655,3.3950658,6.2536135,1.6295981,7.313809,281.91922,17.934322,32.09041,2.3606138,2.8638675,0.756891,9.81,272.61172,13.170659,4.17,2.55495,2.58,3.3202894,1.765,4.118214,2.4640338,28.070513,2.7890544,4.973117,0.765,3.3408992,6.060119,2.34,6.114848,1.125,32.286167,3.8993933,6.5863533,4.05,3.25,1.295,4.6346917,10.917988,2.55,0.9031013,15.994599,16.686731,34.254005,3.530959,,2.47,35.149117,6.717331,1.7822253,4.0727925,1.8289205,40.202457,1.0358279,2.8826902,1.0025909,9.434708,68.83446,4.3411875,7.807644,12.315454,3.55,11.287873,4.77,4.964067,2.291926,4.4572334,2.9207036,4.4209476,5.5,8.926863,87.26058,1.82,50.07,3.7069612,1.3047723,1.2640032,3.4191072,8.56,5.696103,137.16,28.697739,8.2,0.525,6.43,88.31,9.8929405,1.7471693,0.13,34.25,13.246906,7.118683,3.5785217,210.81262,3.1,2.8591762,34.770557,3.01,14.231166,0.79426193,58.66849,12.5,4.486695,5.1490936,0.80838925,2.2355752,14.870594,3.54,3.6115623,28.151875,49.11294,10.81,6.32,14.833401,0.65,2.2935822,10.098358,15.932393,0.23,7.56,2.19,248.9494,22.774988,21.798399,1.5300001,2.04,18.093626,1.3193048,2.4974883,13.06,8.324917,17.443615,3.833829,229.26741,21.978504,1.8926474,33.41355,107.24616,36.332268,1.9987292,2.4795034,0.395,4.890141,3.257688,3.1241877,5.5071926,6.04,21.754654,9.28,45.221737,11.611319,4.407846,0.19,25.383896,2.5900037,7.046661,2.19,5.05,2.7518017,32.966335,2.3392127,1.41,1.3203744,6.097953,0.21,14.006129,17.103943,0.5432261,12.477068,4.719895,3.766803,24.61,30.860838,3.0104575,13.1,6.36,10.8325815,2.1155012,1.9023303,2.4855232,3.367161,,4.476345,1.435,30.337564,22.392414,4.59,67.68438,2.80736,6.016943,12.951043,29.25993,2.107233,120.51601,168.56,140.98,5.778319,2.96
2025-01-02,22.59,0.48,5.4252954,60.234226,3.4694092,7.38,10.252053,7.542528,27.568962,0.53,66.900536,14.689806,4.2121935,69.69856,1.5223544,32.649273,26.570883,9.555419,6.386769,11.01287,38.90917,3.626356,3.1,60.800274,29.91092,3.001433,3.248278,12.060643,5.499408,1.135,37.594917,24.826952,2.48,5.985207,1.3068458,34.73876,17.385195,3.0591245,18.630648,35.09975,3.58,144.73087,14.8979,15.902162,5.5697117,14.02081,5.6256914,2.6328006,6.9878983,3.4404542,6.2536135,1.6525502,7.2677517,285.54678,17.924828,32.203835,2.3881695,2.900234,0.756891,10.13,272.2245,13.190539,4.06,2.55495,2.6,3.2833972,1.79,4.081197,2.473773,28.022839,2.8271303,5.029952,0.745,3.4037657,6.0032167,2.4,6.1240296,1.165,32.08669,3.8901093,6.6323476,4.2000003,3.28,1.305,4.6635985,10.822047,2.57,0.8640483,15.98501,17.198763,33.950176,3.4524932,,2.48,35.533745,6.7539377,1.7909191,4.1193924,1.8200852,39.53853,1.0493976,2.972976,1.0208864,9.511257,68.13226,4.369075,7.881475,12.188691,3.52,11.0829935,4.86,5.023046,2.3512,4.5156255,2.9390728,4.368212,5.51,8.907685,89.0589,1.845,50.03,3.7763426,1.3141592,1.2689215,3.4284492,8.82,5.7052455,139.47,28.916588,8.27,0.57,6.53,87.67,9.812871,1.7518284,,34.73,13.256369,7.166978,3.5785217,210.34659,3.35,2.8868458,34.90177,3.01,14.041544,0.7910463,59.368095,12.25,4.531924,5.186678,0.81328857,2.2451289,14.880226,3.62,3.6397777,27.965828,48.795444,10.81,6.25,14.784186,0.66,2.2935822,10.079829,15.942002,0.24,7.89,2.21,251.12917,23.037258,21.512205,1.5469999,2.05,18.002659,1.3571343,2.5363595,12.89,8.436287,17.707085,3.882114,231.04604,22.174917,1.9200771,33.065292,107.93095,36.529884,2.037352,2.508674,0.405,4.948589,3.3151767,3.1788383,5.554668,5.96,21.812487,9.31,45.113853,11.7677,4.435395,0.19,25.703426,2.649317,7.1282825,2.16,5.09,2.7426596,32.889263,2.313125,1.475,1.2822407,6.1801114,0.205,14.11685,17.400854,0.55764806,12.523659,4.7581124,3.7855902,23.84,30.180737,3.037277,13.02,6.34,10.784777,2.1155012,1.9295067,2.5327764,3.3765142,,4.5683823,1.465,30.422045,22.720108,4.59,67.58029,2.86688,6.0945816,12.91323,29.240736,2.152453,123.33329,167.5,139.19,5.73387,2.97
2025-01-03,22.49,0.475,5.3598175,59.987324,3.4694092,7.29,10.279056,7.4937406,28.216166,0.53,67.621895,14.747984,4.2386856,69.33197,1.5366712,32.91039,26.821814,9.5734825,6.395867,11.022047,38.823444,3.6632652,3.1,60.781647,30.469103,3.0199032,3.2272305,12.143756,5.4515867,1.145,37.406754,24.807442,2.61,6.0121675,1.3253171,34.98423,17.53284,3.0868506,18.736177,35.513367,3.56,146.10683,14.860771,15.872733,5.560475,14.175523,5.644697,2.6697524,7.045098,3.4858427,6.442815,1.6525502,7.276963,290.26358,18.00078,32.71426,2.3973548,2.9093256,0.751944,10.33,274.40283,13.170659,4.1,2.55495,2.76,3.2557282,1.82,4.201504,2.5127301,28.060978,2.8271303,5.0204797,0.76,3.3858037,6.0127006,2.34,6.2250257,1.275,32.06769,3.8993933,6.61395,4.05,3.34,1.26,4.7214117,10.937175,2.56,0.854285,15.946652,16.833027,33.49934,3.6094246,,2.53,36.026855,6.7356343,1.8170004,4.1659913,1.8112499,39.59798,1.0629674,2.953629,1.0318637,9.520825,68.82456,4.3876667,7.8999333,12.2276945,3.54,10.907384,4.89,5.023046,2.3512,4.554553,2.9666266,4.341845,5.53,8.993981,89.39784,1.88,49.77,3.6871378,1.3470131,1.2984314,3.4845,8.92,5.750961,138.58,29.087862,8.31,0.57,6.61,88.29,9.68832,1.7658057,,34.23,13.369913,7.138001,3.6068478,212.1822,3.17,2.896069,35.192307,2.98,14.069986,0.8006932,61.250137,12.2,4.5681067,5.2336593,0.8034899,2.2642365,15.178794,3.62,3.6585882,28.053955,48.646614,11.73,6.24,14.882616,0.66,2.2935822,10.107623,15.951612,0.25,8.23,2.18,252.20412,23.42003,21.76978,1.615,2.03,18.193691,1.347677,2.5557954,13.01,8.427006,17.88879,3.930399,231.9108,22.459717,1.9383634,33.481266,107.255295,36.322384,2.037352,2.5183976,0.405,5.0167785,3.3151767,3.2152717,5.6021442,5.84,21.590796,9.3,45.290386,11.865438,4.499676,0.19,25.900784,2.748172,7.1373515,2.15,5.51,2.7426596,33.004868,2.3044288,1.5,1.3060743,6.2805266,0.21,14.079943,17.589798,0.56245536,12.61684,4.7963305,3.8231642,23.84,30.220161,3.0708008,13.16,6.26,10.784777,2.1475542,1.9566828,2.5894804,3.3952208,,4.5600147,1.49,30.637936,22.938572,4.67,67.949326,2.8768,6.055762,13.19683,29.461458,2.1705408,124.02019,168.17,140.0,5.6005244,3.08
2025-01-06,22.8,0.475,5.24757,56.570198,3.4400077,7.17,10.270055,7.6596174,27.771816,0.525,68.04106,14.83525,4.274008,68.552956,1.5462157,32.842693,26.803226,9.510262,6.304887,11.067935,37.80428,3.6448104,3.04,60.781647,30.324745,2.9921978,3.171105,12.152991,5.4324584,0.985,36.67292,24.446499,2.76,5.985207,1.3114637,35.052963,17.523611,3.0868506,18.995201,35.68651,3.58,147.03986,14.814361,15.460709,5.6251316,14.291557,5.511657,2.6697524,6.9306984,3.4949205,6.343235,1.6571406,7.18485,292.87003,18.06724,33.092346,2.40654,2.9093256,0.746997,10.17,275.2548,13.001677,3.97,2.5453088,2.66,3.2833972,1.825,4.2385216,2.5224693,27.9847,2.8080924,4.9825897,0.735,3.3498802,5.984249,2.37,6.1882997,1.35,31.763733,3.8158352,6.5771546,4.05,3.31,1.25,4.7214117,10.745296,2.49,0.8347585,15.6206255,16.503862,33.65615,3.6094246,,2.58,36.658043,6.6898756,1.8343879,4.1846313,1.864262,38.745773,1.0584441,2.966527,1.0391818,9.568669,69.27951,4.3876667,7.8999333,11.954668,4.06,10.66348,4.99,5.0427055,2.3018048,4.535089,2.9023345,4.3066883,5.33,8.859742,89.661476,1.825,49.62,3.5384626,1.3517066,1.2984314,3.3630562,8.98,5.750961,137.77,28.954649,8.42,0.56,6.83,88.92,9.412528,1.7518284,,34.67,13.682161,6.886867,3.6068478,213.49474,3.05,2.8591762,35.454727,3.02,14.117393,0.8071245,60.008583,12.01,4.531924,5.2242627,0.7936913,2.2737904,15.092113,3.55,3.6397777,28.298754,48.28943,11.99,6.25,14.86293,0.63,2.2656116,10.181739,15.6825485,0.25,8.68,2.24,253.7369,23.370413,22.20861,1.649,2.05,18.239176,1.3618631,2.5363595,13.11,8.324917,17.99781,3.9014277,233.65996,22.341867,1.9383634,33.25877,105.40182,36.510124,2.104942,2.4989505,0.4,4.948589,3.257688,3.2334886,5.5641637,5.75,21.33055,9.28,46.17305,11.826344,4.5088587,0.185,26.154528,2.8371415,7.0557303,2.09,5.77,2.7792282,33.120476,2.3044288,1.595,1.2822407,6.2622695,0.21,14.11685,17.65278,0.5480335,12.803205,4.786776,3.8137705,24.72,30.289158,2.9836383,13.5,6.25,10.51707,2.1155012,1.9476241,2.5327764,3.3578079,,4.4512444,1.48,30.694258,23.202545,4.6,68.05341,2.8272,6.016943,13.045577,29.461458,2.1614969,125.66278,170.97,147.64,5.5027375,3.19
2025-01-07,23.51,0.545,5.284986,58.002228,3.4596088,7.43,10.081035,7.6693754,28.293446,0.515,69.69822,15.029175,4.2651772,69.83604,1.5605325,32.784668,26.970514,9.428977,6.277593,11.370789,38.09003,3.6632652,3.08,61.172886,30.420984,3.010668,3.2903721,12.263808,5.4898434,0.99,36.409492,24.661114,2.79,6.021154,1.3391707,35.47517,17.652802,3.123819,19.10073,36.898506,3.63,148.06711,14.972157,15.6274805,5.708261,14.272219,5.150549,2.6882281,6.9020987,3.4949205,6.482647,1.6479598,7.2309065,291.52792,18.038757,33.167965,2.4157255,2.9275088,0.72720903,10.33,276.60056,13.021558,4.15,2.5645914,2.66,3.163498,1.82,4.312557,2.610123,28.099117,2.8271303,5.0204797,0.76,3.3049757,5.9652815,2.41,6.2617517,1.345,32.21967,3.8622563,6.558757,4.05,3.34,1.295,4.7406826,10.937175,2.5,0.8689299,15.716515,15.77239,33.685555,3.668274,,2.58,36.825703,6.708179,1.8170004,4.1846313,1.9172744,39.152058,1.0584441,2.927833,1.0391818,9.693062,71.85091,4.359779,7.733813,12.422713,4.1,10.565918,4.95,5.1016846,2.3512,4.5837493,2.911519,4.3857903,5.56,8.840567,89.72739,1.89,50.1,3.6375794,1.3470131,1.278758,3.372398,9.01,5.805819,137.67,29.01174,8.32,0.57,7.03,90.5,9.706113,1.775124,,34.42,13.7389345,6.799936,3.6068478,215.53961,3.05,2.8683994,35.445354,3.01,14.335458,0.8521434,59.772095,11.91,4.414329,5.243055,0.7789933,2.2737904,15.207687,3.59,3.6115623,29.258366,48.249744,12.07,6.59,15.286179,0.63,2.2842586,10.107623,15.567237,0.255,8.61,2.27,258.29547,23.59724,22.466183,1.649,2.05,18.502985,1.3098475,2.507206,13.08,8.621903,18.079578,3.891771,238.8976,22.214201,1.9475069,33.655396,104.68051,37.102978,2.0470078,2.5183976,0.39,4.9583306,3.257688,3.2334886,5.5641637,5.96,21.446215,9.35,46.39862,11.777474,4.536408,0.185,26.492855,2.8964548,7.15549,2.17,6.17,2.6878064,32.388313,2.3044288,1.595,1.2822407,6.353556,0.205,13.969222,17.544813,0.56245536,12.728659,4.805885,3.8325574,24.67,30.358154,2.9501145,14.19,6.3,10.574436,2.1475542,1.9476241,2.570579,3.4139273,,4.543281,1.49,30.853828,23.275366,4.65,67.92094,2.7775998,5.881077,13.073936,29.240736,2.1705408,126.15057,174.76,147.66,5.351612,3.28
2025-01-08,23.26,0.49,5.238216,57.82446,3.498811,7.3,10.108038,7.523013,28.283785,0.525,69.7567,15.194011,4.2651772,70.61504,1.5700771,32.784668,27.435204,9.483167,6.268495,11.490094,38.547226,3.5986736,3.11,60.790966,30.247755,3.0291383,3.2693248,12.448504,5.5376644,1.06,37.068066,25.022055,2.72,6.1379824,1.3299351,35.426075,17.828129,3.0683665,19.023983,36.773457,3.58,150.55516,15.222776,15.58824,5.634368,14.165853,5.3596115,2.605087,6.978365,3.4767652,6.6818066,1.6295981,7.2216954,293.57996,18.1337,32.865494,2.3881695,2.8911424,0.74205005,10.14,279.14676,12.882396,4.22,2.5935154,2.67,3.20039,1.87,4.266285,2.6393406,28.451906,2.8556871,5.0773153,0.84,3.376823,6.060119,2.33,6.2066627,1.26,32.06769,3.9086778,6.45757,4.05,3.39,1.26,4.8274026,10.956364,2.57,0.88845646,15.812406,16.06498,33.616947,3.6584656,,2.69,36.72708,6.7905445,1.8517756,4.1753116,1.8289205,39.270973,1.040351,2.9213843,1.0647955,9.291178,70.842125,4.3969626,7.9276195,12.481219,4.09,10.565918,5.03,5.1016846,2.361079,4.5642853,2.9207036,4.4033694,5.23,8.802213,90.518265,1.88,50.73,3.6673145,1.3517066,1.2935131,3.3630562,8.92,5.723532,139.08,28.44083,8.46,0.595,6.94,88.4,9.768389,1.7704649,,35.5,13.672699,6.828913,3.6257317,218.81142,2.96,2.8868458,36.092026,3.05,14.382864,0.84249645,60.254925,12.46,4.378146,5.2524514,0.78389263,2.2642365,15.46773,3.61,3.5457265,29.150656,48.587086,11.5,6.19,15.25665,0.66,2.2749352,10.191004,15.922784,0.26,8.28,2.29,258.16608,23.73901,22.036894,1.666,2.06,18.52118,1.3240335,2.5363595,12.93,8.612623,17.852448,3.891771,236.40163,22.489176,1.9200771,33.674747,105.84921,37.15238,2.0856307,2.6545272,0.415,5.046002,3.2672696,3.2334886,5.535678,5.92,21.349827,9.3,45.996517,12.14888,4.48131,0.195,26.539845,2.9261112,7.173628,2.15,6.16,2.760944,32.494286,2.3044288,1.625,1.2393404,6.3718133,0.22,14.098395,17.715763,0.55764806,12.67275,4.777221,3.8137705,24.84,29.707623,2.9434094,14.35,6.2,10.603119,2.1796072,1.9476241,2.5894804,3.3858674,,4.744089,1.55,31.285616,23.166136,4.6,68.88611,2.90656,5.8325534,13.05503,29.634195,2.1434088,126.479095,171.69,142.8,5.351612,3.12
2025-01-09,23.5,0.495,5.1727386,57.004745,3.5086117,7.01,10.063033,7.415681,28.274124,0.53,69.98091,15.339454,4.2386856,70.981636,1.5462157,32.833023,27.295797,9.465103,6.2957892,11.288192,38.3853,3.5709915,3.07,60.64192,29.41048,3.001433,3.2131991,12.356156,5.518536,1.08,36.94576,24.758663,2.63,6.0930486,1.3253171,35.406437,17.588207,3.0591245,18.61146,36.513744,3.62,149.6504,15.148519,15.529379,5.560475,14.098166,5.38812,2.6143248,6.883032,3.4676874,6.6718483,1.6250077,7.2677517,295.3986,18.029263,31.740677,2.369799,2.900234,0.72720903,10.16,278.3916,12.584191,3.98,2.6513631,2.84,3.154275,1.91,4.2940483,2.5809052,28.003769,2.8366492,5.011007,0.785,3.4217274,6.031668,2.33,6.114848,1.225,31.81123,3.8529723,6.411576,3.75,3.36,1.29,4.923758,10.860423,2.54,0.9372727,15.438432,16.375854,33.65615,3.756548,,2.7,36.825703,6.7905445,1.8691633,4.138032,1.7140609,39.24124,1.040351,2.94718,1.0538182,9.386865,72.15749,4.406258,7.9091616,12.247197,4.04,10.575674,4.99,5.052535,2.370958,4.5253572,2.9390728,4.3330555,5.2,8.7926235,90.76306,1.85,50.34,3.627668,1.3329328,1.2984314,3.2789798,8.67,5.6595306,137.42,25.453068,9.13,0.56,6.85,89.44,9.617148,1.7471693,,34.63,13.72001,6.5488024,3.6162896,222.6539,2.81,2.8683994,35.951447,3.12,14.363901,0.8360652,61.80194,12.08,4.405283,5.186678,0.7789933,2.2642365,15.920398,3.61,3.573942,29.77734,48.517635,11.29,5.9,15.128691,0.715,2.2562883,10.311443,16.076534,0.25,7.95,2.24,268.1193,23.710655,22.542501,1.666,2.07,18.40292,1.3240335,2.5557954,13.15,8.566218,17.834276,3.872457,235.1143,22.440075,1.9109339,33.307137,106.32399,37.369766,2.075975,2.6934214,0.405,4.890141,3.2385252,3.2334886,5.459717,5.91,21.176329,9.51,45.545376,12.334582,4.435395,0.13,26.361282,2.9557676,7.1282825,2.17,5.97,2.715233,32.45575,2.313125,1.615,1.2441071,6.390071,0.22,14.098395,17.733755,0.5480335,12.663432,4.6912313,3.8231642,24.25,29.904753,2.9367049,14.19,6.24,10.459703,2.1796072,1.9385654,2.5611284,3.367161,,4.861227,1.585,31.126041,23.111519,4.52,68.9902,2.50976,5.7743244,13.05503,29.394281,2.1434088,125.27452,171.12,140.7,5.3071632,3.04
2025-01-10,23.49,0.495,5.1727386,57.2714,3.4498081,7.04,10.198047,7.4059234,27.936033,0.525,70.078384,15.174618,4.274008,70.935814,1.5318989,32.765327,27.221447,9.419946,6.2321033,11.279015,38.299576,3.5986736,3.08,60.613976,29.064022,3.001433,3.171105,12.22687,5.461151,1.07,37.33149,24.651358,2.59,6.0031805,1.3299351,35.406437,17.87427,3.0683665,18.630648,36.28289,3.65,147.06813,15.334163,15.63729,5.551238,13.924115,5.407126,2.6328006,6.7972326,3.4676874,6.7216387,1.6250077,7.1940613,292.92838,17.915335,31.787937,2.3606138,2.8729591,0.746997,10.69,276.00995,12.623952,3.87,2.6513631,3.0,3.1819441,1.935,4.2570305,2.5224693,27.679586,2.8271303,4.897336,0.765,3.5205176,6.0411515,2.38,6.078122,1.2,31.583258,3.7972667,6.393178,3.9,3.4,1.285,4.991206,10.745296,2.49,0.947036,15.3808975,16.394142,33.616947,3.7467396,,2.72,36.9046,6.772241,1.877857,4.110072,1.6212895,38.80523,1.0358279,2.927833,1.0574774,9.281609,71.55421,4.378371,7.8999333,12.110683,4.12,10.429331,4.94,5.3179407,2.4104738,4.4864297,2.9298882,4.2803206,5.12,8.87892,91.36564,1.825,50.37,3.677226,1.3235459,1.2984314,3.2322707,8.63,5.6321015,137.31,24.758461,9.13,0.555,6.99,88.48,9.643838,1.7425102,,34.4,13.786244,6.587438,3.5879638,219.89568,,2.84073,35.567192,3.11,14.307014,0.8296339,62.787304,11.91,4.3871913,5.1490936,0.78879195,2.2642365,15.958921,3.54,3.583347,29.747963,48.745834,11.08,5.82,15.15822,0.75,2.2749352,10.2651205,16.249504,0.245,7.91,2.19,267.12396,23.42003,22.952711,1.785,2.08,18.293758,1.3240335,2.575231,13.08,8.668308,17.688913,3.872457,235.19292,22.165096,1.9017906,32.649315,108.688774,37.31048,2.104942,2.683698,0.415,4.9193654,3.257688,3.242597,5.4027457,5.82,20.983555,9.81,45.408073,13.096942,4.4537606,0.11,26.304895,2.9656532,7.101075,2.11,5.86,2.7335174,32.330517,2.269645,1.59,1.2584074,6.3626847,0.215,14.107622,17.643784,0.5432261,12.560931,4.6434593,3.7949834,23.99,29.91461,2.9232953,13.77,6.24,10.364095,2.2116601,1.9295067,2.5044243,3.4045742,,4.961631,1.6,30.60039,22.993187,4.47,68.71578,2.6089602,5.7840295,13.064483,29.048805,2.125321,124.95596,170.1,140.33,5.218266,3.04
2025-01-13,22.22,0.53,5.1727386,56.984993,3.410606,6.95,10.369065,7.4254384,27.984331,0.48,68.95737,15.097048,4.3269916,70.24845,1.5032653,32.591248,26.858988,9.302535,6.2321033,11.040401,37.709034,3.5248547,3.08,59.64519,28.592453,3.010668,3.1570735,11.986764,5.336817,1.065,37.24682,24.387968,2.61,5.904326,1.3668777,34.19873,17.606663,3.0129142,18.496338,36.07127,3.4,143.96748,15.083544,15.225266,5.5420012,13.779073,5.3596115,2.5681355,6.7209663,3.422299,6.7216387,1.6250077,7.0743136,293.9398,17.85837,32.232193,2.3055022,2.8275008,0.73710304,9.88,271.08206,12.534491,3.76,2.6513631,3.02,3.1819441,1.945,4.0534334,2.5322087,27.412611,2.7985735,4.8499727,0.74,3.5025558,5.832509,2.34,6.013852,1.24,30.96584,3.8251193,6.347184,3.6000001,3.37,1.22,5.0490193,10.601385,2.52,0.9031013,15.448021,16.43986,33.313126,3.6584656,,2.75,36.12548,6.671572,1.9474072,4.0727925,1.5594419,37.348545,1.0177348,2.8891394,1.0208864,8.994549,67.10371,4.3040037,7.75227,11.749898,4.22,10.224452,4.97,5.2884517,2.3018048,4.398842,2.8747807,4.2100077,4.95,8.763859,90.857216,1.795,49.39,3.6375794,1.3704803,1.2984314,3.2042453,8.28,5.6229587,138.0,24.301735,9.21,0.545,7.1,86.33,9.465907,1.7052373,,35.08,13.5591545,6.384599,3.5596378,214.55048,,2.84073,34.883026,3.28,14.126873,0.8264183,62.846424,11.85,4.414329,5.0739245,0.78389263,2.206914,16.161179,3.47,3.2447631,26.790794,48.16045,10.92,5.47,14.557797,0.745,2.2096705,10.36703,16.249504,0.26,8.18,2.2,252.8212,19.69154,22.094131,1.7,2.03,18.011755,1.3098475,2.584949,12.68,8.640466,17.343676,3.833829,231.81253,21.723171,1.8926474,32.48486,108.46052,37.31048,2.104942,2.7225919,0.395,4.851176,3.2289436,3.2061634,5.3172894,5.66,20.646198,9.47,44.594067,12.793953,4.3527474,0.125,25.966568,2.9162257,6.9650393,2.07,5.72,2.669522,31.66579,2.2783408,1.59,1.2536407,6.4996147,0.21,14.070716,17.2479,0.5384188,12.654114,4.6434593,3.804377,24.02,28.938812,2.9367049,13.51,6.07,10.077265,2.1796072,1.9023303,2.5233257,3.367161,,5.145705,1.605,29.915169,23.45742,4.47,67.14503,2.5990398,5.871372,13.007764,28.885664,2.107233,120.47618,165.42,134.31,5.1471486,2.94
2025-01-14,21.34,0.52,5.2569237,58.268883,3.4890106,7.15,10.351063,7.483983,28.592897,0.485,68.88913,15.077656,4.3358216,71.21076,1.5128099,32.968414,26.970514,9.39285,6.2593975,10.847676,37.728085,3.5986736,3.17,60.073692,29.179508,3.010668,3.1921523,12.051409,5.384638,1.075,37.78308,24.76842,2.75,5.9312863,1.3761133,34.787853,18.123419,3.0498824,18.218124,37.05241,3.29,143.21353,15.62191,15.303747,5.6251316,14.146514,5.530663,2.6143248,6.9688315,3.4858427,6.8909245,1.6571406,7.203273,291.23615,18.057747,32.752068,2.3146875,2.8365924,0.761838,9.68,270.73355,12.812815,3.82,2.6706457,3.09,3.209613,1.98,4.034925,2.5809052,27.956095,2.8366492,4.8310275,0.715,3.5384793,6.0127006,2.38,6.0873036,1.27,31.34579,3.8901093,6.393178,3.6000001,3.41,1.195,5.1164684,10.793265,2.57,0.91286457,15.534324,16.915318,33.85217,3.6290412,,2.76,36.25369,6.708179,1.9734886,4.138032,1.5947834,37.98275,1.0358279,2.9084864,1.0318637,8.84145,66.04547,4.3225956,7.7984147,11.905913,4.21,10.341527,4.98,5.3769197,2.3314419,5.0606146,2.911519,4.2803206,4.47,8.840567,89.3696,1.81,50.97,3.8556361,1.3517066,1.2935131,3.3070052,8.24,5.7418184,137.97,25.557735,9.17,0.54,7.21,86.0,9.599355,1.737851,,35.77,13.7389345,6.4328938,3.5785217,214.26514,2.55,2.84073,34.84554,3.25,14.316496,0.83284956,63.16174,12.0,4.477649,5.2054706,0.7985906,2.2164679,16.469376,3.58,3.320004,26.594954,48.845055,11.07,5.48,14.803872,0.755,2.2283177,10.413353,16.230284,0.235,8.46,2.2,252.81125,19.42218,21.683922,1.683,2.15,17.975368,1.333491,2.6043847,12.87,8.454848,17.66166,3.833829,232.28423,22.027609,1.9383634,33.23942,109.38269,36.77691,2.0856307,2.7517626,0.405,4.938848,3.276851,3.242597,5.4027457,5.73,21.33055,9.53,44.299843,12.94056,4.426212,0.14,26.229712,2.8964548,6.9922466,2.05,5.91,2.7426596,32.205276,2.287037,1.485,1.263174,6.517872,0.21,14.209116,17.391857,0.57207006,12.682068,4.6339045,3.8231642,24.98,28.613546,2.9501145,13.04,6.1,10.153752,2.2757661,1.9295067,2.5800297,3.4232805,,5.0202003,1.565,29.84946,23.584856,4.54,66.93685,2.5990398,6.2595615,13.376442,28.92405,2.1434088,118.863464,165.21,133.89,5.289384,2.9
2025-01-15,21.2,0.515,5.3130474,58.48616,3.5380135,7.15,10.270055,7.5718007,28.824732,0.485,69.045105,15.116441,4.3181605,70.75252,1.5128099,32.862034,27.12851,9.555419,6.2412014,10.966983,38.175755,3.5709915,3.15,60.02712,29.23725,3.0291383,3.3324664,12.116052,5.355945,1.08,37.42557,24.76842,2.73,5.9582467,1.3714955,34.61112,18.280293,3.0591245,18.016663,36.36946,3.31,142.56325,15.733297,15.57843,5.560475,14.214201,5.540166,2.605087,6.9020987,3.5130758,6.940714,1.6800928,7.2216954,298.52045,18.01977,32.109314,2.3238728,2.854776,0.73710304,9.77,267.52896,13.071258,3.8,2.6610045,3.13,3.2465053,1.99,4.081197,2.5516872,28.099117,2.8366492,4.8120823,0.68,3.6103265,6.069603,2.37,6.096485,1.255,31.250805,3.8436878,6.429973,3.6000001,3.41,1.19,5.24173,10.956364,2.6,0.9177462,15.505555,17.226192,33.27392,3.7369313,,2.74,36.03672,6.7264824,2.0169573,4.1846313,1.6212895,39.63762,1.040351,2.927833,1.0282046,8.851019,63.770775,4.313299,7.881475,12.432465,4.16,10.526894,5.1,5.249132,2.311684,4.982759,2.9390728,4.297899,4.49,8.677562,88.71053,1.815,51.52,3.7168727,1.3235459,1.3328595,3.3537142,8.19,5.750961,140.24,25.786098,9.18,0.58,7.07,85.0,9.563768,1.7611467,,36.75,13.663238,6.423235,3.5218697,213.23795,2.65,2.8499532,35.051727,3.27,14.269091,0.8360652,63.97959,11.01,4.4686036,5.1303015,0.8328859,2.2164679,16.642738,3.62,3.2823837,26.02702,48.845055,11.27,5.38,14.764501,0.77,2.2189941,10.36703,16.114973,0.245,8.35,2.29,252.50272,19.11738,21.531284,1.785,2.1,18.11182,1.3098475,2.6335382,12.97,8.222827,17.743425,3.891771,229.10036,22.04725,1.9475069,33.500614,109.09965,36.628693,2.1339092,2.8198276,0.405,5.0654845,3.276851,3.2699223,5.4976974,5.81,20.916084,9.42,45.01578,13.145811,4.48131,0.13,26.201517,2.827256,7.010385,2.09,5.87,2.7335174,32.099308,2.3218207,1.48,1.2965409,6.517872,0.215,13.996902,17.373863,0.56726265,12.57025,4.6339045,3.7761965,25.11,28.081293,2.997048,12.87,6.08,10.172875,2.2757661,1.9385654,2.5894804,3.4045742,,5.195907,1.59,29.90578,23.466522,4.58,66.91793,2.58912,6.0848765,13.28191,28.81849,2.1614969,114.48324,165.58,133.79,5.218266,2.81
2025-01-16,21.74,0.555,5.3317556,59.93794,3.5674155,7.24,10.477077,7.5913153,28.708813,0.52,69.42527,15.116441,4.3888054,71.39406,1.5366712,33.19085,27.862715,9.537356,6.268495,10.884386,37.86143,3.607901,3.15,60.185474,29.227629,3.0291383,3.318435,12.309982,5.3942018,1.1,37.613735,25.100096,2.78,6.048115,1.3714955,35.867916,18.363342,3.0868506,18.122189,37.119743,3.35,146.78539,16.113867,15.401848,5.6251316,14.542965,5.6256914,2.6143248,6.8162994,3.549387,7.020378,1.7122257,7.2677517,295.5445,17.991287,31.976984,2.3514285,2.8820508,0.73710304,10.06,266.83188,13.965869,3.78,2.6513631,3.28,3.2557282,2.01,4.118214,2.5711658,27.536562,2.865206,4.9257536,0.665,3.6552312,6.135989,2.33,6.2250257,1.3,31.355288,3.8993933,6.5771546,3.6000001,3.56,1.17,5.3862634,11.033115,2.58,0.9372727,15.5535,17.27191,33.342525,3.9036713,,2.86,37.17088,6.7356343,2.0430386,4.2685103,1.6610487,40.62856,1.0493976,2.9923227,1.0355227,8.975411,64.97735,4.331891,7.946077,12.442216,4.16,10.53665,5.13,5.239302,2.400595,5.167666,2.9207036,4.2803206,4.42,8.735092,88.606964,1.88,54.56,3.7763426,1.4033343,1.3623692,3.5031836,8.49,5.723532,143.15,25.86222,9.17,0.58,7.09,85.35,9.839561,1.812397,,36.01,13.436148,6.597097,3.5690796,220.02884,2.73,2.84073,36.035797,3.27,14.221684,0.8360652,65.87149,12.28,4.4595575,5.1490936,0.8328859,2.2260215,16.719788,3.66,3.3011937,26.526411,48.914505,11.05,5.35,15.18775,0.77,2.2562883,10.302178,16.182238,0.25,8.47,2.34,251.3979,19.833307,22.494802,1.785,2.16,18.293758,1.3051188,2.6821275,12.95,8.287794,17.916044,3.9014277,232.44144,22.420433,1.9657934,33.065292,109.20921,37.0931,2.2401216,2.8781688,0.405,5.162898,3.343921,3.288139,5.545173,5.83,21.523325,9.74,45.13347,12.881918,4.646604,0.135,26.116938,2.8371415,7.046661,2.15,5.91,2.7335174,32.301613,2.3305168,1.435,1.3013076,6.581773,0.21,14.070716,17.634787,0.6009139,12.691386,4.6243505,3.7574093,25.8,28.160145,3.0842104,12.87,6.13,10.211119,2.3719254,1.9566828,2.5989308,3.4326336,,4.995099,1.61,30.65671,23.512035,4.69,66.95578,2.66848,6.016943,13.291363,28.847277,2.1795847,117.46976,168.0,138.38,5.2449355,3.09
2025-01-17,22.63,0.605,5.434649,61.794643,3.763427,7.2,10.549084,7.6303453,28.670176,0.535,68.97687,15.087353,4.4594502,71.898125,1.5414435,33.055454,27.370148,9.5734825,6.323083,10.783435,38.118603,3.607901,3.22,60.399723,29.448977,3.0291383,3.3675451,12.152991,5.384638,1.12,37.679592,24.97328,2.86,6.0121675,1.3807311,36.525776,18.75091,3.0683665,18.189344,36.73498,3.46,145.04187,16.290226,15.244886,5.6620784,14.417261,5.749229,2.6328006,6.8448987,3.5312316,7.139874,1.7122257,7.3414426,294.92206,18.1337,32.364525,2.3514285,2.9093256,0.74205005,9.94,266.2994,14.204432,3.94,2.6802871,3.44,3.3110662,2.01,4.136723,2.5614266,27.822607,2.8556871,5.0015345,0.69,3.6552312,6.221343,2.41,6.1699367,1.295,31.393284,3.8901093,6.549558,3.6000001,3.56,1.18,5.395899,11.0043335,2.57,0.95191765,15.7644615,17.573643,34.2148,3.982137,,2.91,37.318817,6.717331,2.077814,4.2312307,1.7008078,39.984447,1.0539209,2.972976,1.0355227,8.860588,64.819115,4.3411875,7.992222,12.58848,4.43,10.439088,5.32,5.3179407,2.479627,5.1384706,2.9482574,4.350634,4.41,8.706327,86.70508,1.865,53.63,3.7763426,1.4033343,1.3328595,3.4845,8.64,5.7418184,143.68,27.860405,9.2,0.635,7.03,85.03,10.035285,1.8030787,,37.05,13.473996,7.263568,3.5785217,219.79106,2.69,2.8591762,35.407864,3.32,14.344939,0.8264183,65.92076,13.2,4.4595575,5.186678,0.84268457,2.1973603,16.806469,3.66,3.2541683,26.154316,48.686302,10.82,5.4,15.227121,0.73,2.2469647,10.329972,16.009268,0.255,8.63,2.39,247.53606,20.145195,22.599741,1.785,2.21,18.475695,1.3145761,2.6626918,12.98,8.380602,17.879704,3.9207418,226.13268,22.351688,1.9657934,33.045944,108.41486,37.893456,2.259433,2.8878922,0.405,5.1823807,3.3343396,3.260814,5.611639,5.8,21.253439,9.87,45.084435,13.06762,4.637421,0.14,25.966568,2.7975996,7.0375924,2.16,5.99,2.7335174,32.147472,2.3392127,1.425,1.3156077,6.6182876,0.225,14.098395,17.61679,0.6153358,12.859115,4.605242,3.7574093,26.59,28.278423,3.0104575,13.08,6.25,10.383216,2.3719254,1.9385654,2.6272829,3.4513402,,5.0202003,1.625,30.18738,23.439215,4.71,67.2775,2.66848,6.113991,13.338629,28.741716,2.1705408,116.54394,167.79,139.25,5.2982736,3.06
2025-01-20,23.66,0.565,5.4907727,63.315563,3.7340252,7.04,10.639092,7.6791325,28.544598,0.535,68.91837,15.194011,4.397636,71.39406,1.5223544,33.364925,27.48167,9.564451,6.2593975,10.893563,38.213852,3.654038,3.24,60.660553,29.651075,3.001433,3.444718,12.171461,5.4515867,1.095,37.85835,25.041565,2.82,6.021154,1.3622599,36.604324,19.027746,3.1053348,18.31406,36.706123,3.53,146.1351,15.891094,15.303747,5.6251316,14.542965,5.7682347,2.6420386,6.9020987,3.5675423,7.1299157,1.7214066,7.32302,300.44608,18.219145,32.31726,2.3514285,2.945692,0.72720903,9.8,265.825,14.204432,3.82,2.6802871,3.34,3.2557282,1.96,4.1459775,2.6296015,28.432837,2.8556871,5.105733,0.66,3.6731932,6.2877293,2.4,6.215844,1.305,31.516768,3.8808248,6.5035644,3.45,3.51,1.15,5.3380857,11.129056,2.55,0.94215435,15.678159,17.518782,34.43042,3.982137,,2.88,37.535786,6.7356343,2.1212828,4.2778306,1.7361493,40.499737,1.0720139,3.0116699,1.042841,8.678782,64.51253,4.350483,7.9829926,12.705491,4.43,10.517137,5.46,5.239302,2.5586586,5.206594,2.957442,4.3154774,4.41,9.243281,89.303696,1.86,54.5,3.8655477,1.3235459,1.2935131,3.4471326,8.73,5.750961,144.44,27.403677,9.19,0.63,6.9,85.17,10.239905,1.8170561,,37.42,13.4834585,7.5340204,3.6068478,223.92838,2.78,2.8683994,35.68903,3.53,14.430269,0.8360652,66.15724,12.9,4.441466,5.1960745,0.83778524,2.206914,16.363432,3.66,3.2447631,26.33057,48.34896,11.2,5.34,15.305865,0.71,2.237641,10.376295,15.961222,0.27,8.31,2.45,257.08118,20.053047,23.095808,1.649,2.2,18.539371,1.2814753,2.6141026,13.12,8.473411,17.934216,3.9207418,227.5379,22.803436,1.993223,32.523552,109.64747,38.3875,2.2111547,2.829551,0.39,5.221346,3.3630838,3.3063562,5.697096,5.77,21.041388,9.88,45.663067,13.106716,4.66497,0.115,26.182722,2.8173704,6.9469013,2.09,5.93,2.7243752,32.301613,2.3913884,1.42,1.3299077,6.6548023,0.235,14.162983,17.706764,0.6537943,12.682068,4.605242,3.7574093,26.1,28.751537,3.003753,13.07,6.08,10.344972,2.2757661,1.9476241,2.5800297,3.5074594,,4.802658,1.595,30.309406,23.302675,4.74,67.88309,2.61888,6.016943,13.433163,28.972033,2.2067163,117.47971,168.67,140.9,5.289384,3.01
2025-01-21,23.8,0.57,5.4627113,62.930397,3.694823,7.14,10.486076,7.6693754,28.718473,0.53,68.72342,15.223099,4.424128,71.34823,1.5605325,32.542892,28.02071,9.510262,6.2593975,11.067935,38.375774,3.626356,3.31,60.26,29.612581,3.001433,3.395608,12.254574,5.508972,1.14,38.206448,25.09034,2.82,6.030141,1.3622599,36.673054,19.055428,3.0868506,18.323654,37.21593,3.58,147.20949,16.197407,15.254697,5.634368,14.649329,5.7207203,2.6328006,6.883032,3.57662,7.229496,1.7397681,7.3322315,303.4901,18.190662,31.976984,2.3606138,2.9275088,0.722262,9.95,264.71167,14.552336,3.9,2.6706457,3.54,3.3110662,1.995,4.2292676,2.619862,28.718882,2.874725,5.153096,0.665,3.664212,6.297213,2.41,6.2525697,1.335,31.383785,3.8808248,6.5035644,3.6000001,3.64,1.2,5.453712,11.177026,2.58,0.95191765,15.98501,17.710794,33.99918,3.982137,,2.94,37.328674,6.744786,2.1386704,4.2685103,1.7935791,39.746624,1.0629674,3.0245678,1.0538182,8.860588,71.63333,4.4248505,8.038366,12.666488,4.45,10.448844,5.41,5.2294726,2.5389006,5.177398,2.9482574,4.368212,4.37,9.25287,92.278915,1.92,54.83,3.7168727,1.3329328,1.3476143,3.4751582,9.0,5.8149624,145.66,27.20386,9.12,0.705,6.88,86.44,10.489008,1.8450108,,36.82,13.578079,7.7175407,3.6068478,225.72597,2.87,2.8868458,36.429424,3.59,14.449231,0.8521434,66.64007,13.6,4.450512,5.1772823,0.84268457,2.2164679,16.623476,3.64,3.235358,27.544773,49.261772,11.24,5.42,15.502726,0.72,2.2189941,10.135416,15.970832,0.27,8.35,2.44,261.76913,19.386738,23.782673,1.7,2.26,19.030602,1.2767466,2.6626918,13.27,8.399164,18.088663,3.9207418,233.84666,23.107876,1.993223,31.633558,110.12225,38.377625,2.259433,2.9267864,0.4,5.3090177,3.4301538,3.2972474,5.697096,5.84,21.619713,10.16,45.849407,13.136037,4.66497,0.12,26.220314,2.748172,6.9831777,2.07,5.85,2.6969485,32.55209,2.4000843,1.465,1.3585079,6.508744,0.24,14.292156,17.9227,0.6249504,12.756614,4.6530137,3.7574093,26.49,28.80082,2.9769337,13.48,6.05,10.287606,2.3719254,1.9385654,2.6083815,3.5448723,,4.68552,1.64,30.731806,23.42101,4.83,68.9618,2.6784,6.0945816,13.518243,28.962437,2.1886287,118.4354,166.0,140.94,5.582745,3.15
2025-01-22,24.61,0.57,5.565604,61.073692,3.5674155,7.22,10.558084,7.6693754,28.92133,0.52,67.75837,15.504291,4.3888054,71.62318,1.6082551,33.26822,28.085766,9.600577,6.2048097,11.297369,38.3472,3.6355832,3.45,60.26,30.603836,2.9737275,3.4517338,12.319218,5.5854855,1.18,37.44439,25.178137,3.22,6.0571012,1.3668777,36.977436,18.907784,3.0683665,18.515524,37.668026,3.49,148.67027,16.373766,15.225266,5.745208,14.765365,5.5876803,2.6512764,6.9020987,3.4949205,7.4684873,1.6800928,7.249329,306.17432,18.27611,32.544117,2.3514285,2.900234,0.702474,9.7,261.6426,14.840599,3.98,2.6899285,3.41,3.4217427,2.02,4.312557,2.6490798,28.356558,2.8937628,5.1909866,0.645,3.6193078,6.382567,2.36,6.2433887,1.44,31.34579,3.8808248,6.5219617,3.6000001,3.7,1.22,5.675329,11.119462,2.6,0.947036,16.013777,17.399918,34.07759,4.1881094,,3.06,38.097935,6.6898756,2.190833,4.2312307,1.7935791,39.191696,1.0584441,3.0310166,1.042841,8.851019,74.372856,4.462034,8.149113,12.471469,4.43,10.361038,5.34,4.8657684,2.4993846,5.2649856,2.911519,4.359423,4.15,9.204928,94.75513,1.94,54.47,3.7862542,1.3235459,1.4017156,3.4845,9.6,5.760104,146.83,26.775675,9.11,0.705,6.78,85.43,10.666938,1.8217152,,36.56,13.44561,7.910721,3.6162896,227.0385,2.75,2.8776226,36.794937,3.75,14.875882,0.8682216,66.709045,14.01,4.4957404,5.1772823,0.8328859,2.1973603,16.623476,3.65,3.2259529,28.798143,49.21216,11.6,5.4,15.837387,0.74,2.2283177,10.348501,16.287941,0.265,9.19,2.41,266.8851,19.174086,24.030708,1.7,2.29,18.875956,1.2483746,2.7501523,13.25,8.705432,18.297623,3.9786837,235.12415,23.35339,1.9840797,32.1366,109.20921,39.029766,2.2787445,3.0045748,0.405,5.3090177,3.410991,3.2972474,5.697096,5.78,21.282356,10.12,47.18321,13.272871,4.66497,0.115,26.34249,2.609775,7.0375924,2.08,6.24,2.6420956,32.744762,2.3566046,1.465,1.3680412,6.508744,0.24,14.301383,18.138636,0.6297577,12.784569,4.6912313,3.7292287,26.84,29.3725,2.9367049,14.03,6.09,10.172875,2.4680846,1.9385654,2.6178322,3.6290514,,4.785924,1.665,30.957083,22.984083,4.88,69.47277,2.70816,6.162514,13.924734,29.048805,2.1705408,121.90971,170.05,144.84,5.662752,3.15
2025-01-23,24.81,0.565,5.5094805,60.491,3.577216,7.15,10.459074,7.68889,28.679834,0.525,65.96473,15.300669,4.4064665,70.75252,1.6225721,32.7073,28.067179,9.537356,6.1775155,11.168885,37.81381,3.5894463,3.5,59.542725,30.449856,2.9829626,3.4236708,12.273044,5.41333,1.15,36.804634,24.797686,3.21,6.066088,1.4038203,36.85961,18.575583,3.0498824,18.496338,37.72574,3.6,148.76453,16.42946,15.470519,5.6713147,14.717016,5.3976226,2.6420386,6.835366,3.449532,7.568067,1.6204174,7.18485,303.35397,18.171675,32.336166,2.3330579,2.8729591,0.702474,9.3,261.40057,14.850539,4.06,2.6802871,3.52,3.3664045,2.01,4.377338,2.5711658,28.28028,2.874725,5.153096,0.655,3.574403,6.4110184,2.22,6.2433887,1.47,31.535765,3.8251193,6.3747807,3.45,3.74,1.17,5.453712,11.04271,2.59,0.9031013,15.917887,17.025038,34.53823,4.1881094,,3.05,37.663994,6.634966,2.1473641,4.1473517,1.7935791,38.85478,1.040351,3.0181186,1.0355227,9.042392,75.15417,4.4992175,8.139884,12.315454,4.52,10.292746,5.21,4.5512137,2.440111,5.274718,2.8747807,4.350634,4.12,9.137808,92.721436,1.95,54.25,3.736696,1.3188525,1.4164706,3.4284492,9.61,5.750961,143.59,26.804222,9.12,0.66,6.63,85.6,10.577973,1.8030787,,35.37,13.303679,8.181173,3.5879638,227.16212,2.77,2.84073,36.701218,3.75,14.724184,0.8521434,65.46749,14.55,4.4595575,5.1772823,0.81328857,2.1495917,16.642738,3.61,3.1883326,29.27795,49.499893,11.89,5.54,15.8078575,0.75,2.1910236,10.48747,16.326378,0.27,9.2,2.32,268.97525,19.03232,23.95439,1.785,2.29,19.012407,1.2625606,2.7015631,13.07,8.742555,18.479328,3.95937,236.84383,22.636486,1.9840797,31.836708,107.73921,38.88155,2.2497773,3.1212573,0.41,5.192122,3.3822467,3.2790308,5.5736585,5.91,20.993195,9.9,46.663418,13.106716,4.6190553,0.115,26.192122,2.609775,6.9650393,2.09,6.58,2.5963843,32.63879,2.3218207,1.445,1.3585079,6.508744,0.24,13.858502,18.048662,0.6153358,12.728659,4.662568,3.7292287,26.89,29.214794,2.8361328,13.92,6.19,10.010339,2.4360316,1.9385654,2.570579,3.526166,,4.476345,1.635,30.938309,22.711006,4.92,68.43191,2.728,6.181924,13.839656,28.597765,2.1343648,121.39205,171.92,139.8,5.582745,3.25
2025-01-24,24.93,0.6,5.500127,59.35525,3.577216,7.33,10.531081,7.757192,28.476978,0.535,67.21247,15.339454,4.4064665,71.11912,1.7037005,32.939404,28.048592,9.5734825,6.141124,11.223949,37.966206,3.654038,3.49,59.542725,29.689571,2.9921978,3.3535137,12.309982,5.470715,1.12,36.98339,24.97328,3.17,6.1020355,1.3899668,36.86943,18.557127,3.0776086,18.649836,38.17783,3.78,149.51846,16.08602,15.57843,5.7544446,14.804042,5.38812,2.6882281,6.8448987,3.4586096,7.508319,1.6755024,7.166427,306.77728,18.285604,32.61973,2.3789842,2.8638675,0.65795106,9.37,263.33688,14.800839,4.1,2.6802871,3.56,3.4401886,1.995,4.4143558,2.610123,28.814228,2.865206,5.200459,0.655,3.601346,6.4963717,2.43,6.2250257,1.455,31.953709,3.8622563,6.4483714,3.45,3.77,1.17,5.3573565,11.081086,2.61,0.87869316,16.157614,17.198763,34.057987,4.2371507,,3.06,37.59496,6.717331,2.1473641,4.2032714,1.8112499,39.449345,1.0674907,3.0697107,1.0318637,9.042392,76.22229,4.6107683,8.139884,12.539725,4.57,10.302502,5.25,4.6298523,2.4697478,5.372037,2.8931499,4.359423,3.94,9.041924,92.31658,1.96,53.06,3.7168727,1.3141592,1.3967973,3.3537142,9.46,5.7783904,140.6,27.070646,9.06,0.67,6.52,85.21,10.835973,1.812397,,35.42,14.079569,8.268105,3.6068478,227.66621,2.87,2.8683994,36.926147,3.66,14.847439,0.86500597,65.674416,14.73,4.4324203,5.120905,0.8181879,2.1591454,16.536795,3.6,3.2071428,29.934011,49.410595,11.74,5.4,15.65037,0.76,2.2283177,10.524528,16.528177,0.27,9.0,2.31,270.75687,20.286964,24.450457,1.785,2.25,19.21254,1.2672893,2.7015631,13.24,8.779678,18.30671,3.949713,236.85364,22.99985,2.0023663,32.320404,108.04052,38.970478,2.2497773,2.9267864,0.405,5.1823807,3.391828,3.2972474,5.4027457,5.88,21.118498,9.94,47.114555,13.057846,4.6190553,0.115,26.304895,2.669088,7.0375924,2.09,6.54,2.6329534,32.735126,2.287037,1.445,1.3775747,6.4996147,0.235,14.098395,18.183622,0.6393724,12.644795,4.700786,3.7104418,27.53,29.214794,2.8696568,14.03,6.21,10.058144,2.3398724,1.9385654,2.5800297,3.5916383,,4.35084,1.625,30.994629,22.283182,4.99,70.64611,2.5990398,6.113991,14.000361,28.75131,2.1614969,119.689735,172.61,139.54,5.5916343,3.19
2025-01-28,24.37,0.585,5.4627113,55.730732,3.6262188,7.52,10.288056,7.6791325,27.356447,0.53,70.0394,15.339454,4.3534827,72.493835,1.6798393,33.877487,28.36458,9.781209,6.1138296,11.352433,37.756657,3.5709915,3.57,56.49666,30.132269,3.001433,3.4236708,12.411565,5.4324584,1.105,37.143326,24.534294,2.84,6.20089,1.3807311,37.507652,18.990833,3.0776086,18.621054,38.524117,3.77,150.11221,16.113867,15.931593,5.6620784,14.668669,5.25508,2.6974661,6.911632,3.5130758,7.518277,1.6663216,7.18485,306.30075,18.409027,32.515762,2.369799,2.9184172,0.65300405,9.17,263.8016,14.860479,3.78,2.6706457,3.46,3.3848507,1.965,3.9053626,2.619862,29.357714,2.8461683,5.3520207,0.615,3.601346,6.543791,2.32,6.436199,1.23,32.609123,3.8622563,6.4667687,3.3,3.71,1.175,5.3477216,11.2441845,2.62,0.8494034,16.848028,17.262766,33.71496,4.2567673,,3.0,34.517933,6.6624207,2.0865078,4.2219114,1.7935791,39.112423,1.0539209,3.0310166,1.0208864,8.707489,77.092606,4.6014724,8.139884,12.529975,4.52,9.853719,5.15,4.5118947,2.420353,5.430429,2.8472266,4.359423,3.74,8.965217,92.64611,1.97,53.7,3.6970494,1.2859986,1.3476143,3.4097655,9.52,5.897249,139.8,27.622526,9.12,0.66,6.41,82.41,10.675835,1.8170561,,35.39,14.533748,7.910721,3.6162896,224.34686,2.89,2.8683994,37.319775,3.49,15.150834,0.86500597,65.211296,14.39,4.1700935,5.167886,0.7789933,2.130484,16.170809,3.57,3.1977377,30.17881,50.511917,10.18,4.31,14.518425,0.73,2.2189941,10.163211,16.384035,0.265,8.15,2.28,267.6316,20.251522,24.250122,1.7,2.19,19.50364,1.2625606,2.652974,13.19,8.807521,18.442986,3.9207418,240.81381,22.931105,1.9657934,32.16562,107.44704,39.82024,2.2401216,2.8684452,0.405,5.2116046,3.2289436,3.288139,5.37426,5.71,21.359467,9.72,46.967445,13.145811,4.7108855,0.115,26.436466,2.9953098,7.101075,2.14,5.98,2.4226828,32.40758,2.269645,1.365,1.3680412,6.408328,0.23,14.209116,18.156631,0.6297577,12.46775,4.719895,3.7386222,28.3,29.559774,2.8897712,14.09,6.17,10.0390215,2.3078194,1.9385654,2.4855232,3.6290514,,3.9324899,1.6,31.351322,22.183054,5.0,71.40309,2.49984,5.871372,13.726215,28.92405,2.1705408,119.10239,175.62,136.36,5.387171,3.15
2025-01-29,24.98,0.575,5.444003,54.72337,3.6556206,7.55,10.612089,7.7864647,27.559303,0.565,69.551994,15.591557,4.4329586,72.86043,1.694156,33.732426,28.457518,9.67283,6.2412014,11.82048,37.756657,3.6171284,3.64,58.12682,30.122644,3.0199032,3.444718,12.374626,5.461151,1.2,36.814045,24.983034,3.0,6.1469693,1.3807311,37.60584,19.147707,3.1053348,18.726583,38.370213,3.93,149.93314,16.930696,16.029694,5.800628,14.8910675,5.2835884,2.715942,6.9688315,3.57662,7.548151,1.6525502,7.2861743,307.2441,18.37105,32.799328,2.3973548,2.9366004,0.638163,9.01,268.51648,14.88036,4.05,2.6802871,3.67,3.4401886,1.975,4.034925,2.6003835,28.966785,2.8366492,5.3141303,0.64,3.6103265,6.4963717,2.35,6.5463767,1.315,32.865585,3.9272463,6.5035644,3.3,3.89,1.215,5.434441,11.272966,2.65,0.88845646,17.087755,17.454779,34.10699,4.423507,,3.08,35.149117,6.708179,2.156058,4.31511,1.8554265,39.052967,1.0674907,3.127751,1.042841,8.946706,78.56622,4.768799,8.259859,12.851756,4.47,9.765913,5.15,4.472575,2.420353,5.527748,2.911519,4.4209476,3.94,9.080277,94.40676,1.995,53.7,3.6970494,1.3376262,1.3820424,3.5031836,9.84,5.933821,142.46,27.784285,9.16,0.675,6.32,82.0,11.040592,1.8450108,,36.25,14.618907,7.8237906,3.6635,226.00177,3.05,2.8868458,37.010498,3.56,15.349938,0.88429976,65.635,14.43,4.197231,5.2712436,0.78389263,2.1591454,16.315277,3.63,3.1977377,30.296314,50.511917,10.3,4.42,14.40031,0.795,2.2749352,10.329972,16.441692,0.26,8.23,2.36,267.38275,21.196905,24.660334,1.87,2.2,19.831123,1.2767466,2.7501523,13.34,8.7889595,18.579266,3.9786837,242.67107,23.697111,1.993223,32.668663,106.12312,39.662148,2.3077118,2.9073393,0.42,5.2992764,3.1522923,3.324573,5.4407263,5.87,22.255869,9.76,47.02629,13.243549,4.811898,0.13,26.896969,,7.1373515,2.21,5.94,2.4135406,32.523186,2.3044288,1.38,1.372808,6.408328,0.23,14.605865,18.354572,0.6441797,12.505023,4.815439,3.766803,28.66,29.91461,2.8897712,14.3,6.38,10.010339,2.3398724,1.983859,2.4193683,3.5822852,,4.0663624,1.655,31.492119,22.356003,5.03,72.24525,2.54944,5.871372,13.688401,29.048805,2.1976724,122.22827,180.0,141.41,5.396061,3.27
2025-01-30,25.21,0.54,5.3785253,56.13565,3.7928288,7.55,10.567085,7.620588,28.10991,0.57,72.125465,15.6691265,4.397636,71.98977,1.675067,33.983868,28.503986,9.681862,6.2321033,11.792949,37.308987,3.5894463,3.72,58.41559,30.41136,3.010668,3.4587493,12.513148,5.470715,1.205,37.143326,25.100096,3.14,6.191903,1.3992025,37.34073,19.359945,3.1053348,19.014389,38.726112,3.9,151.36566,14.805078,15.843302,5.800628,14.920076,5.274086,2.6974661,7.0927644,3.5130758,7.597941,1.638779,7.1572156,310.23953,18.55144,33.149063,2.3789842,2.954784,0.638163,9.4,270.82068,14.92012,3.74,2.6706457,3.34,3.4032967,1.945,4.0719423,2.6296015,28.699812,2.8556871,5.361493,0.665,3.5923648,6.553274,2.47,6.500469,1.285,33.87245,3.9272463,6.5679555,3.45,4.14,1.255,5.4440765,11.224996,2.61,0.8591667,17.068575,17.500494,33.98938,4.3646574,,3.12,35.444984,6.8637576,2.156058,4.2591906,1.8554265,39.33043,1.0674907,3.0955064,1.0501591,9.023255,78.496994,4.7873907,8.241403,12.842005,4.49,9.707376,5.06,4.403766,2.4104738,5.615336,2.9482574,4.412158,4.04,8.9172735,94.981094,1.975,53.54,3.7565193,1.4408816,1.2344934,3.540551,9.65,5.8241053,143.29,27.470284,9.2,0.69,6.16,81.73,10.12425,1.8450108,,35.93,14.713528,8.007311,3.6918259,229.23555,3.06,2.9329615,37.394756,3.56,15.2456455,0.8778685,65.674416,14.45,4.3238716,5.3839974,0.7642953,2.130484,16.238228,3.63,3.1977377,30.511736,51.077457,10.9,4.28,14.459367,0.79,2.2189941,10.376295,16.537785,0.25,8.54,2.33,270.54785,21.35586,24.221502,1.785,2.13,19.78564,1.2672893,2.7209988,13.25,8.714712,18.851822,3.988341,244.88208,23.638187,1.9749365,32.804096,106.87182,40.01786,2.3173676,2.8878922,0.405,5.2700524,3.2193623,3.3518982,5.459717,6.01,22.41009,9.64,47.565693,12.7744055,4.7108855,0.12,26.755997,2.8865693,7.209904,2.24,5.91,2.3952558,32.87,2.313125,1.325,1.3680412,6.4631,0.24,14.458238,18.507526,0.6393724,12.36525,4.777221,3.7480159,28.81,30.013176,2.9299998,14.26,6.32,10.297168,2.3398724,2.0019763,2.4666216,3.619698,,3.8990219,1.65,31.708012,22.510748,5.07,72.76568,2.51968,5.9198956,13.678949,29.279123,2.1705408,123.383064,178.8,145.39,5.5916343,2.44
2025-01-31,25.29,0.545,5.5188346,56.303543,3.861433,7.54,10.369065,7.708405,28.10991,0.59,73.66565,15.930925,4.4771113,71.898125,1.7037005,34.206303,28.457518,9.79024,6.2048097,11.848012,37.518536,3.5894463,3.83,59.13286,30.757818,3.0291383,3.5078595,12.559322,5.5567927,1.25,37.58551,25.441528,3.31,6.2637978,1.4084381,37.64511,19.64601,3.1423032,18.995201,39.024303,4.03,151.31853,14.452355,15.725582,5.837575,15.200493,5.293092,2.715942,7.188097,3.5403092,7.6875625,1.6525502,7.203273,310.85223,18.513462,33.23413,2.3881695,2.9729671,0.65300405,9.4,271.49838,15.307784,3.68,2.6802871,3.51,3.3387353,2.01,4.19225,2.6685584,28.690277,2.8556871,5.4278016,0.67,3.6552312,6.600693,2.51,6.6657357,1.355,34.366386,3.9272463,6.5863533,3.45,4.33,1.21,5.4922543,11.349718,2.61,0.9031013,17.1357,17.491352,33.66595,4.482356,,3.19,35.94796,6.891213,2.156058,4.31511,1.8996036,39.389885,1.0765373,3.1342003,1.0574774,9.099805,79.76292,4.83387,8.4905815,13.0077715,4.43,10.009817,4.93,4.344787,2.5981748,5.595872,2.957442,4.4033694,4.23,9.022747,95.57426,2.02,54.63,3.6970494,1.4831226,1.2394117,3.5685763,9.86,5.9429646,143.79,27.679617,9.21,0.675,6.33,84.68,9.350252,1.8403517,,34.98,14.959542,8.229468,3.776804,229.0263,3.17,2.9237385,37.619682,3.45,15.3309765,0.87465286,68.18709,14.49,4.378146,5.4309783,0.7495973,2.1495917,16.662,3.65,3.2259529,30.893621,50.69051,11.05,4.49,14.616856,0.83,2.2096705,9.681454,16.931772,0.265,8.92,2.3,277.09705,22.32828,24.412298,1.955,2.09,19.512735,1.3240335,2.7890236,13.2,8.742555,19.02444,4.036626,245.4029,23.471237,2.0023663,32.63964,107.19138,39.70167,2.3849573,2.975404,0.415,5.2992764,3.2193623,3.3610065,5.545173,6.0,22.130566,10.01,47.114555,12.979655,4.7476172,0.12,26.83118,2.8371415,7.2824564,2.27,6.2,2.4135406,32.985603,2.287037,1.35,1.3775747,6.4357142,0.235,14.467464,18.723463,0.6537943,12.46775,4.8249936,3.7104418,29.34,30.496147,2.9501145,14.36,6.57,10.3258505,2.5001376,2.0019763,2.457171,3.572932,,3.8739212,1.67,31.66108,22.492542,5.11,72.481804,2.5593598,5.9393053,13.669496,29.231138,2.2067163,123.25365,183.27,150.69,5.7249804,2.44
2025-02-03,24.0,0.53,5.434649,53.923405,3.7242248,7.32,10.477077,7.747435,28.177526,0.585,72.1937,15.6109495,4.379975,71.71482,1.6846116,33.61637,28.067179,9.15803,6.0592422,11.545158,35.375435,3.5248547,3.77,57.707634,29.266123,2.9552572,3.3394823,12.300748,5.4228945,1.245,36.917534,24.91475,3.34,6.120009,1.3945847,36.437405,19.64601,3.0868506,18.77455,38.13936,3.89,149.02841,14.062504,15.9217825,5.6436048,14.987762,5.05552,2.6605146,7.045098,3.4949205,7.8369327,1.5791036,7.1295815,303.49985,18.41852,32.752068,2.3422432,2.954784,0.648057,8.94,266.59952,14.88036,3.46,2.6320806,3.54,3.3202894,1.985,4.155232,2.6003835,27.90842,2.8176115,5.3236027,0.615,3.6462502,6.505856,2.46,6.619828,1.32,34.2429,3.8344038,6.4667687,3.45,4.34,1.18,5.463348,11.081086,2.59,0.8201136,16.675423,16.723307,31.166733,4.3646574,,3.16,35.38581,6.8088474,2.1647518,4.2685103,1.8730973,39.518707,1.0629674,3.1213024,1.0391818,8.851019,78.69479,4.778095,8.25063,12.432465,4.37,9.863474,4.78,4.344787,2.4993846,5.401233,2.9023345,4.227586,4.21,8.725505,95.32946,1.925,51.91,3.558286,1.4596553,1.2295752,3.4004235,9.23,5.833248,139.89,25.947857,9.34,0.64,6.56,84.7,8.442806,1.7844422,,33.08,14.609445,8.065266,3.71071,225.40259,3.14,2.8776226,36.75745,3.41,15.018099,0.84249645,67.55646,13.67,4.414329,5.3182244,0.7202014,2.1209304,16.594582,3.56,3.1413069,30.061308,50.4127,10.73,4.27,14.311722,0.82,2.0604947,9.505427,16.691538,,8.57,2.23,268.67667,22.141275,23.849451,1.87,1.94,19.476347,1.3003901,2.7890236,12.76,8.556938,18.579266,3.9110851,240.12595,22.53828,1.9566501,32.030186,104.91791,38.476433,2.4332356,3.0337453,0.375,5.162898,3.1714551,3.3063562,5.383755,5.87,22.236591,9.74,47.036095,13.087169,4.701702,0.12,26.530447,2.767943,7.0920067,2.22,5.92,2.440967,32.475018,2.243557,1.315,1.3632746,6.4357142,0.225,14.144529,18.120642,0.648987,12.281386,4.7390037,3.7198353,28.68,30.239876,2.8830664,13.84,6.6,10.048582,2.4680846,1.9657415,2.4004672,3.5074594,,3.4890392,1.655,31.126041,22.374208,4.92,71.13815,2.24192,5.881077,13.574962,28.828085,2.152453,119.630005,182.07,143.72,5.778319,2.28
2025-02-04,24.33,0.525,5.500127,54.782627,3.7340252,6.99,10.32406,7.737677,27.675219,0.575,71.2579,15.6109495,4.379975,71.98977,1.6464334,33.20052,28.002121,9.10384,6.050144,11.6094,35.24209,3.460263,3.88,57.71695,28.43847,2.9460218,3.2833562,12.263808,5.41333,1.25,37.19037,25.051321,3.29,6.191903,1.3992025,36.722153,19.304579,3.0406404,18.477152,38.033546,3.88,148.62315,14.489484,15.7746315,5.6251316,14.910407,5.017509,2.6328006,7.073698,3.422299,7.8767643,1.5423802,7.1480045,303.86942,18.22864,32.459045,2.2963169,2.9275088,0.648057,8.9,264.82782,14.731257,3.56,2.6031566,3.86,3.2557282,2.03,4.127469,2.6393406,27.917955,2.7985735,5.3330755,0.63,3.6462502,6.505856,2.48,6.583102,1.3,34.936306,3.8344038,6.402377,3.45,4.27,1.165,5.5500674,11.061897,2.54,0.83964014,16.848028,17.025038,31.137331,4.3646574,,3.24,34.971596,6.708179,2.2169144,4.212591,1.9172744,40.13309,1.0539209,3.0697107,1.0208864,8.908431,79.03106,4.7873907,8.213715,12.198442,4.32,9.590302,4.81,4.344787,2.5191426,5.430429,2.8839653,4.227586,4.18,8.744681,95.77198,1.92,52.07,3.5384626,1.4502685,1.2640032,3.3817399,9.27,5.8515344,138.74,26.490221,9.21,0.665,6.31,84.64,8.487288,1.7611467,,33.87,14.429666,8.384012,3.720152,226.38223,3.19,2.8591762,36.663727,3.32,15.02758,0.8264183,68.12797,13.18,4.3962374,5.2806396,0.73,2.0827155,16.835361,3.68,3.150712,30.247353,51.33543,10.38,4.55,14.508582,0.86,2.144406,9.477633,16.547394,0.3,8.68,2.29,282.59125,22.571384,24.011627,1.87,1.965,19.339895,1.3098475,2.7598703,12.65,8.612623,18.55201,3.853143,243.93872,22.04725,1.9383634,31.865728,106.60704,38.496193,2.4622028,3.1115339,0.37,5.0557437,3.2385252,3.288139,5.4122405,6.08,22.236591,9.9,47.22244,13.018751,4.628238,0.12,26.502254,2.7778285,6.9831777,2.16,5.87,2.4683936,32.13784,2.2783408,1.36,1.372808,6.390071,0.22,14.292156,18.066658,0.648987,12.225476,4.6530137,3.7010481,29.58,30.821413,2.896476,13.94,6.63,10.153752,2.5962968,1.9385654,2.3626645,3.5542254,,3.497406,1.675,31.07911,22.16485,4.97,70.447395,2.3212798,5.9198956,13.452068,28.55938,2.1434088,123.940544,181.86,145.2,5.8227673,2.33
2025-02-05,24.3,0.525,5.5281887,57.034374,3.7242248,6.92,10.51308,7.6986475,27.68488,0.585,71.76479,15.65943,4.424128,74.09769,1.6512057,33.461636,28.039297,9.2844715,6.077438,11.783771,35.118263,3.534082,3.94,57.40023,28.890793,2.9552572,3.3044035,12.282278,5.4898434,1.255,37.754856,25.5781,3.39,6.1559563,1.3992025,36.447224,19.313808,3.1885135,18.41959,38.77421,3.98,149.44308,14.712256,16.088554,5.615895,15.065119,5.169554,2.6605146,7.111831,3.4676874,7.9464703,1.5699228,7.166427,302.84824,18.247627,32.89385,2.3330579,2.9729671,0.65795106,9.29,261.72974,14.681558,3.92,2.6031566,3.87,3.3110662,2.08,4.1644864,2.697776,28.251673,2.8366492,5.370966,0.66,3.7001357,6.686047,2.41,6.619828,1.325,35.22127,3.8158352,6.4667687,3.6000001,4.4,1.215,5.6656938,11.177026,2.59,0.84452176,16.91515,17.363344,30.461071,4.2861915,,3.26,35.168842,6.744786,2.225608,4.2032714,1.9526157,39.01333,1.0674907,3.1213024,1.00625,8.860588,79.65412,4.852462,8.102968,12.003423,4.62,9.561034,4.95,4.4529157,2.5487797,5.4498925,2.911519,4.2539535,4.3,8.7926235,96.27098,1.92,52.53,3.5781093,1.5065897,1.2689215,3.3630562,9.35,5.9063926,139.59,26.927917,9.15,0.675,6.44,82.98,8.8253565,1.775124,,34.48,14.524287,8.393671,3.748478,218.16467,3.02,2.896069,36.916775,3.35,15.179278,0.8360652,68.97538,13.76,4.441466,5.374601,0.73,2.130484,17.1243,3.81,3.2541683,30.697784,52.79393,10.74,4.74,14.725128,0.875,2.0977886,9.440575,16.585833,0.33,8.92,2.33,287.5479,22.674236,24.841589,2.125,1.95,19.740156,1.333491,2.8181775,12.84,8.742555,18.315794,3.949713,247.48618,22.675768,1.9475069,32.571922,108.816605,38.42703,2.5297925,3.169875,0.365,5.0752263,3.3055952,3.324573,5.469212,6.31,22.217314,10.06,48.036446,13.204454,4.6741533,0.125,26.492855,2.7778285,7.0194535,2.2,6.0,2.5141046,32.147472,2.287037,1.41,1.3871081,6.4631,0.22,14.485917,17.967686,0.6441797,12.300022,4.662568,3.7010481,29.15,31.343807,2.9501145,13.95,6.69,10.182435,2.5962968,1.9657415,2.3721151,3.6009917,,3.51414,1.715,31.23868,22.556261,4.96,70.68395,2.40064,6.065467,13.631682,28.377045,2.1614969,126.23022,184.81,139.42,5.8227673,2.26
2025-02-06,23.38,0.53,5.500127,56.88623,3.763427,6.95,10.639092,7.6791325,27.356447,0.585,72.924805,16.008495,4.4771113,73.501976,1.6798393,33.626045,28.764212,9.447041,6.150222,11.8939,35.24209,3.6171284,3.99,57.996403,29.015902,2.9737275,3.4096394,12.40233,5.5281005,1.22,37.877163,26.08537,3.44,6.218864,1.3299351,36.91852,19.535275,3.2347238,18.812925,38.928116,3.9,153.27881,14.888618,16.53982,5.6805515,15.239171,5.1410456,2.6697524,7.0641646,3.5403092,8.0261345,1.6066461,7.203273,304.4432,18.219145,33.290848,2.3789842,3.0093336,0.65300405,9.31,264.17917,14.8704195,3.73,2.5935154,3.97,3.3848507,2.11,4.220013,2.6782978,28.24214,2.8556871,5.4088564,0.65,3.7450404,6.7429495,2.45,6.6657357,1.34,35.344753,3.8622563,6.512763,3.75,4.43,1.32,5.7331424,11.148244,2.63,0.87869316,16.972687,17.70165,30.706093,4.560822,,3.31,35.701405,6.7813926,2.2603834,4.2871504,2.0232985,38.85478,1.0765373,3.172894,0.99527276,9.013686,80.54423,4.936125,8.213715,11.886411,4.6,9.522009,4.98,4.5020647,2.5882957,5.625068,2.9390728,4.2715316,4.24,8.802213,96.01678,1.945,53.78,3.627668,1.4784291,1.3377777,3.4004235,9.44,6.0069656,140.32,27.299011,9.14,0.685,6.53,82.73,9.003287,1.8030787,,35.34,14.628369,8.606169,3.7673619,220.18102,2.92,2.8868458,37.844616,3.33,15.444751,0.8360652,70.45342,13.93,4.414329,5.477959,0.7495973,2.130484,17.490284,3.87,3.2823837,30.93279,55.839924,10.5,4.82,14.902303,0.895,2.0977886,9.394253,16.585833,0.345,8.88,2.33,286.65213,22.730337,24.679413,2.21,1.945,20.022158,1.3098475,2.837613,12.45,8.872487,18.442986,3.988341,250.4833,22.990028,1.9749365,32.504204,109.729645,38.22941,2.5394485,3.1990457,0.36,5.084967,3.324758,3.3610065,5.5641637,6.33,22.255869,10.33,48.18356,13.302193,4.7292514,0.115,26.586836,2.7975996,7.1282825,2.23,6.15,2.477536,32.417217,2.287037,1.47,1.3966415,6.426585,0.215,14.541278,18.255604,0.6441797,12.355931,4.71034,3.7104418,29.13,31.521225,2.9702287,14.05,6.79,10.258923,2.6924558,1.983859,2.3343124,3.6290514,,3.463938,1.755,31.914518,22.601774,4.93,72.917076,2.48992,6.0363526,13.707309,28.501802,2.1976724,127.04653,184.9,138.64,5.8494363,2.17
2025-02-07,23.79,0.55,5.500127,56.402306,3.8320312,7.34,10.549084,7.6498604,26.941076,0.59,71.862274,16.2509,4.4594502,73.54779,1.6464334,33.78078,28.819975,9.591545,6.15932,12.260995,36.18505,3.5894463,3.9,58.20134,28.476967,2.9552572,3.4587493,12.466974,5.508972,1.195,38.08414,25.851246,3.34,6.245824,1.2606676,37.488014,19.84902,3.2162397,18.649836,39.466778,3.99,153.30708,14.758667,16.65754,5.6436048,15.316526,5.3216,2.6605146,7.960294,3.4949205,7.926554,1.5882845,7.1480045,301.3019,18.295097,33.290848,2.3789842,3.000242,0.633216,9.59,261.265,15.357485,3.69,2.5645914,3.98,3.3295124,2.07,4.2477765,2.697776,34.258614,2.8271303,5.3804383,0.63,3.7540212,6.885206,2.52,6.7116427,1.29,35.401745,3.8993933,6.650745,3.75,4.43,1.305,5.6946,11.119462,2.68,0.88845646,17.183645,18.030813,30.735497,,,3.23,35.918373,6.7539377,2.269077,4.249871,1.9967926,38.834957,1.0810605,3.1922407,0.9916137,8.965843,80.73213,4.964013,8.167571,11.886411,4.63,9.804937,4.98,4.5610433,2.5981748,5.6348,2.9482574,4.2627425,4.32,8.696738,96.45929,1.94,53.98,3.5186396,1.4221079,1.278758,3.4097655,9.42,5.9703937,139.03,27.299011,9.14,0.655,6.93,81.33,8.941011,1.8170561,,35.33,14.54321,8.683441,3.748478,218.72583,3.13,2.8591762,38.144524,3.33,17.066021,0.8296339,70.18738,14.02,4.2786427,5.5625243,0.73979867,2.130484,17.076141,3.8,3.2635734,30.893621,53.71666,10.37,4.8,15.148377,0.89,2.1257591,9.264549,16.672318,0.35,8.7,2.23,282.44193,23.010845,24.517237,2.21,1.895,20.076738,1.333491,2.769588,12.15,8.7332735,18.442986,4.007655,257.57822,22.813257,1.993223,32.397797,110.26834,37.241314,2.5297925,3.189322,0.35,5.1044497,3.3535023,3.34279,5.4976974,6.4,22.467922,10.6,48.154133,13.292419,4.6833363,0.11,26.530447,2.8865693,6.892487,2.23,5.99,2.440967,32.56172,2.2783408,1.42,1.3966415,6.3718133,0.205,14.919572,18.183622,0.6201431,12.2068405,4.729449,3.6822612,28.96,31.609936,2.963524,14.74,6.78,10.306728,2.6283498,1.983859,2.3059607,3.619698,,3.497406,1.76,31.952065,22.428823,5.06,72.14116,2.44032,5.8034387,13.660042,28.712925,2.1705408,129.31627,182.51,137.92,5.5116267,2.2
2025-02-10,23.73,0.52,5.4533567,56.293667,3.8908348,7.25,10.52208,7.620588,27.085974,0.585,72.047485,16.231508,4.424128,73.22702,1.6512057,36.52734,28.727036,9.555419,6.1320257,12.022384,35.661182,3.5894463,3.93,58.070927,27.861042,2.9552572,3.4517338,12.466974,5.575921,1.18,37.717224,25.636633,3.28,6.2637978,1.3114637,37.03635,20.208904,3.1700294,18.544306,36.898506,3.88,153.45789,14.545177,16.000263,5.652841,15.181153,5.52116,2.6512764,7.874494,3.4767652,7.926554,1.5561515,7.1295815,300.0279,18.342567,33.527153,2.369799,2.9911504,0.633216,9.71,261.72974,15.456886,3.64,2.5645914,4.0,3.3387353,2.06,4.3218117,2.6588192,34.325356,2.7985735,5.304658,0.63,3.7001357,6.9041734,2.66,6.931998,1.265,35.648712,3.9550993,6.761131,3.75,4.45,1.32,5.7138715,11.013927,2.71,0.9226278,17.279537,17.756512,30.960917,,,3.22,35.59292,6.8363023,2.2603834,4.240551,2.05864,39.132244,1.0720139,3.179343,1.00625,9.090236,79.53544,4.8803496,8.1860285,12.052177,4.6,9.746401,4.9,4.5708737,2.6278117,5.4888206,2.9298882,4.2363753,4.18,8.7926235,92.06236,1.935,53.23,3.5087278,1.4174145,1.2935131,3.4284492,9.25,5.9612503,149.94,26.690039,9.13,0.66,7.06,81.0,8.958804,1.8496699,,35.05,14.429666,8.809008,3.739036,216.74753,3.02,2.8776226,37.99457,3.37,16.440268,0.8264183,70.670204,13.72,4.24246,5.4309783,0.73489934,2.140038,17.162823,3.75,3.2259529,30.345274,53.99447,10.53,4.77,15.099162,0.87,2.1257591,9.375724,16.662708,0.36,8.65,2.2,283.87518,22.80514,23.48694,2.21,1.88,20.240482,1.3098475,2.7890236,12.14,8.761116,18.470243,3.9786837,259.4551,22.292767,1.993223,33.123337,108.94443,37.458694,2.5394485,3.1795986,0.37,5.0265193,3.2960138,3.3792233,5.3932505,6.43,22.496838,10.59,47.72261,13.399931,4.692519,0.125,26.70901,2.7975996,6.8743486,2.21,5.97,2.431825,32.21491,2.295733,1.39,1.3775747,6.3991995,0.205,14.799625,18.201618,0.6249504,12.0763855,4.6912313,3.6728678,28.53,31.264956,2.9299998,14.43,6.57,10.469265,2.6283498,1.9748002,2.2870593,3.572932,,3.530874,1.76,31.942677,22.292286,5.1,71.78159,2.42048,5.7063913,13.660042,28.789698,2.1705408,123.64189,183.19,137.4,5.4138403,2.21
2025-02-11,23.87,0.495,5.4065876,58.012108,3.9986413,7.43,10.540082,7.6693754,26.612644,0.61,73.275734,16.415737,4.397636,73.135376,1.6702948,35.792343,28.819975,9.591545,6.15932,11.866367,35.38496,3.6448104,3.75,58.285175,28.428848,2.9737275,3.4797966,12.503913,5.604614,1.21,37.74545,25.939043,3.25,6.2637978,1.3160815,36.221394,20.107399,3.1700294,18.477152,35.87889,3.8,152.82645,14.415226,16.451529,5.6620784,15.355205,5.5591717,2.6605146,7.8554273,3.5130758,7.9763446,1.5515611,7.1940613,293.65778,18.285604,33.99031,2.5718749,3.000242,0.613428,9.72,248.77588,15.526467,3.46,2.583874,4.19,3.3571815,2.14,4.3403206,2.6782978,33.114433,2.7604976,5.2667675,0.59,3.6821737,6.9610763,2.65,6.82182,1.275,36.04766,3.9272463,6.853119,3.6000001,4.33,1.36,5.993302,11.224996,2.72,0.986089,17.174057,17.48221,30.941313,,,3.22,35.64223,6.744786,2.2777708,4.2778306,2.0409694,39.558342,1.0855838,3.2244859,1.00625,9.20506,80.61346,4.83387,8.213715,12.198442,4.61,9.726889,4.69,4.5512137,2.6179328,5.5180163,2.9023345,4.2627425,4.35,9.013158,93.898346,1.92,53.15,3.6177561,1.4174145,1.3279412,3.4004235,9.5,5.9978228,153.6,27.032585,9.13,0.6,6.95,80.83,8.932116,1.8636472,,32.62,14.382355,8.88628,3.729594,220.21906,2.98,2.8683994,37.891476,3.3,16.231684,0.94218117,72.906975,13.31,4.1700935,5.449771,0.7251007,2.1495917,17.856272,3.8,3.1977377,31.17759,53.92502,10.52,4.76,15.18775,0.915,2.1537294,9.44984,16.633879,0.36,8.53,2.12,290.43433,22.580734,23.4297,2.295,1.825,20.467903,1.3240335,2.7987418,11.87,8.844644,18.561094,3.9979978,266.8055,22.253483,1.9475069,33.59735,109.300514,37.369766,2.55876,3.1990457,0.365,5.0654845,3.2864323,3.4065487,5.488202,6.5,22.911304,10.72,50.655014,13.204454,4.701702,0.12,26.821785,2.7580576,7.046661,2.21,5.73,2.4501092,32.15711,2.260949,1.43,1.3775747,6.3626847,0.205,14.827305,18.309586,0.6201431,12.225476,4.71034,3.6916547,27.75,31.964771,2.9702287,14.25,6.66,10.488387,2.6924558,2.011035,2.2870593,3.5542254,,3.4388373,1.775,32.15857,22.301388,5.11,71.9046,2.48992,5.8034387,13.915282,28.856874,2.1705408,122.72603,186.33,136.48,5.253825,2.26
2025-02-12,24.0,0.48,5.472065,58.268883,3.9594388,7.81,10.558084,7.5620427,26.79618,0.615,72.78833,16.376951,4.415297,72.814606,1.6798393,35.13472,29.024437,8.914177,6.1138296,11.719529,35.651657,3.607901,3.88,58.872032,28.217123,2.9460218,3.493828,12.476209,5.5281005,1.165,37.764263,25.285444,3.27,6.3177185,1.3299351,35.671543,20.02435,3.1700294,18.515524,36.090508,3.84,156.42657,14.396663,16.225897,5.708261,15.306857,5.492652,2.6605146,7.636162,3.4767652,7.9165964,1.5561515,7.1295815,298.26758,18.503967,39.25522,2.6453571,2.9911504,0.60353404,9.47,248.11755,15.317725,3.5,2.5935154,4.05,3.3664045,2.1,4.266285,2.6588192,31.798626,2.7319405,5.257295,0.615,3.664212,6.856755,2.71,6.8126388,1.275,35.838688,3.9458148,6.889914,3.3,4.13,1.32,6.0607505,11.445659,2.74,0.94215435,16.93433,17.665077,30.843306,4.9697094,,3.16,35.661953,6.772241,2.2429957,4.240551,2.0763106,39.80608,1.0855838,3.166445,1.0099092,9.176353,80.296974,4.759503,8.232173,12.071679,4.6,9.717133,4.6,4.531554,2.8155124,5.498553,2.957442,4.2012186,4.41,8.974804,96.026184,1.885,52.5,3.5979328,1.3939474,1.278758,3.2976635,9.42,5.9703937,149.5,27.02307,9.15,0.595,6.89,80.86,8.69191,1.8822837,,31.85,14.382355,8.586851,3.75792,224.01398,2.97,2.9052923,38.52878,3.33,15.985174,0.95825934,71.08405,13.05,4.097728,5.5155435,0.71530205,2.140038,17.625122,3.75,3.1883326,30.599865,53.944862,10.13,4.8,14.823559,0.925,2.1817,9.505427,16.499348,0.35,8.38,2.13,286.9607,22.225428,22.924093,2.295,1.79,20.649841,1.3287622,2.6626918,11.85,8.826082,18.561094,3.9979978,270.75586,22.459717,1.9017906,33.355507,108.65225,37.160065,2.49117,3.130981,0.35,5.1141915,3.2864323,3.3974402,5.5071926,6.37,22.795639,10.54,52.047657,13.175132,4.7292514,0.125,27.056734,2.728401,7.209904,2.12,5.59,2.4135406,32.128204,2.2348611,1.405,1.3680412,6.444843,0.205,15.15024,18.552515,0.6057212,12.244113,4.700786,3.6728678,27.48,31.402948,2.9299998,14.28,6.66,10.660484,2.6283498,2.0019763,2.324862,3.5355191,,3.363534,1.72,32.52465,22.674595,5.07,73.40912,2.4105601,5.648163,13.943642,29.163963,2.1705408,122.87536,183.42,133.84,5.289384,2.3
2025-02-13,23.96,0.5,5.4252954,57.14301,3.861433,7.6,9.865013,7.4351954,26.8155,0.625,74.56247,16.212116,4.4594502,72.814606,1.6702948,35.202415,29.03373,8.887082,6.0319486,11.829658,35.68976,3.534082,3.85,61.806316,27.341352,2.9367867,3.5499537,12.263808,5.566357,1.2,38.563957,24.97328,3.23,6.281771,1.3437885,35.20024,20.291956,3.1792715,18.563494,36.3887,3.8,157.12398,14.378098,16.117985,5.615895,15.161815,5.7017145,2.6420386,7.531296,3.5039983,7.7572684,1.5653324,7.138793,296.17664,18.475485,40.238255,2.6269865,2.9820588,0.628269,9.65,245.91017,15.118922,3.63,2.6031566,4.17,3.3295124,2.11,4.266285,2.8438652,31.617466,2.6938648,5.0678425,0.625,3.780964,6.7998524,2.86,6.858546,1.26,35.914677,3.9458148,6.825523,3.45,4.17,1.355,6.0222087,11.570381,2.77,0.99585223,17.087755,17.975952,30.862907,4.840497,,3.22,35.760574,6.4061737,2.2429957,4.240551,2.0939815,40.103363,1.0674907,3.185792,1.0172273,9.147648,80.623344,4.768799,7.1985373,12.100932,4.63,9.775669,4.86,4.6495123,2.8747866,5.498553,2.9207036,4.2100077,4.2,8.993981,94.981094,1.91,51.04,3.7664309,1.3751737,1.2984314,3.2976635,9.31,6.061824,150.49,27.489313,9.18,0.65,6.93,81.66,8.647427,1.8636472,,34.07,14.562135,8.548216,3.729594,224.69876,2.9,2.8776226,38.65062,3.35,16.250645,0.9646906,73.350395,13.15,4.052499,5.5343356,0.73979867,2.1209304,17.654015,3.77,3.1883326,30.746742,53.65713,10.3,4.79,14.607013,0.95,2.0791416,9.394253,16.460909,0.345,8.26,2.23,277.77386,22.169325,23.315224,2.465,1.885,20.759003,1.333491,2.7501523,11.89,8.649746,18.034153,3.9786837,265.60666,22.05707,1.9200771,33.08464,109.884865,37.18976,2.5201368,3.1212573,0.355,5.036261,3.4205723,3.375064,5.3362794,6.35,23.123356,10.78,52.26342,13.468348,4.7292514,0.125,27.084927,2.8766837,7.1101446,2.07,5.3,2.3861136,32.34015,2.243557,1.36,1.3585079,6.408328,0.21,14.9841585,17.706764,0.6153358,12.300022,4.729449,3.6352935,27.12,31.343807,2.8897712,16.14,6.57,10.048582,2.6604028,2.0019763,2.29651,3.5448723,,3.397002,1.78,32.52465,22.492542,5.08,73.92009,2.45024,5.551115,13.839656,29.03921,2.1705408,122.955,183.58,132.84,5.1738176,2.25
2025-02-14,24.75,0.5,5.565604,57.182514,3.8320312,7.58,9.63999,7.4547105,26.999037,0.64,75.059616,16.299381,4.4594502,73.27285,1.4221367,35.240105,29.0802,9.031588,6.086536,11.838835,36.06123,3.607901,3.73,62.39318,27.668564,2.9460218,3.592048,12.393096,5.6333065,1.265,38.498096,25.080585,3.19,6.3356924,1.3253171,36.231213,20.624157,3.2254817,18.496338,36.609936,3.9,155.91766,14.313123,16.431908,5.6713147,15.374543,5.85376,2.6605146,7.6838284,3.5403092,7.9165964,1.583694,7.2309065,255.51485,18.712837,40.181538,2.672913,3.0729752,0.628269,9.83,248.71779,15.128863,3.3,2.6224391,4.3,3.3479586,2.14,4.3495746,3.0191717,31.70328,2.7033837,4.9541717,0.635,3.7899446,6.8946896,2.95,7.1431713,1.255,35.506233,4.1036477,6.954306,3.3,4.2,1.305,6.1089287,11.867795,2.84,1.0056155,16.752136,17.847946,31.48036,4.9697094,,3.3,35.11953,6.4427805,2.269077,4.33375,2.1558292,40.43037,1.0765373,3.211588,1.0830909,9.310315,80.89037,4.815278,7.2077656,12.013173,4.62,9.756157,4.78,4.6298523,2.8649075,5.576408,2.9666266,4.2363753,4.13,9.051512,95.508354,1.925,51.45,3.7763426,1.3423197,1.308268,3.3070052,9.57,6.162397,154.76,27.651072,9.21,0.64,6.83,81.1,8.736391,1.9661478,,32.39,14.741914,8.538556,3.729594,223.92838,2.8,2.9329615,38.416317,3.42,16.648851,0.961475,74.49341,13.11,3.9982243,5.6376934,0.73489934,2.1591454,17.875532,3.83,3.2071428,30.805494,54.133377,10.12,4.85,14.715285,1.0,2.069818,9.561014,16.47052,0.345,8.22,2.21,282.20306,22.692938,23.467861,2.5500002,1.915,21.213844,1.347677,2.7598703,11.87,8.677589,18.270369,3.95937,266.00955,22.076712,1.9475069,33.41355,110.63356,37.387676,2.5684156,3.1407044,0.35,5.1531568,3.497224,3.4310043,5.364765,6.48,23.624573,10.92,53.528572,13.634502,4.811898,0.12,27.16011,3.0842793,7.164559,1.99,5.15,2.3769715,32.677322,2.287037,1.39,1.3537412,6.353556,0.21,15.067199,17.958689,0.6297577,12.393205,4.7581124,3.6540806,27.08,31.738071,2.9434094,18.04,6.6,10.354533,2.6604028,2.0472698,2.324862,3.572932,,3.3719013,1.785,32.580967,22.3469,5.09,74.48783,2.50976,5.4055443,13.962548,29.547827,2.1886287,123.51248,185.66,133.48,5.1026998,2.27
2025-02-17,24.72,0.545,6.6600175,57.54793,3.8810344,9.59,9.648991,7.542528,27.19223,0.64,76.34635,16.386648,4.4771113,73.27285,1.3553249,35.035053,28.959381,8.941271,6.1138296,11.948964,36.585094,3.6632652,3.6,63.56689,27.148874,2.9275515,3.5780165,10.499963,5.671563,1.225,38.3852,25.002544,3.18,6.2637978,1.3253171,36.349037,23.300222,3.271692,18.621054,36.792694,3.95,155.4747,14.443073,16.77526,5.6620784,16.003061,5.777737,2.706704,7.769627,3.5947754,7.8767643,1.5928749,7.249329,267.44788,18.779297,40.587986,2.7372098,3.1638916,0.648057,9.82,250.0732,15.019521,3.4,2.6031566,4.16,3.3664045,2.05,4.42361,3.126304,31.417236,2.7129028,5.0867877,0.615,3.8168876,6.9610763,2.94,7.179897,1.245,35.98117,4.1129317,6.8715167,3.45,4.07,1.295,5.9836664,11.637539,2.89,0.9909706,16.704191,17.747368,31.548965,4.9498305,,3.19,34.744762,6.424477,2.225608,4.5294676,2.226512,42.184338,1.1036768,3.1922407,1.0757728,9.472982,80.455215,4.8245745,7.00473,12.188691,4.66,9.609815,4.82,4.708491,2.9439394,5.7126555,3.003365,4.2187967,4.4,9.147397,95.82847,1.935,50.97,3.8754594,1.3376262,1.3279412,3.2976635,9.84,6.189826,153.13,28.526466,9.13,0.66,6.93,82.82,8.949908,2.0686483,,32.48,14.751376,8.866962,3.729594,225.51672,2.85,2.9421847,37.975826,3.47,16.696259,0.961475,72.41429,13.3,4.025361,5.581317,0.7495973,2.168699,17.249504,3.84,3.1977377,30.62924,55.056107,9.7,4.98,14.66607,0.965,2.069818,9.820422,16.48013,0.335,8.23,2.22,281.19775,22.487232,24.374138,2.5500002,1.975,21.595913,1.3429483,2.7015631,11.88,8.538376,18.270369,3.969027,263.0124,21.87048,1.9566501,34.052025,110.42356,36.645466,2.5394485,3.0531926,0.355,5.231087,3.5355496,3.4682977,5.35527,6.5,23.354687,11.01,53.401073,13.751789,4.9680095,0.135,27.244692,3.232562,7.1282825,2.06,5.2,2.3586872,32.85073,2.3218207,1.34,1.3585079,6.2987843,0.205,15.251734,17.31573,0.6297577,12.514341,4.748558,3.6446872,27.37,31.580366,2.9367049,18.39,6.81,10.431021,2.5962968,2.074446,2.324862,3.6009917,,3.689847,1.74,31.257454,21.700617,5.03,74.856865,2.44032,5.4540677,13.801842,29.634195,2.2248042,123.1541,184.99,133.58,5.0849204,2.45
2025-02-18,24.79,0.54,6.837743,56.570198,3.8516326,10.41,9.54098,7.396166,27.163252,0.625,75.79072,16.115154,4.4771113,73.410324,1.3457803,35.288925,28.448223,9.031588,6.0683403,11.866367,37.985256,3.6448104,3.6,63.38059,26.90828,2.9460218,3.3044035,10.185979,5.700256,1.205,38.545143,24.983034,3.06,6.191903,1.3114637,36.191936,23.300222,3.26245,18.505932,36.600315,3.93,153.24112,14.4616375,16.922413,5.1540613,15.925706,5.730223,2.7251797,7.712428,3.57662,7.7871428,1.6204174,7.2585406,266.49478,18.712837,40.139027,2.7280245,3.1184335,0.618375,9.78,255.4174,14.91018,3.38,2.6031566,4.15,3.4125197,2.02,4.553172,3.0970862,31.169329,2.684346,5.115206,0.6,3.7180974,7.027462,2.9,7.1248083,1.21,35.715202,4.1315002,6.899113,3.3,4.04,1.335,5.9354887,11.7430725,2.83,0.97632575,16.569944,17.893661,31.156935,4.9697094,,3.19,35.484432,6.397022,2.234302,4.436269,2.2088413,42.798717,1.0991536,3.2180367,1.0647955,10.410712,83.46178,4.815278,7.0609937,11.818154,4.63,9.902499,4.69,4.600363,3.0130923,5.644532,3.0125496,4.1572723,4.68,9.0611,92.48605,2.1,50.37,4.034046,1.3094658,1.3230228,3.260296,9.95,6.134968,153.71,28.497923,9.16,0.635,6.86,83.5,8.923219,2.0313756,,30.5,15.536729,9.069801,3.729594,223.57646,2.88,2.951408,37.02924,3.44,16.63937,0.95504373,72.76903,13.07,3.8444462,5.581317,0.75449663,2.178253,16.922043,3.79,3.150712,31.11884,54.341736,9.52,5.11,14.813715,0.955,2.107112,9.774099,16.422474,0.335,7.9,2.1,278.59003,22.421782,24.221502,2.38,1.915,21.759655,1.3240335,2.7015631,11.7,8.538376,18.333965,3.969027,261.58752,21.497295,1.9566501,34.023003,110.16791,36.318893,2.5201368,3.0531926,0.345,5.0265193,3.5163867,3.421681,5.383755,6.47,23.778791,10.85,52.52822,13.771337,4.9312773,0.155,26.633825,3.0546227,7.0829372,2.13,5.09,2.3129761,32.975967,2.287037,1.34,1.3299077,6.289655,0.2,15.390134,17.736923,0.6201431,12.393205,4.700786,3.6540806,27.24,31.738071,2.963524,18.29,6.75,10.354533,2.5321908,2.0472698,2.29651,3.610345,,3.530874,1.73,30.32818,21.382025,5.01,73.80654,2.4105601,5.1823354,13.801842,29.53823,2.2157602,122.82558,184.32,132.5,4.996023,2.54
2025-02-19,25.14,0.545,6.8283887,57.3109,3.7928288,9.55,9.648991,7.396166,27.037674,0.62,76.53157,16.134546,4.441789,74.05186,1.3457803,35.171753,28.002121,8.986429,6.0319486,11.8939,37.62331,3.460263,3.59,63.37127,26.763922,2.9829626,3.2552934,10.195214,5.70982,1.21,38.55455,24.836706,3.01,6.128996,1.2929924,36.525776,22.903425,3.2347238,18.82252,36.07127,3.92,151.89363,14.647281,16.8145,5.080168,15.693638,5.6542,2.706704,7.8649607,3.5312316,7.8668065,1.5653324,7.3414426,270.36548,18.627392,40.683514,2.7188392,3.0911586,0.59858704,9.53,256.4146,16.44096,3.41,2.5935154,4.23,3.3571815,2.06,4.4328647,3.0774844,30.053757,2.6748269,5.257295,0.63,3.6103265,7.568036,2.87,6.959542,1.18,34.138412,4.057226,6.761131,3.45,4.06,1.23,6.0511155,11.685509,3.04,0.95191765,17.1357,17.783941,31.274544,5.029346,,3.28,,6.2688985,2.2864647,4.4735484,2.174865,44.909424,1.0901071,3.19869,1.0611364,10.008828,84.34199,4.768799,7.211028,11.954668,4.62,9.580545,4.64,4.4824047,3.1020033,5.625068,3.003365,4.2100077,4.54,8.840567,90.38645,2.1,51.94,4.1827207,1.2953855,1.3722059,3.3537142,9.82,5.9246783,168.52,29.040287,9.14,0.625,6.68,82.77,8.985495,2.0127392,,24.18,15.328564,9.214686,3.729594,222.91069,2.79,2.9052923,34.02079,3.46,16.421305,0.9518281,73.0942,13.41,3.6906683,5.52494,0.75449663,2.1591454,17.278399,3.81,3.0895789,31.148212,54.411186,9.63,5.08,14.3314085,0.96,2.0604947,9.913067,16.355207,0.34,7.96,2.0,295.74936,22.30023,24.32644,2.465,1.93,21.83243,1.3429483,2.779306,11.4,8.464129,18.479328,3.9979978,262.49158,21.232141,1.9475069,33.732788,111.34573,36.32879,2.5297925,3.0920868,0.35,4.899883,3.5068054,3.421681,5.4122405,6.46,25.147493,10.73,52.430145,13.673598,4.7476172,0.14,27.103724,2.9854243,7.1192136,2.11,5.07,2.2855496,33.71776,2.295733,1.3,1.2870075,6.0066667,0.195,14.938026,17.9522,0.6297577,12.300022,4.844103,3.6822612,26.82,31.60008,2.9836383,18.44,6.76,10.23024,2.5642438,2.0653872,2.2870593,3.8628821,,3.606177,1.715,30.224926,20.963305,5.23,72.481804,2.48992,5.0367637,13.603323,29.317509,2.1976724,121.15313,186.26,132.78,4.996023,2.56
2025-02-20,24.92,0.55,7.0154676,56.155403,3.763427,8.93,9.621987,7.171744,26.960396,0.635,73.23674,16.289684,4.521264,73.27285,1.3266913,34.888584,27.147095,9.031588,5.9682627,11.802125,36.604145,3.4787178,3.57,63.622784,27.225868,3.0291383,3.2061837,10.139805,5.8437185,1.195,37.773674,25.012299,2.95,6.066088,1.3068458,35.435894,22.654274,3.2162397,19.119919,35.619175,3.82,148.82594,14.638,16.77526,5.052458,16.64125,5.5021544,2.706704,7.741028,3.5130758,7.9066386,1.583694,7.3875,264.45245,18.636885,41.189785,2.7188392,3.082067,0.54417,9.53,250.64444,17.216288,3.43,2.4874606,4.16,3.3571815,2.05,4.4051013,3.0578823,30.587708,2.655789,5.2857127,0.73,3.4576511,7.5964875,2.94,6.8493643,1.07,33.160046,4.1129317,6.6415462,3.45,4.09,1.235,6.1474705,11.637539,2.93,0.95679927,17.001453,16.677588,31.01972,4.939891,,3.17,33.72895,6.2048373,2.269077,4.436269,2.138917,44.582417,1.0855838,3.140649,0.9916137,9.568669,82.07717,4.6851354,7.3985705,12.08143,4.57,9.57079,4.62,4.659342,3.0427291,5.547212,2.957442,4.341845,4.74,8.725505,88.1819,2.08,51.43,3.9250176,1.3188525,1.3230228,3.531209,9.97,5.9063926,168.21,28.688225,9.13,0.63,7.06,80.66,8.078049,1.9754659,,25.83,15.40426,11.01126,3.729594,220.65657,2.75,2.8868458,32.90551,4.26,16.260126,0.92610306,73.80366,13.04,3.7539887,5.52494,0.7642953,2.1495917,17.230242,3.79,,31.060085,54.52033,9.33,4.94,14.055804,0.96,2.051171,9.774099,16.29755,0.325,7.84,2.12,284.75107,21.86077,23.630037,2.38,1.91,21.83243,1.3145761,2.8181775,11.25,8.556938,18.234026,3.9014277,261.82336,21.615145,1.9383634,33.36518,109.64747,36.38817,2.5394485,2.9851277,0.36,4.8706584,3.5547125,3.3843875,5.4027457,6.42,24.694473,10.79,52.763596,13.712693,4.720068,0.14,26.361282,2.9854243,7.0829372,2.13,5.06,2.3312607,33.48655,2.295733,1.31,1.2870075,6.1344676,0.195,13.074232,18.373392,0.6537943,12.41184,4.901429,3.8889186,26.46,31.048113,3.037277,18.0,6.59,10.287606,2.6283498,2.0563285,2.29651,3.993827,,3.6647463,1.745,29.305037,21.172665,5.08,73.44697,2.47008,5.4831824,13.641136,29.269526,2.1976724,,184.32,131.83,5.1026998,2.52
2025-02-21,24.14,0.44,7.268025,57.14301,3.7536263,8.88,9.504976,7.074169,27.076315,0.63,72.36916,16.425434,4.485942,73.63944,1.321919,34.85929,26.756758,9.109802,6.0137525,11.691997,36.63272,3.460263,4.04,62.526226,27.273987,3.0199032,3.171105,10.093632,5.2507386,1.185,38.817974,24.944014,2.95,5.967233,1.3114637,35.789368,22.691643,3.2069976,19.023983,35.75384,3.85,145.00327,14.498766,15.853112,5.1355877,16.950678,5.578177,2.706704,7.7219615,3.5221539,7.8867226,1.6066461,7.3690767,261.42786,18.608402,40.0244,2.6820982,3.0729752,0.55406404,9.62,250.43144,17.554253,3.5,2.4874606,4.01,3.4309657,2.09,4.4143558,4.282995,30.330265,2.6367512,5.3520207,0.8,3.4576511,7.5870037,2.94,6.959542,1.125,33.245537,4.1315002,6.6231484,3.45,4.11,1.215,6.1281996,11.541598,3.01,0.9665625,16.991863,17.052467,30.941313,4.9299517,,3.3,34.074127,6.3604155,2.225608,4.408309,2.1209426,38.230488,1.0901071,3.1019554,0.9550227,9.444277,78.38821,4.657248,7.3141766,12.061929,4.47,9.512253,4.48,4.433256,3.0526083,5.479089,3.0217342,4.28911,4.45,8.610442,87.87518,2.05,50.72,3.7763426,1.3282394,1.3476143,3.5685763,9.89,5.8514237,163.9,27.879435,9.09,0.615,6.95,79.95,7.97129,1.9661478,,27.13,15.697584,10.827739,3.729594,217.3372,2.66,2.9237385,32.877396,4.52,16.193758,1.1126099,72.039856,13.27,3.7720802,5.581317,0.744698,2.130484,17.480654,3.73,,31.020918,50.998085,9.29,4.78,14.292037,0.94,2.0138772,9.866744,16.172628,0.335,7.84,2.08,284.47238,21.916872,23.114887,2.465,1.95,21.614107,1.3051188,2.8181775,11.39,8.408444,18.788225,4.0559397,232.08768,21.556221,1.9292202,33.200726,112.75182,35.96263,2.6360054,3.0337453,0.375,4.8804,3.5834568,3.4030342,5.431231,6.3,24.520975,10.88,52.03785,13.6833725,4.7108855,0.135,25.731619,2.9557676,7.0829372,2.19,4.76,2.3586872,33.602158,1.8522391,1.345,1.263174,6.097953,0.195,12.917378,18.59803,0.6393724,12.25343,4.805885,3.8983123,30.12,31.580366,3.003753,17.96,6.48,10.249363,2.6283498,2.0563285,2.3059607,4.0125337,,3.51414,1.76,29.126692,21.127151,4.99,72.02762,2.48,5.4831824,13.470976,29.461458,2.1886287,,182.02,124.08,5.253825,2.43
2025-02-24,23.1,0.42,7.221255,54.04192,3.9006355,9.01,9.666992,6.9863515,26.38081,0.645,74.48449,16.134546,4.4771113,73.86857,1.3314635,34.64447,27.463083,9.174216,6.4777484,11.691997,36.337452,3.4233537,4.06,62.48835,27.427967,3.0291383,3.1921523,10.250624,5.2220464,1.18,38.3852,25.246424,2.85,6.0571012,1.2976102,35.426075,22.850454,3.1885135,19.139105,35.667274,3.67,149.30377,14.359533,15.725582,5.107878,16.863651,5.5971828,2.7251797,7.769627,3.5312316,7.8668065,1.5928749,7.0927362,261.61264,18.74132,39.98619,2.6453571,3.0911586,0.563958,9.14,252.68721,17.176529,3.52,2.526026,3.9,3.4494116,2.04,4.2755394,4.273195,30.768867,2.6367512,5.361493,0.87,3.4486701,7.473199,2.89,6.9044533,1.105,32.609123,4.094363,6.5863533,3.3,4.0,1.235,6.0029373,13.02867,3.02,0.9372727,17.068575,16.915318,30.54928,4.9895883,,3.2,32.663826,6.2780504,2.190833,4.417629,2.0760074,35.574764,1.0901071,3.1213024,0.9330682,9.358158,78.96182,4.67584,7.4360795,12.188691,4.38,9.326886,4.3,4.364447,3.0229712,5.479089,3.1778724,4.297899,4.21,7.363942,89.21709,2.04,49.86,3.7664309,1.3141592,1.2935131,3.4751582,9.81,5.796047,160.0,26.832767,9.13,0.615,6.89,79.17,7.8467383,1.9195566,,26.94,15.262327,10.962965,3.8145719,220.49489,2.64,2.896069,33.64591,4.62,15.966211,1.0482972,70.01002,13.81,3.744943,6.2766323,0.744698,2.130484,17.114668,3.71,,30.443193,50.69051,8.87,4.41,13.927845,0.92,2.0045536,10.033506,16.047707,0.33,7.55,2.01,281.98407,21.776619,23.114887,2.38,1.785,21.122875,1.0970564,2.7890236,11.31,8.408444,19.133463,4.036626,229.65065,18.708244,1.9292202,33.181377,109.38269,35.923046,2.6553168,3.0142982,0.355,4.851176,3.5163867,3.3843875,5.469212,6.35,25.186049,10.53,51.3023,13.742016,4.701702,0.145,26.408274,2.9458823,7.101075,2.17,4.56,2.4135406,33.004868,1.8522391,1.31,1.2345738,6.044815,0.19,13.000419,18.906906,0.648987,12.430477,4.834548,3.9077055,30.33,31.491657,3.0171626,17.74,6.57,10.421459,2.5321908,2.0186534,2.268158,3.9751208,,3.4890392,1.71,29.361357,21.281895,5.07,72.74675,2.4304,5.5220013,13.385896,29.98927,2.1976724,96.812996,179.89,108.09,5.3338327,2.38
2025-02-25,22.82,0.42,7.4083343,54.357956,3.6654212,8.77,9.676191,7.054654,25.24096,0.65,72.388664,15.824266,4.503603,73.56225,1.3171467,34.90811,27.267916,9.146609,7.0054297,11.490094,36.28982,3.4233537,4.11,62.876595,28.390352,3.010668,3.1500576,10.121336,5.144683,1.175,37.924206,25.33422,2.72,5.9402733,1.3114637,34.905678,22.54217,3.1977556,19.542034,35.50375,3.74,147.43068,14.647281,15.58824,5.150562,16.873322,5.435634,2.789845,7.7028947,3.5221539,7.7871428,1.5974653,6.9545665,259.66757,18.665367,39.718727,2.6637278,3.0911586,0.55901104,9.19,254.1104,17.275928,3.47,2.4874606,4.04,3.4770808,2.04,4.1459775,4.3123984,27.546097,2.627232,5.418329,0.795,3.3107235,7.3593936,2.86,6.931998,1.105,32.694607,4.085079,6.5679555,3.3,4.03,1.13,6.0896573,13.546747,2.96,0.9226278,16.991863,16.43986,30.382666,5.0591645,,3.21,32.21016,6.296354,2.2516894,4.3989887,2.0939815,34.65319,1.0946304,3.6565669,0.92575,9.377414,79.56511,4.6200643,7.361062,11.603633,4.43,9.102494,4.18,4.305468,3.0032134,5.547212,3.095211,4.3525333,4.16,7.354354,88.73784,2.03,49.37,2.5076501,1.3141592,1.308268,3.3817399,8.73,5.6206894,158.5,25.595795,9.14,0.61,6.97,77.53,7.8870916,1.9288749,,25.69,15.262327,10.982283,3.7862463,218.40245,2.52,2.9237385,33.167927,4.63,15.729183,1.0868849,68.06885,13.39,3.6997142,6.1262937,0.7251007,2.1495917,17.172455,3.75,,30.560696,50.730198,8.62,3.99,13.553812,0.915,1.9765829,9.9964485,15.922784,0.34,7.29,2.0,282.18317,21.35586,22.351706,2.38,1.47,21.19565,1.1916302,2.9347916,11.57,8.445568,19.496872,3.95937,229.40498,17.873495,1.9200771,32.958878,108.70703,35.824085,2.7132509,3.1115339,0.365,4.7537627,3.497224,3.3937109,5.554668,6.37,23.470352,10.52,51.312103,13.947267,4.720068,0.135,26.774794,2.9656532,7.1373515,2.14,4.42,2.3586872,33.072308,1.7913672,1.305,1.2298071,6.0635295,0.195,12.954286,19.374899,0.6636258,12.234795,4.777221,3.9077055,31.14,31.057968,2.997048,17.29,6.49,10.344972,2.5642438,2.0372584,1.6585904,3.9751208,,3.3300662,1.745,29.333197,21.873566,5.02,71.16593,2.49984,5.6578674,13.25355,30.286762,2.1795847,94.12514,178.39,104.35,5.4138403,2.71
2025-02-26,22.32,0.415,7.4363956,53.518486,3.7928288,8.95,9.694586,7.0448966,25.20232,0.63,72.027985,15.911532,4.4771113,75.04742,1.3076022,34.654236,27.64896,9.165014,6.859863,11.425852,36.49937,3.4141264,4.12,63.719368,29.352737,3.001433,3.571001,9.9219475,5.1156716,1.15,37.359715,25.461039,2.6,5.9492598,1.302228,35.16097,22.747694,3.1977556,20.12724,35.59032,3.74,149.33244,14.322405,15.048685,5.226445,16.728277,5.1410456,2.7806072,7.636162,3.5039983,7.717437,1.583694,6.917721,258.2185,18.69385,39.355736,2.6545424,3.1093419,0.539223,9.31,256.38556,16.6497,3.41,2.4778194,3.96,3.4955268,1.99,4.081197,4.2633934,26.516336,2.6177132,5.3777785,0.85,3.2647412,7.34991,2.87,6.895272,1.06,33.530495,4.1036477,6.5035644,3.1499999,3.98,1.095,5.9836664,13.393243,2.98,0.99585223,15.265828,15.856752,30.843306,5.019407,,3.18,31.707188,6.3055053,2.1861062,4.380349,2.0760074,35.13875,1.0855838,3.7855463,0.9806364,9.261881,78.1904,4.657248,7.3798165,11.496373,4.37,9.229324,4.11,4.17768,3.0130923,5.430429,3.1227648,4.407168,4.13,7.344765,88.249,2.02,51.54,2.715795,1.3047723,1.2541666,2.8679395,8.47,5.6945243,170.88,27.061132,9.2,0.64,6.85,76.63,7.6761575,1.9102384,,24.73,15.338024,10.837399,3.795688,219.76253,2.46,2.9421847,33.299137,4.7,15.7576275,1.0901004,66.67948,13.04,3.6635313,5.966559,0.73,2.101823,16.690893,3.74,,29.83609,50.829414,8.37,3.89,13.475067,0.905,1.9765829,10.144681,15.769033,0.34,6.97,2.01,271.91144,21.168854,22.304007,2.295,1.415,21.222942,1.1727154,2.8959203,11.54,8.25067,19.587725,3.9207418,230.26973,17.254797,1.9109339,32.7654,105.01833,36.853287,2.6070383,3.1212573,0.36,4.7537627,3.458898,3.28183,5.4122405,5.62,22.978775,10.58,51.312103,13.878849,4.66497,0.13,26.445866,2.9458823,7.6633573,2.17,4.16,2.3221183,33.207176,1.7826713,1.295,1.2298071,6.0635295,0.185,13.037326,19.318737,0.7026626,12.3093405,4.7383823,3.922125,31.0,30.594711,3.0104575,17.4,6.44,10.364095,2.5001376,2.027956,1.6727664,3.9564142,,3.3551674,1.725,29.57725,22.61998,4.89,71.58749,2.4105601,5.5705247,14.614827,29.365492,2.1795847,96.06637,177.06,101.08,5.3338327,2.66
2025-02-27,21.74,0.41,7.5767055,52.67902,3.9300375,9.34,9.639399,7.074169,25.646667,0.63,72.34967,15.989102,4.60074,74.9546,1.3123745,34.556587,27.779072,9.293839,6.859863,13.701846,37.56616,3.404899,4.19,63.662556,29.862803,3.0753143,3.7604253,10.121336,5.0866604,1.195,37.651367,25.792715,2.62,5.985207,1.3399737,35.249336,23.196108,3.2069976,20.242361,36.148224,3.72,149.36111,14.508048,15.156595,5.6438017,16.64125,5.169554,2.8267965,7.8649607,3.5130758,7.8468904,1.5148377,6.9637775,255.5829,19.34894,39.393944,2.709654,3.0638833,0.549117,9.54,251.99983,16.6,3.57,2.4874606,4.22,3.523196,2.02,4.0534334,4.273195,26.726103,2.627232,5.3777785,0.83,3.2923305,7.482682,2.82,6.840183,1.075,33.2696,4.1686373,6.6231484,3.3,,1.075,6.0703864,13.604312,2.98,1.0153787,15.5535,16.129496,30.490475,4.9100733,,3.23,31.657873,6.433629,2.2035952,4.33375,2.0849946,34.881107,1.0946304,3.850036,0.9806364,9.213742,77.14206,4.731615,7.417325,10.628538,4.32,9.482985,4.22,4.2071695,3.0130923,5.479089,3.1135802,4.4800134,3.97,7.910485,88.91036,2.02,51.33,2.8049998,1.3657869,1.3181046,2.9333324,8.41,5.6852946,178.0,27.184828,9.25,0.675,6.89,72.34,7.6945,1.9381931,,24.17,15.338024,10.885694,4.1733685,219.49622,2.46,2.951408,33.224163,4.71,16.070505,1.0804535,67.9506,14.2,3.672577,6.3424053,0.735,2.101823,16.950937,3.84,,29.914427,50.75996,8.75,3.76,13.396323,0.925,2.0138772,10.228062,15.913174,0.345,7.0,2.02,262.0886,21.35586,22.017813,2.38,1.475,19.26712,1.1821728,2.9347916,11.39,8.714712,19.724,3.949713,232.7166,16.901255,1.9017906,35.000065,106.54312,36.991833,2.645661,3.189322,0.37,4.821952,3.4876425,3.2165666,5.383755,5.43,23.17155,10.77,51.07673,14.387089,4.6741533,0.13,26.34249,2.9557676,7.554528,2.18,4.04,2.291396,33.42875,1.7913672,1.315,1.2393404,6.1383877,0.19,13.009645,19.009863,0.7026626,12.41184,4.7092524,3.9509645,30.38,30.062458,3.0305722,17.54,6.54,10.536192,2.5642438,2.027956,1.6822171,3.9912417,,3.3300662,1.755,29.680502,22.701902,4.92,71.60664,2.47008,5.5803843,14.699907,29.461458,2.116277,93.56764,176.53,102.85,5.42273,2.57
2025-02-28,23.3,0.385,7.464458,52.402493,3.8810344,8.46,9.621003,7.1619864,25.60803,0.615,70.2831,15.7273035,4.468281,74.53689,1.30276,34.097656,27.686134,9.155812,6.7142954,13.756909,36.70892,3.3864443,4.25,63.42582,29.862803,3.001433,3.6130953,10.178305,5.067319,1.175,36.72937,25.392752,2.48,6.021154,1.3163826,34.542385,22.663616,3.1977556,20.050491,35.68651,3.66,149.79117,14.09035,15.062638,5.520492,16.554226,5.1600513,2.7621312,7.9888935,3.4949205,7.548151,1.5010664,6.9269323,251.7511,18.969177,39.231552,2.709654,3.0457,0.55406404,9.09,252.27092,15.99,3.56,2.4585366,4.09,3.4541595,1.965,3.9053626,4.253593,27.012148,2.6177132,5.339159,0.77,3.301527,7.330942,2.76,6.7208242,1.04,33.827785,3.8715408,6.5035644,2.85,,1.1,5.86804,14.00726,3.04,0.95191765,15.515144,15.527578,29.784813,5.1486187,,3.18,30.878756,6.351264,2.1248953,4.29647,2.1029685,34.28654,1.0765373,3.9403217,0.94038635,8.79975,76.71679,4.852462,7.407948,9.799707,4.25,9.49274,3.98,4.079382,2.9834554,5.559634,3.095211,4.3525333,3.74,7.6420074,88.229836,2.03,50.61,2.55,1.4408816,1.278758,2.895965,8.0,5.6945243,176.27,27.679617,9.38,0.64,6.79,69.02,7.4010262,1.9288749,,22.71,15.252867,10.740808,4.107274,215.51108,2.52,2.896069,33.08358,4.7,15.899844,1.0482972,65.85178,13.23,3.6363938,6.2766323,0.72,2.0636082,16.527163,3.8,,29.43462,50.859177,8.62,3.68,13.130563,0.925,2.013877,10.135416,15.81708,0.34,6.88,1.9,252.29564,21.224957,21.760239,2.38,1.43,18.020851,1.210545,2.847331,12.31,8.835363,19.560469,3.8628,234.03337,16.940536,1.8743609,33.27812,103.51182,36.73453,2.5394485,3.1115339,0.365,4.7829866,3.3726652,3.1419795,5.3267846,4.96,23.113718,10.59,50.625587,14.191612,4.6741533,0.11,25.797407,2.9063401,7.6089435,2.19,4.11,2.195921,32.860367,1.7826713,1.31,1.2441071,6.1196733,0.185,13.175726,18.822666,0.69290334,12.25343,4.6121545,3.9798033,28.46,29.047234,3.104325,17.23,6.29,10.450143,2.5962968,2.027956,1.6302385,4.0392137,,3.1041572,1.735,29.858847,22.54716,4.98,71.050964,2.48992,5.5508065,14.387948,28.799295,2.1795847,89.097824,170.73,103.09,5.40495,2.46
2025-03-03,23.47,0.385,7.53929,53.57156,3.9398377,8.88,9.722179,7.152229,25.955782,0.61,71.57958,15.649734,4.4064665,75.465126,1.2979528,34.59565,27.658253,9.128206,6.805275,14.2249565,36.22315,3.404899,4.38,63.719368,30.074526,3.0318463,3.641158,10.1877985,5.018967,1.185,37.256226,25.55859,2.64,6.039128,1.3541284,34.50311,22.943874,3.2162397,20.261549,35.90775,3.58,150.16388,14.285276,14.874727,5.4256377,16.699268,5.207566,2.7713692,8.046093,3.5221539,7.627815,1.4918857,6.8624525,252.64584,18.988167,39.93843,2.7188392,3.082067,0.563958,8.94,253.65536,16.18,3.15,2.4874606,4.27,3.4728813,2.0,3.9979072,4.3123984,26.822502,2.665308,5.310194,0.78,3.338313,7.4542313,2.93,6.840183,1.075,32.730663,3.9272463,6.61395,3.0,4.05,1.12,5.9162173,13.786597,3.06,0.947036,15.428843,15.715677,30.049437,5.2480135,,3.19,31.519802,6.397022,2.159873,4.3244295,2.0580332,34.098263,1.0901071,3.9661176,0.9660001,8.915283,77.43877,5.056972,7.361062,9.82896,4.27,9.2488365,4.1,4.236659,2.9439394,5.657861,3.1319494,4.407168,3.71,7.8145995,90.38645,2.06,50.87,2.75,1.4737357,1.3230228,3.110827,7.79,5.6945243,180.16,27.308527,9.34,0.655,6.87,70.31,7.666986,1.9568295,,23.93,15.300177,10.905011,4.1828103,215.91054,2.51,2.9329615,33.10232,4.61,16.013617,1.057944,67.75529,13.21,3.672577,6.3424053,0.735,2.0827155,16.777575,3.86,2.802723,30.041723,51.791832,8.46,3.57,13.603026,0.92,2.013877,10.163211,15.999659,0.34,7.1,1.965,260.39502,21.44001,21.836557,2.38,1.485,18.193691,1.210545,2.9347916,12.19,9.271563,19.887535,3.9014277,239.89009,17.235155,1.8835042,33.31681,107.200516,37.041313,2.5684156,3.0726397,0.38,4.7732453,3.4780612,3.151303,5.3441167,4.9,23.470352,10.7,51.13557,14.21116,4.7292514,,25.985365,2.9063401,7.6180115,2.17,4.18,2.2436583,32.93743,1.7826713,1.34,1.2488738,6.231961,0.185,13.212632,18.392113,0.68802375,12.3093405,4.650994,4.056708,28.96,29.85547,3.0238674,17.6,6.49,10.4119,2.5321908,2.046561,1.6822171,4.029619,,3.196194,1.78,29.84946,22.984083,5.04,71.8749,2.46016,5.7085557,14.435214,28.856874,2.1795847,90.143105,173.65,106.13,5.449399,2.41
2025-03-04,22.42,0.38,7.455104,50.582714,3.8124301,8.47,9.777368,7.2400465,25.453474,0.605,71.30664,15.601253,4.441789,75.697174,1.2739166,34.302715,27.528141,9.026987,6.777981,14.050587,35.156364,3.3403072,4.32,63.567856,29.612581,3.050855,3.6271267,10.102347,4.999626,1.165,37.143326,25.402508,2.38,5.9582467,1.3022281,33.815796,22.710325,3.1885135,20.242361,35.648033,3.6,150.76595,13.74691,14.864837,5.3402696,16.534887,4.9699945,2.7806072,8.03656,3.5039983,7.727395,1.4689336,6.761128,253.5503,18.750814,39.565884,2.6637278,3.0911586,0.534276,8.86,256.27905,15.87,2.97,2.468178,4.23,3.4728813,2.01,3.7943099,4.302597,26.462664,2.6081944,5.1943355,0.785,3.338313,7.473199,2.7,6.9503603,1.02,33.202232,3.9550993,6.4759674,2.85,3.89,1.125,6.0819106,13.709846,3.05,0.93239105,15.150759,15.189,29.677004,5.0691037,,3.21,31.233797,6.351264,2.1686175,4.33375,2.004111,32.601944,1.0901071,3.9080768,0.98795456,8.279853,75.9157,4.945421,7.239159,9.702198,4.03,9.034202,3.96,4.097752,2.9241815,5.559634,3.1135802,4.361639,3.78,7.766658,90.4823,2.02,51.11,2.67,1.517366,1.3279412,3.166878,7.71,5.6206894,178.13,26.347494,9.42,0.625,7.07,68.0,7.483566,1.9754659,,21.48,15.186631,10.895351,4.163926,213.32353,2.3,2.8776226,32.849274,4.47,15.6757765,1.0386503,67.122055,12.33,3.6273484,6.323613,0.73,2.0445006,16.883518,3.79,2.6804564,29.238783,51.633083,7.87,3.44,13.543968,0.92,1.9756992,10.01081,15.903564,0.335,6.75,1.89,258.37265,20.822897,20.386513,2.295,1.43,17.693367,1.224731,2.9250739,11.73,9.46646,19.487787,3.8828914,244.15445,16.871794,1.9200771,32.455837,106.99052,37.37778,2.5780714,3.1407044,0.37,4.705056,3.3726652,3.151303,5.228568,4.87,23.518545,10.65,50.978653,14.0832205,4.701702,,26.069946,2.8964548,7.6633573,2.19,4.0,2.2245634,32.8411,1.7913672,1.425,1.2298071,5.9418845,0.185,12.981965,18.027079,0.67826456,12.458431,4.7675114,4.037482,27.87,29.52035,3.0104575,16.67,6.35,10.096387,2.5642438,2.046561,1.6538651,3.9816477,,3.154359,1.77,29.915169,22.283182,4.82,71.61623,2.44032,5.747993,14.204558,28.684135,2.2248042,89.59557,174.1,100.85,5.387171,2.24
2025-03-05,22.4,0.375,7.464458,50.206635,3.7340252,8.01,9.694586,7.1229568,24.265324,0.61,70.887474,15.58186,4.4771113,74.53689,1.2739166,34.292946,27.286503,8.833749,6.8416667,13.775265,33.537132,3.3218524,4.46,63.22696,29.58371,2.9843254,3.6130953,9.969421,4.87391,1.225,37.19978,24.953768,2.39,5.8863525,1.3022281,33.059753,22.355331,3.1515453,20.012117,35.311367,3.58,149.45668,13.74691,15.369232,5.273872,16.380175,4.874966,2.7528934,8.160493,3.449532,7.7871428,1.4368007,6.678226,256.06915,18.276722,39.26021,2.6545424,3.0638833,0.524382,8.82,255.8434,15.71,3.07,2.4272368,4.19,3.416716,2.01,3.9146173,4.253593,26.122278,2.6081944,5.2039905,0.795,3.2923305,7.397329,2.66,7.0054493,1.015,32.624805,3.8993933,6.365582,3.1499999,3.94,1.12,6.1696305,13.593414,2.99,0.95191765,14.719251,14.982092,30.627687,4.9895883,,3.17,31.559252,6.2414436,2.2035952,4.29647,1.9951241,33.2956,1.0584441,3.8951788,1.0282046,8.20283,75.17395,4.8245745,7.342308,9.298759,4.23,8.995177,3.94,4.107674,2.958934,5.481053,3.0860264,4.3434277,3.36,7.766658,88.862434,1.96,50.94,2.58,1.4882791,1.308268,3.0174088,7.54,5.519166,173.24,25.881252,9.33,0.66,7.16,68.36,7.4285398,1.9754659,,21.08,14.997391,10.644218,4.1922526,210.61288,2.4,2.8222837,32.38067,4.5,15.492377,1.0482972,67.54751,12.43,3.5730736,6.3424053,0.745,1.9967318,16.89329,3.78,2.6898615,27.973097,50.670666,7.8,3.39,13.642398,0.965,1.9566103,10.01081,16.028488,0.335,6.66,1.895,261.41116,20.327337,20.033539,2.295,1.4,17.284008,1.210545,2.9542272,11.4,9.457179,19.76859,3.8438673,242.83173,16.547714,1.8926474,33.10399,107.28269,36.536606,2.6070383,3.1018102,0.395,4.7829866,3.3630838,3.1792731,5.2189393,4.84,23.277576,10.74,50.311752,13.856865,4.6833363,,26.318232,2.8569126,7.6452193,2.15,4.1,2.195921,32.571358,1.7739754,1.44,1.1726068,5.8483114,0.18,12.797431,18.073877,0.6587462,12.346613,4.7189627,4.047095,27.54,29.106373,3.003753,16.63,6.16,9.7163105,2.5642438,2.0372584,1.5971613,3.9336758,,3.6312783,1.885,29.60541,21.95549,4.83,71.050964,2.42048,5.6691184,14.070009,27.925707,2.1976724,90.65081,172.94,96.72,5.3249426,2.15
2025-03-06,22.23,0.365,7.548643,50.90931,3.7144241,8.04,9.299076,7.1229568,23.820974,0.64,70.44881,15.378239,4.4329586,73.33019,1.2643021,33.921898,27.30509,8.760134,6.7324915,13.830329,32.679893,3.3679895,4.44,62.744026,29.26352,2.9843254,3.5990639,9.931442,4.8835807,1.315,37.66148,24.99279,2.42,5.8773656,1.2786369,32.264435,22.54217,3.1607873,19.906588,35.282513,3.82,146.7808,13.978965,15.685716,5.245416,16.438192,4.998503,2.7528934,8.189093,3.4586096,7.9763446,1.4781145,6.761128,267.81744,18.07354,38.983192,2.672913,3.0638833,0.519435,9.26,253.65536,15.64,2.99,2.4662285,4.27,3.3979945,2.06,3.951635,4.282995,26.268158,2.5796375,5.339159,0.835,3.3107235,7.4447474,2.7,6.9044533,1.035,32.961636,3.9643834,6.3747807,3.0,4.01,1.16,6.3353233,13.641928,3.01,1.0007339,14.40281,15.151381,30.412067,4.9100733,,3.26,31.618427,6.259747,2.2560616,4.2778306,2.004111,33.414516,1.0629674,3.8564851,1.0538182,8.154692,75.64867,4.815278,7.3141766,9.121641,4.26,9.200056,3.95,4.1374397,3.0085807,5.4614077,3.1227648,4.3252163,3.48,7.862542,88.06688,2.0,51.21,2.78,1.4931269,1.3476143,2.9706998,7.65,5.593001,170.65,25.56137,,0.655,7.17,68.0,7.492737,1.9754659,,21.62,15.02638,10.711831,4.1711087,209.71886,2.2,2.8499532,32.41816,4.4,15.482726,1.0515127,68.517136,12.59,3.6183023,6.3136635,0.755,2.034947,17.205946,3.81,2.6898615,28.051893,50.273792,7.92,3.27,13.829415,0.98,1.9375215,9.848885,16.278332,0.35,6.73,1.86,264.05115,20.467588,19.868774,2.38,1.38,17.675173,1.2341883,3.03197,11.62,9.271563,19.506508,3.8243554,253.2656,16.547714,1.8926474,33.573822,108.3511,35.279797,2.6649725,3.169875,0.425,4.8907113,3.5421093,3.151303,5.267084,4.82,23.364325,11.26,49.742928,13.866706,4.6833363,,26.146341,2.8865693,7.513405,2.16,4.01,2.195921,32.629154,1.7739754,1.44,1.1916735,5.7360244,0.175,12.668257,17.88668,0.6441074,12.225476,4.699543,4.0086427,28.06,28.938812,3.0516489,16.23,6.34,9.804021,2.6604028,2.0372584,1.5924358,3.962459,,3.212928,2.11,29.342583,21.680601,4.84,69.94917,2.50976,5.688837,14.070009,27.702068,2.1614969,91.21825,171.98,95.99,5.2982736,2.15
2025-03-07,22.28,0.37,7.529936,51.513016,3.6153731,7.5,9.262284,7.074169,23.646746,0.63,68.00207,15.271581,4.379975,73.93354,1.2354587,33.658257,26.645233,8.723326,6.6779037,13.977167,32.40367,3.3218524,4.4,62.37472,28.700758,2.974821,3.5499537,9.808011,4.7675347,1.28,37.42148,24.885483,2.3,5.769524,1.2692006,32.058243,21.738762,3.1330612,19.877806,34.05128,3.73,141.91647,13.542702,15.290112,5.2549014,15.877359,4.960491,2.706704,8.103292,3.3950658,7.518277,1.4643432,6.7242827,258.413,18.208994,38.056614,2.5994308,3.0184252,0.509541,9.08,251.3899,15.21,2.83,2.4662285,4.14,3.3886333,1.99,3.8405821,4.322199,26.025024,2.5796375,5.1943355,0.88,3.2739377,7.2455883,2.78,6.7667313,1.005,32.97126,3.9691656,6.558757,3.0,3.94,1.15,6.1111507,13.486685,3.04,0.9665625,14.479524,14.972687,30.44147,4.840497,,3.18,30.109499,6.369567,2.2298284,4.1846313,1.97715,32.17584,1.0448743,3.8177912,1.0355227,7.8754873,73.76957,4.740911,7.182896,9.072441,4.68,9.278106,3.93,4.0481424,2.9490047,5.294422,3.1135802,4.31611,3.37,7.872131,86.88793,1.94,50.75,2.8,1.4737357,1.3476143,2.9613578,7.68,5.4914775,164.7,24.708355,,0.635,7.19,68.29,7.373513,1.9288749,,21.08,14.572206,10.460697,4.1134434,198.85722,2.09,2.8591762,32.108875,4.3,15.46342,1.0354346,68.49735,12.28,3.6092565,6.1699533,0.75,2.025393,16.824894,3.77,2.642836,27.382114,49.936455,7.86,3.33,13.110876,0.995,1.9375215,9.715533,16.364817,0.315,6.46,1.81,253.04282,20.336687,19.277555,2.38,1.2,17.975368,1.210545,2.973663,11.6,9.197316,19.450346,3.7560632,239.13002,16.31202,1.8835042,33.93599,108.61509,35.50741,2.6360054,3.1115339,0.415,4.8416076,3.4934537,3.1140091,5.2767134,4.69,22.41973,10.96,49.154484,13.797816,4.582323,,25.630674,2.8569126,7.34393,2.09,3.92,2.1672785,32.330517,1.7478875,1.42,1.1630734,5.633094,0.17,12.705165,17.531006,0.63434815,12.067067,4.699543,3.9894166,27.66,28.426271,3.058491,16.0,6.44,9.89173,2.6283498,1.9907458,1.5669963,3.9144871,,3.3300662,2.21,28.694906,21.21831,4.77,68.856964,2.47008,5.6198215,13.762467,27.867367,2.152453,88.31137,166.0,94.2,5.3071632,2.05
2025-03-10,23.0,0.39,7.501874,51.46353,3.6351833,7.46,9.262284,7.1619864,23.685463,0.635,67.64139,15.6982155,4.3711443,75.41871,1.2498803,33.90237,26.6917,8.78774,6.777981,14.436036,32.38462,3.3403072,4.5,62.791367,29.02095,2.974821,3.5569696,9.84599,4.8835807,1.32,37.632683,24.99279,2.21,5.796484,1.321101,31.528028,21.897575,3.123819,20.012117,33.704994,3.93,141.57243,13.700499,15.112089,5.2169595,15.954716,4.874966,2.6974661,8.198626,3.3950658,7.637773,1.4643432,6.7519164,261.61264,18.276722,38.562885,2.5902455,3.0366085,0.519435,,249.25362,15.04,2.77,2.4759765,4.68,3.3605509,2.01,3.7387834,4.322199,26.025024,2.5891564,5.175026,0.98,3.2739377,7.311975,2.84,6.8769083,0.98,32.81728,3.9787297,6.5679555,3.1499999,4.02,1.185,6.1988707,13.486685,2.99,0.986089,14.211028,14.916256,30.960917,4.9500556,,3.19,30.29688,6.369567,2.264806,4.1846313,1.959176,33.0875,1.040351,3.850036,0.9989318,7.8273487,73.82891,4.796686,7.304799,8.993721,4.48,9.23908,3.84,4.1672053,3.048298,5.304245,3.1227648,4.297899,3.31,7.8915443,87.57805,1.93,51.01,2.45,1.4785835,1.4213889,2.9146485,7.65,5.5560837,165.11,24.533875,,0.615,7.13,68.33,7.2542896,1.9568295,,21.78,14.504563,10.238541,4.123054,198.10583,2.06,2.8591762,31.930809,4.44,15.608209,1.0420088,68.89311,12.13,3.6273484,6.2178564,0.755,2.015839,16.873747,3.87,2.642836,27.480612,49.747936,7.75,3.53,12.99276,1.045,1.9566103,9.744108,16.62427,0.315,6.4,1.83,254.96553,20.55174,19.190327,2.465,1.255,17.438654,1.1963589,3.0079556,11.64,9.039541,19.69371,3.7755752,238.59697,15.909375,1.8835042,34.131756,111.92445,36.061592,2.6939394,3.208769,0.41,4.929994,3.5129158,3.1233325,5.3441167,4.69,22.323341,11.14,49.164352,13.866706,4.582323,,25.611574,2.8569126,7.3345146,2.1,3.85,2.195921,31.877733,1.7652794,1.51,1.1678401,5.707952,0.17,12.572917,17.94284,0.6538666,12.039113,4.6704135,3.9509645,27.68,28.475554,3.0721755,16.85,6.33,9.9112215,2.724509,1.9814433,1.5573236,3.9528644,,3.2547631,2.24,28.535334,21.614561,4.71,69.40307,2.5296,5.8170085,13.858575,27.750687,2.1434088,87.375595,167.01,94.16,5.4405093,2.04
2025-03-11,21.0,0.375,7.455104,49.276333,3.6847088,7.07,9.317472,6.9961095,23.346685,0.58,66.47163,15.135833,4.3446527,75.83642,1.2258443,33.560608,26.970514,8.695721,6.9053526,13.986344,32.17507,3.3033977,,61.948593,27.953646,3.012838,3.5359223,9.751043,4.8642397,1.25,38.06469,23.26612,2.13,5.796484,1.3352555,31.636034,21.533237,3.123819,19.69553,33.416428,3.43,140.40652,13.53342,14.736265,5.103135,15.829012,4.6659026,2.706704,8.198626,3.385988,7.4087396,1.4505719,6.7242827,258.46164,18.392826,37.17779,2.5718749,3.0366085,0.515,8.11,245.86713,14.96,2.7,2.5344641,4.11,3.3886333,1.97,3.4611511,4.400606,25.976397,2.5891564,5.126751,0.86,3.218759,7.2076535,2.73,6.9044533,0.94,32.336086,3.9596012,6.4851665,3.0,3.88,1.14,6.0039372,13.457577,3.0,0.9372727,13.702806,14.765778,30.696293,4.7906976,,3.06,30.129223,6.3787184,2.1686175,4.156672,1.8962665,32.35421,1.0448743,3.82424,0.96234095,7.0667577,72.19706,4.750207,7.154765,8.718202,4.53,9.102494,3.83,4.018377,2.8894289,5.2846,3.1043959,4.2796874,3.22,7.8721304,85.41184,1.865,50.83,2.39,1.4931269,1.3476143,2.839914,7.53,5.519166,163.26,24.165527,,0.62,7.01,68.26,7.245119,1.9381931,,21.44,14.398267,9.910134,4.1038327,191.9617,2.0,2.9052923,31.958923,4.36,15.395852,1.0551572,67.08248,11.4,3.744943,6.12205,0.605,2.0062854,16.56109,3.87,2.5770004,26.60399,49.627167,7.2,3.41,12.756528,0.93,1.947066,9.87746,16.239893,0.31,6.01,1.765,228.32631,20.570442,17.445753,2.465,1.155,17.374977,1.1774441,2.9099765,11.44,8.461453,19.328665,3.7072833,231.63777,15.889733,1.8835042,33.41721,112.51844,37.13038,2.2304661,3.0920868,0.4,4.900532,3.4934537,3.0953624,5.373004,4.58,22.005262,10.42,47.595592,13.650192,4.5547743,,24.84762,2.767943,7.249777,2.05,3.7,2.215016,31.309347,1.7652794,1.375,1.1297065,5.764096,0.18,12.71461,17.802443,0.62458897,11.973886,4.6607037,3.9317384,26.61,26.859081,3.0653334,16.23,6.25,9.735802,2.6283498,1.9721404,1.5331415,3.904893,,3.463938,2.1,28.807547,21.878729,4.56,68.4929,2.42048,5.94518,13.704804,27.809027,2.1343648,85.75292,158.55,88.22,5.573855,1.975
2025-03-12,21.38,0.365,7.427042,50.454056,3.6549935,6.81,9.510629,7.0058665,23.201494,0.595,65.409096,14.738287,4.30933,73.701485,1.2066153,32.808743,26.403595,8.576097,6.868961,14.252489,31.17496,3.2941704,3.51,59.628605,27.798403,2.9272997,3.486812,9.56115,4.709512,1.2,37.392677,22.553993,2.17,5.7066164,1.2975098,30.96461,21.337057,3.1145768,19.474205,33.252903,3.53,138.38051,13.23639,14.32088,5.027252,15.66463,4.732423,2.6697524,7.969826,3.3587549,7.4087396,1.4138485,6.7427053,253.5503,18.441202,36.041065,2.5626895,3.0093336,0.545,8.52,244.34467,14.21,2.61,2.4857244,4.35,3.3324683,1.98,3.5722039,4.3123984,25.3637,2.5701184,4.962618,0.875,3.1727767,7.1317835,2.78,6.775913,0.97,31.989632,3.9213443,6.356383,3.1499999,3.88,1.195,6.0526705,13.195605,2.94,0.9226278,13.242531,14.982092,29.686806,4.711019,,3.06,30.287018,6.2414436,2.1948507,4.0914326,1.8513312,32.532578,1.0448743,3.7468524,0.94038635,7.0860133,69.97181,4.694432,7.1266336,8.6394825,4.44,9.102494,3.82,4.038221,2.8894289,5.2551312,3.0217342,3.851719,3.15,7.6877036,84.55878,1.835,49.53,2.47,1.517366,1.3771241,2.699787,7.72,5.5099363,163.11,23.438526,,0.605,7.06,68.75,7.098382,1.9195566,,21.11,14.427258,9.794227,4.075,189.35567,2.04,2.8130605,31.284134,4.31,14.86496,1.0683055,68.09169,11.1,3.6906683,5.9975014,0.655,1.9967318,16.58063,3.78,2.5770004,26.623692,49.09964,7.44,3.41,12.50061,0.955,1.8897994,9.839359,16.028488,0.33,6.17,1.715,227.38985,19.925278,17.24222,2.465,1.175,17.174845,1.1774441,2.958966,11.3,8.490071,19.253782,3.638991,229.49573,15.781706,1.8835042,32.927795,110.52906,35.358967,2.037352,3.130981,0.4,4.7434006,3.4837227,3.0767157,5.353746,4.56,21.552242,10.47,46.974007,13.591144,4.5088587,,24.54204,2.728401,6.6660285,2.05,3.83,2.176826,30.615726,1.7826713,1.42,1.1249398,5.773453,0.18,12.251746,17.811802,0.600191,11.750248,4.631574,3.9317384,27.07,26.799942,2.9969108,16.04,6.33,9.492163,2.6604028,1.9721404,1.5815055,3.847327,,3.547608,2.09,28.225574,21.416435,4.37,66.73962,2.42048,5.79729,13.887406,27.400642,2.152453,84.329346,156.8,88.47,5.3782816,1.93
2025-03-13,21.16,0.355,7.4363956,51.334873,3.6748037,6.49,9.437045,7.0448966,23.337006,0.605,64.960686,15.029175,4.3269916,72.63402,1.1970009,32.613453,26.338537,8.520886,6.9417443,13.903748,31.679777,3.2757156,3.7,60.585007,27.536427,2.9272997,3.4654212,9.56115,4.757865,1.27,36.711067,21.978437,2.21,5.7066164,1.3022281,30.707886,21.262321,3.1145768,19.591051,32.820045,3.45,137.61597,13.134285,14.043958,4.979825,15.519586,4.817949,2.6697524,7.8649607,3.3587549,7.807059,1.4138485,6.70586,253.74481,18.199318,36.002853,2.5626895,3.0275168,0.515,8.7,242.50993,14.11,2.62,2.4564807,4.41,3.3324683,2.02,3.3778613,4.273195,25.460955,2.5320427,5.0012374,0.97,3.1819732,6.923141,2.8,6.6381907,0.985,32.441948,3.9596012,6.365582,3.1499999,4.01,1.25,6.296337,13.1276865,2.87,0.95191765,13.156229,14.906852,29.245766,4.7309384,,3.22,30.602613,6.122472,2.2735505,3.9795938,1.8872794,32.92895,1.0493976,3.624322,0.9440454,6.989736,69.52676,4.6200643,7.079748,9.20036,4.42,8.926883,3.84,4.028299,2.8497117,5.235486,2.898204,3.915459,3.19,7.7362366,83.37982,1.84,49.65,2.44,1.5222139,1.4312255,2.6717613,8.07,5.4914775,159.85,23.30282,,0.615,7.26,68.5,6.979159,1.9288749,,21.75,14.253318,9.572069,4.094222,187.10155,2.08,2.7577217,31.124805,4.25,14.797392,1.0518701,68.724915,11.03,3.374067,6.0454044,0.65,1.9776243,16.990993,3.79,2.5393798,26.347898,47.86543,7.49,3.43,12.805743,1.05,1.9088882,9.706009,16.066925,0.34,6.28,1.745,230.61765,19.448418,17.3876,2.5500002,1.18,16.977432,1.1916302,3.076541,11.41,8.413756,19.272503,3.6194792,224.64896,15.624577,1.8652177,32.536266,109.35993,34.794884,2.075975,3.2768338,0.41,4.59609,3.4350674,3.0673923,5.267084,4.46,21.7161,10.72,46.964138,13.581302,4.499676,,24.217358,2.767943,6.5907063,2.05,3.85,2.157731,30.856565,1.7348436,1.5,1.1298096,5.8108826,0.175,12.185621,17.559086,0.6148298,11.78752,4.6121545,3.9317384,26.99,26.928076,3.0242798,15.98,6.33,9.365471,2.788615,1.9535354,1.6298696,3.8665156,,3.6731129,2.15,27.812563,21.416435,4.42,66.18393,2.61888,5.462072,13.656751,27.16728,2.152453,84.418945,156.13,87.51,5.144866,1.935
2025-03-14,21.0,0.37,8.091172,51.09735,3.8134756,6.48,9.768169,7.132714,23.153097,0.625,64.98993,15.426721,4.4064665,71.93785,1.1970009,32.69157,26.29207,8.410465,6.978136,13.756909,31.822653,3.2757156,3.9,60.982723,27.57524,2.936804,3.4654212,9.646602,4.8255577,1.34,37.10467,22.49546,2.31,5.769524,1.3022281,31.053474,21.094166,3.1145768,19.746845,32.202267,3.49,136.04868,13.1806965,14.162639,5.103135,15.790334,4.931983,2.6697524,7.8840275,3.385988,7.956428,1.4322102,6.7242827,255.07718,18.092892,35.85957,2.5718749,3.0457,0.495,8.81,244.03238,14.11,2.63,2.5052202,4.64,3.416716,2.1,3.3408434,4.3320003,25.169193,2.5796375,5.1943355,1.09,3.2831342,6.972392,2.93,6.6749167,1.01,32.865402,3.9309087,6.4483714,3.0,4.12,1.3,6.5887365,13.370253,2.93,0.9616809,13.14664,15.30186,29.314371,4.780738,,3.4,30.385641,6.186534,2.3085284,4.035513,1.9142407,33.077595,1.0493976,3.5662816,0.9660001,7.0956407,69.45753,4.657248,7.1360106,9.593959,4.43,9.024445,3.99,4.0580645,2.829853,5.2846,2.9362135,4.006516,3.18,7.8721304,84.395836,1.835,50.16,2.48,1.5125182,1.4754901,2.699787,8.28,5.565313,161.72,23.360981,,0.645,7.38,68.76,7.052527,1.9381931,,21.95,14.282308,9.610704,4.151887,188.55675,2.07,2.785391,31.209154,4.27,15.009749,1.048583,72.6529,11.68,3.401204,6.1603727,0.655,2.0062854,17.459982,3.83,2.5675952,26.338049,47.825615,7.63,3.39,12.943544,1.1,1.8707105,9.886985,16.806849,0.335,6.42,1.82,233.19789,19.149212,17.66867,2.72,1.23,17.193647,1.210545,3.1157327,11.61,8.614084,19.506508,3.6682591,226.21848,15.69332,1.8560746,32.69288,110.40649,34.93343,2.1242535,3.4615812,0.43,4.59609,3.4350674,3.0953624,5.286342,4.6,21.831764,10.86,48.049446,14.40799,4.518042,,24.131413,2.8470273,6.553045,2.08,3.85,2.1481836,31.087774,1.6957117,1.6,1.1152,5.838954,0.175,12.308423,17.465487,0.62458897,11.880703,4.631574,3.9413512,27.24,27.499756,3.0927024,15.86,6.31,9.540891,2.9168272,1.9442328,1.668561,3.904893,,3.497406,2.21,27.79379,21.114529,4.52,66.730034,2.80736,5.462072,13.78169,27.108938,2.152453,84.703926,157.38,88.14,5.164317,1.935
2025-03-17,20.81,0.365,8.278253,52.334457,3.8332858,6.57,9.768169,7.054654,23.74354,0.63,64.794975,15.717607,4.4064665,71.10244,1.2018081,32.81851,26.66382,8.612905,7.1328015,13.756909,32.35605,3.2480335,3.83,61.247864,27.284157,2.9463084,3.550987,9.722559,4.931933,1.335,37.99749,22.710075,2.39,5.805471,1.3258191,30.954735,21.486528,3.1053348,19.717634,32.406574,3.56,138.24672,13.357059,14.103298,5.1410766,15.800003,5.169554,2.6789904,8.027026,3.3769104,8.185462,1.4368007,6.7374015,257.3043,17.996138,36.547337,2.5902455,3.0638833,0.51,8.9,241.91461,14.45,2.54,2.5052202,4.65,3.4916031,2.1,3.3778613,4.2927966,26.07365,2.6081944,5.2136455,1.03,3.3659024,7.0399914,2.94,6.6840982,0.99,32.528564,3.9404726,6.4667687,3.1499999,4.05,1.25,6.569243,13.399362,2.99,0.99585223,13.511025,15.941398,29.05955,4.8504567,,3.46,30.484264,6.296354,2.3085284,4.0075536,1.9052535,33.047863,1.0448743,3.624322,0.9586818,6.941597,69.58654,4.694432,7.042239,9.928517,4.43,9.170787,4.28,4.1870494,2.859641,5.32389,2.9932275,4.0702558,3.3,8.008024,83.907,1.84,50.38,2.54,1.5609964,1.4754901,2.7558377,8.53,5.666836,163.17,24.349703,,0.685,7.61,69.33,7.08004,1.9475113,,24.49,14.707492,9.581728,4.1903305,190.95354,2.08,2.8222837,31.152924,4.3,15.144884,1.0781668,72.23735,12.06,3.3469298,6.1124697,0.675,2.0445006,17.372046,3.84,2.652241,26.02286,48.41286,7.47,3.39,12.618726,1.115,1.8993438,10.077485,17.008648,0.35,6.66,1.95,233.83546,19.401667,18.240503,2.805,1.26,17.428661,1.2058163,3.0667431,11.7,8.537769,19.412905,3.687771,229.26868,15.624577,1.8652177,33.877262,112.386444,34.488102,2.1340427,3.4713047,0.455,4.625552,3.5031848,3.058069,5.2959714,4.64,22.236591,11.06,48.769695,15.05753,4.536408,,24.427444,2.9261112,6.6095366,2.09,3.92,2.1863735,30.943268,1.63484,1.745,1.1785084,5.8857408,0.18,12.298977,17.21277,0.62458897,12.048431,4.650994,3.902899,27.36,27.539183,3.0653334,16.42,6.33,9.89173,2.820668,1.9442328,1.7314342,3.8665156,,3.76515,2.24,28.056616,21.520214,4.5,66.768364,2.91648,5.600103,14.098841,26.982534,2.125321,84.215515,159.0,89.82,5.222671,1.98
2025-03-18,21.1,0.37,7.978925,53.343933,3.8828115,6.22,9.933732,7.074169,23.569311,0.62,63.011086,15.213403,4.4594502,71.19527,1.2066153,32.769688,26.8404,8.658914,7.196487,14.059764,32.260796,3.2757156,4.12,61.645576,28.147701,2.9177957,3.5866396,9.836495,4.9029217,1.325,38.03589,23.295385,2.41,5.8593917,1.3494102,31.329943,21.299688,3.1145768,19.805267,32.474674,3.48,137.8071,13.328579,14.172529,5.349755,16.2448,5.2170687,2.6974661,8.160493,3.422299,8.334831,1.4368007,6.7279124,261.07776,17.94776,36.814808,2.5994308,3.0911586,0.495,9.4,241.72917,14.46,2.81,2.4954724,4.64,3.557129,2.12,3.3038259,4.2633934,26.190355,2.6081944,5.2619195,1.045,3.3659024,7.0303345,3.03,6.6565537,1.005,32.913517,3.8639586,6.365582,3.1499999,4.12,1.21,6.5887365,13.564305,3.02,1.0495502,13.597327,15.668653,28.638111,4.8305373,,3.53,30.80972,6.351264,2.1948507,4.044833,1.8872794,32.80013,1.0539209,3.6436691,0.9660001,7.0089912,69.328514,4.722319,7.0234847,10.292596,4.46,9.297617,4.33,4.236659,2.9092875,5.32389,2.974223,4.1157846,3.35,7.9789047,82.08585,1.875,50.9,2.54,1.5755398,1.455817,2.7278123,8.66,5.7129827,163.35,24.330315,,0.72,7.73,69.1,7.1350665,1.9475113,,24.86,14.794461,10.016383,4.1903305,186.51187,2.1,2.8315067,30.543736,4.4,15.46342,1.0617313,74.00841,12.3,3.6454399,6.179534,0.66,2.0445006,17.567455,3.97,2.642836,26.288801,48.283466,7.42,3.29,12.825429,1.13,1.8993438,10.296561,16.922163,0.345,6.71,1.975,232.112,19.635422,18.337425,2.72,1.275,17.851686,1.2436459,3.0961368,11.72,8.747636,19.72179,3.687771,227.33392,15.708394,1.8743609,34.27858,112.697586,34.37925,2.143832,3.5101988,0.455,4.625552,3.5129158,3.058069,5.469294,4.61,22.324253,11.28,48.542767,15.205153,4.536408,,24.436995,2.9162257,6.6001215,2.14,3.94,2.176826,31.636892,1.6739718,1.76,1.1638988,5.913813,0.18,12.317869,17.34381,0.6148298,11.964567,4.5927353,3.9317384,27.15,27.460331,3.1200714,16.73,6.38,9.823511,2.884774,1.9535354,1.7314342,3.8952985,,3.8069854,2.32,28.328829,21.576822,4.54,66.90249,2.9264,5.7578526,14.233391,27.361748,2.1343648,84.51454,157.67,92.1,5.125415,1.89
2025-03-19,21.09,0.38,7.782492,52.769917,3.8630013,6.29,9.731378,7.0514207,23.114378,0.625,62.02654,14.621932,4.424128,72.07708,1.1970009,32.652508,26.6917,8.6037035,7.1509976,14.032231,31.898853,3.229579,3.99,61.787617,28.826893,2.889283,3.5438564,9.741549,4.8642397,1.3,37.97829,23.217344,2.49,5.823445,1.363565,30.994228,21.25298,3.0960927,19.591051,32.221725,3.47,136.4405,13.281112,15.112089,5.3118134,16.05141,5.065023,2.6789904,8.074693,3.385988,7.986303,1.4413911,6.6709766,262.06,17.870358,36.63331,2.5259485,3.0729752,0.465,9.46,244.2666,14.05,2.65,2.4857244,4.6,3.5103247,2.09,3.2575538,4.2633934,25.674911,2.5891564,5.1170964,1.145,3.3199198,7.088277,2.97,6.5922837,1.05,32.76916,3.758752,6.3195877,3.1499999,4.08,1.255,6.5302563,13.418766,3.02,1.0495502,13.501436,15.508768,29.010546,4.8205776,,3.49,30.306744,6.351264,2.1074066,3.988914,1.8872794,32.49294,1.0448743,3.489401,0.96234095,6.931969,68.266655,4.666544,7.1266336,10.174516,4.4,9.346398,4.34,4.206893,2.829853,5.235486,2.926711,4.0520444,3.17,7.9012513,85.038025,1.855,48.76,2.49,1.5609964,1.4459804,2.681103,8.27,5.6206894,163.35,23.525766,,0.735,7.66,68.97,7.006672,1.9381931,,23.88,14.639849,10.04536,4.1903305,184.88547,2.06,2.8315067,30.59997,4.37,15.357242,1.0420088,74.78015,12.26,3.7992172,6.1891146,0.63,2.0062854,17.352505,3.83,2.6240258,26.00316,48.313328,7.61,3.22,12.648255,1.085,1.8945715,10.096536,16.749193,0.35,6.75,2.0,231.99243,19.401667,17.348831,2.805,1.245,17.88929,1.2194504,3.056945,11.5,8.509151,20.526762,3.658503,226.06053,15.432288,1.8560746,34.04366,111.91502,34.181324,2.1340427,3.4810283,0.445,4.527345,3.5129158,3.0114522,5.4981813,4.47,22.538534,11.25,48.000114,15.067372,4.48131,,24.389248,2.8766837,6.5059686,2.14,3.91,2.157731,32.29198,1.6565799,1.735,1.1346796,5.951242,0.175,12.317869,17.633965,0.59043175,11.927295,4.6121545,3.9605772,27.7,27.282913,3.1132295,16.88,6.27,9.706565,2.884774,1.9535354,1.6975794,3.9240816,,4.09983,2.29,28.272509,21.54852,4.41,67.391106,2.93632,5.688837,14.406382,27.390919,2.0981894,82.54097,156.29,93.87,5.067061,1.865
2025-03-20,21.56,0.38,7.882141,54.93732,3.9521475,6.61,9.703784,7.041586,23.695143,0.63,63.440002,14.893427,4.415297,71.70579,1.2018081,33.34579,27.100626,8.760134,7.105508,14.280022,32.62274,3.2480335,4.1,62.441006,28.749271,2.9272997,3.5723786,9.912453,4.980285,1.345,37.565483,23.441715,2.7,5.8863525,1.3541284,31.715025,21.430477,3.1330612,19.824741,32.76654,3.51,139.4604,13.632363,15.458243,5.615346,16.225462,5.017509,2.6974661,8.198626,3.4313765,8.175504,1.473524,6.813316,264.71677,17.957436,37.445263,2.5075781,3.1093419,0.46,9.57,249.17555,14.38,2.83,2.5344641,,3.4073553,2.14,3.3778613,4.253593,25.956947,2.6081944,5.1943355,1.12,3.2923305,7.2524467,3.08,6.6657357,1.105,32.798035,3.7683163,6.310389,3.0,4.16,1.29,6.7056966,13.486685,3.04,1.0544318,13.712396,14.991496,29.245766,4.840497,,3.6,31.1549,6.397022,2.1511285,4.0914326,1.959176,33.860435,1.0584441,3.5481699,0.9733182,7.047502,71.5217,4.7130237,7.173519,9.702198,4.48,9.170787,4.33,4.1672053,2.8993583,5.3140674,2.9647202,4.088467,3.25,7.9983177,87.70265,1.74,46.43,2.49,1.5803876,1.4656535,2.7003224,8.02,5.648377,164.44,24.456327,,0.7,7.46,69.37,7.2542896,1.9661478,,23.39,14.852441,10.325471,4.209552,191.92365,2.2,2.84073,31.01234,4.98,15.772303,1.0452958,74.85931,12.6,3.7992172,6.237018,0.63,2.0445006,17.889885,3.9,2.7086718,27.194973,49.1295,8.0,3.39,13.002604,1.115,1.9088882,10.10606,16.806849,0.37,6.83,1.95,238.14915,19.672823,18.143581,2.805,1.3,18.321714,1.2242895,3.1255305,11.73,8.814412,20.526762,3.687771,232.5854,15.461872,1.8926474,34.239426,110.78362,34.893845,2.1340427,3.5393698,0.445,4.566628,3.522647,3.086039,5.604101,4.65,22.333994,11.51,48.91769,15.106738,4.5547743,,24.647081,2.8766837,6.684859,2.14,4.11,2.176826,32.56172,1.6700277,1.74,1.159029,6.044815,0.18,12.51624,17.839882,0.6050706,12.00184,4.6412845,3.9798033,27.8,28.091148,3.2979705,17.0,6.3,9.755293,2.9809334,1.9814433,1.7265978,3.9528644,,4.0663624,2.3,28.732452,21.642864,4.58,68.02344,2.9264,5.79729,14.319886,27.371471,2.116277,84.61422,159.4,98.08,5.154592,1.87
2025-03-21,21.29,0.375,7.665288,54.25444,3.9521475,6.56,9.814159,6.972744,23.307968,0.62,64.05412,14.903123,4.424128,71.38091,1.2162298,33.19932,27.23074,8.760134,7.105508,14.500278,32.527496,3.2664883,4.26,62.48835,28.758974,2.9463084,3.5581174,9.950431,5.067319,1.325,37.959087,23.344162,2.88,5.8863525,1.3541284,32.346954,20.888643,3.2069976,19.815004,32.328743,3.51,139.14505,13.622871,16.06154,5.567919,16.341496,4.9414854,2.7528934,8.160493,3.4676874,8.105799,1.473524,6.8797407,266.05008,18.828215,38.830357,2.4800224,3.1548,0.4,9.64,247.88731,14.48,2.78,2.5344641,,3.3605509,2.1,3.2482994,4.253593,25.995848,2.5891564,5.2812295,1.12,3.2831342,7.310389,3.11,6.6749167,1.135,33.664177,3.8448303,6.337985,2.85,4.0,1.34,6.686203,13.544901,2.99,1.0153787,13.76993,14.850422,29.128155,4.8305373,,3.65,31.016829,6.424477,2.0811732,4.054153,1.9322149,33.900074,1.0720139,3.562862,0.97697735,6.989736,70.271286,4.67584,7.0891247,9.3184395,4.43,9.590302,4.26,4.107674,2.8794997,5.363181,2.9647202,4.079362,3.24,7.8915443,87.7985,1.765,46.8,2.39,1.5755398,1.4508986,2.6330547,8.1,5.7129827,164.46,24.34001,,0.66,7.39,68.0,7.1809216,1.9847844,,22.76,15.074697,10.209562,4.1999407,190.40189,2.24,2.9421847,31.09669,5.02,16.168058,1.0518701,74.32502,12.55,3.7178059,6.3807282,0.62,2.0731618,17.79218,3.85,2.7086718,26.781286,49.029964,8.19,3.25,12.845116,1.04,1.8945715,10.191786,16.79724,0.4,6.56,1.85,222.73746,20.43019,18.03697,2.72,1.27,18.472124,1.2339677,3.1157327,11.6,8.604546,20.44252,3.717039,229.72276,15.570341,1.9109339,33.622765,111.80189,34.7553,2.1536212,3.6074345,0.445,4.527345,3.4350674,3.086039,5.71002,4.66,22.460613,11.48,49.62807,15.175629,4.591506,,24.68528,2.8371415,6.675444,2.18,4.19,2.1481836,32.860367,1.6746411,1.74,1.1346796,6.082244,0.185,12.554025,17.643326,0.59531134,12.383885,4.6704135,3.9894166,27.98,28.051722,3.3800776,16.9,6.32,9.696819,2.9809334,2.027956,1.7556163,3.962459,,4.334106,2.25,28.854479,21.614561,4.55,67.87014,2.93632,5.63954,14.454435,29.102243,2.1795847,84.22549,157.57,97.1,5.057335,1.87
2025-03-24,20.36,0.36,7.589861,53.749702,4.001673,6.51,9.869346,7.0710897,23.307968,0.615,65.204384,15.116441,4.4506197,70.73115,1.2162298,32.964973,27.444496,8.74173,7.1782913,14.674649,32.38462,3.3126252,4.18,61.92019,28.758974,2.9272997,3.5010734,10.073862,4.960944,1.155,37.747883,23.041752,2.78,5.97622,1.3682832,31.39906,21.243637,3.1977556,19.805267,32.396843,3.6,141.08505,13.584898,15.94286,5.520492,16.26414,5.017509,2.7251797,8.046093,3.4404542,8.085882,1.4872953,6.8322945,260.81497,18.441202,37.865566,2.5443192,3.1820748,0.355,9.57,247.23344,14.57,2.52,2.563708,,3.4260771,2.1,3.2760627,4.2927966,25.90832,2.6081944,5.232955,1.055,3.3199198,7.2427897,3.09,6.6932797,1.115,32.913517,3.758752,6.2643948,2.6999998,3.85,1.4,6.6764565,13.224713,2.99,1.0104971,13.837054,15.330074,29.137955,4.9500556,,3.59,30.839306,6.351264,2.1423843,4.110072,1.9501889,33.543335,1.0720139,2.6519446,0.9806364,6.9608526,70.836945,4.750207,7.182896,9.426679,4.43,9.531766,4.23,4.1374397,2.9390755,5.353358,2.9457157,4.0611506,3.09,7.959491,88.15315,1.77,40.0,2.25,1.5852354,1.4459804,2.5753965,8.22,5.7037535,166.05,24.184916,,0.65,7.19,67.91,7.1534085,1.9847844,,24.33,14.871768,10.14195,4.2479954,189.71709,2.26,2.8868458,31.780855,4.87,15.83987,1.0551572,74.42396,12.47,3.72729,6.3998895,0.63,2.101823,17.557686,3.88,2.689393,26.495644,48.86076,7.8,3.17,12.726999,0.985,1.8993438,10.125111,16.922163,0.39,6.55,1.88,229.03363,19.831776,17.62021,2.805,1.27,18.509727,1.2388067,3.086339,11.72,8.833491,20.49868,3.717039,227.43263,15.274514,1.9017906,33.436787,112.29216,34.517796,2.094886,3.5879874,0.435,4.497883,3.3961432,3.1046858,5.623359,4.69,22.635935,11.67,48.680897,15.205153,4.57314,,24.50384,2.767943,6.7036896,2.17,4.11,2.1290886,33.120476,1.660801,1.7,1.12007,6.044815,0.185,12.450116,17.811802,0.59043175,12.057749,4.6801233,3.9894166,29.2,27.97287,3.4006042,16.73,6.22,9.609109,2.884774,2.027956,1.7314342,3.8952985,,4.083096,2.21,29.35197,21.756079,4.61,69.010254,2.86688,5.5113688,14.358329,28.616072,2.1886287,81.79341,158.0,98.49,4.950353,1.905
2025-03-25,21.44,0.355,7.561576,52.700638,4.051199,6.61,9.768169,7.0907593,23.172457,0.645,65.750275,15.048568,4.4322286,70.17421,1.2258443,33.18956,26.570883,8.649712,7.1418996,14.527811,32.870388,3.3218524,4.05,62.639862,28.826893,2.9463084,3.536726,10.0074,5.0286374,1.115,37.47908,23.51,2.78,5.9582467,1.3918742,31.596539,21.20627,3.2162397,20.009747,32.805454,3.59,142.04071,13.774763,15.932969,5.6438017,16.380175,5.1125374,2.7436554,8.217692,3.4676874,8.155587,1.4781145,6.851273,261.28552,18.421852,38.037506,2.5626895,3.227533,0.355,9.69,250.61992,15.12,2.44,2.573456,4.91,3.4541595,2.09,3.2390451,4.2927966,26.112553,2.5796375,5.24261,0.98,3.3842952,6.982049,3.08,6.6840982,1.11,32.38421,3.6631093,6.273594,2.6999998,3.8,1.405,6.7154427,13.234416,2.99,1.025142,14.076781,15.13257,29.686806,5.009815,,3.61,30.859032,6.314657,2.4396946,4.128712,1.9501889,33.94962,1.0810605,2.6886754,0.9806364,6.7009034,71.79957,4.7130237,7.2016506,9.39716,4.42,9.639083,4.13,4.206893,2.9390755,5.4024715,2.974223,4.1248903,3.09,7.8818374,89.06372,1.8,37.99,2.24,1.5997789,1.4263072,2.6138353,8.4,5.6391478,167.94,24.640503,,0.625,7.3,68.0,7.263461,1.9941026,,24.08,14.9684,10.3447895,4.2191625,194.69138,2.23,2.8683994,31.630901,4.69,15.791608,1.048583,73.52358,12.62,3.594511,6.3807282,0.62,2.1113768,17.508833,3.89,2.6990323,27.047226,48.592022,8.25,3.24,12.845116,1.025,1.8897994,10.077485,16.758802,0.38,6.39,1.835,229.02367,19.411016,17.959435,2.72,1.28,18.810545,1.2339677,3.1353283,11.5,8.919346,20.4706,3.7853312,229.65366,15.471732,1.9109339,32.751606,111.990456,35.022495,2.1046753,3.5782638,0.44,4.4586,3.4156053,3.132656,5.5559554,4.7,22.606714,11.44,49.480076,15.205153,4.6098723,,24.561136,2.827256,6.835504,2.18,4.01,2.0908988,33.74666,1.7023212,1.72,1.1444192,6.1196733,0.185,12.591809,17.896042,0.6050706,12.0763855,4.6704135,3.9798033,28.93,28.28828,3.3321817,16.82,6.27,9.696819,2.884774,2.0651662,1.7217613,3.904893,,3.9743252,2.2,29.173624,21.85986,4.69,68.56954,2.8371198,5.34376,14.319886,28.100729,2.1614969,84.903275,160.0,99.28,4.911451,1.86
2025-03-26,21.39,0.32,7.589861,52.858986,4.061104,6.6,9.795763,7.1792707,22.998226,0.67,65.80877,15.339454,4.4782057,69.61727,1.2354587,33.316498,27.360853,8.649712,7.160095,14.766423,32.47987,3.2941704,4.1,63.42582,28.972437,2.9653168,3.4582903,10.083357,5.2413874,1.145,37.939888,23.607553,2.67,6.0121675,1.3918742,31.507673,21.25298,3.2347238,20.077908,32.708164,3.63,143.56978,13.736791,16.526375,5.672258,16.496208,4.998503,2.7528934,8.417891,3.5039983,8.085882,1.4872953,6.917698,263.658,18.69276,38.199898,2.5994308,3.2457163,0.34,9.68,246.83331,15.32,2.35,2.563708,5.03,3.547768,2.08,3.1187375,4.3810043,26.268158,2.5605996,5.2908845,0.985,3.4394739,6.991706,2.89,6.7667313,1.06,32.682545,3.691802,6.356383,2.85,3.83,1.37,6.7154427,13.088876,2.99,1.0934849,14.06712,15.245429,31.176535,5.079534,,3.71,31.174623,6.2414436,2.4659278,4.1846313,1.959176,33.2956,1.1036768,2.8282514,0.9586818,6.585371,72.722496,4.740911,7.1922736,9.525079,4.45,9.600059,4.11,4.1771274,2.988722,5.4024715,2.974223,4.2068415,3.18,7.940078,91.277855,1.82,37.96,2.31,1.6094744,1.4459804,2.6714933,8.45,5.6760654,169.1,24.233381,,0.65,7.21,67.68,7.318487,2.0127392,,24.52,15.074697,10.170927,4.2383842,195.57591,2.2,2.8868458,31.846458,4.57,15.810911,1.0420088,74.3448,11.93,3.6324477,6.438212,0.625,2.1209304,17.391586,3.96,2.7279506,27.135872,48.79109,8.01,3.3,12.638412,1.055,1.8659383,10.14416,16.778019,0.375,5.65,1.84,226.88177,19.429718,18.395576,2.805,1.245,18.810545,1.2630022,3.164722,11.41,9.186449,20.676523,3.8536234,232.47682,15.580202,1.9383634,32.3405,113.103004,35.032394,2.2319345,3.617158,0.45,4.4389586,3.4156053,3.2352133,5.5463266,4.77,22.723597,11.23,50.466717,14.890224,4.6557875,,24.69483,2.8964548,6.967318,2.18,3.89,2.0813513,33.843,1.7484545,1.805,1.159029,6.222604,0.185,12.487902,17.998999,0.59531134,12.318659,4.689833,3.9894166,29.22,28.889528,3.3184972,16.59,5.8,9.628601,2.852721,2.0837712,1.7024158,3.9336758,,4.484712,2.25,29.511543,21.935335,4.7,69.038994,2.78752,5.353619,13.993124,28.577177,2.1795847,85.12257,159.64,97.55,4.950353,1.895
2025-03-27,20.72,0.315,7.4390063,52.354248,4.0412936,6.47,9.758971,7.1989403,23.385403,0.65,63.781178,15.242492,4.4506197,71.14885,1.2258443,33.54108,27.398027,8.704923,7.1691937,14.832725,31.822653,3.3126252,4.09,62.98076,29.738953,2.9463084,3.3727245,10.102347,5.2897396,,38.055088,23.900208,2.53,6.066088,1.4013107,31.053474,21.122192,3.2162397,19.756582,31.910404,3.45,143.3882,13.594391,15.952748,5.7101994,16.2448,4.9699945,2.7344177,8.465558,3.4767652,7.956428,1.4827049,6.8892303,263.1874,18.77984,37.96109,2.5902455,3.2093499,0.35,9.26,246.33559,14.97,2.27,2.5539598,5.38,3.5103247,2.08,3.0354478,4.165385,26.32651,2.5510805,5.2715745,0.935,3.4302773,7.0303345,2.92,6.6381907,1.06,32.855774,3.7683163,6.429973,2.85,3.78,1.36,6.793416,13.040362,2.98,0.97144413,13.632353,15.245429,30.392466,5.079534,,3.72,29.941841,6.3329606,2.5621166,4.1007524,1.9232278,32.98841,1.0991536,2.9017124,1.0611364,6.4216995,69.45752,4.740911,7.1360106,9.416839,4.41,9.31713,4.18,4.1473618,2.9490047,5.3926487,2.974223,4.1431017,2.98,7.8721304,90.894455,1.85,38.75,2.3,1.5900832,1.4607353,2.6714933,8.24,5.7591295,162.94,23.903807,,0.66,7.29,64.7,7.2084346,1.9941026,,24.76,14.978064,9.85218,4.2479954,193.3408,2.15,2.896069,31.958923,4.6,15.569597,1.0255733,74.85931,12.01,3.594511,6.438212,0.62,2.101823,17.528376,4.02,2.6990323,25.855415,48.62188,7.99,3.25,11.821444,1.055,1.8754827,10.20131,16.710754,0.37,5.65,1.85,209.20863,19.224012,17.7559,2.805,1.235,18.838747,1.2871977,3.17452,11.34,9.024279,20.667162,3.8438673,226.52448,15.323819,1.9200771,34.3471,113.22557,35.06208,2.261302,3.6268816,0.465,4.4782414,3.376681,3.1885965,5.5752134,4.59,22.509315,11.17,49.559006,14.929591,4.6098723,,24.84762,2.8766837,6.9202414,2.18,3.83,2.0813513,33.207176,1.7300011,1.825,1.1638988,6.2600327,0.185,12.327315,18.027079,0.6148298,12.272068,4.621865,3.9798033,27.53,28.416414,3.3048127,16.85,5.28,9.755293,2.852721,2.0558636,1.7217613,3.8857043,,4.124931,2.29,29.708662,22.265545,4.65,69.09649,2.84704,5.402916,14.175726,28.625795,2.1795847,83.38822,159.14,94.21,5.008707,1.76
2025-03-28,20.97,0.29,7.523862,50.087875,4.051199,6.44,9.823358,7.1989403,23.366043,0.67,63.28403,15.203707,4.496597,71.845024,1.2306515,33.287205,27.546728,8.43807,7.241977,14.624346,31.498806,3.289844,4.22,63.42582,29.952415,2.9463084,3.3085501,10.159314,5.183365,,38.10309,23.870941,2.45,6.0930486,1.4013107,31.191708,20.841932,3.2254817,19.844215,31.462881,3.52,143.7609,13.717803,15.883518,5.7860823,16.032072,4.950989,2.7163866,8.398825,3.4698439,8.115756,1.4781145,6.9936123,262.06982,19.060425,38.41005,2.598161,3.2366247,0.345,8.92,246.63812,14.52,2.22,2.544212,5.51,3.6132941,2.17,2.8873773,4.2437916,26.054201,2.5130048,5.3198495,0.95,3.4394739,6.924107,2.85,6.5739207,1.025,33.31772,3.7683163,6.393178,2.6999998,3.82,1.4,7.017589,13.166497,3.0,1.0056155,13.6130295,15.057331,29.931826,5.1492534,,3.72,28.886578,6.351264,2.5621166,4.128712,1.959176,31.96774,1.0957007,2.9972117,1.0684546,6.363933,69.16973,4.722319,7.2672906,9.27908,4.32,9.297617,4.2,4.0580645,2.9688632,5.4024715,2.9932275,4.1431017,3.02,7.8721304,90.7411,1.87,38.68,2.18,1.6094744,1.5099182,2.594616,8.18,5.666836,151.31,23.961967,,0.655,7.28,64.53,7.2359476,1.9847844,,25.28,15.171329,9.697636,4.334493,193.51201,2.02,2.9329615,32.02453,4.61,15.550294,1.015712,76.996445,12.26,3.6229637,6.572342,0.62,2.1113768,18.202541,4.05,2.7568686,26.062258,48.124214,7.77,3.2,11.506467,1.13,1.7179993,10.163211,16.720364,0.395,5.42,1.835,201.03954,19.167912,17.726824,2.805,1.195,18.848146,1.3162322,3.2724988,11.2,8.957503,21.19133,3.8438673,224.02707,15.432288,1.9292202,33.86747,114.3287,34.93343,2.4179292,3.7921817,0.47,4.4487796,3.2793703,3.1979198,5.61373,4.48,21.720367,10.8,50.31872,14.978799,4.57314,,24.618435,2.8569126,7.0708866,2.16,3.77,2.0908988,33.467285,1.7438412,1.94,1.159029,6.362963,0.185,12.346208,18.167477,0.59531134,12.402523,4.6607037,4.066321,27.69,28.101006,3.2706015,16.7,5.49,9.677329,2.9488802,2.0744686,1.6975794,3.9432704,,4.26717,2.39,29.933939,22.463669,4.64,69.834206,2.89664,5.531088,14.214169,28.956392,2.18989,79.78995,155.86,90.52,5.086512,1.745
2025-03-31,19.81,0.27,7.47672,47.673042,3.9521475,6.21,9.676191,7.277617,22.669128,0.7,62.533436,14.941908,4.459815,71.19527,1.1873864,33.04309,27.03557,8.180419,7.1873894,14.198118,30.527267,3.224421,4.19,61.683453,29.923306,2.9463084,3.222984,10.092852,5.1253424,,36.672665,23.69535,2.48,6.0571012,1.3541284,30.905363,19.879711,3.1885135,19.503418,30.635935,3.46,144.23874,13.110233,15.418683,5.719685,15.64529,4.6183887,2.6976528,8.179559,3.4052458,8.04605,1.4597528,6.9366765,257.1484,18.895945,37.378395,2.5236619,3.254808,0.33,8.51,243.28091,13.91,2.11,2.5344641,5.78,3.6039333,2.13,2.7763243,4.1751857,24.867708,2.427334,5.232955,0.905,3.3107235,7.0013633,2.75,6.500469,1.06,33.29847,3.6726735,6.1724067,2.6999998,3.7,1.31,6.9298697,12.914228,2.98,0.94215435,13.361831,14.455414,29.6476,4.960016,,3.71,28.038424,6.2322917,2.527139,4.063473,1.9052535,31.928104,1.086493,2.9310968,1.0208864,5.998079,67.70099,4.647952,7.229782,9.259399,4.2,9.102494,3.96,3.8497043,2.9390755,5.32389,2.974223,4.133996,2.98,7.8624244,88.97746,1.83,38.48,2.14,1.5270617,1.4853268,2.5753965,7.78,5.445331,139.87,23.264046,,0.625,6.91,62.86,7.025014,1.9475113,,23.97,14.813787,9.301618,4.267217,187.02547,1.96,2.9145153,31.883947,4.55,15.260716,0.9894153,76.29395,11.93,3.5186374,6.562761,0.595,2.1209304,17.899654,3.95,2.6508355,25.156088,47.19856,7.2,3.07,11.132434,1.09,1.7943549,10.02986,16.326378,0.38,5.11,1.685,199.0371,18.63495,17.0193,2.89,1.145,18.199509,1.2920368,3.262701,11.16,8.633163,20.49868,3.8341115,216.72238,15.461872,1.8926474,33.407425,108.88851,34.596962,2.3200371,3.8116288,0.465,4.389855,3.1334043,3.132656,5.5655847,4.37,20.843761,10.36,48.986755,14.398149,4.499676,,24.599335,2.8470273,6.929657,2.11,3.61,2.0240662,33.419113,1.7253878,1.895,1.1492891,6.231961,0.18,12.195068,17.998999,0.5757929,12.477068,4.621865,4.047095,26.52,27.440617,3.284286,16.54,5.51,9.501908,2.852721,2.046561,1.6492153,3.8569212,,4.250436,2.32,29.633568,21.812687,4.56,68.9911,2.85696,5.3930564,13.868185,28.732752,2.1806886,80.96611,154.75,86.47,4.921176,1.61
2025-04-01,20.11,0.26,7.4390063,47.99964,3.9323373,6.2,9.85095,7.1104283,22.649769,0.69,63.849415,15.116441,4.4230328,72.03067,1.1729647,33.619198,27.398027,8.18962,7.232879,14.491742,30.251045,3.2804978,4.09,59.827457,29.797169,2.936804,3.237245,10.073862,5.144683,,37.335075,23.99776,2.38,6.0930486,1.3824378,30.915237,20.40286,3.2254817,19.727371,31.764475,3.36,146.43677,13.300099,15.379123,5.6343164,16.225462,4.6564,2.7070196,8.227225,3.4329307,8.09584,1.4872953,7.003102,259.80518,19.23458,38.00885,2.551599,3.2638996,0.33,8.26,245.51581,14.06,2.08,2.5247161,5.9,3.5758507,2.13,2.7485611,4.2143893,24.206385,2.4654098,5.329504,0.9,3.4118845,6.982049,2.72,6.6290092,0.98,33.44283,3.691802,6.255196,2.5500002,3.69,1.265,7.046829,13.059768,2.97,0.88845646,13.342508,14.718752,30.363064,4.979935,,3.75,28.787956,6.2414436,2.5358834,4.1473517,1.9142407,31.611002,1.1049083,3.1000571,0.98795456,5.786269,67.28419,4.6851354,7.286045,9.308599,4.12,8.975664,3.89,3.9092357,2.929146,5.4122944,3.0027297,4.1248903,2.88,7.8818374,89.23625,1.835,36.98,2.15,1.570692,1.5000817,2.4696898,7.66,5.519166,139.55,23.196194,,0.585,7.06,64.1,7.034185,1.9847844,,23.78,14.987726,9.456161,4.324882,187.42493,1.935,2.9237385,32.221344,4.64,15.144884,0.9828411,77.10528,11.35,3.5186374,6.572342,0.595,2.130484,17.94851,3.99,2.6990323,25.36293,48.054543,7.06,3.03,11.280078,1.06,1.8134438,10.296561,16.489738,0.38,4.82,1.59,198.46925,18.793903,16.999918,2.805,1.165,18.190107,1.3162322,3.3018925,11.14,8.633163,20.891806,3.8341115,221.2335,15.244932,1.9200771,33.710857,110.40649,35.260006,2.3396158,3.831076,0.455,4.3800344,3.1236732,3.1885965,5.604101,4.31,21.126225,10.41,47.802784,14.811493,4.6006894,,24.733027,2.8173704,6.9484873,2.12,3.55,2.0240662,33.43838,1.7438412,1.905,1.1492891,6.3348913,0.18,12.2706375,18.148756,0.5709133,12.560931,4.6704135,4.104773,26.35,28.101006,3.2706015,16.55,5.44,9.3752165,2.884774,2.0837712,1.6540518,3.9144871,,4.300638,2.34,29.633568,22.180634,4.55,69.91085,2.7775998,5.294463,13.8970175,29.043903,2.2082925,82.80013,156.62,86.32,4.9600787,1.66
2025-04-02,20.42,0.28,7.4107213,47.31676,3.912527,6.32,9.749774,7.0710897,22.504578,0.685,63.985886,15.281277,4.5333786,71.798615,1.1633502,33.443436,27.565315,8.162015,7.232879,14.681177,30.684305,3.3085363,4.17,60.4335,29.399357,2.9843254,3.215854,10.121336,5.1156716,,36.787865,23.7929,2.3,6.1559563,1.3541284,31.22133,20.15997,3.2254817,20.077908,32.173084,3.41,147.9563,13.451991,15.458243,5.672258,16.747616,4.532863,2.73512,8.360692,3.4698439,7.9165964,1.496476,6.955655,262.69724,19.224907,36.442265,2.5888486,3.2638996,0.31,8.28,249.04869,14.27,2.01,2.5149682,5.72,3.5384073,2.08,2.8040876,4.2143893,24.799631,2.3321445,5.358469,0.91,3.3291163,6.8275366,2.67,6.6840982,0.955,33.654556,3.691802,6.218401,2.5500002,3.76,1.2,6.9298697,12.904526,2.95,0.87869316,13.323185,14.483628,30.853106,5.1094136,,3.69,29.705147,6.2688985,2.5533721,4.1753116,1.9142407,31.918194,1.1095121,3.1000571,1.0135682,5.8825464,67.59183,4.6660905,7.304799,8.895322,4.21,9.122007,3.75,3.760407,2.829853,5.4221168,2.955218,4.1157846,2.75,7.8430104,90.58774,1.815,36.76,2.19,1.5561485,1.4607353,2.5753965,7.78,5.6576066,148.0,23.147726,,0.56,6.85,64.75,6.9333034,1.9847844,,23.23,14.833115,9.861839,4.4209905,187.33932,1.875,2.9145153,32.42753,4.75,15.222106,0.979554,75.50242,10.81,3.490185,6.591503,0.58,2.130484,17.655392,3.98,2.6219172,25.855415,48.32328,7.23,3.0,11.61474,1.045,1.7895827,10.315611,16.557005,0.375,4.66,1.54,198.06079,18.793903,17.222836,2.72,1.14,18.293512,1.2726804,3.2333074,11.23,8.413756,20.798204,3.8536234,221.48029,15.185766,1.9200771,33.64234,108.50195,34.893845,2.251513,3.8019054,0.455,4.3407516,3.0360935,3.1885965,5.5848427,4.26,21.194405,10.16,48.513165,14.388307,4.628238,,24.86672,2.8371415,6.854335,2.17,3.49,1.9572338,33.977867,1.7161611,1.83,1.2077276,6.306819,0.165,12.261191,18.232994,0.58067256,12.67275,4.699543,4.1528387,25.6,28.298136,3.2637591,16.36,5.43,8.868448,2.788615,2.0930738,1.6347061,3.9336758,,3.84882,2.32,29.943327,21.84099,4.56,70.57192,2.76768,5.186011,13.916238,28.732752,2.2082925,83.71714,155.78,87.54,4.8822737,1.595
2025-04-03,19.97,0.255,7.391865,46.386456,3.8630013,6.22,9.832555,7.1596017,22.620731,0.675,63.52773,15.048568,4.4690104,71.24168,1.139314,28.649063,27.18427,8.088401,7.2055855,14.794838,29.519321,3.2711518,4.26,60.461906,29.040356,2.936804,3.251506,9.988411,5.1060014,,35.530243,23.91972,2.24,6.0840616,1.3163826,29.671124,20.468254,3.2439659,19.883163,31.861761,3.32,149.43756,13.1007395,15.220881,5.5584335,15.954716,4.3238,2.7257533,8.303492,3.4329307,8.016176,1.496476,6.9651446,263.53055,19.631271,36.251217,2.5609114,3.2729912,0.295,7.68,251.47874,13.97,1.895,2.5247161,5.75,3.6039333,2.14,2.6652715,4.165385,24.819082,2.427334,5.300539,0.935,3.2647412,6.8275366,2.63,6.564739,0.915,34.3186,3.7109308,6.0804186,2.25,3.85,1.22,6.9006295,12.681364,2.97,0.83964014,13.100971,14.051001,31.69598,4.8106174,,3.7,28.620296,6.2231402,2.570861,4.1473517,1.8153831,31.65064,1.1233234,3.1000571,1.0318637,5.767013,64.02914,4.6660905,7.304799,9.013401,4.15,8.965908,3.53,3.6512659,2.8695703,5.363181,2.9932275,4.079362,2.56,7.784771,90.252266,1.77,37.77,2.13,1.5076703,1.4410621,2.5465674,7.5,5.4176426,141.85,22.333485,,0.49,7.07,61.69,6.8966193,1.9847844,,21.03,14.949074,9.649341,4.4017687,181.91803,1.875,2.9421847,32.0339,4.78,14.961486,0.9828411,77.2438,10.57,3.4237955,6.6106644,0.56,2.1113768,18.026674,3.97,2.6122777,23.619537,47.65641,6.96,2.93,11.201334,1.07,1.7418605,10.277511,16.191847,0.375,4.6,1.435,201.96602,18.50405,16.534697,2.5500002,1.1,17.40986,1.2678412,3.2333074,11.27,8.184811,20.55484,3.8048434,223.46442,14.446199,1.9657934,33.201866,105.541435,34.41883,2.3689833,3.8796937,0.44,4.1737995,2.8901277,3.1792731,5.50781,4.18,20.950903,9.55,47.013474,14.201318,4.6006894,,24.780775,2.8569126,6.9202414,2.21,3.47,1.8856277,33.64069,1.7530677,1.91,1.1736386,6.147745,0.165,12.157283,18.055159,0.58067256,12.607522,4.6801233,4.172065,25.55,27.568752,3.2295475,16.09,5.3,8.722264,2.820668,2.0744686,1.6105239,3.962459,,3.756783,2.34,29.79314,21.208874,4.51,70.763535,2.85696,4.7916374,13.599086,29.277266,2.2266948,81.47445,150.42,88.04,4.8141937,1.49
2025-04-04,18.01,0.25,7.3352942,42.358444,3.7639499,5.82,9.694586,7.1792707,21.856058,0.65,59.609035,14.699502,4.5057926,70.406265,1.0672055,29.508339,26.189838,6.735733,7.3329573,14.217062,27.430054,3.2711518,4.26,60.10207,29.011246,2.936804,3.1873314,9.646602,5.018967,,35.34784,23.705103,2.3,6.0031805,1.1748362,26.10664,19.151035,3.26245,19.844215,30.100853,3.23,147.17264,11.610292,14.479123,5.2549014,15.326197,4.133743,2.73512,8.198626,3.3960176,8.434412,1.4689336,7.0315695,255.87393,20.443998,34.340744,2.5329742,3.2911744,0.27,7.0,247.20416,12.34,1.68,2.573456,5.77,3.5852115,2.17,2.3876388,4.1555834,24.430069,2.2274358,5.2039905,0.88,3.2371519,6.58611,2.37,6.5096507,0.915,34.34747,3.8257017,5.795255,2.4,3.82,1.17,6.812909,12.37088,2.91,0.7908239,12.221776,13.966356,30.755096,4.3425035,,3.57,27.180405,6.0950165,2.632072,4.1659913,1.6940581,30.719156,1.1325309,2.9825196,1.0135682,5.1315827,58.481667,4.599432,7.239159,8.885481,3.93,8.624443,3.46,3.5818124,2.6908426,5.3337126,2.9932275,4.0520444,2.42,7.2314887,87.59722,1.645,34.84,2.07,1.3234534,1.4213889,2.4216416,7.11,5.31612,133.0,22.149311,,0.475,7.31,57.66,6.483923,1.9847844,,18.95,14.572206,8.857303,4.4498234,165.49243,1.765,3.0067468,31.584042,4.64,14.48851,0.96311855,75.34412,9.86,3.3858588,6.6106644,0.515,2.101823,18.417496,3.8,2.5062442,22.142084,45.90463,6.94,2.71,10.482795,1.025,1.6893661,9.363108,15.644112,0.36,4.57,1.365,189.05487,18.10199,14.983963,2.42,1.05,16.676615,1.2000941,3.1843178,11.28,8.04172,19.403545,3.7267952,220.69061,14.0320425,2.0023663,32.898434,106.25799,33.508385,2.4179292,3.9477584,0.43,3.9577444,2.7344303,3.1699498,5.5366974,3.95,19.850273,8.85,44.546867,13.000652,4.6098723,,25.401487,2.8569126,6.8825803,2.13,3.34,1.7567368,33.13974,1.7622944,1.905,1.1638988,5.5675926,0.15,11.902236,17.92412,0.55627453,12.756614,4.7383823,4.1624513,23.63,24.986338,3.243232,14.96,5.08,8.410407,2.756562,2.0744686,1.5283052,3.972053,,3.4890392,2.26,29.089144,19.274792,4.24,69.01984,2.84704,4.555013,12.541914,30.269054,2.2174935,74.5869,145.54,84.01,4.512699,1.285
2025-04-07,16.74,0.25,7.3447223,38.617443,3.6153731,5.56,9.271482,7.0022473,20.336395,0.61,55.943783,13.943195,4.4782057,68.64263,1.1056634,28.102251,24.935179,6.284844,7.196487,14.245478,27.150845,3.1963825,4.26,61.257336,28.574623,2.8987873,3.1374183,9.276309,4.7965465,,33.1878,22.856403,2.1,5.6976295,1.1087811,25.000761,19.010906,3.1792715,19.298939,30.412174,3.09,138.0078,11.287521,13.42088,5.691229,14.5623045,4.1432457,2.669552,7.8554273,3.3129625,8.065967,1.4276198,6.7658696,248.35458,19.882828,32.841022,2.4957247,3.3184495,0.245,6.39,236.059,11.99,1.52,2.544212,5.62,3.482242,2.16,2.2950947,4.037973,23.545061,2.0846517,4.9819274,0.835,3.154384,6.4798822,2.11,6.3902917,0.81,33.539066,3.6631093,5.3353143,2.25,3.64,1.085,6.2768435,12.273853,2.76,0.6687831,12.163808,13.467894,30.235653,4.222985,,3.39,26.016657,5.884528,2.570861,4.035513,1.6626034,29.728216,1.1003045,2.9237506,0.9586818,4.775357,56.328175,4.3708887,6.8546963,8.491883,3.7,8.526881,3.27,3.393296,2.5121152,5.147082,3.0027297,3.8790362,2.17,7.153835,82.43091,1.57,34.55,1.99,1.2458884,1.3230228,2.219838,6.96,4.9284863,128.65,20.307575,,0.435,7.54,55.86,5.9153185,1.9102384,,16.72,13.625206,8.364694,4.151887,164.1038,1.615,2.7484984,30.168848,4.5,13.957619,0.8940896,72.692474,9.05,3.2341115,6.3615665,0.505,2.0827155,18.173231,3.59,2.3616533,21.836744,44.351917,6.65,2.55,9.882372,0.945,1.6559606,9.239282,14.635123,0.33,4.13,1.305,176.21344,17.438124,13.908142,2.34,0.975,15.463942,1.1613814,3.056945,10.86,7.7459984,18.083767,3.6487472,219.06184,14.544809,1.9749365,31.449766,102.20378,33.112537,2.2808805,3.8407996,0.4,3.8693578,2.5203469,3.0487456,5.286342,3.74,19.022367,8.42,42.711716,12.41016,4.499676,,23.520248,2.787714,6.6471977,2.13,2.92,1.603977,32.783295,1.7438412,1.815,1.1444192,5.0248694,0.14,11.628296,16.950695,0.5172377,12.691386,4.6121545,4.143225,23.15,24.23724,3.2227056,14.15,5.0,8.322698,2.5962968,2.0093508,1.3832128,3.8377326,,3.229662,2.08,27.455872,18.161514,3.99,65.65699,2.63872,4.288811,11.76345,30.14265,2.1990912,76.25147,142.26,76.87,4.4737964,1.19
2025-04-08,18.07,0.26,7.3635793,40.923405,3.773855,5.64,9.5014305,7.0317516,20.72357,0.65,58.078598,14.311653,4.4138374,68.54981,1.07682,28.697886,25.15823,6.698926,7.214683,14.444384,28.854992,3.2618055,4.38,61.257336,28.332054,2.8987873,3.0447218,9.447213,4.9416037,,33.965416,23.093052,2.33,5.760537,1.1465269,26.412731,19.197746,3.2069976,19.873426,31.122374,3.19,141.87825,11.809651,13.865936,5.738656,15.268179,4.3618116,2.7163866,7.960294,3.3775609,8.474244,1.4643432,6.9936123,251.32506,20.115038,34.32164,2.5702238,3.3184495,0.26,6.71,239.88466,12.1,1.54,2.6026998,5.98,3.4916031,2.27,2.2950947,3.832154,25.188644,2.1703222,5.146061,0.875,3.2463484,6.779251,2.21,6.463743,0.85,33.539066,3.797009,5.5376883,2.4,3.86,1.175,6.5887365,12.516419,2.87,0.71759945,12.5116205,13.938141,30.412067,4.3823433,,3.61,26.11528,6.0309553,2.6845384,4.1007524,1.7659544,30.81825,1.1003045,3.011904,0.9806364,4.6020575,58.81908,4.5422964,6.8734503,8.737883,3.76,8.60493,3.3,3.4627492,2.5220444,5.304245,3.0597434,4.088467,2.19,7.280022,85.220146,1.65,33.68,2.02,1.2701274,1.3869607,2.2582767,7.44,5.076156,132.45,21.267216,,0.47,7.54,57.88,6.3830414,1.9568295,,16.38,14.127696,8.99253,4.132665,170.25746,1.75,2.8683994,30.450016,4.71,14.662256,0.90066373,74.681206,9.29,3.3858588,6.3807282,0.495,2.0731618,19.072123,3.74,2.4194899,22.782312,45.566216,6.85,2.55,10.03986,1.005,1.6750494,9.258332,15.029109,0.345,4.21,1.375,187.431,17.933685,14.741661,2.34,1.055,15.586148,1.1807377,3.1255305,11.26,7.965405,18.439453,3.7267952,229.0515,14.673,1.9840797,32.546055,103.22205,34.557377,2.3200371,4.103335,0.41,3.9675648,2.5787334,3.1140091,5.2189393,3.81,19.928194,8.77,44.546867,12.587308,4.591506,,24.408346,2.9359968,6.8825803,2.13,3.06,1.6803569,33.602158,1.7715211,1.86,1.193118,5.296231,0.165,11.911681,17.259571,0.55139494,12.654114,4.7092524,4.1624513,24.81,25.922709,3.3184972,15.05,5.11,8.439644,2.6924558,2.046561,1.431577,3.8857043,,3.622911,2.2,27.850111,18.765326,4.04,67.62105,2.728,4.663466,11.6289015,30.376013,2.2634997,80.08897,148.3,83.5,4.590504,1.27
2025-04-09,17.24,0.25,7.5521474,36.46983,3.6252782,5.4,9.621003,7.0809245,20.08473,0.625,58.556248,14.001372,4.4138374,65.39382,1.0431695,27.614025,24.63778,6.275642,7.114606,14.406497,27.478195,3.289844,4.44,62.696674,28.264133,2.8512661,3.1445487,9.409234,4.8062167,,32.794193,22.7578,2.23,5.6616826,1.0899082,25.711683,18.497097,3.1792715,19.844215,30.421902,3.03,142.52809,11.145122,13.35165,5.7101994,14.600983,3.7441258,2.6320846,7.874494,3.3129625,8.384622,1.3541732,6.841784,244.8743,19.96023,34.302532,2.5795362,3.2729912,0.23,6.17,227.99777,11.62,1.46,2.563708,5.52,3.435438,2.25,2.1470242,3.7439456,25.412327,2.1036897,5.0012374,0.845,3.0256333,6.673023,2.06,6.31684,0.785,33.760418,3.7396235,5.418103,2.25,3.63,1.14,6.46203,12.312664,2.79,0.6639015,11.989901,13.355034,29.98083,4.1134267,,3.62,25.710928,5.9302864,2.6233275,4.044833,1.7389932,31.48218,1.0726818,3.0339425,1.0245454,4.4191303,56.973232,4.551819,6.995353,8.196685,3.62,8.585418,3.12,3.1154823,2.3830342,5.17655,3.0027297,3.942776,2.18,7.134422,86.60038,1.59,32.23,1.96,1.1828668,1.3279412,2.1333508,7.16,4.753128,127.04,21.238136,,0.465,7.69,54.57,6.4105544,1.9381931,,14.4,13.818471,8.654464,4.1711087,162.61058,1.605,2.8315067,30.225082,4.63,14.758782,0.86450577,75.255066,8.72,3.3005009,6.40947,0.425,2.025393,18.8474,3.66,2.2267017,22.270132,45.317383,6.51,2.4,9.921744,0.98,1.622555,9.334533,14.711999,0.32,4.02,1.26,187.58043,17.438124,14.227981,2.08,0.965,15.210126,1.1178296,3.056945,11.24,7.6506047,18.467533,3.5999672,228.68628,14.584252,1.9749365,31.900026,98.04586,33.993294,2.2417238,4.0060997,0.395,3.6729436,2.4522295,3.0767157,5.2767134,3.53,19.217169,8.15,43.2741,12.311746,4.57314,,23.711237,2.8964548,6.6942744,2.02,2.75,1.5275972,33.679222,1.7300011,1.82,1.1346796,4.9967976,0.155,11.940021,17.37189,0.54651535,12.532977,4.7578015,4.172065,24.42,25.498878,3.2774436,14.95,4.96,8.196005,2.5642438,2.0186534,1.4170678,3.8089495,,3.246396,2.08,27.38078,18.067167,3.94,67.237816,2.64864,4.5648727,10.975376,30.298225,2.2450972,78.62374,146.93,79.0,4.5710526,1.21
2025-04-10,19.11,0.26,7.7407155,39.636818,3.8035705,5.99,9.961326,7.3366246,21.35273,0.675,61.53914,14.486184,4.5333786,68.31775,1.096049,29.439987,25.492805,6.846155,7.4239364,15.770425,29.201597,3.4019978,4.52,63.444756,30.039738,2.9177957,3.294289,9.779528,5.1350126,,34.560627,24.365044,2.62,5.9133124,1.1370904,27.133528,19.982471,3.2347238,20.408966,32.08552,3.47,147.67914,11.885599,14.409891,5.8524804,15.471239,4.1527486,2.73512,8.351158,3.4052458,8.852647,1.4138485,7.079016,251.71722,20.163414,35.553894,2.6354105,3.3639078,0.235,6.94,235.9614,12.56,1.655,2.573456,5.93,3.5758507,2.36,2.4801831,3.8909593,26.540468,2.179841,5.232955,0.955,3.2463484,7.0303345,2.31,6.564739,0.91,34.203114,3.8830872,5.592881,2.4,3.8,1.105,6.9591093,12.778391,2.86,0.7517708,12.743496,14.182671,31.01972,4.6512594,,3.9,27.417099,6.16823,2.6932828,4.212591,1.797409,33.434334,1.1049083,3.2396333,1.0538182,4.756101,63.721497,4.675613,7.229782,8.983881,3.81,8.926883,3.52,3.393296,2.700772,5.3435354,3.0977528,4.1157846,2.3,7.2994356,92.35137,1.715,36.08,2.04,1.2458884,1.4263072,2.344764,7.34,4.9654036,135.83,23.225271,,0.535,7.72,59.54,6.6673436,2.0127392,0.115,17.01,14.340288,9.659,4.324882,171.52243,1.735,2.896069,31.696505,4.82,15.820564,0.9170992,78.24311,9.57,3.490185,6.6489873,0.48,2.0827155,19.814684,3.89,2.3230958,25.963762,48.22375,7.29,2.48,10.856829,1.08,1.6798216,9.639334,15.288563,0.35,4.72,1.42,203.30098,19.354916,16.059784,2.39,1.065,16.375797,1.1855768,3.252903,11.44,8.04172,19.272503,3.7267952,237.18538,15.807003,2.0115094,32.663513,104.2686,34.468315,2.5451884,4.2686353,0.44,3.8889992,2.685775,3.1885965,5.4981813,3.67,20.49312,9.3,46.747078,13.364788,4.6833363,,24.064568,2.9656532,7.0520554,2.15,2.92,1.584882,35.326576,1.7715211,2.05,1.1979879,5.202658,0.17,12.544578,17.91476,0.58067256,12.840477,4.80635,4.229743,26.58,27.568752,3.3732352,16.01,5.4,8.634555,2.756562,2.0930738,1.4847773,3.9432704,,3.5978103,2.25,28.732452,18.916277,4.44,68.97193,2.7974398,4.7324815,11.311749,30.638546,2.281902,84.93318,156.09,89.48,4.7363887,1.46
2025-04-11,18.64,0.255,7.8349996,38.280952,3.8927166,5.84,9.446243,7.3956323,20.675175,0.7,61.314938,14.428008,4.514988,67.43593,1.0816272,29.000586,25.055998,6.827751,7.3056626,15.874615,29.519321,3.355267,4.68,64.85569,29.467278,2.889283,3.337072,9.770033,4.9899554,,34.003815,24.2763,2.63,5.8414183,1.0993446,26.83731,19.804976,3.2347238,20.350544,31.355864,3.32,147.82248,11.7337055,14.271431,5.9188776,15.355205,4.0197086,2.6976528,8.160493,3.4052458,9.141429,1.386306,7.1169734,245.65858,20.269844,35.324635,2.598161,3.309358,0.23,6.56,227.47078,12.25,1.615,2.544212,6.21,3.4541595,2.5,2.3506212,3.9301631,26.375137,2.1322465,5.2233,0.89,3.2279553,7.107591,2.42,6.44538,0.91,32.682545,3.8639586,5.4273024,2.6999998,4.12,1.095,7.5049214,12.865715,2.9,0.776179,12.337714,14.1732645,30.54928,4.6711793,,3.99,27.071922,5.9943485,2.6670496,4.110072,1.8243701,32.95868,1.1003045,3.2543254,1.0245454,4.4576416,63.910053,4.675613,7.154765,8.895322,3.7,8.7902975,3.49,3.3337643,2.700772,5.32389,3.1262596,4.0975733,2.31,7.377089,91.01906,1.66,34.83,2.02,1.1925625,1.5246731,2.431251,7.69,4.9654036,128.9,23.409447,,0.53,7.81,57.87,6.63983,1.9847844,0.12,16.67,14.311298,9.610704,4.2479954,170.20992,1.575,2.896069,31.152924,4.63,15.946049,0.88751537,82.42834,9.19,3.4143112,6.466954,0.475,2.0540543,20.908985,3.75,2.3134565,25.067442,48.054543,7.21,2.35,10.600912,1.24,1.6607327,9.525033,14.711999,0.38,4.58,1.37,201.83652,18.747152,15.507336,2.58,1.04,16.197186,1.2097722,3.3116906,11.5,8.003563,19.150822,3.7560632,234.0266,15.452011,2.0115094,31.410612,103.04291,33.854748,2.6039238,4.4436593,0.455,3.8398957,2.666313,3.1046858,5.4789233,3.59,20.210657,9.13,46.322823,13.227007,4.6190553,,23.682589,2.9656532,7.0708866,2.12,2.8,1.5753345,34.77746,1.7576811,2.1,1.1979879,5.1465144,0.16,12.298977,17.652685,0.54651535,12.868433,4.777221,4.277808,26.19,27.322338,3.3800776,16.35,5.32,8.371426,2.884774,2.0558636,1.4412497,3.9528644,,3.76515,2.32,28.197416,18.520027,4.21,70.37072,2.9264,4.722622,11.100315,30.73578,2.3003044,83.876625,155.04,86.99,4.7558403,1.485
2025-04-14,19.04,0.255,7.59929,38.835175,3.8431911,6.07,9.492232,7.385798,20.617096,0.73,61.353924,14.68011,4.4782057,68.87469,1.0575911,28.346363,25.483511,6.9013658,7.3056626,16.33873,29.442297,3.4019978,4.69,64.30647,29.855387,2.8987873,3.3156807,9.836495,5.0866604,,34.915833,24.572113,2.67,5.814458,1.08519,27.558105,19.804976,3.253208,20.2337,31.813118,3.47,150.31677,11.847625,14.538463,5.8335094,15.529256,4.0387144,2.7070196,8.265359,3.442159,9.350546,1.4000773,7.079016,255.87393,20.221466,35.544342,2.6354105,3.3184495,0.255,6.76,232.27237,12.66,1.745,2.5344641,6.49,3.547768,2.54,2.2950947,3.9693668,26.258432,2.1608033,5.2715745,1.035,3.2371519,7.136562,2.51,6.5280137,0.945,32.92314,3.835266,5.473296,2.5500002,4.15,1.155,7.699855,12.894823,2.95,0.7908239,12.308729,14.295529,30.627687,4.681139,,4.06,27.732693,6.040107,2.7020273,4.1846313,1.8693054,33.196507,1.1095121,3.3277867,1.0099092,4.573174,66.907074,4.6946583,7.229782,8.846122,3.66,9.307374,3.6,3.4131398,2.7107012,5.3435354,3.1167574,4.1431017,2.36,7.5712233,93.242775,1.675,35.5,2.08,1.1877146,1.554183,2.5657868,7.6,5.030009,126.95,23.981354,,0.525,7.78,59.83,6.63983,2.0220573,0.115,18.04,14.43692,9.668659,4.2864385,169.91505,1.66,2.9145153,31.443457,4.72,16.071531,0.87765414,86.118866,11.13,3.5281217,6.534019,0.495,2.0922692,21.15325,3.81,2.303817,25.35308,47.92515,7.41,2.43,10.846987,1.215,1.6702772,9.610759,15.154032,0.375,4.63,1.415,212.11761,19.03701,16.331163,2.66,1.105,16.394598,1.2049332,3.370478,11.45,8.079878,19.319304,3.7853312,237.01758,15.984498,2.0206525,31.900026,104.51374,33.260983,2.6332912,4.463106,0.46,3.9086406,2.7246993,3.1606264,5.4404073,3.94,20.366497,9.31,47.556126,13.453362,4.7108855,,24.074116,2.9656532,7.099132,2.19,2.86,1.6994518,34.97013,1.7530677,2.09,1.2174673,5.240087,0.165,12.374547,17.8586,0.53675616,12.942978,4.80635,4.2585816,26.36,28.091148,3.4142888,16.38,5.39,8.371426,2.9488802,2.1023762,1.4702681,3.9816477,,3.7484162,2.31,28.638586,18.727587,4.26,71.11803,3.0355198,4.9493866,11.609679,30.580206,2.2911034,86.458206,158.67,86.01,4.8628225,1.5
2025-04-15,19.25,0.3,7.6370034,38.59765,3.8630013,5.99,9.519827,7.297286,20.617096,0.735,60.642323,14.83525,4.441424,69.385216,1.0575911,28.697886,25.669388,6.818549,7.3238587,16.793371,28.854992,3.3739593,4.85,63.72884,29.622522,2.9272997,3.2586367,9.883968,5.0866604,0.895,35.040634,23.980488,2.6,5.8414183,1.0946264,26.857058,19.954447,3.2162397,20.253174,31.316948,3.51,151.03352,11.828639,14.696705,5.805053,15.500248,4.05772,2.6882858,7.6266284,3.4237025,9.579579,1.386306,7.0600376,257.34448,20.21179,35.792706,2.644723,3.2911744,0.235,6.85,238.22557,12.57,1.83,2.544212,6.44,3.622655,2.58,2.3506212,3.9791675,25.898594,2.1608033,5.252265,1.135,3.1911697,7.088277,2.61,6.5371947,0.945,33.29847,3.8161376,5.4640975,2.5500002,4.19,1.2,8.002001,12.729877,2.98,0.8005871,11.970578,14.408389,30.510075,4.780738,,4.05,27.407238,5.976045,2.7282605,4.1193924,1.8333572,33.097416,1.086493,3.2910562,0.99527276,4.4480133,64.96199,4.7422714,7.2954226,8.698523,3.6,9.170787,3.56,3.5917342,2.7504187,5.294422,3.1262596,4.1977363,2.52,7.52269,93.26195,1.69,35.2,2.08,1.1877146,1.5049999,2.5177383,7.65,4.900798,126.42,23.671167,,0.54,8.02,59.84,6.621488,1.9941026,0.12,18.25,14.572206,9.678318,4.2479954,171.34172,1.7,2.9145153,31.649645,4.82,16.21632,0.8809412,85.35701,10.98,3.4807007,6.5052767,0.51,2.0827155,21.270496,3.83,2.3134565,25.205336,47.69622,7.22,2.37,11.102904,1.125,1.6559606,9.629808,15.17325,0.38,4.58,1.405,208.73044,18.691051,15.517028,2.72,1.1,16.159584,1.2484848,3.380276,11.37,8.127575,19.609468,3.7853312,232.73347,15.580202,2.0206525,31.919603,105.0323,33.4688,2.6039238,4.3658705,0.455,3.89882,2.7149682,3.132656,5.4404073,3.95,20.317799,9.54,47.753456,13.660034,4.701702,,24.083664,2.9557676,7.136793,2.22,2.82,1.7089993,35.10666,1.7484545,2.07,1.2174673,5.258802,0.165,12.015591,17.83052,0.53675616,12.821841,4.8160605,4.2585816,26.32,27.529325,3.3527086,16.56,5.34,8.088804,2.884774,2.0744686,1.4751046,3.9816477,,3.7818842,2.33,28.873253,18.652111,4.24,71.09886,3.0355198,4.9493866,11.571237,30.035692,2.2634997,84.58432,156.28,85.28,4.7461147,1.48
2025-04-16,19.18,0.285,7.674717,37.548584,3.8431911,5.8,9.437045,7.3071203,19.987936,0.775,60.47661,14.524969,4.4690104,68.039276,1.0672055,28.31707,25.9482,6.8001456,7.4239364,16.376617,28.315826,3.3833053,4.91,64.43904,29.603115,2.8987873,3.194462,9.931442,5.018967,0.97,34.627827,23.7537,2.48,6.164943,1.0663172,26.383108,19.767607,3.2347238,20.253174,31.735287,3.57,152.25679,11.828639,14.469233,5.8524804,15.596942,3.9246802,2.6882858,7.617095,3.4606156,9.928109,1.3771253,7.0220804,254.2073,20.424648,36.10793,2.6633477,3.3275414,0.225,6.73,236.06876,12.41,1.68,2.5052202,6.7,3.6881812,2.61,2.322858,3.920362,25.626286,2.1132085,5.2136455,1.13,3.1084015,7.0110207,2.59,6.6106462,0.915,32.961636,3.7874448,5.381308,2.5500002,4.25,1.195,8.109214,12.691068,2.99,0.7908239,11.690395,14.060406,30.696293,4.8305373,,4.39,27.259304,5.976045,2.8244493,4.156672,1.8063961,31.928104,1.0957007,3.3204405,0.9842955,4.3613644,63.98945,4.761317,7.4454565,8.482043,3.6,9.395179,3.4,3.5421247,2.6809134,5.294422,3.1167574,4.106679,2.82,7.55181,93.53033,1.68,34.18,2.03,1.2071059,1.5935293,2.5177383,7.31,4.8177333,123.87,23.089565,,0.515,8.36,58.27,6.7315407,2.0034208,0.125,16.61,14.514227,9.5044565,4.324882,170.94226,1.62,2.9145153,31.977669,4.85,16.293541,0.8809412,87.01923,10.17,3.3763745,6.562761,0.505,2.101823,21.583155,3.79,2.3134565,24.860598,47.467297,7.06,2.38,10.7584,1.155,1.6702772,9.667909,14.990672,0.38,4.37,1.37,203.2412,18.50405,15.323187,2.74,1.06,14.693094,1.2581631,3.4292653,11.18,8.127575,19.993235,3.736551,234.69783,15.027992,2.0206525,31.997908,102.1755,32.6969,2.780129,4.647854,0.445,3.76133,2.5981956,3.1699498,5.4596653,3.77,20.210657,9.3,47.04307,13.532094,4.701702,0.11,24.16006,2.9557676,7.0708866,2.28,2.65,1.6373932,35.389465,1.7576811,2.2,1.2077276,5.1371565,0.16,11.760542,18.130037,0.53675616,12.942978,4.903449,4.248969,25.87,27.371622,3.3527086,16.74,5.3,8.166769,3.0129864,2.0837712,1.4751046,3.9816477,,3.5810764,2.41,29.305037,18.227556,4.11,71.1851,3.14464,4.5845914,11.100315,30.36629,2.2911034,83.55766,154.43,84.47,4.6196814,1.72
2025-04-17,19.7,0.28,7.797286,37.607967,3.8332858,5.79,9.473837,7.3562937,21.52696,0.765,60.876274,14.844946,4.5425744,67.99287,1.1008562,28.70765,26.059727,6.9105678,7.4421325,16.850203,28.91276,3.3926518,4.89,64.23071,30.311417,2.936804,3.3085501,10.073862,5.0092964,0.985,35.021435,24.345324,2.58,6.4525204,1.1087811,26.86693,20.187996,3.26245,20.06817,31.793661,3.7,154.10123,11.771679,14.667035,6.4500594,15.703307,4.0102057,2.7070196,7.7028947,3.4975288,9.928109,1.3771253,7.0885053,255.87393,20.579454,36.480473,2.6540353,3.336633,0.235,6.85,233.58989,12.37,1.9,2.5344641,6.64,3.6975422,2.64,2.3136036,3.8811584,25.003862,2.1227274,5.310194,1.15,3.2279553,7.0786195,2.63,6.6381907,0.91,33.202232,3.797009,5.390507,2.6999998,4.34,1.205,8.245667,12.953039,3.01,0.7908239,11.825655,14.192076,30.735497,4.920176,,4.37,27.752417,6.012652,2.8506825,4.1659913,1.8333572,31.214626,1.1003045,3.3571713,1.0025909,4.399875,65.229935,4.789885,7.417325,8.354123,3.72,9.648839,3.58,3.7405632,2.7603478,5.3337126,3.2212827,4.106679,3.13,7.658583,94.35464,1.725,34.95,2.01,1.2992144,1.6427124,2.4408607,7.47,4.845422,125.67,23.108953,,0.535,8.84,59.0,6.804909,2.0220573,0.13,17.0,14.707492,9.697636,4.315271,171.02786,1.65,2.9421847,31.855833,4.46,16.486593,0.88751537,87.09839,10.53,3.4332795,6.5531807,0.515,2.130484,21.837189,3.81,2.380932,25.441729,47.68627,7.53,2.34,10.994631,1.16,1.6750494,9.686959,15.009891,0.38,4.55,1.43,206.38928,18.663,15.681793,2.87,1.115,14.599089,1.2871977,3.4292653,11.2,8.137114,19.955793,3.7853312,236.89912,15.185766,2.029796,32.68309,105.1643,33.260983,2.7899182,4.589512,0.465,3.8595371,2.6176577,3.2072432,5.488552,3.85,19.821054,9.7,47.26013,13.787974,4.7659836,0.1,24.236456,2.9458823,7.0708866,2.29,2.74,1.7471893,35.311447,1.8038145,2.22,1.2125975,5.286874,0.16,11.977805,18.036438,0.54651535,12.915023,4.942288,4.2585816,25.69,27.706745,3.3253396,16.77,5.4,8.429898,3.1091456,2.1023762,1.5379779,4.0104303,,3.7902513,2.42,29.23933,18.935146,4.19,71.38629,3.1744,4.781778,11.455909,30.667717,2.3003044,81.733604,155.11,86.25,4.678035,1.66
2025-04-22,19.36,0.27,7.6558595,36.054165,3.7144244,5.74,9.253087,7.2284436,21.168823,0.825,59.95996,14.524969,4.4874015,67.667984,1.1056634,27.90696,25.892437,6.7449346,7.49672,16.584993,28.469873,3.355267,5.11,63.98451,30.136766,2.9177957,3.2586367,10.073862,4.980285,0.915,35.050232,23.911465,2.38,6.515428,1.0804718,26.175758,20.057207,3.253208,19.90264,31.161287,3.74,160.55197,11.37296,14.489013,6.5259423,15.519586,3.8771658,2.7070196,7.6647615,3.4698439,10.127269,1.3725349,6.9651446,255.10925,20.801987,35.974197,2.6260982,3.3548162,0.22,6.62,230.86702,12.01,1.805,2.4954724,6.68,3.6975422,2.73,2.2025506,3.9301631,24.303638,2.0656137,5.2812295,1.2,3.200366,6.9337635,2.65,6.5739207,0.835,32.932766,3.7396235,5.353712,2.5500002,4.44,1.175,8.64528,12.904526,2.87,0.7517708,11.342581,14.060406,29.98083,4.9500556,,4.43,27.298754,5.9302864,2.9293823,4.128712,1.8872794,31.710096,1.1003045,3.3865557,0.97697735,4.245831,64.5948,4.7422714,7.4454565,8.196685,3.56,9.404936,3.42,3.5917342,2.7404892,5.245309,3.1927757,4.0156217,3.42,7.52269,94.8243,1.685,34.1,2.01,1.2652797,1.7263235,2.373593,7.23,4.7992744,122.13,22.740604,,0.51,8.88,56.43,6.575633,2.0127392,0.135,16.85,14.40793,9.523774,4.315271,171.98848,1.61,2.9329615,31.70588,4.41,16.409372,0.8710799,87.632675,10.39,3.3668902,6.514858,0.49,2.101823,22.482046,3.7,2.3616533,25.04774,47.248325,7.12,2.27,10.315464,1.195,1.6416439,9.677434,14.875359,0.375,3.98,1.4,204.55623,18.485348,15.303802,3.02,1.045,14.100859,1.2871977,3.5174463,10.92,7.9749436,19.85283,3.6975272,234.39183,14.860357,2.0480824,32.10558,105.23973,32.439598,2.878021,4.764536,0.505,3.7711506,2.539809,3.2072432,5.4789233,3.73,19.207428,9.45,47.477192,13.719083,4.7384343,0.105,23.902227,2.9162257,7.0143943,2.38,2.44,1.6946781,35.009144,1.7484545,2.27,1.2174673,5.2494445,0.16,11.873897,18.176836,0.5123581,12.812523,4.932578,4.268195,25.18,27.282913,3.339024,16.84,5.29,8.439644,3.1732516,2.1023762,1.5283052,3.9528644,,3.6647463,2.58,29.26749,18.595503,4.0,71.31922,3.224,4.7029033,11.196421,30.871908,2.2911034,79.770004,153.1,81.55,4.629407,1.51
2025-04-23,20.21,0.285,7.778429,37.53869,3.8630013,6.0,9.54742,7.375963,21.623755,0.735,62.582172,15.194011,4.5333786,69.10674,1.1345068,28.912704,26.3943,6.956577,7.5331116,16.99228,29.134203,3.355267,5.08,66.181404,30.524876,2.9653168,3.4155076,10.244767,5.0866604,0.855,36.211857,24.345324,2.61,6.6322565,1.1087811,26.807688,20.851274,3.26245,20.360283,31.871489,3.87,156.5095,11.771679,15.05275,6.696679,15.85802,4.0482173,2.73512,7.8077602,3.4883006,8.972143,1.4000773,6.9366765,259.92282,20.763285,37.301975,2.6260982,3.3639078,0.235,7.02,233.99,12.41,2.08,2.5344641,6.31,3.8192332,2.46,2.3598757,4.0869775,24.303638,2.1417654,5.406743,1.21,3.2279553,7.097934,2.57,6.6290092,0.935,33.009754,3.8639586,5.5836825,2.6999998,3.91,1.19,7.699855,13.040362,2.92,0.77129734,12.009224,14.446009,30.500277,4.8305373,,3.91,28.107458,6.040107,2.7457497,4.1846313,2.0220852,31.918194,1.1141158,3.4085937,0.9989318,4.428758,67.24449,4.7994075,7.473588,8.088446,3.72,9.541521,3.6,3.7008753,2.7504187,5.304245,3.2687943,4.088467,3.29,7.629463,96.28122,1.705,35.61,2.14,1.3525403,1.5738562,2.4696898,7.43,4.845422,130.91,23.903807,,0.56,8.21,56.75,6.9149613,2.0500119,0.125,17.21,14.678501,10.026042,4.353715,181.07155,1.7,2.969854,32.708694,4.53,16.361109,0.9039508,81.4785,11.01,3.452248,6.591503,0.505,2.130484,20.332523,3.85,2.4580474,26.141056,48.124214,7.62,2.35,10.8273,1.01,1.6845938,9.801259,15.269344,0.36,4.96,1.46,207.8936,19.055708,16.214857,2.85,1.13,14.740097,1.2968758,3.2235093,11.14,8.2611265,20.245956,3.8243554,235.8133,15.294237,2.0572255,32.69288,107.3234,32.90472,2.4570858,4.288082,0.46,3.9184613,2.5787334,3.25386,5.5559554,3.93,20.405458,9.89,49.006485,13.915915,4.8302646,0.105,24.417894,3.0348518,7.249777,2.37,2.63,1.7567368,35.789288,1.7945879,1.98,1.2320769,5.5675926,0.16,12.195068,18.335955,0.53187656,12.93366,4.8646097,4.287421,28.32,28.130577,3.366393,17.27,5.34,8.595572,2.820668,2.1581914,1.5718328,4.0392137,,3.957591,2.3,29.755596,19.265356,4.1,72.59346,2.95616,4.712763,11.676954,30.774673,2.318707,84.175644,157.46,88.56,4.7752914,1.575
2025-04-24,20.49,0.28,7.8444276,39.023212,3.8729064,6.17,9.584211,7.375963,21.701189,0.75,62.630917,15.271581,4.570161,69.24598,1.1633502,28.727179,26.803226,7.048595,7.487622,17.16277,29.403786,3.3926518,4.98,66.31397,30.786852,2.936804,3.493943,10.330219,5.154353,0.9,36.53826,24.72988,2.83,6.641243,1.0946264,27.192772,20.804565,3.280934,20.33107,31.920135,3.9,157.41739,11.809651,15.112089,6.7346206,16.05141,4.1242404,2.73512,7.8554273,3.4883006,9.111554,1.4413911,6.9746337,259.42282,20.5214,37.512127,2.6354105,3.4002743,0.225,7.51,236.06876,12.55,2.29,2.5344641,6.56,3.6694596,,2.322858,4.077176,24.78018,2.198879,5.406743,1.205,3.2279553,7.088277,2.7,6.6473722,1.025,33.009754,3.835266,5.6388755,2.85,4.04,1.25,7.7875743,13.185903,2.91,0.7957055,12.038208,14.596489,30.960917,4.1134267,,3.89,28.344152,6.0492587,2.754494,4.2219114,1.9951241,32.592033,1.1325309,3.4526703,1.0172273,4.4961524,68.47506,4.80893,7.492342,8.019565,3.71,9.541521,3.64,3.7901726,2.8099945,5.3337126,3.2782967,4.0975733,3.29,7.69741,95.993675,1.75,36.38,2.17,1.3476925,1.5738562,2.4696898,7.63,4.8177333,130.5,23.525766,,0.565,8.29,58.59,6.997501,2.0500119,0.125,18.23,14.765471,10.122632,4.3633256,183.29713,1.79,2.9883003,32.90551,4.59,16.447983,0.9138121,84.29834,11.34,3.452248,6.620245,0.515,2.130484,20.361835,3.88,2.5062442,26.00316,48.154076,7.89,2.43,10.945416,1.06,1.7132272,9.829834,15.327001,0.365,5.56,1.485,209.98569,18.719103,16.631617,3.05,1.17,14.7871,1.3162322,3.252903,11.2,8.20389,20.058754,3.8243554,236.83989,15.294237,2.084655,32.497112,108.3511,35.705334,2.5256102,4.463106,0.47,3.9577444,2.6371198,3.28183,5.5655847,3.99,20.48338,9.99,48.868355,13.896231,4.8853626,0.105,24.35105,2.9755387,7.155624,2.39,2.77,1.823569,35.808792,1.8084279,2.0,1.2564262,5.502092,0.155,12.09116,18.373392,0.53675616,12.942978,4.8548994,4.268195,28.56,27.647604,3.393762,17.27,5.48,8.585828,2.852721,2.167494,1.5960147,4.029619,,3.9073892,2.42,30.074741,18.87854,4.19,72.56472,3.0156798,4.7522,11.696176,30.657993,2.327908,86.29873,156.58,88.34,4.7363887,1.675
2025-04-28,20.65,0.285,7.853856,39.17167,3.9620526,6.11,9.694586,7.385798,21.904455,0.78,63.440002,15.863051,4.643725,69.478035,1.1921936,29.31305,27.240032,7.0301914,7.5422096,17.513224,29.875557,3.4019978,5.22,66.84425,30.699526,2.936804,3.493943,10.529608,5.2510576,0.875,36.154255,24.848204,2.8,6.668204,1.0946264,27.311258,21.421135,3.271692,19.308676,32.134167,3.99,155.6303,11.838132,15.210991,6.763077,16.012732,4.1812572,2.7538538,7.8840275,3.506757,9.061765,1.4230294,7.041059,263.1384,20.68588,37.73183,2.67266,3.3911827,0.22,7.64,238.411,12.45,2.1,2.5539598,6.44,3.6788204,,2.4061477,4.0869775,25.140018,2.208398,5.426053,1.25,3.2831342,7.107591,2.71,6.6840982,1.025,32.701794,3.835266,5.6112785,3.0,3.9,1.25,7.699855,13.195605,2.87,0.7566524,12.163808,14.549463,31.35295,4.173186,,3.75,28.561123,6.1041684,2.6932828,4.240551,1.968163,32.19566,1.1325309,3.4453244,1.0245454,4.5057797,68.67353,4.9232016,7.557983,8.363964,3.73,9.648839,3.66,3.988611,2.7305598,5.353358,3.2687943,4.0975733,3.26,7.72653,97.469765,1.745,36.83,2.14,1.3767793,1.5492647,2.5177383,7.17,4.6885223,131.51,23.360981,,0.54,8.56,59.85,6.997501,2.0593302,0.125,18.18,14.987726,10.325471,4.392158,183.48735,1.79,2.9975235,33.458466,4.55,16.708601,0.93024755,83.229774,10.99,3.490185,6.6106644,0.52,2.140038,20.391148,3.89,2.5158837,26.190304,48.34319,7.96,2.42,11.22102,1.02,1.7132272,9.963184,15.423094,0.37,5.65,1.45,217.8061,18.999607,17.077454,2.72,1.155,14.871705,1.2630022,3.164722,11.26,8.232509,20.105555,3.8536234,239.62358,15.471732,2.0937984,32.643936,108.42652,36.546505,2.4375074,4.288082,0.495,4.055951,2.6371198,3.2911534,5.61373,3.94,20.61974,9.83,49.14462,13.856865,4.9312773,0.105,24.84762,2.9755387,7.278023,2.39,2.76,1.7853792,36.003826,1.8038145,1.94,1.2612962,5.623737,0.165,12.317869,18.420193,0.54163575,13.110705,4.903449,4.3066473,26.68,28.505123,3.4006042,17.31,5.53,8.615064,2.788615,2.1581914,1.5960147,4.0679965,,3.9743252,2.33,30.31879,19.20875,4.21,73.609024,2.9264,4.781778,11.725007,30.862185,2.3463106,86.30869,159.52,90.08,4.8141937,1.67
2025-04-29,21.37,0.3,7.750144,39.221153,4.061104,6.06,9.89694,7.0907593,22.504578,0.845,63.966393,16.435131,4.717289,70.359856,1.2354587,29.283756,27.463083,7.0762005,7.6149936,17.626884,30.482117,3.486113,5.14,66.69275,31.291395,2.9463084,3.59377,10.577082,5.4057856,0.91,36.663063,25.015831,3.2,6.731111,1.1512451,27.99256,21.664026,3.271692,19.600788,32.202267,4.08,155.75452,12.5786085,15.418683,6.819989,16.215794,4.3808174,2.7913213,7.903094,3.534442,9.270883,1.4505719,7.126463,265.50107,20.68588,38.448257,2.7192223,3.3911827,0.225,7.74,239.52356,12.98,2.2,2.563708,6.26,3.8005116,,2.4709287,4.1163797,25.09139,2.208398,5.503292,1.335,3.3934917,7.049649,3.07,6.7667313,1.145,32.884644,3.8543947,5.749261,2.85,4.03,1.235,7.7875743,13.661332,2.91,0.7957055,12.2990675,15.39591,31.499962,4.1632257,,3.94,29.014788,6.177382,2.6757941,4.2591906,1.986137,32.50285,1.1279272,3.555516,1.0538182,4.7464733,70.35068,4.9708147,7.5954914,8.669003,3.81,9.600059,3.79,4.1672053,2.8794997,5.3926487,3.2782967,4.18863,3.46,7.707117,98.56245,1.755,36.57,2.23,1.386475,1.5984477,2.5657868,7.4,4.6885223,133.0,23.690554,,0.57,8.6,59.89,7.043356,2.0779667,0.125,20.57,15.229308,10.663536,4.4209905,184.92351,1.835,2.9883003,33.69277,4.76,16.988527,0.9335346,82.636116,11.56,3.5565743,6.6298256,0.55,2.1591454,19.42386,3.95,2.5833597,27.126024,48.721416,8.67,2.48,11.467094,1.06,1.7466328,10.277511,15.451922,0.37,6.13,1.54,223.71376,19.04636,17.465137,2.84,1.21,15.332333,1.3355886,3.262701,11.45,8.280206,20.142996,3.8926473,243.10811,15.471732,2.1029415,32.976738,109.89735,36.368374,2.5060318,4.3658705,0.5,4.04613,2.7052372,3.3191237,5.61373,4.07,20.76584,10.24,49.51954,14.211159,4.977193,0.105,24.943115,2.9854243,7.3627605,2.47,3.0,1.8187953,36.1111,1.7945879,2.01,1.2466866,5.7266665,0.165,12.497347,18.54187,0.55627453,13.129342,4.9519978,4.3258734,26.95,28.9191,3.4485002,17.84,5.66,8.683283,2.820668,2.167494,1.6588881,4.0488076,,4.0663624,2.38,30.65671,19.491785,4.28,73.85812,2.9958398,5.0085425,11.830725,30.76495,2.3463106,87.315414,161.2,92.11,4.901725,1.73
2025-04-30,21.94,0.32,7.7124305,38.54817,4.061104,6.14,9.777368,6.8055553,22.940151,0.805,65.15565,16.66784,4.7540708,67.76081,1.2450731,29.586454,27.751192,7.1406136,7.478524,17.484808,30.32807,3.476767,5.31,66.97684,30.961502,2.9082913,3.6294224,10.605565,5.463808,0.91,36.663063,24.867924,3.17,6.869232,1.1087811,28.180164,22.29928,3.3086603,19.980536,32.406574,4.09,159.21404,12.853914,15.576925,6.7251353,16.341496,4.342806,2.7538538,7.8554273,3.5436702,9.211134,1.4505719,7.0315695,269.19702,20.531076,38.89722,2.7285347,3.4002743,0.195,7.73,245.0864,12.77,2.2,2.5344641,5.67,3.847316,,2.4894376,4.2045884,24.537046,2.1608033,5.512947,1.34,3.356706,7.0303345,3.24,6.9044533,1.135,32.913517,3.8161376,5.8228517,2.85,4.01,1.225,7.631628,13.709846,2.82,0.78106064,12.337714,15.226621,30.88251,4.1034665,,3.86,29.567074,6.085865,2.6495607,4.31511,1.968163,31.878555,1.1279272,3.555516,1.0647955,4.6790795,71.79957,4.980337,7.69864,8.718202,3.79,9.551277,3.92,4.117596,2.9390755,5.4515853,3.2592921,4.1613135,3.57,7.7168236,99.2909,1.78,37.0,2.22,1.3961707,1.6525489,2.6042256,7.16,4.87311,132.45,24.165527,,0.525,8.58,59.25,7.034185,2.1245577,0.13,20.59,15.596512,11.030578,4.4690447,183.99142,1.795,2.969854,33.861465,4.8,17.181578,0.94010884,81.20146,11.66,3.4807007,6.5531807,0.565,2.1973603,18.739923,3.85,2.6122777,27.598808,49.13945,8.31,2.43,11.644269,0.995,1.7275438,10.134636,15.605673,0.365,5.86,1.505,228.54549,19.53257,17.523289,2.92,1.21,15.567347,1.3210713,3.2822967,12.07,8.442375,20.208517,3.8633792,245.03299,15.55062,2.121228,32.55584,110.40649,36.299103,2.574556,4.3853183,0.51,4.124696,2.676044,3.375064,5.652246,4.13,20.7561,9.97,50.368053,14.388307,5.0414734,0.105,24.904917,2.9854243,7.3627605,2.5,3.09,1.8569853,36.286633,1.7761345,2.03,1.2564262,5.623737,0.17,12.667379,18.963064,0.54651535,13.147978,5.068515,4.335487,27.13,29.628769,3.4621847,17.8,5.63,8.712519,2.756562,2.1954017,1.6637245,4.0679965,,4.057995,2.39,30.82567,19.567263,4.31,75.03656,2.94624,4.9198084,11.955663,30.696886,2.3555117,88.23242,164.19,92.3,4.843371,1.73
2025-05-01,22.63,0.305,7.929283,37.934563,4.0313888,6.07,9.823358,6.894067,23.036943,0.78,65.1264,16.677536,4.8092437,65.161766,1.2402658,30.172325,27.639666,7.2050257,7.4239364,17.797377,30.308813,3.5608823,5.11,67.687035,31.174963,2.9463084,3.7149885,10.691017,5.6088653,0.875,36.31746,25.400387,3.4,6.869232,1.1134993,28.407263,22.11244,3.3363864,20.02922,32.659523,4.09,159.83522,12.825435,15.814287,6.791533,16.824972,4.3618116,2.8287885,7.817294,3.617497,9.08168,1.4872953,7.135952,268.22647,20.79231,39.241108,2.737847,3.4639158,0.175,7.63,245.07663,13.0,2.28,2.544212,5.5,3.8753984,,2.6467624,4.1947875,24.799631,2.198879,5.5805316,1.26,3.402688,7.474559,3.26,6.9044533,1.15,33.202232,3.9596012,5.896442,2.85,4.05,1.175,7.5341616,13.923305,2.92,0.7566524,12.492298,15.217216,31.656776,4.1333466,,3.85,30.573025,6.186534,2.6495607,4.361709,1.97715,32.165928,1.1463423,3.6436694,1.1087046,5.064189,73.476715,5.027951,7.6423764,8.787083,3.73,9.912255,3.87,4.028299,2.9490047,5.520344,3.325808,4.307005,3.36,7.8624244,100.10564,1.48,37.19,2.32,1.386475,1.637794,2.623445,7.22,4.845422,134.17,24.592037,,0.5,8.29,61.0,7.1992636,2.1245577,0.12,20.74,15.760787,11.310689,4.4786553,183.47784,1.88,3.0159698,33.739628,4.88,17.52907,0.9433959,80.55834,11.8,3.54709,6.6010838,0.55,2.2164679,18.603136,3.85,2.6122777,27.638206,49.278797,8.4,2.5,12.175791,1.025,1.7561772,10.134636,15.711377,0.365,6.05,1.46,233.38718,19.785025,17.688055,2.8,1.23,15.510944,1.3259103,3.3018925,12.17,8.556849,20.077475,3.9414275,245.95102,16.083107,2.121228,32.96695,109.27508,36.51682,2.6039238,4.258912,0.5,4.203262,2.666313,3.3564172,5.6811333,4.22,21.106743,9.89,51.186966,14.467039,5.0139246,0.1,24.580236,2.9755387,7.4663286,2.5,3.15,1.880854,36.237873,1.7992013,2.07,1.266166,5.5395207,0.17,12.761842,18.888186,0.5611541,13.287751,5.0490956,4.3643255,27.99,30.377867,3.4758692,17.91,5.67,8.693028,2.756562,2.2047043,1.6830702,4.0967793,,3.8404531,2.31,30.806896,19.057796,4.34,75.295235,2.74784,4.870512,11.744229,31.056654,2.3923166,94.06342,169.51,92.13,4.8141937,1.725
2025-05-02,22.96,0.295,7.9858537,38.261158,4.15025,6.06,9.961326,7.012082,23.143417,0.795,65.95499,16.755106,4.772462,66.04358,1.2162298,30.152796,28.21588,7.2234297,7.487622,18.091,30.693932,3.551536,5.09,67.232506,30.951797,2.936804,3.6793358,10.861921,5.7345805,0.9,36.557465,25.469408,3.58,6.8968563,1.1323723,29.216925,22.327305,3.3641129,20.253174,32.893013,4.1,162.13838,12.777967,15.843959,6.801018,16.989353,4.39032,2.866256,7.903094,3.6267252,9.18126,1.505657,7.2118664,270.07935,21.218027,37.617207,2.737847,3.4730074,0.175,7.84,250.23932,11.7,2.6,2.563708,5.63,3.8753984,,2.7300522,4.165385,24.721828,2.217917,5.5708766,1.32,3.4394739,7.33936,3.22,6.895272,1.18,33.635307,3.9787297,5.868846,2.6999998,4.13,1.24,7.748588,14.2337885,2.91,0.7664157,12.482636,15.3771,31.990005,4.1333466,,3.89,30.98724,6.177382,2.5970943,4.361709,1.959176,31.363266,1.1555499,3.6950922,1.1013864,5.064189,75.30271,5.046996,7.7642794,9.17084,3.79,10.039085,3.94,4.097752,2.9787927,5.608748,3.325808,4.234159,3.39,7.910957,99.94268,1.46,37.72,2.37,1.4155619,1.7509149,2.623445,7.54,4.8177333,139.26,24.688969,,0.515,8.21,61.33,7.318487,2.1431942,0.125,20.9,15.499881,11.175463,4.52671,188.29044,1.845,3.025193,34.198864,4.88,17.480808,0.97297984,80.2912,12.44,3.5565743,6.620245,0.585,2.2260215,18.730152,3.86,2.6315565,27.963245,48.890617,8.47,2.55,12.352965,1.03,1.751405,10.344186,16.076534,0.37,6.22,1.48,237.63112,19.822426,17.90128,2.84,1.28,15.586148,1.3259103,3.3312864,12.26,8.642703,20.171076,3.9902077,244.66777,15.994359,2.1395144,33.564037,109.99164,36.873077,2.6528697,4.3367,0.495,4.1148753,2.7538924,3.375064,5.6811333,4.19,20.7561,10.17,51.078434,14.614662,5.096572,0.105,24.885817,3.0645082,7.409837,2.59,3.26,1.9667813,36.3939,1.8038145,2.1,1.266166,5.6892376,0.175,12.695718,18.944344,0.55139494,13.3995695,5.0588055,4.4027777,29.32,30.801699,3.5100806,18.02,5.81,8.741756,2.724509,2.2047043,1.6830702,4.16394,,3.731682,2.32,31.398254,19.444614,4.16,76.22457,2.66848,4.978965,11.8787775,31.776188,2.410719,94.691376,170.25,67.5,4.7169375,1.64
2025-05-05,22.4,0.3,8.108423,38.577854,4.071009,6.04,10.053305,7.1202626,23.337006,0.79,65.58456,16.71632,4.800048,66.83258,1.2018081,30.367617,27.937065,7.1222095,7.5695033,17.522696,30.212534,3.5608823,5.12,66.8632,31.02942,2.9463084,3.6222918,10.842933,5.647547,0.92,36.240658,25.380665,3.61,6.8508162,1.0899082,28.367767,21.972311,3.3641129,20.33107,32.727623,4.04,159.5294,12.388743,16.0022,6.706165,16.979685,4.342806,2.8475223,7.7219615,3.617497,9.28084,1.5010664,7.135952,264.07956,21.227701,37.216003,2.7471595,3.4548242,0.165,7.45,250.62968,11.7,2.42,2.573456,5.61,3.8660378,,2.637508,4.2045884,24.498146,2.208398,5.4936376,1.32,3.3659024,7.1945043,3.2,6.8769083,1.18,33.45245,3.9787297,5.7308636,2.6999998,4.15,1.215,7.914281,13.874791,2.98,0.74200755,12.37636,15.0197115,32.068413,4.292704,,3.92,30.306744,6.11332,2.8419383,4.3430696,1.9412018,31.64073,1.1555499,3.4820547,1.1452955,4.977539,74.7172,4.9708147,7.8111653,9.36764,3.78,10.07811,3.98,4.0779085,2.8695703,5.598925,3.3163059,4.1613135,3.34,7.959491,99.47302,1.445,37.3,2.34,1.3622359,1.7705882,2.6330547,7.82,4.734669,142.03,24.330315,,0.505,8.36,60.72,7.052527,2.1245577,0.125,20.73,15.3645935,10.876035,4.4882665,184.86646,1.795,2.9790773,33.599045,4.73,16.940262,0.95654434,80.459404,12.3,3.499669,6.581922,0.595,2.2260215,18.798546,3.78,2.5737202,27.382114,49.567444,8.08,2.37,12.461238,1.005,1.7466328,10.125111,15.970832,0.37,6.19,1.48,233.18793,19.158562,17.591133,2.79,1.265,15.454541,1.3259103,3.3116906,11.95,8.709478,19.965153,4.0097194,240.3343,15.935194,2.130371,34.190487,108.982796,36.76422,2.564767,4.3075294,0.505,4.0166683,2.7246993,3.375064,5.642617,3.83,20.385979,10.06,50.604847,14.545771,5.0873885,0.105,24.85717,3.113936,7.447498,2.48,3.12,1.8522116,35.95507,1.7807478,2.07,1.2710358,5.4646626,0.175,12.44067,18.822666,0.55627453,13.464797,5.039386,4.354713,29.16,30.42715,3.4758692,17.29,5.62,8.605318,2.820668,2.1954017,1.6879066,4.16394,,3.756783,2.28,30.459593,18.746458,4.14,75.640144,2.68832,4.9099493,11.571237,31.64006,2.4015179,93.86407,168.23,70.91,4.590504,1.615
2025-05-06,22.7,0.285,7.7878575,38.10281,4.1304398,6.0,10.053305,7.1202626,24.150074,0.815,66.08171,16.822979,4.7540708,66.87899,1.2066153,30.465261,27.732603,7.2694387,7.605895,17.731071,29.846672,3.616959,5.13,66.38973,31.077932,2.8512661,3.6864665,10.766974,5.5895243,0.965,36.096653,25.627174,3.54,6.8876486,1.1134993,27.64697,21.841522,3.382597,20.438179,33.204334,4.1,159.34784,12.483675,16.091211,6.7535915,17.453491,4.2952914,2.8849897,7.7886944,3.645182,9.4800005,1.505657,7.135952,262.09924,21.285753,37.1969,2.8123462,3.5002823,0.17,7.47,244.44228,11.41,2.37,2.5539598,5.83,3.847316,,2.637508,4.1751857,24.245287,2.2274358,5.512947,1.305,3.301527,7.291075,3.37,6.8860903,1.185,33.44283,3.8065732,5.75846,2.6999998,4.35,1.2,8.313893,14.272599,2.96,0.78106064,12.18313,15.038521,32.215424,4.3026643,,4.08,30.356056,6.250595,2.876916,4.380349,1.9412018,30.897526,1.1693612,3.6804,1.1562728,4.688707,77.69438,5.037473,7.801788,9.26924,3.87,10.351282,4.0,3.9786892,2.7901359,5.628393,3.3733196,4.1248903,3.49,7.8235974,99.310074,1.44,37.47,2.32,1.3767793,1.8541993,2.681103,7.7,4.771587,145.95,24.087982,,0.515,8.33,62.09,7.2726316,2.1431942,0.13,20.35,15.635165,10.885694,4.5363207,186.30263,1.735,2.9790773,33.08358,4.77,17.37463,0.97297984,82.270035,12.15,3.5281217,6.572342,0.595,2.2164679,19.492256,3.78,2.641196,27.913998,49.52763,8.15,2.37,13.494753,1.07,1.7657217,10.210835,15.836299,0.365,6.1,1.47,240.11174,19.195963,17.833435,3.12,1.2,15.445141,1.3355886,3.4880526,11.79,8.814412,19.983873,4.0097194,243.04889,15.55062,2.1486576,33.378056,108.67166,36.942352,2.7507615,4.5214477,0.56,4.0166683,2.7636235,3.4123576,5.652246,3.78,20.434677,10.28,49.480076,14.594978,5.1241207,0.11,24.962214,2.9063401,7.66405,2.53,2.7,1.7901529,36.02333,1.7807478,2.18,1.2710358,5.502092,0.18,12.51624,19.047302,0.6099502,13.390251,5.0490956,4.3643255,28.04,30.890408,3.5032382,17.23,5.6,8.615064,2.9488802,2.2791247,1.7314342,4.2598834,,3.924123,2.43,29.858847,18.812498,4.14,76.205414,2.7775998,4.978965,11.494351,31.581718,2.4199204,91.790825,166.25,71.41,4.765566,1.615
2025-05-07,23.24,0.3,7.8444276,37.974148,4.209681,6.1,9.906138,7.189105,24.817951,0.79,66.55936,16.832676,4.717289,66.27564,1.2306515,30.69961,27.862715,7.4166684,7.596798,17.71213,30.241417,3.6356516,5.08,68.07528,32.950565,2.803745,3.579509,10.8998995,5.7345805,0.965,36.41346,26.03145,3.98,6.9060645,1.1323723,28.900959,21.40245,3.401081,20.428442,33.54484,4.13,158.60242,12.5786085,16.13077,6.7535915,17.598536,4.39032,2.866256,7.874494,3.6359534,9.569621,1.5286089,7.1454415,260.83456,21.324455,36.30853,2.7564719,3.5002823,0.175,7.82,237.13252,11.32,2.41,2.563708,,3.8753984,,2.7670698,4.1947875,24.5954,2.3131065,5.783284,1.28,3.3475094,7.213818,3.47,6.803457,1.275,33.72192,3.9309087,5.859647,2.6999998,4.55,1.15,8.255414,14.194979,3.05,0.8591667,12.076854,15.13257,32.421246,4.322584,,4.11,30.622335,6.351264,2.8944046,4.4735484,1.9412018,31.521816,1.1785687,3.6657073,1.1709092,4.9005175,76.63252,5.066041,7.8392963,9.298759,3.9,10.526894,4.15,4.0779085,2.700772,5.6185703,3.5253568,4.18863,3.53,7.9012513,99.156715,1.435,36.93,2.33,1.4010185,1.9427288,3.1711972,8.07,4.86388,145.41,24.485409,,0.555,7.99,61.85,7.8137236,2.171149,0.13,20.87,15.847756,10.750467,4.5747643,188.05266,1.72,3.0159698,33.61779,4.86,17.432545,0.99270236,82.46792,12.62,3.5565743,6.6681485,0.625,2.2451289,18.984188,3.81,2.6604748,28.258738,49.66698,8.8,1.99,13.356951,1.11,1.7848105,10.296561,16.114973,0.37,6.37,1.54,236.27623,19.691523,18.599112,3.32,1.31,15.79296,1.3501058,3.5076485,11.68,9.1005945,20.077475,4.0682554,244.70724,15.392845,2.166944,33.701073,109.30336,37.33693,2.780129,4.560342,0.58,4.0755925,2.7733545,3.4403276,5.7389073,3.97,20.103516,10.35,49.006485,14.831175,5.1975846,0.105,25.239147,2.9261112,7.66405,2.57,2.98,1.8569853,36.21837,1.8361079,2.2,1.266166,5.614379,0.185,12.657932,19.412336,0.648987,13.334343,5.1364837,4.3835516,27.1,31.097395,3.5579762,18.6,5.68,8.712519,3.0450394,2.2512171,1.7797984,4.3078547,,3.957591,2.46,29.840075,19.123838,4.19,76.63654,2.85696,5.0085425,11.580848,31.601166,2.4291217,91.42203,165.83,73.27,4.8044686,1.825
2025-05-08,23.28,0.295,7.853856,38.092915,4.1403446,6.19,10.108492,7.1596017,25.15673,0.81,66.286415,17.278702,4.800048,66.27564,1.2450731,31.031603,27.323677,7.407466,7.7423654,17.82579,30.116255,3.673036,5.21,68.73813,32.475132,2.8227534,3.7007275,11.051816,5.6668878,0.97,36.40386,26.100473,3.98,6.933689,1.1370904,28.693605,21.682709,3.4472914,20.60371,33.671314,4.15,158.17235,13.243139,16.318684,6.8389597,17.47283,4.314297,2.9037232,7.8840275,3.7005517,9.6891165,1.5928749,7.2498236,260.462,21.56634,37.435707,2.8030338,3.5457406,0.17,7.61,234.14616,11.64,2.43,2.6319437,6.32,3.8566766,,2.8781228,4.165385,24.089682,2.3702204,5.8412137,1.24,3.356706,7.33936,3.49,6.977905,1.335,33.702675,3.9500372,5.9148397,2.5500002,4.63,1.12,8.421107,14.437545,3.08,0.8494034,12.3280525,15.029116,32.323235,4.701059,,4.35,30.701233,6.369567,2.8856602,4.5201473,1.9412018,32.691128,1.2015877,3.7171302,1.127,5.0353055,77.108864,5.0850863,7.8768053,9.426679,3.96,10.292746,4.07,4.0779085,2.7504187,5.7364426,3.601375,4.2159476,3.4,8.270105,99.099205,1.4,37.01,2.3,1.3961707,2.0263398,2.8636873,8.18,4.9100275,133.15,24.911917,,0.54,7.97,61.57,7.7862096,2.1804671,0.135,20.74,15.896074,10.856716,4.565153,186.31213,1.745,3.0344162,34.086395,4.82,17.731775,0.979554,83.0121,12.8,3.594511,6.6585674,0.615,2.2737904,19.433632,3.89,2.7086718,28.071594,50.443336,9.17,2.06,13.012446,1.17,1.7991271,10.468011,17.306538,0.38,6.53,1.48,244.20625,19.728924,18.434345,3.31,1.46,15.8023615,1.3694621,3.5566382,11.84,9.205527,20.433159,4.097523,246.85918,15.767559,2.1852307,34.97355,109.44479,37.664013,2.8192859,4.725642,0.605,4.2327237,2.7441614,3.4682977,5.748536,3.87,20.66844,10.34,49.746468,15.028007,5.2526827,0.11,25.325092,2.9755387,7.7582026,2.56,3.13,1.9047227,36.257378,1.8730146,2.23,1.3343441,5.614379,0.19,12.742949,19.103462,0.648987,13.557979,5.165613,4.412391,26.62,31.4818,3.5374496,18.43,5.77,8.73201,3.1091456,2.2884274,1.8184896,4.3846097,,3.865554,2.51,29.330399,18.972887,4.23,76.368286,2.91648,5.077558,11.955663,31.92204,2.4751277,94.88076,167.94,74.91,4.8141937,1.84
2025-05-09,23.58,0.285,7.9104266,39.359707,4.1403446,6.19,10.163679,7.1202626,24.827631,0.79,65.02892,17.327185,4.7908525,66.36847,1.2450731,31.15854,26.933338,7.4534755,7.8333445,18.394094,29.817787,3.6263053,5.23,69.78923,32.533348,2.8322577,3.7221186,11.127773,5.6862288,0.975,36.039055,26.899166,3.95,6.9613132,1.1465269,29.20705,21.514555,3.4195652,20.545288,34.148026,4.23,159.63452,13.043779,16.674728,6.8105035,17.579195,4.399823,2.9037232,7.8077602,3.70978,9.67916,1.6066461,7.2118664,262.2953,21.75017,37.73183,2.8123462,3.5548322,0.165,7.69,233.55084,11.68,2.43,2.6221957,6.08,3.9222028,,2.924395,4.2927966,24.52732,2.446372,5.9087977,1.355,3.402688,7.522844,3.46,6.977905,1.35,34.588062,4.0074224,5.9240384,2.6999998,4.58,1.145,8.411361,14.573382,3.08,0.8835748,12.3280525,15.010306,32.695667,4.770778,,4.36,30.918205,6.3878703,2.8681715,4.4735484,2.0310721,32.0272,1.1969839,3.827322,1.155,5.01605,78.47837,5.151745,7.970577,9.475879,3.97,10.370795,4.15,4.0481424,2.7603478,5.6382155,3.6203797,4.2432647,3.55,8.182745,99.91393,1.395,37.99,2.29,1.439801,2.0460129,2.9693937,7.99,4.9930916,126.35,25.658304,,0.635,7.7,62.28,7.804552,2.1804671,0.135,21.06,15.876747,11.281713,4.52671,193.36934,1.705,3.0620856,34.236347,4.86,17.953783,1.0387217,82.636116,13.29,3.6134794,6.6106644,0.62,2.2451289,19.316387,3.92,2.7279506,28.593628,52.881897,8.8,2.27,13.356951,1.105,1.818216,10.506111,17.575602,0.365,6.37,1.47,250.71164,20.196434,18.899565,3.26,1.465,16.11258,1.3743012,3.5370421,11.81,9.405855,21.14453,4.0877676,241.81499,15.974639,2.1852307,35.903435,108.40767,37.852333,2.8094964,4.715918,0.6,4.350572,2.7149682,3.4589744,5.7389073,3.95,20.980124,10.25,49.835266,15.175629,5.15167,0.11,25.592474,2.9854243,7.287438,2.56,2.95,1.8665328,36.413406,1.8637879,2.22,1.3635634,5.6705227,0.19,13.356954,19.25322,0.68314415,13.380933,5.1364837,4.4316173,26.8,31.560654,3.5579762,18.92,5.91,8.790484,3.0129864,2.2791247,1.7797984,4.45177,,3.882288,2.51,30.01317,19.246487,4.25,76.87606,2.88672,5.087417,12.080602,32.340145,2.4567254,95.897446,172.41,77.96,4.872548,1.865
2025-05-12,23.85,0.29,7.8161426,40.517635,4.1304398,6.19,10.108492,7.169436,24.934105,0.785,65.33111,17.18174,4.818439,65.95076,1.2546875,31.05113,27.147095,7.4442735,7.733267,18.081528,30.424349,3.616959,5.16,68.539276,32.86324,2.8702745,3.7363796,11.156257,5.628206,0.955,36.86467,27.25414,3.94,6.9613132,1.1889908,30.026585,21.607973,3.401081,20.749765,34.362057,4.28,159.76831,12.796954,16.378023,6.801018,17.434153,4.466343,2.8756227,7.817294,3.682095,9.38042,1.6295981,7.2782917,260.57965,21.546988,37.68407,2.7657843,3.536649,0.17,7.95,229.4812,12.07,2.22,2.6416914,6.33,3.9222028,,2.8781228,4.282995,24.88716,2.4939666,5.9281077,1.42,3.421081,7.6001005,3.5,6.895272,1.35,34.405212,3.997858,5.997629,2.5500002,4.45,1.265,8.099468,14.301707,3.12,0.87381154,12.617897,15.20781,31.882195,4.681139,,4.11,31.42118,6.3878703,2.859427,4.3710294,2.1928391,31.700186,1.1877763,3.900783,1.09,5.1797214,78.70662,5.1041317,7.89556,9.692358,3.95,10.478112,4.36,4.117596,2.8099945,5.628393,3.5918727,4.261476,3.41,8.376879,98.80207,1.375,38.42,2.34,1.5125182,2.0558496,2.9213452,7.98,5.0484676,131.96,26.472546,,0.715,7.65,62.45,7.832065,2.1897855,0.135,22.81,16.089338,11.523188,4.565153,197.45909,1.725,3.0713086,34.245945,4.71,18.011698,1.015712,79.99438,12.02,3.6609004,6.620245,0.63,2.2355752,18.749695,3.93,2.7279506,28.583776,51.498386,9.05,2.25,13.435695,1.05,1.8134438,10.439437,17.27771,0.355,6.5,1.545,253.1524,19.887878,18.909258,3.28,1.46,16.178385,1.3694621,3.4880526,11.67,9.396317,21.041567,4.1365476,238.3798,16.408516,2.157801,35.609787,110.6422,37.77304,2.6528697,4.5408945,0.585,4.507704,2.7928166,3.4123576,5.7196493,4.03,21.009342,10.41,50.782444,15.096897,5.1424866,0.11,25.296444,3.0249662,7.353345,2.52,3.04,1.8140216,36.403656,1.8822411,2.1,1.3733032,5.8576694,0.19,13.385292,19.009863,0.6685054,13.29707,5.1364837,4.412391,24.47,31.166391,3.5648186,19.02,5.93,8.761247,2.852721,2.2512171,1.7846347,4.45177,,3.915756,2.42,29.888157,19.623869,4.35,76.41619,2.80736,5.1662917,12.301647,31.863699,2.4199204,97.36267,171.45,80.2,4.82392,1.825
2025-05-13,27.18,0.295,7.778429,43.645035,4.1106296,6.72,9.869346,7.1300974,25.47615,0.73,66.41314,17.269007,4.800048,67.528755,1.2691094,31.539356,27.271448,7.600704,7.5240145,17.626884,31.849289,3.616959,5.14,67.232506,32.911755,2.8607705,3.8148153,11.089794,5.618535,0.885,37.64228,27.27386,3.94,6.9613132,1.2314547,32.35683,22.187176,3.3641129,20.564762,35.53924,4.37,158.77443,13.290606,16.89231,6.895872,17.356796,4.5518684,2.856889,7.9888935,3.6913233,8.464286,1.6433694,7.2118664,263.77563,20.821337,38.324078,2.8216586,3.4911907,0.19,8.18,234.99522,13.27,2.56,2.6709354,6.21,3.9034812,,2.9058862,4.282995,25.665186,2.5130048,5.9570727,1.325,3.4486704,7.6001005,3.6,6.858546,1.335,34.385963,3.91178,5.951635,2.5500002,4.19,1.225,7.6706147,14.321113,3.14,0.8689299,13.274878,15.612224,32.431046,4.940096,,3.67,30.819582,6.5068426,2.7807271,4.3989887,2.147904,32.274933,1.1693612,3.8640525,1.085,5.372276,82.40824,5.1803126,7.8299203,9.771078,4.0,10.429331,4.41,4.1771274,2.8497117,5.5891023,3.5918727,4.3798504,3.17,8.153625,98.543274,1.375,39.53,2.38,1.5803876,1.9771568,3.0174422,8.01,5.085386,136.11,27.616362,,0.74,7.36,64.43,8.042999,2.1525126,0.13,25.04,16.514523,12.131704,4.517099,204.7731,1.82,3.0436392,34.16918,4.9,18.233707,1.0058507,78.54983,12.33,3.7178056,6.5531807,0.63,2.2546828,17.889885,3.99,2.7954266,30.05138,51.339134,9.01,2.34,13.514439,0.965,1.8611661,10.572787,17.383413,0.355,6.39,1.585,264.20062,20.327337,20.149845,2.96,1.67,17.127842,1.3501058,3.2137115,11.81,9.606182,20.845005,4.097523,240.68967,16.77337,2.1395144,35.737034,112.99929,37.941536,2.466875,4.2005706,0.575,4.6451936,2.948514,3.3937109,5.6618752,4.24,21.467127,10.81,50.940308,15.185471,5.096572,0.11,25.487432,2.9953098,7.485159,2.5,3.17,1.880854,36.286633,1.8822411,1.975,1.3879128,6.0261,0.185,13.517539,18.822666,0.68314415,13.008205,5.1073546,4.2970343,25.36,31.82678,3.5442917,19.22,5.97,8.858703,2.756562,2.186099,1.8184896,4.4613643,,3.882288,2.27,30.426682,20.35033,4.57,76.78026,2.5791998,5.3339005,12.522692,30.687162,2.4015179,102.14708,174.38,84.9,5.04761,1.985
2025-05-14,29.75,0.295,7.8632846,43.53617,3.9620526,7.07,9.529024,7.169436,25.911724,0.73,60.53509,17.356272,4.7264843,66.36847,1.2691094,31.83229,27.290579,7.573098,7.4239364,17.200657,31.416029,3.5608823,5.17,68.20785,32.892353,2.8417618,3.836207,11.080299,5.5121603,0.875,37.87269,27.175257,3.98,7.007354,1.2456095,32.090233,22.233885,3.3086603,20.93477,36.18134,4.28,160.07414,13.338072,16.635166,6.867416,17.298779,4.58988,2.8287885,7.8840275,3.6267252,8.524034,1.615827,7.173909,259.72675,20.637505,39.26021,2.784409,3.482099,0.195,7.98,234.0388,13.39,2.49,2.6416914,6.61,3.8753984,,3.0447023,4.282995,24.984413,2.5320427,5.899143,1.285,3.4302773,7.580786,3.66,6.8493643,1.34,34.886406,3.9213443,5.9792314,2.4,4.19,1.255,7.5634017,14.476356,3.13,0.87869316,13.381155,15.960206,32.49965,4.8803368,,3.8,30.789995,6.543449,2.8331938,4.3710294,2.084905,31.630821,1.1555499,3.8787448,1.075,5.4300423,81.45554,5.113654,7.89556,9.249559,3.37,10.468356,4.31,4.0779085,2.8199236,5.559634,3.5823705,4.452696,3.24,8.289518,99.13755,1.41,40.16,2.32,1.6288657,1.9771568,3.055881,7.69,5.0576973,137.0,27.655136,,0.785,7.47,64.61,7.868749,2.1431942,0.145,26.04,16.41789,12.576018,4.517099,201.49179,1.78,3.025193,34.639355,4.69,18.16614,1.0091379,77.00634,13.18,3.7462583,6.534019,0.64,2.2355752,17.899654,4.04,,30.977251,51.06044,8.84,2.41,13.642398,0.98,1.8325326,10.458486,17.815838,0.365,6.52,1.64,269.3312,20.215136,19.956003,3.07,1.51,17.494465,1.3501058,3.252903,12.07,9.529867,20.966686,4.097523,244.78621,16.724064,2.130371,35.30635,113.60271,37.95145,2.4375074,4.229741,0.585,4.7434006,2.9095898,3.375064,5.61373,4.39,21.720367,10.81,51.877617,15.185471,5.078206,0.11,24.981312,2.9261112,7.278023,2.48,3.31,1.880854,36.3939,1.8822411,1.95,1.3976525,6.0073857,0.185,13.253044,18.981785,0.67338496,12.998887,5.097645,4.3066473,25.56,31.935202,3.4553425,19.41,5.7,8.8879385,2.756562,2.1581914,1.8329988,4.470958,,3.8237193,2.29,30.061255,21.048487,4.61,77.84373,2.61888,5.462072,12.734127,30.638546,2.3831153,101.54902,173.86,90.25,5.008707,2.09
2025-05-15,29.74,0.28,7.9104266,44.97121,3.971958,7.31,9.483035,7.257948,25.65038,0.71,61.66586,17.201132,4.772462,66.18282,1.2594948,31.539356,27.740162,7.407466,7.578602,16.61341,30.366583,3.5141516,5.0,68.378296,33.17373,2.8227534,3.6365528,11.175246,5.463808,0.83,37.62308,27.264,4.01,7.034978,1.2361729,31.171959,22.215202,3.280934,21.032143,36.17161,4.21,162.21483,13.214659,16.793407,6.8294744,17.289108,4.5233603,2.8194218,7.8840275,3.5805836,8.354748,1.583694,7.192888,261.61884,20.64718,39.26021,2.7471595,3.4366407,0.19,7.89,232.64323,13.24,2.52,2.6319437,6.54,3.847316,,2.924395,4.2927966,24.819082,2.5701184,5.899143,1.3,3.3842952,7.4842157,3.55,6.7116427,1.33,35.261734,3.8735232,5.951635,2.4,4.07,1.26,7.407455,14.583084,3.13,0.88845646,13.0623255,15.790918,33.509136,4.8803368,,3.68,30.494127,7.1200047,2.798216,4.31511,2.0483277,32.12629,1.1417385,3.827322,1.075,5.3530207,79.748634,5.094609,8.345662,9.19052,3.4,10.351282,4.38,4.117596,2.7702773,5.4908757,3.601375,4.4435906,3.11,8.250691,98.36117,1.39,38.93,2.26,1.570692,1.849281,3.0462713,7.65,4.9746327,131.2,27.626055,,0.79,7.46,63.49,7.767868,2.0872848,0.13,26.54,16.253614,12.382837,4.545932,203.9932,1.8,3.0528624,35.10953,4.72,18.05031,1.0025636,73.93915,12.96,3.6893532,6.5435996,0.65,2.2164679,17.626081,3.99,2.564081,29.775587,51.15002,8.7,2.38,13.68177,0.945,1.8420771,10.448961,17.76779,0.355,6.41,1.61,270.2577,20.02813,19.306633,2.95,1.485,17.127842,1.3113931,3.17452,11.69,9.529867,20.938608,4.1170354,244.35188,16.122551,2.1029415,35.06164,113.15957,38.020832,2.359194,4.1616764,0.55,4.5764484,2.8998587,3.3098004,5.61373,4.41,21.603487,10.71,51.295498,15.234677,4.9955587,0.11,25.115004,2.9359968,7.18387,2.55,3.39,1.9285914,36.423157,1.8730146,1.895,1.3927826,5.9980283,0.185,13.186921,19.30002,0.68802375,13.045478,5.0588055,4.335487,25.14,32.33932,3.4621847,19.12,5.57,8.429898,2.6604028,2.1302838,1.8136532,4.422987,,3.723315,2.2,30.311283,20.68054,4.5,79.55868,2.50976,5.4719315,12.570745,31.066378,2.3555117,103.43288,182.05,89.6,4.97953,2.05
2025-05-16,30.08,0.28,7.882141,43.625244,3.9323373,7.14,9.621003,7.257948,25.679419,0.72,61.275944,17.327185,4.800048,67.29669,1.2787238,31.74441,27.644505,7.545493,7.551308,16.831259,31.242725,3.5608823,5.06,67.70597,33.62006,2.8702745,3.7007275,11.241709,5.4347963,0.86,38.131893,27.293583,3.72,7.07181,1.2503277,30.579525,22.383356,3.3363864,21.246359,35.77273,4.29,162.13838,13.214659,16.773628,6.895872,17.695229,4.542366,2.866256,7.960294,3.6544101,8.384622,1.6020557,7.173909,263.109,20.743935,39.85246,2.7657843,3.5002823,0.185,7.62,236.00044,13.16,2.5,2.6319437,6.84,3.7724292,,3.0354478,4.3123984,24.507872,2.5986753,5.918453,1.29,3.4486704,7.464902,3.67,6.6381907,1.25,35.011517,3.9309087,6.0712194,2.4,4.2,1.29,7.6706147,14.806246,3.11,0.9177462,13.139618,15.988421,33.41113,4.8803368,,3.84,31.381731,7.2023697,2.8331938,4.464228,2.057472,32.49294,1.1647575,3.8567064,1.08,5.516692,79.73871,5.094609,8.111234,9.18068,3.44,10.40982,4.3,4.0679865,2.8397822,5.598925,3.6773934,4.4982247,3.2,8.240985,98.56245,1.39,38.4,2.31,1.5609964,1.9083006,3.1039295,7.77,5.103844,130.6,27.606668,,0.815,7.66,63.04,7.868749,2.1059213,0.145,26.4,16.524187,12.247612,4.555542,200.92113,1.73,3.089755,35.512535,4.79,18.088919,1.0058507,76.60067,13.19,3.72729,6.591503,0.66,2.2355752,18.104837,4.07,2.6315565,30.179424,50.960907,8.75,2.4,13.435695,0.98,1.8659383,10.410862,17.92154,0.38,5.9,1.56,272.90768,20.196434,19.839697,3.21,1.49,17.25945,1.3452667,3.2920947,12.18,9.739735,21.069649,4.1365476,244.83557,16.240881,2.1486576,35.325928,114.13071,38.64526,2.4472966,4.3269763,0.58,4.605911,2.8803966,3.3937109,5.71002,4.4,21.99309,10.73,52.08481,15.441349,5.096572,0.11,25.401487,2.9557676,7.230946,2.48,3.29,1.9667813,36.59869,1.8730146,1.95,1.4073923,6.0261,0.185,13.508093,19.271938,0.7026626,13.166615,5.117064,4.354713,26.0,32.625156,3.4895537,19.49,5.8,8.332443,2.6924558,2.1767967,1.8958721,4.4613643,,3.8237193,2.27,30.397833,20.68054,4.53,79.0988,2.5296,5.4817905,12.49386,31.066378,2.3923166,101.17026,180.02,87.64,4.998981,2.1
2025-05-19,30.52,0.275,7.7407155,44.575962,3.8729064,6.97,9.529024,7.169436,25.563265,0.715,61.080982,17.172043,4.818439,68.08569,1.2691094,31.17807,27.166225,7.2878423,7.514916,16.736542,30.337698,3.5702283,4.87,67.895355,34.483604,2.8417618,3.6722054,11.175246,5.3864446,0.88,37.200672,27.638697,3.58,7.034978,1.2361729,28.644238,21.813498,3.3456285,21.13925,35.130634,4.18,163.76302,13.167192,16.763739,6.819989,17.385805,4.19076,2.8756227,7.903094,3.6728666,8.673403,1.583694,7.192888,265.74615,20.947117,39.46081,2.7750967,3.509374,0.17,7.33,235.9614,12.87,2.18,2.6416914,6.99,3.837955,,3.0169392,4.282995,23.875723,2.5130048,5.9281077,1.23,3.402688,7.4552445,3.68,6.5096507,1.215,34.568817,3.9213443,5.997629,2.4,4.25,1.48,7.914281,14.757732,3.0,0.8933381,12.849772,15.20781,32.823082,4.840497,,3.94,31.184486,6.882061,2.876916,4.361709,2.0666163,32.086655,1.1601536,3.7318225,1.065,5.372276,79.778404,5.0565186,8.036217,8.905162,3.38,10.370795,4.14,3.8100164,2.800065,5.598925,3.686896,4.489119,3.18,8.085678,99.84683,1.39,38.35,2.27,1.5561485,1.8394444,3.027052,7.33,5.085386,129.97,27.829615,,0.68,7.58,61.89,7.7403545,2.0966032,0.145,24.08,16.688461,11.957842,4.5747643,197.6556,1.74,3.0805318,35.349415,4.83,17.934479,1.0058507,78.54983,12.63,3.4617324,6.572342,0.665,2.2164679,18.446806,3.98,2.6701143,30.435516,50.960907,8.35,2.36,13.288051,1.01,1.8277605,10.534687,17.844664,0.38,5.66,1.405,277.22134,19.972029,19.355093,3.24,1.435,16.76122,1.3694621,3.3312864,12.59,9.749274,21.107088,4.1463037,249.0111,16.250742,2.130371,34.709263,112.631584,38.52632,2.4962425,4.47283,0.58,4.4487796,2.8609345,3.3843875,5.6618752,4.36,21.642447,10.51,51.729618,15.0378475,5.0598397,0.115,25.334642,2.8964548,7.230946,2.53,3.06,1.8378903,36.47192,1.8545612,2.0,1.417132,5.92317,0.175,13.177475,19.225142,0.69290334,13.2691145,5.175323,4.3835516,25.74,32.546307,3.5306072,19.54,5.72,8.244733,2.756562,2.186099,1.8668536,4.470958,,3.6145442,2.29,30.167036,20.3692,4.51,79.35748,2.5791998,5.294463,12.407364,30.98859,2.4015179,99.08705,181.47,88.45,4.901725,1.97
2025-05-20,31.01,0.26,7.769,44.506516,3.9224322,7.23,9.464639,7.061255,25.408394,0.71,61.14922,17.278702,4.8092437,67.94646,1.2739166,31.265951,27.510588,7.315448,7.4421325,16.963863,30.029604,3.5889206,5.02,67.34614,33.7656,2.8417618,3.7078578,11.165751,5.376774,0.85,37.05667,27.421766,3.59,7.0810184,1.2361729,29.503267,22.177834,3.3548708,21.441101,35.510056,4.3,164.78557,13.328579,17.080223,6.7820477,17.385805,4.285789,2.8943565,7.9793596,3.682095,8.613655,1.5974653,7.192888,268.68726,21.043869,39.57544,2.784409,3.5548322,0.15,7.45,238.15726,13.12,2.29,2.6319437,6.64,3.8285942,,3.0632112,4.273195,24.809357,2.5320427,5.918453,1.22,3.421081,7.464902,3.67,6.583102,1.19,34.79017,3.8830872,6.0804186,2.4,4.2,1.58,7.9045343,14.82565,3.04,0.91286457,13.043002,15.179595,32.176224,5.0297346,,3.89,31.756498,6.891213,2.8506825,4.3989887,2.030039,31.690277,1.1693612,3.7685533,1.06,5.4878087,80.919655,5.0755634,7.9987082,8.865802,3.36,10.478112,4.18,3.859626,2.8397822,5.6676836,3.6393843,4.5073304,3.36,8.318639,101.15998,1.435,38.49,2.26,1.5561485,1.8886274,3.0462713,7.47,5.2145967,129.5,27.819923,,0.71,7.62,61.77,7.795381,2.133876,0.15,24.56,16.77543,11.9771595,4.565153,201.63817,1.74,3.089755,35.70444,4.42,18.378498,1.0025636,77.481255,12.82,3.490185,6.572342,0.665,2.2355752,18.192774,4.02,2.6122777,30.484766,50.831512,8.33,2.41,13.081347,0.985,1.8659383,10.506111,17.854275,0.385,5.62,1.38,278.38696,20.215136,19.684624,3.15,1.375,16.836424,1.4275312,3.3214886,12.34,9.81605,21.29429,4.1463037,247.76732,16.300047,2.157801,34.562443,112.405304,36.83144,2.466875,4.4242125,0.59,4.4880624,2.9777071,3.4310043,5.671504,4.41,21.574266,10.72,52.449867,15.175629,5.096572,0.115,25.525629,2.9953098,7.249777,2.57,3.08,1.8522116,36.6377,1.9099212,1.965,1.4317416,5.960599,0.17,13.366399,19.393616,0.68314415,13.325024,5.185033,4.479682,25.35,36.23265,3.5169227,20.11,5.62,8.322698,2.724509,2.2512171,1.8378352,4.4805527,,3.622911,2.33,30.292051,20.284288,4.58,80.018555,2.5395198,5.294463,12.4458065,30.98859,2.4015179,101.7384,182.3,90.11,4.901725,2.03
2025-05-21,31.55,0.265,7.6370034,44.28825,3.8332858,7.27,9.483035,7.012082,25.282564,0.715,60.242653,17.30779,4.8460255,67.05103,1.2691094,31.539356,27.596678,7.2694387,7.505818,16.925978,28.980156,3.6076128,5.0,67.317726,33.21254,2.8322577,3.6722054,11.260698,5.2994103,0.885,37.10467,27.076653,3.64,7.108642,1.2456095,28.614614,22.11244,3.3641129,21.343729,35.39331,4.89,167.22252,12.9678335,16.96154,7.161463,17.695229,4.247777,2.8849897,7.836361,3.829748,9.03189,1.6066461,7.1549306,266.97162,21.072897,38.86856,2.8123462,3.5821073,0.145,7.43,239.30887,13.07,2.32,2.6221957,,3.837955,,3.0539567,4.273195,23.642315,2.4844477,5.9377627,1.18,3.4302773,7.3876452,3.71,6.6290092,1.205,34.761295,3.9022157,6.0252256,2.4,4.56,1.555,8.450347,14.748029,3.09,0.9616809,12.859434,15.17019,33.16611,4.979935,,4.15,31.667738,6.9552746,2.8681715,4.417629,1.9660288,31.264172,1.173965,3.8052835,1.04,5.093072,80.21506,5.1422224,7.9893317,8.265564,3.33,10.380551,4.07,3.8100164,2.7901359,5.6676836,3.6203797,4.489119,3.57,8.376879,103.21117,1.385,36.11,2.39,1.5561485,1.9427288,2.959784,7.37,5.3068905,132.0,27.09292,,0.655,7.6,61.46,7.758697,2.1618307,0.16,23.51,16.843075,11.967502,4.6324296,203.74088,1.685,3.145094,36.117046,4.46,18.16614,1.015712,80.27141,12.92,3.5091534,6.6106644,0.66,2.2260215,18.779005,2.81,2.6701143,29.844536,50.532917,8.33,2.49,13.09119,1.06,1.8611661,10.610888,17.863884,0.425,5.69,1.365,281.79404,19.95333,18.957718,3.42,1.365,16.93983,1.4420485,3.6448193,12.26,9.739735,21.341091,4.1658154,248.6656,15.698533,2.1760876,35.31614,112.72587,38.30827,2.623502,4.725642,0.62,4.4094963,2.9971693,3.4403276,5.652246,4.4,23.07424,10.91,52.18347,15.175629,5.1241207,0.11,25.640223,3.0348518,7.174454,2.58,3.04,1.8569853,36.276882,1.9099212,2.08,1.4317416,6.0354576,0.165,13.328614,19.103462,0.67826456,13.250479,5.146194,4.5085216,25.68,38.38138,3.496396,19.83,5.6,8.322698,2.788615,2.2512171,1.87169,4.4997416,,3.539241,2.49,30.359365,20.520153,4.71,80.53592,2.69824,5.3240414,12.62841,31.153889,2.4199204,100.77155,181.72,88.24,4.9600787,2.0
2025-05-22,31.22,0.25,7.7312865,43.603687,3.8828115,7.21,9.400253,7.041586,24.430777,0.73,59.467037,17.201132,4.8460255,66.53345,1.2546875,30.943722,27.596678,7.1774206,7.505818,16.793371,29.037922,3.5982668,4.95,67.54499,33.474514,2.7847366,3.7078578,11.175246,5.2994103,0.91,37.085472,26.938608,3.55,7.0994344,1.2408912,28.515875,22.093756,3.3271444,21.567682,34.74148,5.3,165.06271,12.607088,17.119781,7.095065,17.327787,4.2097654,2.8756227,7.6838284,3.829748,9.270883,1.5745132,7.135952,264.5403,21.063221,38.591545,2.784409,3.591199,0.135,7.65,240.65564,12.8,2.29,2.6416914,,3.847316,,2.9891758,4.273195,23.418633,2.4749289,5.9087977,1.225,3.421081,7.281418,3.79,6.4270177,1.15,34.482204,3.9022157,6.062021,2.25,4.63,1.57,8.635533,14.6413,3.05,0.97632575,12.695189,14.944471,33.33272,4.999855,,4.39,31.529665,7.0101843,2.9293823,4.380349,1.9477402,30.81825,1.1831726,3.7391686,0.995,5.064189,77.992096,5.1041317,8.205006,8.442683,3.39,10.361038,4.14,3.889392,2.7504187,5.6480384,3.6108773,4.4800134,3.6,8.240985,102.492294,1.375,36.07,2.52,1.5222139,1.9869934,2.9213452,7.23,5.371496,130.0,26.937828,,0.65,8.13,60.89,7.630302,2.133876,0.16,23.7,16.814083,11.948183,4.64204,199.16722,1.69,3.145094,35.857967,4.46,18.079266,1.015712,82.10184,12.84,3.5091534,6.591503,0.66,2.2260215,19.785372,2.63,2.689393,29.489948,50.174595,8.39,2.44,12.766372,1.05,1.8611661,10.639462,17.815182,0.42,5.41,1.355,273.70465,19.57932,18.705723,3.43,1.31,16.864628,1.4468876,3.674213,12.51,9.692038,21.631256,4.1365476,247.94499,15.264653,2.1852307,34.924606,112.08474,37.901894,2.7507615,4.8617716,0.63,4.350572,3.0069003,3.421681,5.61373,4.32,22.947617,11.01,50.35819,15.155946,5.032291,0.11,25.086357,3.0447373,7.2121153,2.57,2.95,1.8331165,36.15011,1.8914678,2.19,1.4366115,5.979314,0.175,13.224706,19.225142,0.67826456,13.259796,5.185033,4.5277476,25.25,37.454865,3.5100806,20.04,5.6,8.264223,2.884774,2.2512171,1.823326,4.566902,,3.472305,2.62,30.118954,20.24655,4.66,79.60658,2.8272,5.3339005,12.455418,31.01776,2.4199204,98.41922,179.9,85.8,5.008707,1.87
2025-05-23,31.56,0.26,7.750144,43.19692,3.9818628,7.45,9.418649,7.0317516,24.68244,0.735,59.624126,17.152653,4.8368306,66.10997,1.2594948,31.07066,27.80712,7.251035,7.3966427,16.925978,29.403786,3.5889206,5.11,66.995766,33.532734,2.7752326,3.7078578,11.260698,5.2994103,0.91,36.816666,26.928747,3.98,7.108642,1.2456095,28.940454,21.738762,3.3179023,21.48005,35.179276,5.31,166.13306,12.749488,17.357143,7.1235213,17.308449,4.1717544,2.8943565,7.4931626,3.8389761,9.221092,1.5699228,7.107484,263.0894,20.985819,38.199898,2.784409,3.591199,0.11,7.63,240.4507,12.83,2.2,2.6319437,6.35,3.837955,,3.0076847,4.273195,23.457535,2.4939666,5.918453,1.205,3.4486704,7.271761,3.68,6.454562,1.245,34.212734,3.91178,6.0712194,2.4,4.57,1.61,8.547814,14.670408,3.02,0.9665625,12.646882,14.587084,32.72507,5.059614,,4.34,32.229885,7.001033,2.9381268,4.380349,1.9934618,31.016438,1.173965,3.7097843,0.975,5.0738163,79.65931,5.113654,8.111234,8.196685,3.38,10.019573,4.21,3.859626,2.7603478,5.628393,3.601375,4.516436,3.55,8.279812,104.1505,1.395,36.51,2.57,1.5755398,1.9673202,2.9213452,7.36,5.31612,128.76,27.025066,,0.635,8.13,61.11,7.666986,2.1152396,0.155,23.87,16.688461,12.46011,4.6324296,199.89397,1.705,3.1174247,36.174618,4.54,18.310928,1.0288604,81.88416,12.87,3.5281217,6.581922,0.675,2.2164679,19.883078,2.47,2.6990323,29.883934,49.657024,9.12,2.45,12.904173,1.04,1.8659383,10.525162,18.07817,0.43,5.77,1.38,273.44565,19.747625,18.889874,3.43,1.305,16.836424,1.5339912,3.674213,12.66,9.758813,21.687416,4.1463037,249.0802,15.343541,2.166944,35.36508,110.3122,37.96136,2.7507615,4.80343,0.62,4.3702135,2.948514,3.421681,5.5848427,4.37,23.083979,10.99,49.8254,14.870542,5.0414734,0.11,25.01951,3.094165,7.165039,2.64,3.4,1.8331165,36.403656,1.9099212,2.19,1.4366115,6.0073857,0.175,13.253044,19.25322,0.6685054,13.231842,5.1947427,4.5662,25.49,38.056114,3.5306072,20.38,5.68,8.157022,2.884774,2.2419145,1.8426716,4.5956845,,3.589443,2.65,30.138186,20.359764,4.77,78.85928,2.8371198,5.3634787,12.397754,31.008036,2.4015179,99.72497,181.12,90.5,4.998981,1.905
2025-05-26,32.13,0.305,7.778429,43.038177,4.001673,7.59,9.4554405,7.012082,24.488852,0.755,60.007023,17.10417,4.818439,65.874695,1.2450731,30.777725,27.414932,7.159017,7.4330344,16.897562,29.076435,3.5702283,5.22,67.327194,33.542435,2.7467198,3.7078578,11.184741,5.202706,0.94,37.02787,26.99777,4.27,7.090226,1.2408912,28.733103,21.355742,3.26245,21.567682,35.198734,5.1,166.1713,12.483675,17.060442,7.066609,17.221422,4.1432457,2.8849897,7.521762,3.829748,9.300756,1.5423802,7.012591,264.4521,21.043869,37.93243,2.7750967,3.6002905,0.115,7.89,241.10458,13.03,2.21,2.6319437,6.41,3.9127433,,3.0539567,4.273195,23.097694,2.4844477,5.899143,1.17,3.4670632,7.1945043,3.75,6.4178357,1.415,34.116497,3.91178,5.6664715,2.25,4.55,1.635,8.840213,14.97119,2.96,0.99585223,12.733835,14.615298,32.666267,4.969975,,4.43,32.387684,6.845454,2.9381268,4.389669,1.9751731,30.174139,1.1785687,3.7318225,0.955,4.871634,79.639465,5.037473,8.120611,8.019565,3.3,10.000061,4.26,3.869548,2.7504187,5.628393,3.572868,4.4709077,3.75,8.182745,102.84694,1.42,35.63,2.5,1.5852354,1.9869934,2.8829064,7.21,5.260743,136.27,27.102613,,0.63,8.15,58.82,7.5844474,2.1152396,0.155,24.08,16.572502,12.469769,4.64204,200.78546,1.615,3.1174247,35.886757,4.44,18.079266,1.0354346,82.09025,13.45,3.5281217,6.581922,0.675,2.206914,20.469313,2.5,2.6797535,30.169575,49.726696,9.81,2.41,12.854959,1.05,1.8373048,10.01081,18.156094,0.435,6.28,1.385,273.5652,19.560621,18.77357,3.52,1.3,16.60141,1.5001175,3.7134044,12.53,9.81605,21.762299,4.1267915,247.7081,15.126601,2.1760876,35.433598,108.62452,37.059406,2.7703397,4.852048,0.635,4.301469,2.967976,3.421681,5.594472,4.4,23.132679,11.02,49.351814,14.693395,5.050657,0.115,25.115004,3.113936,7.136793,2.61,3.56,1.8331165,36.374397,1.9006945,2.18,1.4366115,6.0261,0.175,13.130243,19.309378,0.68802375,13.213206,5.2335815,4.5469737,25.84,38.16454,3.5442917,20.16,5.67,8.040076,2.9809334,2.2512171,1.8088168,4.5573072,,3.4221032,2.68,30.051638,20.105032,4.75,79.185036,2.9264,5.3930564,12.5130825,31.008036,2.4015179,104.4097,180.94,91.1,5.0184326,1.905
2025-05-27,32.28,0.35,7.7312865,43.15723,3.9917681,7.56,9.437045,7.021917,24.924425,0.735,61.13608,,4.827635,65.874695,1.2258443,30.719137,27.797554,7.149815,7.45123,16.935448,29.490437,3.551536,5.29,67.38402,34.076084,2.756224,3.7363796,11.34615,5.2607284,0.945,37.09507,27.155537,4.2,7.1270585,1.2408912,28.821968,21.21561,3.271692,22.210331,34.858227,5.03,167.56656,12.531142,17.396706,7.1424923,17.260101,4.114737,2.8756227,7.474096,3.8205194,9.340588,1.5423802,7.097995,267.32452,20.985819,38.333633,2.784409,3.591199,0.12,8.43,242.9979,13.36,2.21,2.6514394,6.1,3.950731,,3.0076847,4.2633934,23.428358,2.5130048,5.9377627,1.19,3.4486704,7.097934,3.77,6.436199,1.4,34.241608,3.8830872,5.813653,2.4,4.54,1.645,8.5673065,15.077919,2.93,0.99585223,12.743496,14.652918,33.440533,5.0695744,,4.42,32.229885,6.817999,2.9381268,4.417629,1.9385958,30.66961,1.1647575,3.7832453,0.885,4.8523784,80.40361,5.066041,8.176874,8.078605,3.35,10.107378,4.23,3.8298602,2.7802064,5.6480384,3.5918727,4.516436,3.9,8.231278,103.88211,1.415,35.86,2.45,1.5852354,1.9574836,2.9501743,7.21,5.325349,140.65,28.24643,,0.64,7.95,59.52,7.6486444,2.0779667,0.145,23.75,16.765768,12.643631,4.651651,203.48894,1.635,3.1082013,36.222595,4.53,18.069614,1.0420088,80.77998,14.05,3.5755427,6.6585674,0.67,2.178253,20.166424,2.36,2.689393,30.60296,49.587353,9.75,2.43,12.776214,1.025,1.8373048,9.95366,18.204798,0.435,6.3,1.34,277.54013,19.59802,19.00618,3.47,1.285,16.657814,1.5097957,3.6840107,12.58,9.930522,22.230305,4.1365476,239.06091,15.185766,2.1760876,35.286774,108.66223,37.792866,2.7116046,4.7742596,0.625,4.3407516,3.0069003,3.4030342,5.623359,4.51,23.18138,11.36,49.499805,14.841017,5.0231075,0.115,25.067257,3.133707,7.2027006,2.59,3.5,1.8474377,36.666954,1.9191478,2.16,1.4512211,6.0167427,0.17,13.33806,19.515295,0.69778293,13.231842,5.2335815,4.5662,26.2,38.558796,3.5306072,20.7,5.64,8.01084,2.9168272,2.2419145,1.8378352,4.566902,,3.4053693,2.68,30.561314,20.218246,4.68,79.42455,2.89664,5.452213,12.455418,30.930248,2.3923166,106.72216,183.57,91.73,5.0962377,1.94
2025-05-28,32.68,0.335,7.646431,43.59376,4.0115786,7.64,9.446243,6.9235706,24.721159,0.735,61.420803,15.804873,4.800048,66.5805,1.2066153,30.797255,27.625374,7.1774206,7.478524,16.62288,29.769648,3.551536,5.36,67.488174,33.84322,2.794241,3.7007275,11.38413,5.231717,0.95,36.91267,27.155537,4.13,7.173099,1.2739187,28.584993,21.645342,3.2901762,22.356388,34.731754,5.14,166.08527,12.834928,17.663738,7.189919,17.68556,4.0387144,2.922457,7.4645624,3.866661,9.270883,1.560742,7.097995,266.17752,20.89874,38.515125,2.8030338,3.6457489,0.135,8.3,241.18265,13.63,2.15,2.690431,6.16,3.8462648,,3.0354478,4.2633934,23.37973,2.5510805,5.9087977,1.225,3.457867,7.1462193,3.73,6.472925,1.39,34.67468,3.8735232,5.7032666,2.4,4.54,1.63,8.5673065,15.563053,2.88,1.0007339,12.936727,14.624703,31.842995,5.4181695,,4.48,32.506027,6.8729095,2.9206378,4.4735484,1.9294513,30.233595,1.173965,3.8126297,0.905,4.7657285,80.78072,5.066041,8.09248,7.7735662,3.35,9.502497,4.1,3.760407,2.800065,5.6480384,3.601375,4.4982247,3.83,8.328345,103.747925,1.44,35.15,2.44,1.6094744,1.9771568,2.959784,7.1,5.3345785,144.4,28.033176,,0.605,7.95,60.72,7.6119604,2.1431942,0.145,22.45,16.736778,13.087945,4.6228185,203.47926,1.69,3.135871,35.829185,4.44,18.291624,1.0452958,81.43512,13.81,3.641932,6.5244384,0.67,2.206914,20.010096,2.37,2.6990323,30.9083,50.78175,9.8,2.52,13.081347,1.045,1.8420771,10.04891,18.224277,0.35,6.46,1.32,280.9672,19.308165,19.093409,3.49,1.29,16.742418,1.5146348,3.7232022,12.78,10.035457,21.86526,4.1365476,243.7004,15.264653,2.1943738,35.48254,107.64397,37.872154,2.7409723,4.7742596,0.625,4.3407516,2.9874382,3.4682977,5.5848427,4.56,23.502802,11.62,49.213684,14.978799,5.105755,0.115,25.468332,3.1435926,7.193285,2.62,3.56,1.8856277,36.764473,1.9191478,2.19,1.4317416,6.1290307,0.17,13.328614,19.440416,0.69778293,13.231842,5.214162,4.5565863,26.28,39.485313,3.5374496,21.49,5.73,7.9036384,2.820668,2.2698224,1.8329988,4.51893,,3.463938,2.67,30.2632,20.869232,5.26,79.32874,2.9759998,5.600103,12.503471,30.85246,2.4291217,107.150764,184.81,96.19,5.174043,1.945
2025-05-29,33.37,0.35,7.59929,44.099747,4.0412936,7.9,9.400253,6.972744,24.54693,0.75,61.194992,15.7273035,4.800048,66.67461,1.2162298,30.719137,27.663637,7.3338513,7.487622,16.746014,29.971834,3.5141516,5.4,67.95218,33.86263,2.803745,3.7149885,11.34615,5.2413874,0.95,36.624664,26.96819,3.98,7.154683,1.2880734,28.683731,21.467844,3.280934,22.366125,34.92633,5.26,166.70647,13.053273,17.634068,7.2088895,17.598536,4.05772,2.8849897,7.5026956,3.8112915,9.350546,1.5194281,7.097995,264.69717,20.840689,38.76349,2.7750967,3.6093822,0.125,8.69,242.03171,13.67,2.16,2.6709354,6.25,3.8367677,,3.1002288,4.273195,23.418633,2.5605996,5.889488,1.29,3.4762597,7.2234755,3.78,6.4086547,1.345,33.12524,3.8448303,5.7676587,2.4,4.59,1.76,8.635533,15.718295,2.89,1.0446686,12.907742,14.746967,31.588171,5.4779286,,4.52,32.062225,6.8637576,2.9118936,4.3989887,1.9111627,30.372326,1.1647575,3.8713984,0.88,4.871634,82.279236,5.0565186,8.148743,7.7243667,3.42,9.561034,4.1,3.760407,2.7802064,5.6185703,3.601375,4.4982247,3.58,8.357465,103.90129,1.475,34.69,2.52,1.6143223,2.016503,2.9982226,7.01,5.3345785,145.55,28.382137,,0.625,7.78,59.5,7.7403545,2.1431942,0.14,22.72,16.765768,13.474305,4.6324296,206.98701,1.665,3.1266477,35.98271,4.4,18.407454,1.0584443,80.96859,14.13,3.6039953,6.3998895,0.69,2.1973603,19.863537,2.34,2.6797535,31.29244,51.607872,10.08,2.46,12.933702,1.065,1.8468493,10.096536,18.331423,0.38,6.14,1.315,277.13168,19.167912,19.452013,3.42,1.305,16.883427,1.5146348,3.742798,12.76,10.111772,21.95886,4.1463037,243.13773,15.353401,2.1943738,35.404232,106.908554,37.901894,2.7703397,4.80343,0.61,4.3211102,2.958245,3.4310043,5.5848427,4.62,23.600203,11.56,49.963528,14.939432,5.0873885,0.11,25.162752,3.133707,6.8637495,2.7,3.37,1.8951752,36.003826,1.9006945,2.2,1.4366115,6.222604,0.17,13.432523,19.496576,0.68802375,13.287751,5.214162,4.595039,25.47,40.251442,3.523765,21.9,5.71,7.9036384,2.788615,2.2605197,1.8184896,4.51893,,3.3468,2.68,30.493998,21.444738,5.17,79.520355,2.95616,5.5803843,12.589968,30.755226,2.410719,108.41663,185.75,99.09,5.1934943,2.01
2025-05-30,33.33,0.34,7.853856,42.79015,4.1106296,7.95,9.335868,6.884232,24.71148,0.77,61.263718,15.58186,4.8828077,67.33335,1.2018081,30.807018,27.778423,7.2786403,7.5422096,16.442919,29.808159,3.5048053,5.52,67.51659,33.464813,2.803745,3.7221186,11.374634,5.2703986,0.99,36.720665,27.125956,3.97,7.1915154,1.2692006,28.841715,21.25298,3.271692,22.580343,34.59555,5.85,168.14952,13.0342865,17.8022,7.218375,17.569527,4.114737,2.8849897,7.407363,3.8112915,9.718991,1.5331994,7.16442,266.16772,20.89874,38.419605,2.7564719,3.5821073,0.11,8.83,241.04602,13.69,2.16,2.7391708,6.45,3.8462648,,3.1835186,4.273195,22.79621,2.5510805,5.870178,1.315,3.4946525,7.17519,4.0,6.4270177,1.345,33.105995,3.8926516,5.795255,2.4,4.75,1.845,8.625787,15.766808,2.93,1.0641952,12.840111,14.474224,33.25432,5.5177684,,4.72,32.46658,7.0284877,2.9731047,4.4735484,1.920307,30.114681,1.173965,3.8199756,0.875,4.862006,83.06322,4.9898596,8.101857,7.675167,3.36,9.482985,3.88,3.6413438,2.829853,5.6185703,3.563366,4.516436,3.69,8.405999,103.33577,1.425,35.44,2.55,1.6143223,2.0361764,3.113539,6.85,5.389955,142.16,28.44999,,0.605,7.89,60.17,7.6761575,2.1525126,0.15,22.19,16.669134,13.058969,4.584375,207.56842,1.7,3.1174247,36.46248,4.44,18.455717,1.0617313,80.055374,13.88,3.5281217,6.447793,0.685,2.206914,20.498623,2.38,2.6990323,31.558382,50.771793,9.88,2.48,12.904173,1.145,1.7848105,10.306086,18.302202,0.385,6.24,1.24,280.94727,19.13051,19.510166,3.4,1.31,16.639013,1.5243131,3.8113835,12.71,10.12131,21.678057,4.1365476,236.62274,15.44215,2.166944,37.489136,106.22028,37.58472,2.8192859,4.9201126,0.63,4.3309307,2.967976,3.421681,5.5463266,4.6,23.678123,11.53,50.07206,14.900066,5.0139246,0.105,25.468332,3.0842793,6.8637495,2.7,3.6,1.8713065,36.01358,1.9191478,2.27,1.4658307,6.16646,0.165,13.526985,19.309378,0.68802375,13.213206,4.9519978,4.595039,26.1,40.537754,3.523765,22.0,5.81,8.225242,2.884774,2.2884274,1.8088168,4.538119,,3.246396,2.83,31.311403,20.99188,5.06,79.53951,3.0156798,5.4817905,12.5130825,30.969143,2.3923166,106.8019,184.29,96.51,5.086512,1.985
2025-06-02,33.14,0.315,7.47672,40.74638,4.0412936,7.7,9.345066,6.844894,24.52757,0.78,60.90045,15.562467,4.8644166,66.72166,1.2114226,30.553143,27.72103,7.241833,7.551308,16.376617,29.490437,3.5234976,5.54,68.23625,34.299248,2.803745,3.6650748,11.412614,5.3671036,0.94,36.269455,34.609997,3.86,7.2191396,1.2550459,28.60474,22.187176,3.2901762,22.804295,34.459343,5.62,168.59868,13.053273,17.84176,7.265802,17.695229,4.086229,2.9037232,7.31203,3.8574326,9.669202,1.5286089,7.1549306,266.39322,21.130947,38.266766,2.7937214,3.591199,0.105,8.49,241.83653,13.58,1.895,2.690431,6.7,3.8937495,,3.1835186,4.2927966,21.638893,2.5130048,5.8412137,1.28,3.4762597,7.165533,3.91,6.4270177,1.295,33.59681,3.9213443,5.712466,2.4,4.81,1.885,8.888947,15.718295,2.92,1.0397869,12.675866,14.10743,34.146194,5.766765,,4.76,32.190437,6.964426,2.9468713,4.436269,1.9111627,29.97595,1.1785687,3.8126297,0.875,4.669451,82.49755,5.0089054,8.017463,7.350448,3.39,9.414691,3.71,3.5818124,2.7901359,5.608748,3.563366,4.4344845,3.45,8.367172,103.44121,1.385,35.94,2.54,1.5852354,2.0853593,3.0462713,7.0,5.2884316,133.85,28.537231,,0.555,8.07,60.32,7.5477624,2.1618307,0.15,19.58,16.649807,12.991355,4.6804833,205.54321,1.595,3.145094,36.213,4.46,18.281971,1.0617313,81.01822,13.57,3.499669,6.6010838,0.655,2.2164679,20.400917,2.28,2.6604748,31.331837,50.562775,9.5,2.48,12.658098,1.19,1.8420771,10.134636,18.263239,0.39,5.99,1.14,280.80777,18.840654,18.899565,3.48,1.26,16.72362,1.577543,3.8015857,12.54,10.169007,21.95886,4.1463037,237.18538,15.343541,2.1852307,36.99972,104.41946,37.366665,2.8878102,5.056242,0.625,4.3211102,2.8609345,3.4403276,5.604101,4.66,23.58072,11.42,50.43712,14.850859,5.0139246,0.105,25.487432,2.9854243,6.7601814,2.68,3.45,1.8140216,41.932953,1.8914678,2.3,1.49018,6.0728865,0.165,13.404183,19.318737,0.67338496,13.287751,4.8646097,4.633491,26.05,40.577244,3.5442917,21.93,5.83,7.8938937,2.9168272,2.2791247,1.7604527,4.5573072,,3.1627262,2.78,30.945974,20.756016,5.0,79.91317,3.00576,5.412775,12.397754,31.212227,2.410719,104.33993,186.97,93.86,5.028158,1.935
2025-06-03,32.15,0.305,7.4578633,40.716618,4.17006,6.99,9.473837,6.9137363,24.69212,0.77,60.37029,15.591557,4.9471765,66.06291,1.2258443,30.631258,28.084522,7.2786403,7.5422096,16.61341,29.634857,3.5328438,5.83,69.069565,34.36717,2.8132493,3.6722054,11.6974535,5.444467,0.955,36.058254,34.42265,3.79,7.366469,1.2597641,28.466507,22.598223,3.3086603,22.843243,34.58582,5.81,170.72026,12.882394,18.168135,7.483966,18.246393,3.9626915,2.922457,7.178564,3.8574326,9.858402,1.5377898,7.3067594,263.0796,21.372831,38.77304,2.7937214,3.6457489,0.105,8.26,239.54308,13.76,2.0,2.709927,7.22,3.8652587,,3.1372466,4.273195,21.162352,2.5130048,5.870178,1.4,3.4854562,7.0593057,3.86,6.463743,1.27,34.058754,3.9787297,5.6272054,2.4,4.88,1.98,9.239825,15.766808,2.95,1.0446686,12.453652,14.126241,33.66595,5.8364844,,4.98,32.535618,6.9278197,2.9468713,4.436269,1.9385958,29.232744,1.1831726,3.8787448,0.865,4.611685,83.33117,5.113654,8.251891,3.8179035,3.48,9.463472,3.79,3.5520465,2.7702773,5.6480384,3.5918727,4.3707447,3.43,8.396292,105.41572,1.465,36.71,2.56,1.6191701,2.0951962,3.2769039,6.85,5.3068905,128.27,28.430603,,0.575,7.97,61.91,7.6119604,2.1431942,0.145,18.5,16.80442,12.991355,4.766981,207.42307,1.615,3.1635404,36.64479,4.36,18.552242,1.0617313,84.47256,13.71,3.499669,6.6681485,0.665,2.2260215,20.772198,2.25,2.689393,31.725824,50.15469,9.3,2.45,12.914016,1.26,1.7991271,10.191786,18.292461,0.39,5.91,1.135,281.4852,18.850004,18.754185,3.52,1.265,16.545008,1.5533476,3.9191604,12.61,10.369335,21.95886,4.175572,238.02444,15.580202,2.2035172,36.99972,103.73118,37.59463,2.8878102,5.1632013,0.625,4.2720065,2.8706656,3.4403276,5.652246,4.71,23.619682,11.45,50.96004,15.136263,5.0139246,0.105,25.334642,3.0546227,6.8637495,2.73,3.25,1.7949266,41.6404,1.9006945,2.29,1.49018,6.1103163,0.17,13.479754,19.78673,0.71242183,13.315705,4.8840294,4.681556,26.06,40.83394,3.5853453,22.6,5.97,7.9328756,2.884774,2.2884274,1.8571808,4.6148734,,3.196194,2.83,31.3691,20.90697,5.06,80.57424,3.15456,5.402916,12.397754,31.47476,2.447524,105.03765,187.51,94.49,5.04761,1.945
2025-06-04,32.76,0.305,7.59929,42.97865,4.2195864,7.12,9.611805,7.012082,24.779234,0.77,62.098236,15.707912,4.8828077,66.15702,1.221037,30.719137,28.352358,7.361457,7.596798,16.869144,30.52063,3.5702283,5.94,69.524086,34.68736,2.8132493,3.6579444,12.11522,5.4541373,0.95,36.43266,32.90415,4.07,7.4125094,1.2786369,28.634363,22.121782,3.3363864,22.638765,34.9166,6.22,173.07121,12.901381,18.138464,7.5503635,18.236723,4.086229,2.922457,7.2643633,3.8851178,10.007773,1.5791036,7.363695,264.55014,21.266401,39.403496,2.7657843,3.6730235,0.145,8.58,240.29456,13.99,2.08,2.709927,7.09,3.8937495,,3.2575538,4.273195,21.259605,2.503486,5.899143,1.575,3.5130455,7.0786195,4.07,6.4086547,1.345,33.279224,3.9500372,5.826147,2.4,4.88,2.06,8.986413,15.621268,2.95,1.0056155,12.685528,14.351959,33.71496,5.7966447,,4.84,32.77231,7.1840663,2.9381268,4.4549084,2.0208948,30.1345,1.1877763,3.84936,0.87,4.669451,84.5518,5.2660165,8.326909,3.7195039,3.64,9.561034,3.96,3.631422,2.8199236,5.598925,3.5823705,4.361639,3.71,8.289518,107.581924,1.53,38.42,2.58,1.6870395,2.1542156,3.142368,7.01,5.3438077,131.19,31.018728,,0.61,8.23,61.64,7.7128415,2.1618307,0.145,20.2,16.756104,13.097605,4.6900945,210.50447,1.74,3.145094,37.0382,4.4,18.378498,1.0551572,84.55197,13.9,3.5091534,6.4861155,0.685,2.2355752,20.537706,2.14,2.7279506,32.267555,49.627167,9.87,2.4,13.041975,1.265,1.7943549,10.210835,18.438566,0.4,6.49,1.2,282.26227,19.186613,20.043232,3.69,1.315,16.92103,1.5823821,3.879969,12.63,10.207165,22.417507,4.1853275,237.6592,16.092968,2.2035172,37.58702,103.410614,37.991096,2.8682318,5.085413,0.62,4.3211102,2.938783,3.449651,5.71002,4.74,23.29826,11.56,52.400536,15.352777,5.0598397,0.11,25.401487,3.0842793,6.8260884,2.81,3.54,1.842664,40.38241,1.9283745,2.27,1.4658307,6.16646,0.16,13.545877,19.936487,0.69778293,13.34366,4.9228683,4.671943,27.2,41.416435,3.5306072,23.5,5.97,8.088804,2.9809334,2.2791247,1.8765266,4.634062,,3.246396,2.71,31.830692,21.51078,5.1,81.053276,3.13472,5.412775,12.580357,31.16361,2.4291217,106.16399,188.87,98.11,5.144866,2.21
2025-06-05,33.28,0.315,7.59929,41.956768,4.189871,7.31,9.556618,7.0710897,24.730837,0.78,61.833153,15.940621,4.8828077,65.874695,1.2114226,30.426203,28.34279,7.32465,7.6240916,16.982807,30.684305,3.5608823,5.9,69.12637,34.279846,2.8417618,3.6722054,12.11522,5.444467,0.935,36.46146,32.026573,3.94,7.4033012,1.2644824,28.940454,22.430067,3.3456285,22.570604,34.96524,6.16,173.30055,12.939354,18.296705,7.493451,18.604164,4.228771,2.931824,7.245297,3.8758893,9.599496,1.583694,7.3826737,265.94223,21.130947,38.91633,2.7471595,3.6821153,0.165,8.81,237.113,13.84,2.33,2.6611874,6.84,3.8842525,,3.3223348,4.273195,21.035921,2.5130048,5.9281077,1.63,3.5498312,7.2331324,4.24,6.4270177,1.335,33.875904,3.9309087,5.7693067,2.5500002,4.77,2.14,8.840213,15.689187,2.93,,12.685528,14.568274,34.028587,5.7767253,,4.72,33.117493,7.09255,2.9381268,4.576067,1.9660288,29.738125,1.1877763,3.8052835,0.83,4.7175903,83.539566,5.227926,8.317532,3.4833448,3.62,9.541521,4.34,3.889392,2.8397822,5.5891023,3.5823705,4.3525333,4.78,8.376879,105.386955,1.51,39.13,2.55,1.6918874,2.1345425,3.1808069,6.86,5.3345785,131.42,31.25137,,0.645,9.26,62.62,7.804552,2.1525126,0.145,23.19,16.843075,13.42601,4.7093163,209.62268,1.77,3.135871,36.951843,4.35,18.494328,1.0617313,84.413,13.9,3.5091534,6.447793,0.715,2.2164679,20.537706,2.1,2.7472293,32.001617,49.477863,9.89,2.45,13.09119,1.28,1.7943549,10.077485,18.399605,0.395,6.46,1.35,279.76175,19.195963,19.597395,3.62,1.34,17.146643,1.5630257,3.860373,12.16,9.920982,22.108624,4.2048397,237.80728,15.925333,2.2035172,37.185703,103.721756,38.169502,2.8094964,5.0076246,0.605,4.262186,2.938783,3.4589744,5.671504,4.81,23.541763,11.71,53.377308,15.451191,5.050657,0.12,25.258245,3.0743937,6.835504,2.86,3.49,1.8331165,39.143925,1.9283745,2.25,1.4755704,6.1196733,0.17,13.583662,19.824171,0.69290334,13.315705,4.932578,4.66233,26.43,41.850838,3.523765,23.6,5.92,8.01084,2.884774,2.2791247,1.87169,4.662845,,3.447204,2.62,31.984556,21.435303,5.05,81.01495,3.11488,5.5113688,12.62841,31.114994,2.410719,106.20386,189.99,98.22,5.125415,2.24
2025-06-06,33.25,0.3,7.561576,42.66117,4.0908194,7.15,9.538222,7.1399326,24.614685,0.755,61.175354,15.950318,4.8920035,65.78059,1.1921936,30.387146,28.21844,7.251035,7.596798,16.907034,30.231789,3.5889206,5.77,68.60556,34.279846,2.8322577,3.6722054,12.105725,5.425126,0.91,36.701466,31.96741,3.84,7.394093,1.2550459,28.85159,22.20586,3.3641129,22.405075,34.634464,6.15,171.9244,12.777967,18.049452,7.4080825,18.71053,4.200263,2.941191,7.273897,3.8851178,9.390378,1.583694,7.4775667,263.21683,21.014843,39.241108,2.7657843,3.6912067,0.185,8.92,236.09804,13.91,2.25,2.6611874,6.84,3.8747554,,3.3593526,4.273195,20.714985,2.503486,5.9281077,1.545,3.5406349,7.155876,4.23,6.38111,1.33,33.39471,3.9404726,5.7977266,2.5500002,4.62,2.37,8.664774,15.630971,2.85,,12.724174,14.718752,33.39153,5.627327,,4.56,33.107628,7.0650945,2.9556158,4.5387874,1.9294513,29.203016,1.1923801,3.7979376,0.83,4.6405683,83.36094,5.199358,8.214383,3.5325446,3.49,9.385423,4.19,3.7405632,2.800065,5.5891023,3.563366,4.361639,4.41,8.1924515,104.49555,1.49,40.06,2.54,1.6870395,2.1443791,3.113539,6.69,5.31612,130.64,31.736038,,0.63,9.15,62.7,7.6027894,2.1431942,0.13,23.71,16.843075,13.281125,4.6612616,209.24478,1.755,3.1266477,37.019012,4.3,18.50398,1.0584443,83.97624,13.76,3.5565743,6.3711476,0.71,2.2164679,20.47908,2.15,2.718311,31.912971,49.06978,9.61,2.3,12.973075,1.1,1.7800382,10.08701,18.380125,0.39,6.38,1.28,274.9898,18.934156,19.500475,3.54,1.31,17.362856,1.5339912,3.8505752,12.33,10.264402,22.183504,4.2048397,229.52533,15.747838,2.1852307,36.8529,103.33519,37.89198,2.7703397,4.715918,0.58,4.2327237,2.938783,3.4589744,5.6618752,4.71,23.15216,11.72,54.314617,15.323252,5.0231075,0.115,25.200949,3.0842793,6.8637495,2.8,3.46,1.8522116,39.085415,1.9376012,2.21,1.4658307,6.1571026,0.17,13.432523,19.81481,0.68314415,13.3995695,4.9519978,4.681556,25.56,41.949566,3.5579762,22.76,5.9,7.9036384,2.820668,2.2884274,1.87169,4.662845,,3.5559752,2.4,31.907627,21.642864,5.03,80.62215,3.11488,5.7085557,12.570745,31.114994,2.4199204,105.17719,188.67,98.23,5.154592,2.19
2025-06-10,32.85,0.3,7.7595716,43.19692,4.071009,7.17,9.483035,7.1596017,24.643723,0.73,63.3942,16.192724,4.8736124,66.5805,1.1921936,30.445732,28.534103,7.2142277,7.551308,17.01122,30.46286,3.6263053,6.19,68.61503,34.532116,2.8607705,3.7007275,12.181683,5.425126,0.935,36.941467,31.829365,3.92,7.4401336,1.2597641,29.019445,21.981653,3.3456285,22.414812,35.218193,6.25,173.9313,12.901381,18.217585,7.483966,18.797556,4.200263,2.941191,7.3024964,3.8943458,9.141429,1.583694,7.5060344,264.256,21.130947,39.49902,2.8216586,3.6730235,0.17,8.9,238.25485,13.95,2.39,2.6709354,6.57,3.8462648,,3.3963702,4.273195,20.462128,2.5701184,5.9281077,1.645,3.5406349,7.2331324,4.32,6.3719287,1.35,33.105995,3.9691656,5.9303546,2.5500002,4.47,2.45,8.333387,15.679483,2.8,0.97144413,12.830449,14.737562,33.42093,5.667166,,4.5,33.797985,7.220673,2.9381268,4.5387874,1.9385958,28.608454,1.1877763,3.8713984,0.82,4.7272177,82.47771,5.2184033,8.373795,3.680144,3.52,9.219568,4.26,3.7405632,2.7901359,5.510521,3.572868,4.3525333,4.17,8.134212,106.64259,1.51,40.92,,1.7064308,2.1050327,3.1327584,6.65,5.279202,135.27,32.075302,,0.66,9.37,63.91,7.9512887,2.1897855,0.14,24.92,16.80442,13.483964,4.7093163,211.57036,1.865,3.2373254,37.58514,4.37,18.16614,1.0551572,81.01822,13.99,3.6134794,6.323244,0.71,2.2355752,20.527935,2.24,2.7086718,30.95755,48.76123,10.13,2.32,13.642398,1.05,1.7943549,10.163211,18.652855,0.405,6.61,1.35,282.41174,19.055708,19.76216,3.52,1.345,17.475664,1.5146348,3.7721918,12.5,10.149929,22.155422,4.234108,236.57338,15.797142,2.1852307,36.39285,102.88263,38.506496,2.731183,4.686748,0.57,4.252365,2.958245,3.4310043,5.7389073,4.62,23.385921,11.65,53.51544,15.126421,5.050657,0.12,25.439684,3.113936,6.7601814,2.84,3.61,1.8474377,38.773354,1.9468279,2.18,1.4804403,6.231961,0.165,13.300276,20.320242,0.722181,13.29707,5.0588055,4.66233,25.98,42.06804,3.5921876,22.92,5.91,7.962112,2.6924558,2.3070323,1.9103814,4.7300053,,3.6145442,2.29,32.215355,21.784382,5.01,81.75268,3.13472,5.6493998,12.743738,31.037207,2.4015179,107.65911,192.1,100.51,5.3588305,2.33
2025-06-11,32.06,0.285,7.646431,43.673134,4.051199,7.45,9.418649,7.1399326,24.605005,0.745,64.22872,16.192724,4.8644166,66.862816,1.1921936,30.514084,28.639326,7.32465,7.551308,16.897562,30.32807,3.7104206,6.01,68.094215,34.328358,2.889283,3.7435102,12.077242,5.338092,0.92,37.488678,31.701181,3.84,7.4401336,1.1653998,29.621756,20.963379,3.401081,22.395336,35.60734,6.15,173.3579,12.95834,18.237366,7.5219073,18.71053,4.2667828,2.997392,7.350163,3.9312594,9.08168,1.6204174,7.553481,265.14813,21.063221,39.37484,2.8682206,3.7002985,0.165,9.07,235.05379,14.05,2.23,2.6611874,6.37,3.8082771,,3.4056246,4.273195,20.783064,2.5510805,5.8508687,1.605,3.5774207,7.2427897,4.53,6.4912877,1.32,32.952015,3.9691656,6.025089,2.5500002,4.38,2.25,8.304148,15.660078,3.08,1.0202603,12.849772,15.245429,33.117107,5.7269254,,4.48,33.857162,7.248128,2.9556158,4.6226664,1.9751731,29.222836,1.2061914,3.900783,0.84,4.650196,82.318924,5.1707897,8.308154,3.5030248,3.56,9.233833,4.37,3.7405632,2.7404892,5.500698,3.6298819,4.3525333,4.25,8.066265,106.71927,1.53,41.61,2.99,1.701583,2.1148694,3.1039295,6.83,5.3345785,138.11,31.639103,,0.715,8.6,64.13,7.7495255,2.2270584,0.135,25.71,16.823748,13.541919,4.6900945,210.33005,1.8,3.3572264,37.489185,4.35,18.42676,1.0715926,80.20427,13.83,3.6324477,6.275341,0.715,2.3120053,20.684263,2.24,2.785787,31.410635,49.029964,9.82,2.35,13.7113,1.025,1.7704939,10.172736,18.604153,0.375,6.43,1.425,278.2973,18.915457,20.13046,3.51,1.305,17.682476,1.5243131,3.54684,12.65,10.016377,21.93078,4.1853275,237.9356,16.724064,2.1943738,36.353695,103.12776,38.674995,2.6822371,4.589512,0.56,4.4094963,2.9777071,3.4310043,5.71002,4.74,23.37618,11.65,53.298378,15.136263,5.1975846,0.13,25.449234,3.113936,6.835504,2.85,3.35,1.8522116,38.73435,2.002188,2.15,1.4658307,6.26939,0.155,13.706464,20.264084,0.7270606,13.334343,5.097645,4.66233,25.59,40.478516,3.5853453,22.62,5.85,7.9816027,2.6604028,2.3628476,1.929727,4.6532507,,3.4555712,2.23,32.34037,22.19007,4.95,81.23531,3.00576,5.659259,12.77257,31.260847,2.4383228,107.1707,187.75,98.98,5.4171844,2.69
2025-06-12,32.33,0.29,7.7030015,43.365578,3.9818628,7.39,9.335868,7.267782,24.440456,0.74,63.188026,16.115154,4.9379807,66.06291,1.1970009,30.328558,28.495842,7.241833,7.5695033,16.679712,30.202908,3.7104206,6.13,68.14156,33.998466,2.889283,3.6436834,12.086736,5.415456,0.925,36.807068,31.819506,3.81,7.4309254,1.193709,28.999699,21.047457,3.4195652,22.395336,35.587887,6.07,172.52647,13.053273,18.64286,7.559849,18.662182,4.1028633,2.9786582,7.1499643,3.949716,9.509873,1.6066461,7.6104174,266.9618,21.266401,39.307972,2.8495958,3.6821153,0.165,8.91,235.24898,13.62,2.34,2.6514394,6.7,3.8367677,,3.4518967,4.273195,19.761902,2.5605996,5.986037,1.725,3.4946525,7.291075,4.58,6.454562,1.335,32.952015,3.9309087,5.9682484,2.4,4.44,2.39,8.499081,15.786214,3.04,1.025142,12.656544,14.728157,33.62675,5.677126,,4.75,33.442944,7.248128,2.9643602,4.6226664,1.9660288,28.876005,1.2061914,3.9154751,0.835,4.563546,82.3487,5.199358,8.401926,3.4243052,3.6,9.391677,4.23,3.6909535,2.7305598,5.500698,3.6583889,4.334322,4.1,7.9789047,106.68094,1.535,40.58,2.93,1.7355176,2.193562,3.142368,6.9,5.325349,133.18,31.978373,,0.69,8.67,61.61,7.832065,2.2363768,0.135,23.7,16.939707,13.551577,4.7285376,207.00641,1.85,3.4217885,37.412426,4.43,18.532938,1.0814539,82.5965,13.9,3.641932,6.3519864,0.705,2.3311129,20.938297,2.23,2.8725417,31.686424,48.820946,10.17,2.31,13.878631,1.015,1.7370883,10.267985,18.516489,0.415,6.48,1.34,278.04825,18.887407,19.99477,3.66,1.265,17.372257,1.5533476,3.6840107,12.5,10.226244,21.696777,4.1950836,235.41844,16.418377,2.1943738,36.21666,101.43066,38.506496,2.7703397,4.783983,0.57,4.360393,2.9290519,3.4403276,5.7196493,4.81,23.22034,11.42,53.031986,15.136263,5.206768,0.13,25.630674,3.1831346,6.8637495,2.87,3.55,1.8092479,38.7441,1.9929614,2.21,1.4755704,6.2787476,0.16,13.4892,20.095606,0.722181,13.436842,5.097645,4.710396,25.65,40.606865,3.5921876,22.55,5.95,7.874402,2.756562,2.3721502,1.9152178,4.7204113,,3.2714972,2.32,32.071106,22.142895,4.81,81.493996,3.08512,5.63954,12.695684,31.270569,2.4291217,107.64914,189.52,97.31,5.5533433,2.68
2025-06-13,31.45,0.29,7.589861,42.96873,3.9818628,7.3,9.703784,7.2481127,24.9825,0.76,62.87385,16.347864,4.9195895,66.5805,1.1825792,29.996565,28.34279,7.057797,7.6422873,16.62288,29.509693,3.7010746,6.36,68.90858,33.435703,2.9082913,3.479682,12.13421,5.396115,0.965,35.84705,32.263226,3.68,7.3848853,1.2267365,28.733103,21.047457,3.4195652,22.42455,34.97497,5.76,171.39879,12.284316,19.167034,7.4460244,18.642843,4.1028633,2.9692914,7.0927644,3.958944,10.177059,1.5653324,7.600928,267.4912,21.49861,38.830357,2.8402834,3.6912067,0.145,8.62,233.11168,13.0,2.16,2.6416914,7.03,3.599344,,3.3963702,4.273195,19.771627,2.574046,6.015002,1.7,3.503849,7.33936,4.7,6.436199,1.295,32.64405,3.91178,6.0345616,2.25,4.7,2.57,8.966919,15.621268,2.99,1.0300236,12.009224,14.793992,33.244514,5.667166,,4.85,33.51198,7.220673,3.0080824,4.613346,1.9385958,28.776913,1.2015877,3.9448595,0.82,4.4961524,80.83034,5.1707897,8.42068,3.5915844,3.52,9.391677,4.22,3.6909535,2.7702773,5.4319396,3.6393843,4.2705817,3.95,7.959491,104.75435,1.565,40.21,2.86,1.9245825,2.370621,3.027052,6.87,5.1592207,128.63,31.648798,,0.705,9.0,61.9,7.7770386,2.208422,0.13,23.9,17.007349,13.42601,4.7093163,206.2312,1.795,3.4402347,37.297276,4.42,18.146833,1.0781668,87.42066,13.1,3.6703846,6.2849216,0.69,2.321559,22.01306,2.24,2.8147054,30.681759,48.084404,9.92,2.23,13.68177,1.045,1.7323161,10.906163,18.633373,0.42,6.3,1.345,269.48062,18.232891,19.38417,3.6,1.18,17.015036,1.5339912,3.7819896,12.45,9.720655,21.790379,4.1853275,229.41675,16.300047,2.1943738,36.265602,100.29925,38.179417,2.8682318,4.9201126,0.57,4.2818274,2.8609345,3.4310043,5.652246,4.73,23.035278,11.32,52.96292,15.106738,5.15167,0.13,25.67842,3.212791,6.9579024,2.9,3.22,1.7853792,39.319458,1.9837347,2.27,1.4755704,6.51268,0.16,13.234153,20.058167,0.7270606,13.483434,5.1364837,4.7007823,24.78,40.192204,3.6127145,21.86,5.89,7.8451657,2.820668,2.3628476,1.953909,4.7012224,,3.1627262,2.36,32.080723,23.784506,4.67,81.21615,3.28352,5.570525,12.945561,31.309464,2.4291217,105.04762,188.7,95.02,5.6797767,2.67
2025-06-16,31.58,0.265,7.495577,43.54416,4.0313888,7.07,9.666993,7.3366246,25.0309,0.755,63.305843,16.367254,4.9471765,65.78059,1.1729647,29.87939,28.314096,7.0301914,7.6422873,16.253483,29.605972,3.6823823,6.4,64.28753,34.066383,2.9463084,3.5153344,12.077242,5.338092,0.93,35.94305,32.41113,4.33,7.3296366,1.2503277,28.061676,21.103508,3.401081,22.395336,35.685173,5.59,171.45613,12.483675,19.68132,7.436539,18.478462,4.268537,2.9786582,7.073698,3.9404876,10.276638,1.5745132,7.6293955,280.61823,21.343805,38.706173,2.8402834,3.7002985,0.15,8.7,233.3459,13.1,2.23,2.6611874,6.16,3.6468287,,3.5351863,4.273195,19.859156,2.60286,6.1018963,1.77,3.4854562,7.1945043,4.62,6.326021,1.57,32.595932,3.8161376,5.977721,2.25,4.57,2.75,8.245667,15.902644,2.95,1.0544318,12.154146,14.784588,34.018784,5.677126,,4.78,33.689503,7.1566114,2.9381268,4.613346,1.9111627,28.747185,1.1969839,3.966898,0.805,4.563546,80.6914,5.113654,8.336287,3.5423846,3.47,9.519924,4.21,3.760407,2.829853,5.4417624,3.6298819,4.2523704,4.62,8.027438,104.47639,1.565,39.92,2.88,1.9682127,2.4001307,3.055881,6.84,5.2145967,126.28,31.794195,,0.665,9.28,62.6,7.7403545,2.171149,0.135,23.45,17.017014,13.5226,4.718927,206.39594,1.86,3.3572264,37.364445,4.28,18.185446,1.0715926,86.47767,12.96,3.72729,6.2274375,0.7,2.3024516,20.205507,2.35,2.8050659,30.189274,48.293423,10.74,2.26,13.7408285,0.97,1.7466328,10.810913,18.565191,0.405,7.28,1.31,273.33606,18.09264,19.374477,3.53,1.215,16.883427,1.5485085,3.6938086,12.84,9.80651,21.715498,4.175572,234.0266,16.290186,2.2126603,35.805553,100.98752,38.258705,2.6528697,4.7353654,0.615,4.2130823,2.9193208,3.421681,5.71002,4.78,23.3567,11.41,52.54853,15.214994,5.105755,0.135,25.592474,3.2029054,6.910826,2.93,3.99,1.8331165,39.455982,1.974508,2.12,1.4853101,7.2238345,0.16,13.120798,20.123686,0.71242183,13.520706,5.0490956,4.7007823,25.6,39.98488,3.7221906,22.03,5.94,7.7282186,2.724509,2.3442426,1.9635818,4.7300053,,3.1627262,2.3,31.917242,24.492098,4.64,80.77544,3.0355198,5.688837,13.032058,30.920525,2.410719,106.811874,190.79,95.85,5.689502,2.64
2025-06-17,31.95,0.265,7.665288,43.81203,4.0313888,7.02,9.565815,7.257948,24.934105,0.765,63.590553,16.376951,4.910394,65.92175,1.1633502,29.654808,28.180176,7.002586,7.6331897,16.348202,29.19197,3.66369,6.27,64.136024,34.376873,2.9463084,3.4511602,12.048757,5.2800694,0.995,35.808647,32.756245,4.47,7.3112206,1.2644824,27.953062,21.187586,3.3456285,22.414812,36.12297,5.79,171.19809,12.502663,19.523079,7.417568,18.401106,4.2880282,2.997392,7.073698,3.922031,10.296555,1.5469706,7.5819488,276.12817,21.266401,38.992744,2.8216586,3.7002985,0.145,8.79,233.53131,13.3,2.24,2.6319437,6.32,3.6658225,,3.5722039,4.282995,19.674374,2.6316738,6.043967,1.88,3.4762597,7.310389,4.77,6.31684,1.66,33.308094,3.8448303,6.081929,2.4,4.72,2.77,8.235921,15.81532,3.0,1.0300236,12.125161,14.728157,33.26412,5.6572065,,4.67,34.054405,7.229825,2.9556158,4.6226664,1.920307,28.677818,1.2153991,3.9228215,0.775,4.5924296,81.29676,5.123177,8.336287,3.5128648,3.44,9.934262,4.18,3.7703288,2.8497117,5.4319396,3.5823705,4.234159,4.52,8.095385,104.898125,1.55,38.77,2.91,1.9585172,2.4001307,3.0366616,6.65,5.122303,127.88,31.280449,,0.69,9.54,62.17,7.7128415,2.1618307,0.135,23.68,17.152298,13.628849,4.7093163,205.5529,1.825,3.3203337,37.23011,4.18,18.42676,1.0715926,88.63167,12.85,3.7367742,6.2465987,0.705,2.3120053,20.508392,2.38,2.7954266,30.140026,48.62188,10.79,2.27,13.760514,0.985,1.7418605,10.715662,18.721037,0.42,7.6,1.35,270.97498,18.242243,19.277555,3.62,1.215,16.58261,1.577543,3.742798,13.21,9.825589,21.724855,4.1658154,232.87167,15.994359,2.2035172,36.04047,101.02524,38.2488,2.7018156,4.647854,0.66,4.193441,2.938783,3.4123576,5.671504,4.73,23.2106,11.8,53.189846,15.3626175,5.1241207,0.14,25.353739,3.2226765,6.986149,3.0,4.11,1.8474377,39.61201,2.002188,2.16,1.49018,7.261264,0.16,13.13969,19.973928,0.7026626,13.418205,5.029676,4.6911693,25.51,39.836784,3.6742947,22.3,5.96,7.825674,2.724509,2.33494,1.9926002,4.7683825,,3.154359,2.32,31.744144,24.246801,4.6,80.49759,3.0256,5.6493998,13.137774,30.930248,2.4015179,107.021194,191.46,99.3,5.796484,2.73
2025-06-18,32.07,0.26,7.646431,43.921165,4.071009,7.11,9.5014305,7.267782,25.61166,0.745,64.51344,16.425434,4.8552213,65.874695,1.1681575,29.820805,27.778423,6.9381733,7.7150707,15.988275,29.432669,3.5889206,6.21,65.329155,34.211926,2.9463084,3.4368992,11.915832,5.3187513,1.0,35.386242,32.775967,4.66,7.2099314,1.2880734,27.89382,21.15956,3.3179023,22.59008,35.85056,5.9,172.19199,12.426716,19.76044,7.3796268,18.430113,4.2198095,2.9786582,6.978365,3.9128025,10.1870165,1.5286089,7.5724597,278.20654,21.29543,39.451256,2.784409,3.7002985,0.14,8.65,236.14684,13.32,2.18,2.6319437,5.8,3.7323015,,3.6092217,4.273195,19.372889,2.6316738,6.015002,1.845,3.4394739,7.281418,4.83,6.2525697,1.725,32.97126,3.8639586,6.062982,2.25,4.66,2.77,7.9435205,15.601863,3.02,1.0202603,12.202454,14.135645,33.616947,5.707006,,4.53,34.11358,7.174915,2.9293823,4.613346,1.8654412,29.14356,1.2015877,3.8934371,0.775,4.5250354,81.53494,5.094609,8.35504,3.6112645,3.45,9.904667,4.12,3.7405632,2.8199236,5.4024715,3.572868,4.133996,4.58,8.075971,105.013145,1.56,37.35,2.89,1.9585172,2.4001307,3.113539,6.6,5.0946145,132.01,29.632578,,0.67,9.55,62.94,7.7128415,2.1152396,0.125,22.59,17.026676,13.657826,4.6900945,205.93082,1.79,3.3756728,37.143753,4.18,17.915173,1.0683055,89.18754,12.92,3.7936792,6.2465987,0.72,2.283344,20.107801,2.38,2.766508,30.60296,48.631836,10.69,2.26,13.790044,0.95,1.7132272,10.477536,18.691818,0.405,7.56,1.3,275.71704,18.260942,19.141867,3.4,1.21,16.140783,1.5485085,3.6252234,13.28,9.66342,21.809097,4.175572,233.32574,16.00422,2.166944,35.746822,99.94097,38.565968,2.5941346,4.5408945,0.665,4.1836205,2.8998587,3.3564172,5.652246,4.8,23.28852,11.7,53.189846,15.214994,5.105755,0.15,25.038609,3.2029054,6.939072,3.0,4.01,1.8713065,39.621765,2.002188,2.06,1.5193992,7.2893357,0.16,13.083014,20.030087,0.70754224,13.492751,5.097645,4.7200084,25.75,40.62661,3.7221906,21.85,6.0,7.8354197,2.6604028,2.3442426,2.0990014,4.797166,,3.003753,2.22,31.753763,24.199627,4.59,80.28682,2.95616,5.7874303,13.262713,31.01776,2.3739142,108.57612,193.56,96.65,5.932643,2.76
2025-06-19,32.51,0.25,7.7124305,42.601643,4.001673,7.06,9.37266,7.1989403,25.127691,0.725,65.51487,16.338167,4.8920035,65.54533,1.1729647,29.342342,27.864513,6.9013658,7.769659,16.07352,28.835737,3.5982668,6.24,65.07349,33.959652,2.8987873,3.4368992,11.982294,5.2703986,0.945,34.68543,32.68722,4.64,7.2743883,1.2786369,28.229532,21.393108,3.3179023,23.076935,35.354393,5.7,174.74362,12.2558365,19.48352,7.4270535,18.816895,4.0736265,2.9880252,6.8258324,3.958944,10.236806,1.560742,7.515524,282.7652,21.266401,38.859013,2.7750967,3.718482,0.14,8.74,232.96529,13.01,2.2,2.6611874,5.75,3.6848166,,3.6092217,4.282995,19.188107,2.574046,5.889488,1.81,3.3842952,7.0110207,4.81,6.344384,1.705,33.202232,3.8448303,5.9966683,2.1000001,4.6,2.79,7.5828953,15.81532,2.91,1.0202603,11.844978,13.891117,33.126904,5.37833,,4.51,34.06427,7.1017013,2.9381268,4.706546,1.7831424,28.95528,1.2246066,3.84936,0.75,4.6020575,80.17536,5.0755634,8.392549,3.6998239,3.48,9.658037,4.05,3.6810315,2.7206306,5.4221168,3.4398358,4.106679,4.45,8.027438,105.40613,1.545,37.15,2.88,1.9779084,2.2624183,3.4306588,6.41,5.1130733,129.08,28.79895,,0.65,9.34,62.27,7.6394734,2.0966032,0.12,22.05,16.543512,12.836811,4.6612616,206.29903,1.67,3.4033422,37.537163,4.1,17.548376,1.0551572,88.3438,12.44,3.7462583,6.1603727,0.71,2.283344,19.91239,2.35,2.6797535,30.337019,49.119545,10.58,2.23,13.819572,0.93,1.708455,10.3346615,18.438566,0.395,7.46,1.295,273.04712,17.952387,19.122482,3.15,1.205,16.168985,1.5097957,3.4880526,13.28,9.682498,21.86526,4.1560597,232.309,15.807003,2.1943738,35.394444,97.63101,38.27853,2.5451884,4.4922767,0.61,4.085413,2.8220103,3.3937109,5.652246,4.55,23.15216,11.4,53.278645,15.205153,5.1424866,0.145,25.086357,3.173249,6.835504,2.97,3.98,1.7949266,39.72904,1.974508,2.02,1.5437486,7.242549,0.155,12.894088,20.189205,0.7270606,13.530025,5.078225,4.729622,25.0,40.03424,3.7358751,21.91,5.95,7.9328756,2.6283498,2.3442426,2.0312915,4.7395997,,2.92845,2.19,32.301903,24.180758,4.52,81.01495,2.94624,5.738134,12.935951,31.251122,2.3555117,106.54275,191.88,97.73,5.864564,2.71
2025-06-20,31.94,0.26,7.797286,42.373455,4.0313888,7.18,9.271482,7.2481127,24.924425,0.725,65.9763,16.2509,4.9011984,65.21595,1.1729647,29.488811,27.15666,6.956577,7.9425197,15.884087,29.278622,3.5889206,6.22,65.442795,34.279846,2.9082913,3.4297686,11.925327,5.3187513,0.94,34.76223,33.328144,4.42,7.173099,1.2880734,28.318398,20.982061,3.3086603,23.914324,35.189003,5.71,174.4378,12.531142,20.037365,7.483966,18.91359,3.9664261,2.9880252,6.883032,3.9035745,10.475799,1.5928749,7.5439916,289.83362,20.79231,37.502575,2.7285347,3.6457489,0.135,8.45,234.42918,13.03,2.08,2.700179,5.8,3.6943135,,3.4889143,4.273195,18.799093,2.5548368,5.8508687,1.91,3.3659024,7.2234755,4.87,6.4086547,1.695,33.31772,3.8830872,6.0061417,2.4,4.64,2.62,7.621882,15.69889,2.9,1.0495502,11.9609165,13.815877,33.538544,5.298651,,4.61,34.093853,7.129156,2.9206378,4.6972256,1.7831424,28.95528,1.2061914,3.9375136,0.755,4.611685,81.42577,5.046996,8.467566,3.6112645,3.49,9.608711,3.9,3.5322027,2.7702773,5.4221168,3.4398358,4.1613135,4.29,8.250691,104.188835,1.525,36.88,2.83,2.0069952,2.2820914,3.5651944,6.69,5.149991,128.7,28.91527,,0.655,9.28,62.96,7.7128415,2.1059213,0.125,20.69,16.794756,12.981695,4.6900945,202.40367,1.64,3.4125652,37.33566,4.12,17.509764,1.048583,88.641594,12.54,3.7462583,6.2274375,0.72,2.3024516,20.049177,2.4,2.8147054,30.760555,49.686882,10.55,2.19,13.849101,0.92,1.708455,10.382286,18.49701,0.39,7.36,1.23,275.76685,18.064589,18.78326,3.26,1.22,16.08438,1.5630257,3.468457,13.42,9.796971,21.91206,4.1560597,230.95665,15.974639,2.157801,35.286774,96.329895,38.813755,2.6039238,4.570065,0.595,4.154158,2.802548,3.3564172,5.7870526,4.65,23.366442,11.33,53.653572,14.968957,5.1424866,0.14,25.200949,3.1040504,6.7978425,2.99,3.86,1.842664,39.875313,1.974508,2.07,1.5388788,7.2051196,0.155,13.092459,20.095606,0.71242183,13.585934,5.1559033,4.7007823,24.92,40.06386,3.653768,21.35,5.96,8.001094,2.6283498,2.3442426,2.002273,4.797166,,2.945184,2.17,31.936476,24.388319,4.5,79.7503,2.90656,5.688837,12.993615,30.930248,2.3555117,106.89161,193.77,96.81,5.845113,2.87
2025-06-23,32.0,0.245,7.495577,43.05802,3.9818628,7.02,9.170306,7.149767,25.040579,0.725,64.27781,16.415737,4.9379807,66.20407,1.158543,29.156818,26.98448,6.9473753,7.8879323,16.01669,29.134203,3.6263053,6.22,64.91251,34.241035,2.8797789,3.4368992,11.887348,5.2800694,0.88,34.21502,33.150658,4.34,7.1823072,1.2927916,27.89382,20.767197,3.373355,22.716661,35.41277,5.62,176.17712,12.284316,19.859343,7.4270535,18.758877,3.84948,2.9786582,6.9211655,3.9035745,10.157143,1.583694,7.56297,288.40228,20.724583,37.588547,2.7471595,3.636657,0.135,8.57,234.98546,12.7,2.01,2.6709354,5.66,3.7607923,,3.350098,4.273195,18.682388,2.545232,5.8315587,1.83,3.3107235,7.0303345,4.79,6.31684,1.68,32.836525,3.835266,5.9303546,2.25,4.61,2.61,7.4269485,15.77651,2.85,1.0056155,11.709718,13.674803,33.462234,5.2687716,,4.43,34.11358,7.138308,2.9118936,4.669266,1.7785703,28.45981,1.2061914,3.9301674,0.73,4.438386,81.257065,4.9993825,8.495698,3.463665,3.51,9.608711,3.87,3.393296,2.6908426,5.363181,3.4018266,4.0429387,4.3,7.959491,103.90129,1.495,36.85,2.82,2.0263865,2.173889,3.5459752,6.77,5.0207796,128.5,29.273926,,0.655,9.13,63.32,7.4193687,2.0686483,0.115,20.48,16.62082,12.94306,4.738148,202.93661,1.565,3.5047967,37.306873,4.09,17.693163,1.0518701,89.703705,12.26,3.6893532,6.179534,0.695,2.283344,19.42386,2.36,2.7568686,30.35672,50.51301,10.48,2.11,13.849101,0.855,1.708455,10.468011,18.477528,0.385,7.42,1.205,271.2838,17.924335,18.637878,3.11,1.185,16.056177,1.5388303,3.4292653,13.31,9.615722,21.96822,4.1267915,230.2854,16.33949,2.1486576,35.198677,96.00933,38.992165,2.5256102,4.511724,0.62,4.085413,2.7733545,3.375064,5.748536,4.47,23.1619,11.04,53.475975,14.850859,5.1424866,0.125,24.780775,3.094165,6.7978425,2.92,3.75,1.8044741,40.0801,1.974508,2.02,1.5193992,7.2799788,0.15,13.21526,20.067528,0.68802375,13.427524,5.097645,4.6911693,24.48,39.698563,3.7221906,20.87,5.9,7.8646564,2.6283498,2.3256376,2.0893285,4.8163543,,2.920083,2.21,32.13842,24.388319,4.4,80.0473,2.89664,5.49165,12.868676,30.541311,2.3371093,105.79518,193.46,98.7,5.699228,2.77
2025-06-24,31.85,0.25,7.3824363,43.891403,3.971958,6.91,9.078327,6.9825783,24.52757,0.75,64.71961,16.386648,4.7908525,66.67461,1.1825792,29.322815,27.357538,7.149815,7.7514634,16.262955,29.933323,3.5982668,6.03,65.442795,34.15371,2.8607705,3.4368992,12.086736,5.328422,0.885,35.021435,33.46619,4.38,7.2191396,1.2550459,28.496128,20.972721,3.3271444,22.89193,35.77273,5.77,179.78954,12.607088,19.898905,7.5313926,18.671852,3.9859173,2.9880252,8.122359,3.8758893,10.346345,1.5882845,7.4965453,289.68655,20.656857,37.989746,2.7471595,3.6548402,0.13,8.86,235.41489,13.31,2.13,2.6514394,5.42,3.8747554,,3.3223348,4.282995,19.071404,2.5548368,6.092241,1.785,3.356706,7.107591,,6.353566,1.665,33.09637,3.8448303,5.977721,2.25,4.54,2.43,7.4854283,15.81532,2.76,0.99585223,12.096177,14.323744,32.96898,5.38829,7.3,4.52,34.231926,7.193218,2.8944046,4.669266,1.9020184,28.717455,1.1969839,3.9448595,0.76,4.7464733,84.92892,5.0089054,8.5238285,3.5522244,3.55,9.441002,4.04,3.4627492,2.7206306,5.363181,3.4398358,4.0247273,4.36,7.9886107,104.66808,1.525,37.89,2.9,1.8954957,2.173889,3.5940235,6.74,5.0484676,128.71,29.399939,,0.69,9.18,64.49,7.795381,2.0779667,0.115,21.46,16.872063,13.001014,4.786203,207.84943,1.575,3.6154747,38.141674,4.15,17.625597,1.0452958,89.306656,12.54,3.651416,6.2274375,0.715,2.2642365,19.345697,2.41,2.853263,31.469734,51.04053,10.34,2.2,14.262507,0.87,1.7323161,10.210835,18.604153,0.38,7.49,1.285,278.28732,18.12069,19.587702,3.1,1.205,16.366396,1.5823821,3.4194674,13.39,9.844667,21.83718,4.1463037,231.24292,16.625458,2.1120849,34.983337,98.94156,38.80385,2.515821,4.511724,0.62,4.1345167,2.8414724,3.375064,5.767794,4.45,23.33722,11.21,53.564774,15.0476885,5.170036,0.125,25.01951,3.1040504,6.844919,2.94,4.08,1.8331165,40.49943,1.9837347,2.02,1.5388788,7.1676908,0.15,13.243599,20.170485,0.7173014,13.278433,5.039386,4.671943,24.39,39.826912,3.6879792,21.11,5.86,7.7964377,2.5642438,2.3070323,2.0216186,4.864326,,3.0372212,2.21,32.975063,22.793879,4.53,80.49759,2.91648,5.49165,12.561134,30.687162,2.3463106,108.386734,194.21,98.98,5.6700506,2.92
2025-06-25,31.4,0.25,7.391865,43.345734,3.9224322,7.1,9.087525,6.8743973,24.121037,0.73,64.159996,16.338167,4.717289,66.76871,1.2018081,29.303286,27.835817,7.159017,7.7605605,16.490276,29.817787,3.5608823,5.87,65.46173,34.55152,2.8512661,3.5010734,12.143704,5.2800694,0.875,34.66623,33.614098,4.42,7.237556,1.2408912,28.584993,20.963379,3.3086603,22.667976,35.733818,5.84,182.91457,12.664048,19.641762,7.5788193,18.90392,3.9859173,2.9599245,8.789689,3.866661,9.858402,1.5974653,7.5439916,288.81403,20.560102,38.238106,2.737847,3.6093822,0.12,8.95,232.71153,13.6,2.09,2.6514394,5.39,3.9032466,,3.3408434,4.282995,19.08113,2.5260227,6.0729313,2.14,3.3659024,7.213818,4.54,6.2709327,1.675,33.009754,3.8257017,5.939828,2.1000001,4.06,2.61,7.417202,15.989968,2.67,0.9909706,12.221776,13.994572,33.343853,5.34845,7.2,4.34,34.350273,7.2389765,2.9118936,4.6506257,2.0757606,28.737274,1.1923801,4.0036283,0.775,4.842751,84.601425,5.018428,8.5238285,3.5128648,3.57,9.431138,3.94,3.4627492,2.6610548,5.3926487,3.4113288,4.033833,4.55,7.8624244,104.22717,1.55,38.39,3.02,1.8858,2.2033987,3.6132429,6.87,5.030009,142.2,29.942766,,0.68,9.07,64.24,7.7403545,2.0779667,0.115,20.18,16.901052,12.9623785,4.786203,210.14594,1.61,3.6615903,38.429535,4.06,18.20475,1.0452958,88.35374,12.54,3.5565743,6.2274375,0.705,2.2737904,18.83763,2.37,2.8147054,31.86372,51.528244,10.42,2.15,14.026276,0.83,1.7418605,10.229885,18.477528,0.375,7.75,1.245,275.996,18.335745,18.860796,2.97,1.175,17.127842,1.5146348,3.3018925,13.28,9.920982,21.977581,4.1267915,230.48285,16.891699,2.1120849,34.875668,98.33814,39.15075,2.4864533,4.4339356,0.62,4.1345167,2.7636235,3.375064,5.7966814,4.49,23.2593,10.99,54.502083,14.968957,5.133304,0.135,24.971762,3.094165,6.8260884,2.92,4.32,1.7471893,40.49943,2.002188,1.995,1.6557556,7.083475,0.15,13.4892,20.357681,0.70754224,13.18525,5.078225,4.623878,24.31,39.896023,3.6674526,21.03,5.85,7.640509,2.5321908,2.3070323,2.002273,4.797166,,3.01212,2.18,33.215473,22.642927,4.55,80.60298,2.88672,5.3733377,12.580357,30.482971,2.318707,107.97807,,100.0,5.6311483,2.94
2025-06-26,30.84,0.25,7.3541512,42.284164,3.8828115,7.14,9.115118,6.884232,24.53725,0.725,64.012726,16.464218,4.6529202,65.827644,1.2114226,29.59622,28.448013,7.306246,7.7150707,16.575521,30.809467,3.551536,6.06,65.94467,34.493305,2.8417618,3.550987,12.067747,5.3090806,0.87,34.675827,33.840885,4.51,7.237556,1.2408912,28.377642,21.06614,3.3179023,22.55113,35.30575,5.83,182.25516,12.84442,19.701101,7.5977907,18.89425,3.9664261,2.9692914,8.942222,3.866661,9.888277,1.5882845,7.468077,291.34335,20.4827,37.693623,2.7657843,3.6093822,0.13,8.87,234.20471,13.77,2.39,2.6319437,5.29,3.9602282,,3.2390451,4.2927966,18.769917,2.5548368,6.0536213,2.39,3.3750987,7.2331324,4.66,6.280114,1.71,34.058754,3.835266,5.9493012,2.1000001,4.03,2.65,7.348975,16.086996,2.67,0.9812074,12.318391,14.041596,33.33399,5.298651,7.15,4.35,33.916332,7.2389765,2.8681715,4.613346,2.057472,27.785973,1.1831726,4.0550513,0.825,5.0256777,85.98085,4.9898596,8.4113035,3.5817447,3.52,9.519924,4.01,3.7008753,2.6908426,5.3828263,3.3923242,4.1157846,4.58,7.794477,104.25593,1.58,39.13,3.06,1.8809521,2.2230718,3.6324623,6.74,4.9746327,145.79,29.613192,,0.7,9.2,65.1,7.7862096,2.0779667,0.12,20.9,16.872063,13.020331,4.8054247,209.27385,1.62,3.6615903,38.27601,4.09,17.577332,1.0452958,88.036095,13.31,3.54709,6.26576,0.725,2.2642365,18.407724,2.4,2.8339841,32.12966,51.239597,10.29,2.16,14.114862,0.795,1.775266,10.23941,18.711296,0.38,7.76,1.315,276.6834,18.793903,19.15156,3.03,1.165,17.052637,1.5436693,3.3018925,13.29,9.959141,21.83718,4.1365476,230.66052,17.118502,2.084655,35.042065,98.23443,39.616596,2.4962425,4.3658705,0.635,4.1345167,2.8220103,3.3564172,5.8351974,4.51,23.23982,10.98,53.62397,15.116579,5.105755,0.135,25.1723,2.9755387,6.910826,2.88,4.44,1.7662842,40.74323,2.0114148,1.995,1.6557556,7.139619,0.145,13.366399,20.086245,0.69290334,13.110705,5.146194,4.643104,24.73,39.47149,3.653768,21.02,5.84,7.562545,2.5962968,2.316335,2.0409644,4.8451376,,3.087423,2.2,33.244324,22.50141,4.49,80.267654,2.89664,5.3930564,12.541914,30.580206,2.318707,107.29031,184.0,98.78,5.6019716,2.95
2025-06-27,31.82,0.24,7.47672,45.54824,3.8729064,7.4,9.004744,6.9039016,24.21783,0.725,63.188026,16.435131,4.6805067,66.76871,1.221037,29.654808,27.931473,7.361457,7.677345,16.480804,31.050167,3.5473976,6.08,65.83103,34.289547,2.8417618,3.5295954,12.11522,5.2703986,0.9,36.02945,33.821163,4.62,7.154683,1.2267365,29.12806,21.561264,3.3696334,22.765347,36.385647,6.1,177.14233,13.0153,19.859343,7.607276,18.800055,4.171082,2.960514,8.942222,3.859635,9.669202,1.6091082,7.4775667,289.62772,20.144062,37.68407,2.7266304,3.6037512,0.135,9.46,228.70044,13.47,2.52,2.6416914,5.15,3.950731,,3.2667456,4.282995,18.565685,2.574046,6.092241,2.38,3.4762597,7.2524467,5.1,6.280114,1.77,33.847027,3.835266,5.9587746,2.25,3.89,2.71,7.397709,15.9220495,2.67,1.0153787,11.825655,14.540058,33.255066,5.3584104,7.19,4.34,33.777657,7.1200047,2.859427,4.6324496,2.0757606,27.250864,1.1796616,4.040359,0.795,4.871634,86.41751,4.9708147,8.326909,3.6998239,3.67,9.756689,4.12,3.8100164,2.7107012,5.3730035,3.3733196,4.1431017,4.75,7.6877036,104.09299,1.55,38.95,3.15,1.8421695,2.2230718,3.6516817,6.93,5.0023212,146.0,29.962152,,0.72,8.88,66.27,7.7862096,2.092232,0.115,21.22,16.97836,13.686803,4.786203,213.3727,1.65,3.6062515,37.671497,4.13,17.403587,1.0551572,87.79786,14.2,3.5281217,6.198695,0.72,2.2505376,17.909426,2.43,2.8436234,32.316807,51.349087,10.58,2.17,13.9672165,0.78,1.8277605,10.3346615,18.76,0.38,8.01,1.375,279.52264,18.821953,19.461706,3.06,1.195,17.109041,1.5339912,3.2920947,13.45,10.0640745,21.734217,4.1365476,231.71675,13.9235735,2.084655,35.35529,102.7412,38.605614,2.4472966,4.2686353,0.64,4.04613,2.8609345,3.3470938,5.7581654,4.48,23.717085,11.33,52.874123,15.028007,5.126602,0.145,25.496983,2.9162257,6.9014106,2.98,4.34,1.823569,40.65546,2.057548,1.97,1.6606255,7.1676908,0.135,13.2813835,19.96457,0.68314415,13.110705,5.1364837,4.633491,24.44,39.994747,3.6606102,21.1,5.94,7.6112723,2.5962968,2.316335,2.0312915,4.921892,,3.196194,2.2,32.600018,22.37876,4.35,80.60298,2.8272,5.4423532,12.570745,30.278778,2.3198295,108.356834,182.99,98.68,5.6603255,3.03
2025-06-30,32.18,0.24,7.5521474,44.645412,3.8729064,7.48,8.949556,6.9825783,24.914745,0.715,63.983273,16.580574,4.6805067,66.815765,1.2114226,29.576693,27.89321,7.370659,7.70564,16.528164,31.483425,3.5095587,6.28,66.058304,34.425385,2.8797789,3.565248,12.001285,5.2800694,0.9,35.28064,33.919773,4.67,7.1638913,1.2456095,29.118185,21.58929,3.3411577,22.804295,36.4051,5.86,176.55939,12.84442,19.889013,7.664188,18.790262,4.0638814,2.960514,8.865955,3.8221629,9.509873,1.5949101,7.4111414,294.51974,20.163414,38.104374,2.7266304,3.6037512,0.135,9.42,233.71675,13.85,2.5,2.6514394,5.22,4.036204,,3.209434,4.302597,18.740742,2.5836506,6.092241,2.28,3.457867,7.349017,4.9,6.2706847,1.67,34.251232,3.835266,5.9682484,2.25,3.92,2.85,7.592642,16.154913,2.7,1.0153787,12.05753,14.3707695,33.176147,5.4779286,7.11,4.3,33.916336,7.1200047,2.859427,4.622898,2.0666163,28.033709,1.1749805,4.1358585,0.785,4.910145,88.4916,5.018428,8.467566,3.6112645,3.63,9.658037,4.17,3.7703288,2.700772,5.3730035,3.3733196,4.1704187,4.75,7.765357,105.770355,1.565,41.7,3.17,1.8615608,2.2230718,3.642072,7.0,4.9654036,147.42,30.708542,,0.7,8.61,66.54,7.8504076,2.092232,0.12,21.56,16.968695,13.947596,4.853479,221.63821,1.655,3.6062515,37.767452,4.05,17.577332,1.0683055,86.66626,14.11,3.5091534,6.7831163,0.695,2.2505376,18.124378,2.46,2.882181,33.085083,51.65764,10.61,2.19,14.27235,0.765,1.8038994,10.277511,18.984028,0.385,8.07,1.335,284.00568,18.915457,19.907543,3.03,1.195,16.977432,1.5678648,3.3312864,13.6,10.245323,21.89334,4.175572,237.39268,14.150374,2.0752223,35.913223,101.00637,39.002075,2.466875,4.2686353,0.61,4.026489,2.8317413,3.3191237,5.7870526,4.43,23.424881,11.22,53.34771,15.096897,5.0792217,0.135,25.582928,2.9557676,6.939072,3.01,4.22,1.7853792,40.967518,2.0760014,1.985,1.680105,7.1676908,0.15,13.451415,20.226645,0.69778293,13.339713,5.175323,4.652717,24.42,40.488388,3.6469257,21.32,5.95,7.6112723,2.6924558,2.29773,2.0893285,4.9698634,,3.0455883,2.27,32.56155,22.293848,4.45,81.19699,2.84704,5.353619,12.570745,30.249609,2.3011212,108.6758,179.8,102.65,5.6116967,3.07
2025-07-01,33.59,0.245,7.5332904,44.675175,3.8630013,7.25,9.032337,7.021917,24.788914,0.715,64.47417,16.551485,4.6713114,66.20407,1.221037,30.045387,28.591496,7.536291,7.7999563,16.632353,31.98408,3.5473976,6.2,66.08671,33.86263,2.9082913,3.6009007,12.086736,5.328422,0.935,35.107834,34.087395,4.48,7.2467637,1.2408912,29.690872,21.365084,3.3981092,22.706924,35.83111,5.79,174.4856,13.0153,19.750551,7.711615,18.692347,4.0931177,2.9889808,8.846889,3.859635,9.4800005,1.6138409,7.5724597,298.5784,20.202114,37.617207,2.7549345,3.650675,0.14,9.41,232.50659,14.31,2.7,2.6514394,5.25,3.9887187,,3.133019,4.2927966,19.586845,2.60286,6.0825863,2.56,3.457867,7.349017,4.79,6.3838396,1.76,34.79979,3.8830872,6.091402,2.25,4.02,2.89,7.592642,16.009375,2.76,1.0349052,12.424667,14.464819,34.22184,5.318571,7.0,4.37,33.866806,7.193218,2.859427,4.7184124,2.1123378,28.390446,1.1702993,4.0256667,0.75,4.062904,87.886246,5.094609,8.4113035,3.9556627,3.82,9.667903,4.14,3.6711097,2.6411963,5.3926487,3.3923242,4.1977363,4.59,7.658583,105.990814,1.585,40.77,3.15,1.8518652,2.370621,3.6036332,7.09,4.937715,146.61,29.370857,,0.695,8.39,65.49,7.997144,2.1112523,0.115,21.75,16.611156,13.628849,4.9495873,219.44829,1.84,3.633921,38.093697,4.05,17.249146,1.0814539,88.37358,14.25,3.5660584,6.725632,0.69,2.2701075,18.358873,2.43,2.882181,32.75019,51.846752,10.67,2.18,14.114862,0.755,1.8229883,10.353711,18.954807,0.385,7.96,1.355,280.6185,19.07441,19.161253,3.08,1.2,17.40986,1.5581867,3.4096696,13.54,10.264402,21.94014,4.1853275,234.93475,14.091208,2.1223865,36.73544,100.054115,38.704727,2.466875,4.3269763,0.64,4.026489,2.8901277,3.4123576,5.767794,4.39,23.37618,11.12,51.818417,15.096897,5.164507,0.135,25.516079,2.9359968,6.967318,3.04,4.25,1.7853792,41.38685,2.1036813,1.99,1.6460159,7.1583333,0.155,13.545877,20.329601,0.722181,13.225209,5.214162,4.652717,24.07,40.162586,3.6674526,20.92,5.79,7.6794915,2.6924558,2.33494,2.0796556,4.9890523,,3.028854,2.29,32.571167,22.227806,4.39,81.16825,2.86688,5.432494,12.349701,30.376013,2.3104753,107.639175,182.03,102.33,5.7478557,3.21
2025-07-02,32.72,0.245,7.59929,45.964935,3.8332858,6.99,9.087525,7.0710897,24.953465,0.705,65.71123,16.774498,4.7264843,68.98022,1.2883383,30.133268,28.620193,7.6283097,7.9319987,17.134354,31.916683,3.5568573,6.12,66.11512,33.231945,2.9558125,3.6365528,12.124716,5.2800694,0.92,35.712646,34.34377,4.44,7.2283473,1.2597641,29.602007,22.364674,3.455061,22.755611,36.453747,5.72,175.52727,13.091247,19.71099,7.654702,18.682554,4.171082,3.0174472,8.780156,3.9252114,9.4800005,1.6848309,7.487056,295.72556,20.269844,38.104374,2.7643692,3.7163684,0.135,9.55,233.99977,13.79,2.7,2.6806831,5.32,3.9887187,,3.1139152,4.322199,16.494184,2.6220691,6.1791353,2.46,3.5406349,7.3876452,4.96,6.5818615,1.75,34.847908,3.9213443,6.1198225,2.5500002,3.92,2.8,7.621882,16.116104,2.77,1.0202603,12.405345,15.0197115,33.906162,5.278732,7.03,4.29,34.56019,7.089379,2.859427,4.775721,2.1946368,28.063435,1.1983864,3.1661723,0.74,3.9281158,89.04735,5.199358,8.298778,4.0343823,3.86,9.766554,4.14,3.7306411,2.6411963,5.32389,3.3923242,4.2432647,4.49,7.4935694,107.99407,1.6,42.93,3.14,1.8664086,2.3312743,3.642072,6.95,5.0115504,146.31,29.225458,,0.7,8.34,65.46,8.474037,2.158803,0.12,22.68,16.553175,13.474305,4.8630896,221.91924,1.675,3.6431441,37.738667,3.94,17.471155,1.0814539,88.71108,14.0,3.6324477,6.8597617,0.715,2.3092473,18.33933,2.44,2.853263,33.311623,52.334465,10.58,2.17,13.9672165,0.72,1.8277605,10.401337,19.091173,0.385,7.87,1.37,284.12524,19.121162,19.500475,3.09,1.18,18.932753,1.5533476,3.4096696,13.03,10.035457,21.556376,4.2048397,236.9781,14.0320425,2.1506848,37.635963,102.109505,38.754288,2.4179292,4.3853183,0.625,4.055951,3.0360935,3.5055914,5.7581654,4.43,23.775524,11.29,51.946682,15.588973,5.268745,0.13,25.68797,2.9557676,7.02381,3.0,4.31,1.7471893,41.923203,2.1036813,1.945,1.6167966,7.1957626,0.145,13.867049,20.161125,0.722181,13.253837,5.223872,4.7007823,24.75,40.221825,3.7221906,20.84,5.84,7.767201,2.6924558,2.3535452,2.118347,4.931486,,3.0455883,2.31,32.42692,22.473104,4.37,81.78142,2.8371198,5.531088,12.570745,30.638546,2.3385377,109.21404,178.24,103.89,5.864564,3.04
2025-07-03,32.48,0.24,7.571004,47.5424,3.8332858,6.8,9.078327,7.0317516,24.885706,0.695,65.6425,16.9481,4.698898,69.49781,1.30276,30.562906,28.773243,7.674319,7.9131355,16.925978,31.935936,3.5379379,5.98,65.78369,33.057297,2.9843254,3.6365528,12.010778,5.2607284,0.93,37.699883,34.12684,4.18,7.1638913,1.2692006,29.927845,22.663616,3.4360769,22.492708,35.870018,5.8,171.72371,13.451991,19.51319,7.5503635,18.672762,4.395229,2.9984696,8.770622,3.8971071,9.400335,1.6895635,7.4775667,295.4707,20.134388,37.779594,2.7549345,3.66006,0.155,9.84,235.20018,14.12,2.75,2.6806831,5.36,3.950731,,3.075708,4.2927966,16.854023,2.6412785,6.2081,2.47,3.5406349,7.3779883,5.13,6.563002,1.705,35.050007,3.9213443,6.1861367,2.6999998,3.98,2.73,7.6803617,16.096699,2.82,1.0934849,12.492298,15.292455,33.245205,5.1492534,7.02,4.28,34.401703,7.174338,2.859427,4.8330297,2.1306264,27.270683,1.1937052,3.3130946,0.715,4.1880646,88.5313,5.123177,8.045594,4.0343823,3.91,9.5988455,4.32,3.7703288,2.670984,5.2747765,3.354315,4.297899,4.54,7.474156,104.783104,1.59,43.39,3.17,1.8518652,2.3509479,3.6516817,6.98,5.0669265,148.64,29.719818,,0.735,8.34,64.89,8.657458,2.1397827,0.12,24.44,16.62082,13.213512,4.776592,220.25256,1.615,3.6984832,37.33566,3.91,17.55803,1.0683055,89.912155,14.2,3.8695529,6.725632,0.735,2.3386023,18.134148,2.45,2.9592962,33.46922,51.80694,10.3,2.17,13.868788,0.73,1.880255,10.296561,19.25676,0.395,7.81,1.525,306.23163,19.018309,19.888159,3.15,1.195,18.876348,1.5920602,3.4292653,12.81,10.12131,21.08837,4.1853275,228.84422,14.594113,2.141252,37.86109,103.94804,38.506496,2.3787725,4.404765,0.655,4.203262,3.1139421,3.524238,5.729278,4.44,23.551502,11.45,51.275764,15.894059,5.2213645,0.13,25.640223,2.9656532,7.1085477,3.03,4.31,1.9381388,41.33809,2.1221347,1.92,1.636276,7.2051196,0.14,13.867049,19.477856,0.7270606,13.244294,5.223872,4.643104,23.95,40.182335,3.6674526,20.73,5.7,7.8646564,2.5962968,2.3535452,2.1570382,4.8739204,,3.1627262,2.34,32.19612,22.642927,4.41,80.181435,2.8172798,5.984617,12.676462,30.327396,2.3291836,110.51978,176.5,105.68,6.0298996,3.08
2025-07-04,33.11,0.245,7.646431,46.659416,3.8233807,6.8,9.24389,6.9530745,24.827631,0.69,66.585014,17.046177,4.6805067,70.25066,1.3700612,30.621494,29.002817,7.9319696,7.88484,17.371147,33.091293,3.5284781,5.89,65.935196,33.115513,2.9843254,3.6722054,12.143704,5.2994103,0.925,37.181473,34.412792,4.09,7.2099314,1.2644824,29.720495,22.504803,3.426585,22.755611,35.733818,5.8,170.10863,13.594391,19.216486,7.6262465,18.88818,4.3562465,2.9889808,8.761089,3.9345794,9.350546,1.6753656,7.5439916,295.07852,20.23114,37.93243,2.7454998,3.688214,0.165,9.69,236.91782,14.71,2.94,2.700179,5.35,4.0741916,,3.1234672,4.302597,17.252762,2.6508832,6.2081,2.35,3.5498312,7.3683314,5.0,6.563002,1.69,35.232864,3.9500372,6.2145567,2.5500002,3.96,2.63,7.612135,15.863834,2.83,1.07884,12.714512,15.35829,33.363583,5.0695744,6.9,4.23,34.718678,7.2592974,2.8419383,4.8712354,2.1397707,27.667059,1.2077488,3.349825,0.73,4.20732,91.05198,5.1612673,8.111234,4.0639024,3.91,9.746824,4.26,3.760407,2.6014788,5.235486,3.3638175,4.288793,4.38,7.55181,105.45405,1.615,42.81,3.2,1.832474,2.3804576,3.642072,7.04,5.0484676,149.94,29.7489,,0.755,8.27,64.88,8.694142,2.1492927,0.12,24.96,16.736778,13.020331,4.8150353,221.99675,1.63,3.753822,37.565952,3.85,17.56768,1.0650184,90.30921,14.28,3.7462583,6.7831163,0.73,2.3386023,17.968048,2.47,2.9207387,33.666214,52.155304,10.38,2.17,13.819572,0.74,1.9088882,10.306086,19.178837,0.41,7.73,1.515,306.72974,19.289463,20.566603,3.23,1.22,19.38398,1.5581867,3.3998716,12.86,10.092692,21.15389,4.1853275,228.69614,14.357452,2.1506848,38.467964,102.580925,39.051636,2.3298266,4.3464236,0.645,4.2130823,3.0360935,3.5615315,5.7774234,4.5,23.668383,11.33,50.71338,15.805486,5.2876973,0.13,25.936255,2.9755387,7.2121153,2.96,4.29,1.8904015,41.55263,2.1036813,1.89,1.636276,7.186405,0.145,13.933172,19.683773,0.722181,13.062996,5.078225,4.652717,24.19,39.935513,3.6606102,20.89,5.7,7.9036384,2.5962968,2.3721502,2.215075,4.9027033,,3.0957901,2.33,32.34037,22.699533,4.45,80.832924,2.8272,5.856446,12.801401,30.51214,2.3198295,111.73582,178.01,104.48,5.922918,3.05
2025-07-07,33.17,0.24,7.4578633,46.371704,3.8431911,6.52,9.179503,6.9235706,25.02122,0.67,66.408295,17.154064,4.7264843,70.58003,1.3748684,30.514084,28.82107,7.821548,7.9131355,17.626884,32.908363,3.4906392,5.88,66.65487,33.28046,3.012838,3.6864665,12.13421,5.222047,0.94,37.05667,34.087395,3.99,7.2007236,1.2597641,29.503267,22.803745,3.407601,22.502445,36.02568,5.82,169.92705,13.594391,19.127476,7.645218,18.956722,4.3172646,2.979492,8.518803,3.9158432,9.241008,1.6848309,7.458588,294.83344,20.347246,38.34318,2.7266304,3.650675,0.155,9.55,242.01219,14.92,2.75,2.7489188,5.17,4.131173,,2.9419813,4.322199,17.525072,2.6604877,6.18879,2.46,3.5498312,7.4166164,4.9,6.563002,1.705,35.27136,3.9787297,6.1577163,2.4,3.84,2.61,7.4464417,15.660078,2.83,1.0934849,12.898081,15.367695,32.8506,5.0396943,6.72,4.16,34.56019,7.2404175,2.798216,4.8903384,2.057472,28.370626,1.1890241,3.4600165,0.73,3.9569993,93.58258,5.151745,7.9799542,4.004863,3.97,10.052645,4.23,3.7405632,2.5617616,5.17655,3.3733196,4.416273,4.25,7.445036,105.14733,1.61,43.63,3.14,1.8421695,2.3214378,3.6324623,,5.0207796,151.26,29.642273,,0.715,8.14,63.97,8.529064,2.1302726,0.12,24.46,16.736778,13.029991,4.834257,221.51225,1.615,3.8183837,37.4604,3.91,17.538723,1.0683055,89.614365,14.02,3.784195,6.7926974,0.725,2.3288174,16.41453,2.46,2.90146,34.158695,52.215023,10.3,2.14,13.652241,0.69,1.8850272,11.001413,19.208057,0.405,7.68,1.45,308.81186,19.224012,20.17892,3.06,1.165,19.6848,1.5581867,3.380276,12.8,10.197625,21.29429,4.175572,229.01202,14.318009,2.1506848,38.546272,102.41121,38.853405,2.3200371,4.278359,0.625,4.193441,3.0166314,3.5335615,5.8063107,4.64,23.863184,11.12,51.2067,15.913743,5.2592688,0.13,25.773914,2.9854243,7.296853,2.84,4.15,1.8474377,41.513622,2.1313612,1.895,1.6216664,7.214477,0.15,13.961511,19.749292,0.722181,12.938951,5.068515,4.652717,24.05,40.13297,3.6674526,21.11,5.6,7.9523664,2.4680846,2.3628476,2.2054021,4.9122977,,3.1041572,2.29,32.19612,22.520279,4.49,79.56827,2.71808,5.905742,12.695684,30.570482,2.3198295,112.05478,178.58,105.43,5.96182,3.08
2025-07-08,33.41,0.25,7.1750116,45.568085,3.8729064,6.42,8.949556,6.8055553,24.653402,0.7,66.60465,17.046177,4.643725,70.62709,1.3892902,29.889156,28.897594,7.867557,7.8659773,17.740543,32.60027,3.4717197,5.73,67.241974,32.824432,2.9938295,3.7292495,12.181683,5.1156716,0.965,36.711067,33.821163,3.96,7.2467637,1.2975098,29.374907,22.91585,3.3601415,22.667976,36.25917,6.09,171.33188,13.632363,18.820883,7.664188,18.809845,4.2198095,2.960514,8.673865,3.8783712,9.609453,1.6659002,7.4111414,295.57852,20.06666,38.54378,2.7077608,3.6412904,0.145,9.57,240.02129,15.05,2.64,2.7294228,5.58,4.2261424,,2.9897408,4.322199,17.943262,2.6508832,6.1598253,2.56,3.5682244,7.474559,4.97,6.4781356,1.75,35.223236,3.9596012,6.0535088,2.4,3.93,2.71,7.641375,15.727996,2.84,1.1130114,12.820788,15.264239,33.37345,5.089494,6.75,4.28,34.61962,7.136578,2.8069606,4.8330297,2.030039,27.934614,1.1749805,3.489401,0.74,3.745189,95.15055,5.113654,8.017463,3.8572633,3.95,9.855341,4.31,3.859626,2.6213377,5.1274366,3.3638175,4.388956,4.32,7.3091426,105.118576,1.61,42.82,3.1,1.8712565,2.4788234,3.670901,,5.0023212,152.28,29.797365,,0.71,8.25,64.35,8.684972,2.092232,0.12,24.21,16.843075,12.827152,4.824646,221.8417,1.59,3.753822,37.700287,3.94,17.461502,1.0584443,91.78822,13.88,3.6988373,6.7831163,0.72,2.3092473,16.55132,2.43,2.882181,34.1784,51.916424,10.48,2.04,13.68177,0.745,1.9279771,10.896638,19.305462,0.42,7.74,1.48,313.01596,18.784554,20.014154,3.26,1.135,19.53439,1.5678648,3.458659,12.84,10.30256,21.172611,4.1365476,233.13818,13.805243,2.1318192,38.448387,102.00579,38.992165,2.4179292,4.4339356,0.685,4.203262,2.958245,3.4869447,5.767794,4.57,23.833963,11.58,50.456852,16.110575,5.23084,0.13,25.68797,2.9557676,7.259192,2.96,4.16,1.8522116,41.201565,2.112908,1.95,1.636276,7.233192,0.14,13.952065,19.627613,0.7416994,12.910324,5.117064,4.671943,24.04,40.56737,3.681137,21.23,5.51,7.8646564,2.6604028,2.3256376,2.215075,4.9410806,,3.087423,2.41,32.18651,22.491974,4.52,79.989815,2.8371198,5.747993,12.77257,30.162098,2.3104753,112.553154,178.4,106.33,5.903466,3.04
2025-07-09,33.01,0.23,6.882731,46.55028,3.9422424,6.59,9.041535,6.7268786,25.369677,0.7,66.76174,16.957907,4.6529202,71.238785,1.3989047,29.479046,28.75411,7.821548,7.8659773,18.204659,33.023895,3.4149613,5.78,67.402954,32.484833,2.9938295,3.6436834,12.172188,5.038308,0.915,36.336655,33.40703,3.66,7.237556,1.2739187,29.473646,22.962559,3.3411577,22.531656,36.21053,5.95,170.96873,13.82223,18.543959,7.6262465,18.721722,4.229555,2.960514,8.838621,3.8502672,9.221092,1.6517022,7.4016523,297.11768,19.640944,37.989746,2.6888914,3.6131358,0.155,9.28,237.84496,15.06,2.77,2.7391708,5.32,4.2166457,,3.0088446,4.322199,18.2642,2.679697,6.217755,2.59,3.6142066,7.522844,4.81,6.449847,1.62,34.94415,3.9213443,6.176663,2.5500002,3.74,2.85,7.105309,15.81532,2.76,1.0739584,12.8787565,15.236026,33.146553,5.079534,6.55,4.04,33.708317,7.1176987,2.7807271,4.7852726,2.0208948,28.281443,1.1609368,3.628977,0.74,3.6585393,93.8406,5.1612673,7.923691,3.9950225,3.95,9.786284,4.39,3.889392,2.6114082,5.107791,3.3923242,4.4800134,4.3,7.4062095,104.39012,1.61,42.47,3.18,1.8421695,2.3509479,3.6805105,4.42,5.0023212,153.7,30.495287,,0.75,8.28,63.74,8.739998,2.0732117,0.115,24.61,16.89139,12.682267,4.824646,216.30875,1.575,3.7169294,37.70988,3.99,17.741426,1.0880281,86.815155,14.18,3.7557425,6.7735357,0.715,2.2603226,15.994398,2.43,2.882181,34.592083,51.81689,10.12,2.05,13.524282,0.695,1.9661548,11.077614,19.870403,0.405,7.1,1.505,313.49414,18.943508,19.965694,2.93,1.135,19.647196,1.5872211,3.380276,12.8,10.331178,21.228771,4.1365476,231.99313,13.755938,2.1129537,38.301567,101.44008,38.89305,2.2906697,4.1811237,0.64,4.0755925,2.938783,3.4589744,5.729278,4.54,23.609943,11.18,49.904335,16.149939,5.155031,0.125,25.764364,2.8569126,7.268607,3.02,3.86,1.9572338,40.713974,2.1313612,1.865,1.6460159,7.233192,0.145,14.282682,19.477856,0.746579,12.79582,5.214162,4.681556,25.39,39.85653,3.7290328,21.41,5.46,7.8159294,2.5001376,2.33494,2.2054021,4.950675,,3.3468,2.25,32.40769,22.642927,4.58,79.45329,2.6784,5.856446,12.695684,30.006523,2.2917671,112.044815,177.67,103.27,5.932643,2.99
2025-07-10,32.8,0.235,6.9393015,46.44115,4.0412936,6.46,9.02314,6.736713,25.050257,0.67,67.12501,17.016754,4.708093,70.76825,1.4037119,29.430223,28.974121,7.858355,7.8659773,18.356207,33.06241,3.4528003,5.85,67.79119,32.979675,3.012838,3.7007275,12.257641,5.1253424,0.945,36.768665,33.19996,3.56,7.2928042,1.2786369,29.93772,22.943874,3.3696334,22.872456,35.899208,5.97,172.37357,14.050069,18.56374,7.6926436,18.995888,4.3367558,2.9984696,8.770781,3.8877394,9.410294,1.6800982,7.4490986,296.81378,19.853804,38.792145,2.7171957,3.6319053,0.145,9.15,236.57625,15.09,2.83,2.7684147,5.2,4.2736273,,2.8942218,4.322199,17.534798,2.7181156,6.323959,2.67,3.6509924,7.5518155,4.79,6.5347133,1.615,35.569695,3.8926516,6.2335033,2.6999998,3.69,2.9,7.358722,15.81532,2.81,1.117893,12.830449,15.527578,32.751953,5.1193733,6.47,4.12,34.01539,7.136578,2.8069606,4.852133,1.9751731,27.67697,1.1702993,3.6510153,0.745,3.7548168,93.23524,5.227926,7.970577,3.8966231,3.93,9.924398,4.52,3.9489233,2.6411963,5.0979686,3.4208312,4.589282,4.31,7.474156,105.894966,1.605,42.28,3.18,1.803387,2.4591503,3.69973,4.83,4.956174,152.16,32.046227,,0.8,8.29,62.23,8.831708,2.092232,0.115,25.51,17.026676,12.4214735,4.8823113,217.1324,1.645,3.7169294,38.13208,3.95,18.195099,1.084741,89.6243,14.61,3.7557425,6.8597617,0.73,2.2798924,16.238663,2.49,2.9207387,33.745007,51.796986,9.66,2.09,13.376637,0.725,2.0043325,11.125239,19.958067,0.43,6.96,1.525,316.4928,18.887407,20.333994,3.03,1.14,19.6848,1.6210947,3.4880526,12.98,10.312099,21.490852,4.175572,231.09485,13.331921,2.1318192,37.11718,102.41121,38.585793,2.3494048,4.3464236,0.655,4.1148753,2.958245,3.496268,5.7196493,4.44,23.454102,11.1,49.993126,16.307404,5.2024117,0.13,25.87896,2.8173704,7.4192524,2.97,3.97,1.9381388,40.626205,2.1590414,1.905,1.641146,7.233192,0.155,14.4243765,19.271938,0.7514586,12.929408,5.214162,4.6911693,24.47,39.98488,3.7221906,21.8,5.51,7.8159294,2.5321908,2.3628476,2.1763837,5.0082407,,,2.32,32.571167,22.642927,4.61,79.76946,2.74784,5.895883,12.849455,30.298225,2.3104753,111.95511,176.41,104.66,6.010448,2.91
2025-07-11,32.3,0.235,6.8733025,46.957054,4.0412936,6.55,8.811588,6.6777053,25.079296,0.66,66.388664,16.977522,4.643725,70.203606,1.4037119,29.410696,29.012383,7.9411716,7.818819,18.365679,33.1972,3.4055016,5.71,67.13781,32.92146,3.0223422,3.7363796,12.162694,4.980285,0.915,37.786285,32.992893,3.49,7.283596,1.2786369,30.036459,22.943874,3.312682,22.804295,36.24944,5.8,171.46568,13.955135,18.316486,7.664188,18.731512,4.4829383,2.9700031,8.6835575,3.8127952,9.191217,1.6564349,7.392163,297.51962,19.79575,39.002296,2.7077608,3.566212,0.155,8.82,235.1221,15.38,2.81,2.8074067,4.87,4.3021183,,2.8560145,4.302597,17.748755,2.7277203,6.468782,2.77,3.742957,7.4842157,4.61,6.496995,1.615,35.088505,3.9596012,6.2050834,2.6999998,3.59,2.9,7.2515087,15.747402,2.8,1.0544318,12.849772,15.969611,32.209373,5.079534,6.59,4.02,33.421062,7.1460185,2.771983,4.7852726,1.9751731,27.082403,1.1609368,3.6804,0.755,3.6104007,93.989456,5.246971,7.923691,3.7687037,4.0,9.77642,4.6,4.8518176,2.6511254,5.058678,3.4018266,4.625705,4.98,7.386796,103.68083,1.6,42.9,3.9,1.7839959,2.5083332,3.6805105,4.57,4.836192,152.14,31.25137,,0.81,9.67,61.89,8.8959055,2.0541914,0.115,27.49,17.190952,12.46011,4.834257,213.96378,1.655,3.707706,38.00734,3.92,17.837952,1.0715926,89.842674,14.57,3.8505843,6.869343,0.735,2.2798924,15.877151,2.46,2.978575,33.912457,51.81689,9.89,2.06,13.38648,0.66,2.013877,11.191914,19.889885,0.43,6.93,1.55,316.1441,18.868706,20.440607,2.89,1.14,19.656597,1.6549685,3.468457,12.94,10.331178,21.228771,4.175572,229.20944,13.282616,2.1223865,37.08782,104.74945,38.7642,2.310248,4.317253,0.66,4.1639786,3.0263624,3.449651,5.6618752,4.42,23.366442,11.0,50.091793,16.464869,5.126602,0.125,25.993551,2.827256,7.428667,2.98,4.0,2.0145187,40.284893,2.140588,1.88,1.6314062,7.1676908,0.155,14.518838,19.16898,0.7563382,12.767194,5.185033,4.66233,24.09,38.987724,3.7427173,21.79,5.32,7.8159294,2.5001376,2.3256376,2.166711,4.9122977,,2.911716,2.26,32.51347,22.614622,4.8,79.242516,2.728,6.0536323,12.8878975,30.239885,2.2824128,111.79563,173.83,103.65,6.0493507,2.86
2025-07-14,32.63,0.24,6.8073034,45.94509,4.0313888,6.54,8.80239,6.6383667,25.234165,0.68,65.760315,17.12464,4.643725,69.215485,1.4229407,29.322815,28.773243,7.876759,7.8376827,18.337265,32.995014,3.4528003,5.63,66.47495,32.96027,3.0413506,3.7221186,12.067747,4.931933,0.905,38.14149,32.835125,3.56,7.237556,1.2786369,29.335411,23.009268,3.3221738,22.716661,36.482933,5.76,170.79672,13.93615,18.61319,7.6167607,18.760887,4.4926844,2.960514,8.576952,3.8127952,9.310715,1.6564349,7.325738,295.2746,19.786076,37.827354,2.7266304,3.5755968,0.155,8.86,235.78574,15.44,3.06,2.7879105,4.97,4.349603,,2.7891512,4.322199,17.807106,2.737325,6.478437,3.24,3.788939,7.4842157,4.58,6.553572,1.68,35.050007,3.9309087,6.129296,2.6999998,3.68,3.35,7.387962,15.81532,2.77,1.0544318,12.849772,15.894371,32.041668,5.0695744,6.75,4.12,33.520115,7.0138593,2.7894716,4.7852726,1.9843175,27.122042,1.1562557,3.7391686,0.75,3.5815175,93.78106,5.246971,7.9330683,3.6998239,4.0,9.717229,4.77,4.712911,2.670984,5.0685005,3.4303334,4.616599,4.94,7.445036,104.36137,1.565,41.25,3.88,1.7985393,2.557516,3.69973,4.15,4.7254395,146.71,30.41774,,0.835,10.0,67.85,8.941761,2.0637016,0.115,27.9,17.26826,12.5567,4.8630896,214.4192,1.67,3.707706,38.055313,3.74,17.693163,1.0913152,91.33161,14.36,3.8695529,6.9076653,0.76,2.2896774,16.150726,2.43,2.9496567,33.833656,51.916424,9.97,2.11,13.327422,0.705,1.9756992,11.087139,19.938587,0.425,7.13,1.65,315.8054,18.859356,20.295225,2.96,1.15,19.637794,1.6646466,3.5174463,12.8,10.235784,21.23813,4.2048397,230.95665,13.016372,2.1223865,37.371677,105.35287,38.13977,2.3885617,4.404765,0.67,4.085413,2.8706656,3.4403276,5.6811333,4.22,23.33722,11.05,49.68727,16.41566,5.155031,0.125,26.0222,2.7778285,7.3627605,2.96,4.17,2.0527089,40.050846,2.1313612,1.94,1.6314062,7.2051196,0.155,14.462161,19.2813,0.7416994,12.776736,5.214162,4.671943,23.45,38.82976,3.7358751,21.47,5.21,7.6892366,2.5642438,2.316335,2.166711,4.9410806,,3.01212,2.3,32.273056,22.70897,4.78,78.993416,2.80736,6.0339136,12.830234,30.14265,2.2824128,110.34037,172.58,98.67,6.039625,2.78
2025-07-15,35.23,0.25,6.8073034,44.982735,4.0313888,6.73,8.783995,6.628532,25.756853,0.665,66.53593,17.438496,4.625334,69.63897,1.4710131,29.332579,28.974121,8.042392,7.8376827,18.37515,32.744686,3.4433405,5.83,67.09993,33.290165,3.012838,3.7149885,12.200673,4.9416037,0.925,37.815083,32.93373,3.68,7.2651796,1.2833552,29.118185,22.54217,3.3316658,22.930878,36.34673,5.86,171.7906,14.353854,18.84066,7.787498,19.025263,4.424465,2.9510252,8.528494,3.8034267,9.4800005,1.6611675,7.3447165,294.83344,19.79575,38.180794,2.7360651,3.6037512,0.16,8.8,244.6277,15.56,3.24,2.7879105,5.02,4.321112,,2.9324293,4.3123984,17.408367,2.7469294,6.5942955,3.72,3.7797427,7.4359303,4.59,6.544143,1.765,34.95377,3.9691656,6.110349,2.85,3.74,3.72,7.5049214,15.960861,2.74,1.0934849,12.888419,15.781513,32.02194,5.318571,6.92,4.21,33.896523,7.098819,2.8331938,4.8139267,2.0391834,26.755394,1.1562557,3.842014,0.75,3.6200283,99.80488,5.2184033,7.9799542,3.670304,3.95,9.746824,4.79,4.6434574,2.7206306,5.0292096,3.4398358,4.625705,4.95,7.5615163,103.3837,1.605,41.04,3.89,1.8421695,2.4296405,3.6516817,4.47,4.780816,149.08,31.02842,,0.825,10.01,67.8,8.978445,2.082722,0.12,27.61,17.48085,12.769198,4.911144,217.43279,1.7,3.7218757,38.00734,3.82,17.71247,1.1110377,92.34409,14.59,3.8695529,6.9459877,0.75,2.2994623,16.39499,2.36,3.046051,35.271713,52.56339,10.26,2.11,13.603026,0.68,2.0425105,11.277639,20.26002,0.445,7.69,1.575,323.51624,18.59755,21.089977,3.06,1.165,19.741201,1.6791638,3.5762339,12.76,10.397953,21.481495,4.1463037,231.42061,13.095259,2.141252,37.53808,103.97632,38.407383,2.4766643,4.4922767,0.65,4.144337,2.8901277,3.4589744,5.7196493,4.29,23.609943,11.04,50.04246,16.455027,5.136079,0.12,26.0413,2.70863,7.4192524,2.97,4.26,2.0145187,40.138615,2.1867213,2.01,1.6460159,7.242549,0.15,14.367699,19.25322,0.7563382,12.776736,5.2627115,4.7584605,23.82,39.85653,3.7564018,21.66,5.21,7.757456,2.5962968,2.3256376,2.166711,4.9986467,,2.920083,2.39,32.494236,22.822184,4.68,79.213776,2.8272,6.014195,12.916729,30.463524,2.2824128,112.284035,174.56,103.6,6.0298996,2.83
2025-07-16,35.41,0.26,6.9204445,43.444946,4.051199,6.7,8.710411,6.667871,25.592304,0.675,65.38723,17.310991,4.5977473,68.133255,1.4421697,29.381401,28.811506,8.023988,7.809387,18.308847,32.821712,3.4528003,5.91,66.56018,33.251354,3.0033338,3.7078578,11.953811,4.9222627,0.905,37.54628,32.756245,3.8,7.1362667,1.2786369,29.424276,22.177834,3.3221738,22.78482,36.42456,6.05,169.69771,14.163988,18.939562,7.654702,19.084013,4.3659925,2.960514,8.576952,3.7846909,9.360503,1.6469696,7.373184,294.27466,19.728024,38.20945,2.7360651,3.5755968,0.16,8.7,241.49495,15.6,3.41,2.7781625,4.87,4.2831244,,2.9801888,4.3123984,17.466719,2.7277203,6.555676,3.86,3.7337604,7.3779883,4.68,6.4781356,1.84,34.992268,3.9500372,6.062982,2.85,3.69,3.7,7.329482,15.980266,2.69,1.1032481,12.898081,15.856752,32.327755,5.258812,6.78,4.06,33.83709,7.032739,2.7807271,4.7661695,2.0026062,27.558056,1.1702993,3.8052835,0.755,3.5815175,98.46515,5.227926,7.9049373,3.729344,3.85,10.141432,4.73,4.841896,2.6114082,5.0095644,3.4113288,4.561965,5.15,7.4644494,103.37411,1.56,39.69,3.89,1.8421695,2.4099672,3.6324623,4.76,4.697752,147.09,31.212597,,0.825,10.01,67.25,8.859221,2.0637016,0.12,27.4,17.490513,13.570895,4.901533,215.75642,1.725,3.6746438,36.721554,3.87,17.857258,1.1011764,87.05339,14.76,3.8790371,6.9459877,0.74,2.2896774,16.043251,2.33,2.9978538,35.24216,52.56339,10.24,2.27,13.858944,0.67,2.013877,11.153814,20.211319,0.435,7.94,1.545,328.88593,18.709753,21.148129,3.01,1.195,19.55319,1.630773,3.5174463,12.6,10.474268,21.26621,4.1170354,233.12833,13.065676,2.1223865,37.44998,104.2026,38.556057,2.4375074,4.3464236,0.655,4.055951,2.802548,3.4403276,5.690762,4.34,23.37618,11.03,49.8254,16.140099,5.1455545,0.12,26.05085,2.7185154,7.3250995,2.88,4.23,2.0240662,40.041096,2.2144015,1.98,1.641146,7.233192,0.15,14.254344,19.15962,0.7368198,12.690858,5.2335815,4.7392344,24.03,39.866405,3.8179822,21.72,5.2,7.757456,2.5321908,2.3256376,2.1860566,4.9890523,,2.970285,2.31,32.023026,22.803314,4.77,79.2521,2.76768,6.004336,12.811012,30.249609,2.2824128,112.97179,176.11,101.21,5.9812717,2.85
2025-07-17,35.8,0.25,7.127869,44.189037,4.100724,6.67,8.80239,6.9530745,26.202105,0.65,65.78977,17.50715,4.7540708,68.886116,1.4710131,29.79151,29.12717,8.106805,7.828251,18.555113,32.92762,3.4906392,6.06,67.55446,33.28046,3.060359,3.6365528,12.029768,5.0092964,0.915,37.54628,32.92387,3.81,7.2007236,1.2880734,30.016712,22.514145,3.3601415,22.940615,35.36412,5.98,172.7845,14.192468,19.532969,7.7969837,19.436514,4.424465,2.9700031,8.615717,3.8690033,9.350546,1.6848309,7.487056,301.11755,19.786076,39.355736,2.773804,3.6225207,0.165,8.61,242.41232,15.68,3.48,2.8074067,4.71,4.2071486,,3.0279484,4.3123984,17.79738,2.7469294,6.6232605,3.51,3.76135,7.5904436,4.55,6.5818615,1.84,35.415714,3.9500372,6.100876,2.85,3.66,3.7,7.2904954,16.125807,2.71,1.1032481,12.733835,15.903776,33.107094,5.238892,6.72,3.95,34.11444,7.0044193,2.798216,4.8425813,2.0391834,27.072495,1.1749805,3.8126297,0.78,3.629656,101.63088,5.35172,7.9611998,3.670304,3.94,10.319006,4.83,4.970881,2.6908426,5.215841,3.3923242,4.6530223,5.34,7.52269,103.51788,1.6,40.7,3.9,1.8470174,2.3509479,3.670901,4.57,4.836192,151.47,31.74573,,0.84,9.72,68.56,9.033471,2.1302726,0.115,27.75,17.89637,13.937938,4.9495873,217.60721,1.79,3.7124293,37.13416,3.92,18.127531,1.117612,88.46292,14.84,3.8885212,7.022633,0.755,2.2994623,15.965086,2.37,3.007493,35.744495,53.14068,10.56,2.38,13.799887,0.64,2.013877,11.306214,20.328203,0.44,7.86,1.575,329.23462,18.868706,21.51643,3.0,1.22,19.929214,1.6452903,3.4978507,12.61,10.531506,21.406614,4.1950836,234.6485,13.045954,2.1601176,38.066647,104.74945,39.170574,2.40814,4.2978063,0.65,4.144337,2.7733545,3.5055914,5.767794,4.51,23.532022,10.89,49.420876,16.208988,5.2024117,0.12,26.108145,2.748172,7.409837,2.95,4.27,2.0431614,40.10936,2.1867213,1.945,1.641146,7.270621,0.145,14.244898,19.243858,0.7612178,12.948492,5.2627115,4.768074,24.58,39.88615,3.81114,22.17,5.2,7.8451657,2.5321908,2.3442426,2.2054021,4.9986467,,2.9953861,2.22,32.40769,22.784445,4.83,79.90359,2.71808,6.063492,12.811012,30.132927,2.3104753,113.47017,179.13,106.4,6.0298996,2.83
2025-07-18,37.11,0.265,7.288152,45.468872,4.080914,6.79,8.949556,6.894067,26.405373,0.65,66.89919,17.762156,4.7356796,69.49781,1.4758203,30.279736,29.481094,8.097603,7.809387,18.54564,33.177944,3.5190184,6.03,68.19837,33.92084,3.0888717,3.6650748,12.200673,5.0092964,0.92,38.6791,33.308422,3.77,7.2651796,1.2880734,30.648643,22.775719,3.3506496,23.106146,36.706696,6.24,174.37091,14.363347,20.017584,7.9297786,19.769432,4.5803933,2.9889808,8.586642,3.859635,9.360503,1.7037616,7.5914383,304.11743,19.92153,39.632755,2.7832386,3.6412904,0.165,8.73,251.18599,16.14,3.89,2.8074067,4.9,4.2356396,,3.0948117,4.3123984,17.768206,2.7757437,6.6908445,3.43,3.7521534,7.696671,4.42,6.6101503,1.815,35.155872,3.8543947,6.280871,3.3,3.75,3.56,7.3684688,16.242237,2.79,1.1081297,12.927065,15.988421,33.02817,5.5277286,6.67,3.93,34.639435,6.9760995,2.798216,4.8712354,2.0757606,27.359869,1.1749805,3.7979376,0.78,3.706678,104.78668,5.380288,7.9799542,3.7195039,4.17,10.447254,4.94,5.218929,2.6610548,5.1569047,3.4303334,4.7076564,5.3,7.483863,103.038635,1.615,41.0,3.91,1.8712565,2.4198039,3.6516817,4.65,4.8546515,151.32,32.831383,,0.925,9.99,68.73,9.088497,2.1397827,0.115,29.08,18.002665,14.131117,4.824646,220.33008,2.41,3.731322,37.60433,3.83,18.677727,1.1241862,88.383514,15.39,3.8505843,7.032214,0.765,2.2994623,16.140957,2.45,3.0556903,36.57187,53.59853,10.5,2.52,14.016432,0.66,2.0329661,11.43004,20.435347,0.435,7.82,1.71,326.74405,19.11181,22.320871,3.0,1.26,19.85401,1.6549685,3.5272443,12.7,10.588742,21.668695,4.2633758,236.96822,13.045954,2.1601176,38.017704,106.644554,39.45801,2.4570858,4.3464236,0.655,4.1836205,2.812279,3.5055914,5.7774234,4.61,23.687862,10.95,50.920574,16.33693,5.2497926,0.125,26.36598,2.7778285,7.4569135,3.03,4.36,2.0718038,40.616455,2.1498146,2.0,1.6265364,7.298693,0.16,14.235451,19.309378,0.7807362,13.062996,5.243292,4.768074,25.26,40.51801,3.8453512,22.64,5.12,7.9328756,2.5321908,2.3442426,2.224748,5.0658073,,3.0372212,2.25,32.994293,23.020308,4.9,81.024536,2.74784,6.0832105,12.686073,30.638546,2.3011212,114.80582,181.0,109.73,5.6797767,3.05
2025-07-21,37.52,0.265,7.3164377,46.87768,4.080914,6.6,8.958755,6.9530745,26.347294,0.65,65.9763,17.624844,4.744875,68.55674,1.6200372,29.937977,28.744545,8.023988,7.7810926,17.88262,32.725433,3.4811795,6.17,66.75903,33.018486,3.060359,3.6080308,11.849369,4.960944,0.905,38.842304,32.90415,3.83,7.034978,1.2975098,30.21419,22.757036,3.3316658,23.037985,36.045135,6.17,169.98439,14.173482,20.126377,7.853895,19.309221,4.69734,2.9700031,8.596334,3.840899,9.151386,1.7084942,7.487056,303.2253,19.718348,39.174236,2.7454998,3.6037512,0.17,8.8,249.16579,15.79,3.91,2.7976584,4.88,4.2451363,,3.0852597,4.3123984,17.63205,2.7853482,6.6425705,3.66,3.788939,7.4552445,4.5,6.6007204,1.84,35.406094,3.8735232,6.2998176,3.3,3.68,3.42,7.2807484,15.883241,2.79,1.1423011,12.540605,16.223545,33.45237,5.36837,6.72,3.87,34.36208,6.96666,2.771983,4.8234787,2.0391834,27.221136,1.1702993,3.6730537,0.77,3.629656,102.84159,5.3326745,7.867429,3.5915844,3.93,10.358467,4.97,5.318148,2.6610548,5.1274366,3.3923242,4.689445,,7.347969,101.514626,1.555,40.37,3.89,1.9051912,2.370621,3.670901,4.64,4.780816,148.27,32.49212,,1.03,10.13,68.79,8.996787,2.1207623,0.12,29.99,17.78041,13.7544155,4.824646,217.20021,2.31,3.6935365,36.702366,3.8,18.339886,1.117612,88.800415,15.17,3.9454262,7.003472,0.765,2.2994623,15.906463,2.49,3.0364115,35.902092,51.96619,10.76,2.42,13.996746,0.665,2.0043325,11.43004,20.24054,0.44,8.0,1.78,320.29843,18.691051,21.148129,3.33,1.23,19.23357,1.688842,3.458659,12.65,10.426572,21.25685,4.2926435,236.48454,12.967067,2.1318192,37.36189,107.91739,39.368805,2.40814,4.1811237,0.635,4.1737995,2.938783,3.4776213,5.7196493,4.58,23.668383,11.12,51.068565,16.140099,5.2024117,0.12,26.069946,2.7185154,7.278023,3.06,4.39,2.1481836,40.02159,2.1774948,1.965,1.6314062,7.3174076,,14.103205,19.028584,0.7660974,13.005744,5.214162,4.7392344,24.98,39.589962,3.7700865,22.54,5.13,7.8841476,2.5321908,2.316335,2.1957295,4.9986467,,3.397002,2.21,31.801844,23.350517,4.78,80.238914,2.70816,6.329694,12.5130825,30.36629,2.3011212,117.02857,179.76,122.0,5.913192,3.0
2025-07-22,37.67,0.255,7.391865,47.423347,4.189871,6.2,9.096724,6.8350587,26.027874,0.655,66.17267,17.546381,4.708093,68.50969,1.6200372,29.654808,28.524538,7.996382,7.818819,17.674242,32.45585,3.500099,6.16,66.60752,32.61097,3.0983758,3.5723786,11.602508,4.9706144,0.93,39.85032,32.42099,3.89,6.933689,1.2927916,29.967342,23.476368,3.3506496,22.833508,35.83111,6.09,164.77602,14.610173,20.185717,7.853895,19.299429,4.940978,2.979492,8.6835575,3.8315313,9.569621,1.7084942,7.325738,304.14685,19.766726,39.336628,2.7832386,3.6225207,0.185,9.02,257.59787,15.66,4.19,2.8074067,5.03,4.311615,,3.066156,4.3123984,17.943262,2.7853482,6.652225,3.71,3.8441176,7.426274,4.54,6.6478686,1.84,35.213615,3.8735232,6.432445,3.3,3.86,3.41,7.4854283,15.640674,2.77,1.1423011,12.559928,16.750221,32.929523,5.4380894,6.99,4.07,34.758297,6.96666,2.7894716,4.8234787,2.030039,26.953583,1.1749805,3.7758992,0.77,3.5815175,104.18133,5.380288,7.7361484,3.5915844,4.41,10.171028,5.22,5.1395535,2.9092875,5.1667275,3.325808,4.716762,,7.2023687,100.91077,1.54,39.75,3.91,1.8761042,2.4689867,3.6132429,4.57,4.780816,147.44,31.270754,,0.965,10.12,68.9,9.097669,2.1207623,0.115,30.93,18.050982,13.976573,4.7958136,217.69441,2.28,3.6746438,35.71404,3.83,18.339886,1.1274732,91.321686,15.75,4.068721,7.003472,0.77,2.2994623,16.111645,2.54,3.074969,35.98089,51.17988,10.67,2.4,13.996746,0.7,1.994788,11.496715,20.71782,0.45,8.17,1.875,327.013,18.588198,21.47766,3.75,1.24,19.36518,1.7130375,3.5958297,12.59,10.397953,21.303652,4.2536197,235.14206,12.898041,2.141252,37.107395,111.55675,39.814823,2.6039238,4.2978063,0.66,4.124696,2.967976,3.4776213,5.671504,4.57,23.561243,11.16,51.74935,16.09089,5.211888,0.12,26.308681,2.7382865,7.2403617,3.12,4.25,2.3104908,39.66077,2.140588,2.13,1.636276,7.364194,0.135,13.98985,18.963064,0.7660974,12.948492,5.2335815,4.729622,25.12,39.77755,3.7427173,22.79,5.03,7.8451657,2.6283498,2.316335,2.1860566,4.9890523,,3.3886352,2.4,31.397953,23.444864,4.82,79.616165,2.8371198,6.645192,12.5130825,30.269054,2.2917671,118.663246,180.85,119.44,6.2244124,2.95
2025-07-23,37.5,0.25,7.3258657,48.514683,4.17006,6.18,9.069129,6.844894,26.879662,0.69,66.27084,17.664076,4.744875,70.25066,1.5911939,29.9868,29.241955,8.060796,7.828251,17.750015,33.25497,3.46226,6.17,67.47871,32.446022,3.1649053,3.6436834,11.725939,4.999626,0.925,40.176727,32.69708,3.73,6.9613132,1.321101,30.549904,23.644524,3.3506496,22.872456,36.307816,6.14,165.617,14.448787,20.067036,7.844411,19.563807,5.0286875,2.979492,8.887078,3.8502672,9.559664,1.6942962,7.268802,305.01938,19.669971,39.728275,2.773804,3.6131358,0.19,9.3,259.11057,15.59,3.91,2.8269024,5.07,4.2831244,,3.133019,4.3123984,18.06969,2.8045576,6.66188,3.58,3.8992965,7.3876452,4.66,6.657298,1.8,35.27136,3.9404726,6.8303285,3.45,3.88,3.29,7.553655,15.572754,2.77,1.1032481,12.888419,17.12642,32.781548,5.39825,7.15,4.12,34.916786,7.032739,2.798216,4.852133,1.9843175,27.359869,1.1796616,3.7832453,0.8,3.5815175,103.98285,5.408856,7.9799542,3.7096639,4.48,10.072376,5.21,5.3479137,2.8794997,5.1863728,3.3353105,4.780502,5.51,7.55181,102.68399,1.545,41.79,3.91,1.9051912,2.4689867,3.6036332,4.6,4.826963,150.55,30.921795,,0.93,10.14,68.86,9.455339,2.1397827,0.115,30.66,18.54381,13.947596,4.7285376,218.30487,2.39,3.608519,35.69485,3.77,18.146833,1.1110377,93.00915,15.39,4.154079,7.003472,0.785,2.2994623,16.287514,2.61,3.1038873,36.187733,51.42871,10.46,2.43,14.026276,0.71,2.0615993,11.46814,20.922367,0.465,7.25,1.83,322.75912,19.261414,21.467968,3.84,1.285,19.327576,1.7372329,3.6252234,12.95,10.397953,21.462774,4.2438636,234.68797,13.381224,2.1506848,38.252625,112.641014,40.558193,2.7213938,4.3367,0.67,4.301469,3.0555558,3.5055914,5.748536,4.7,23.687862,11.27,51.996014,16.228672,5.1929355,0.12,26.700209,2.827256,7.4192524,3.1,4.33,2.3582282,39.96308,2.1221347,,1.602187,7.30805,0.135,14.301576,19.131542,0.7612178,13.024828,5.2918406,4.729622,21.32,39.698563,3.7495596,22.83,5.08,7.8646564,2.5962968,2.3256376,2.2344208,5.0082407,,3.51414,2.42,31.840311,23.784506,4.86,79.63533,2.84704,7.079003,12.647631,30.385736,2.3104753,119.64006,180.17,121.7,6.399474,2.99
2025-07-24,37.61,0.26,7.4295783,48.663498,4.17006,6.25,8.995545,6.854728,26.395693,0.7,66.221756,17.771965,4.717289,69.96834,1.6056155,30.318792,29.117603,8.03319,7.8471136,17.75949,33.63046,3.3960419,6.12,67.05258,32.43632,3.0983758,2.6097615,11.68796,4.9899554,0.895,39.93672,32.351967,3.49,6.952105,1.2927916,30.86587,23.728601,3.3316658,22.52192,36.385647,6.26,165.77946,14.382334,20.35385,7.6167607,19.221096,5.126143,2.9225588,8.838621,3.8127952,9.2310505,1.6517022,7.2498236,307.84283,19.602243,38.419605,2.7266304,3.566212,0.195,9.2,263.07285,15.49,4.31,2.7781625,4.93,4.3401065,,3.075708,4.3123984,17.943262,2.8141623,6.6232605,3.37,3.9176898,7.4166164,4.6,6.5818615,1.78,36.089382,3.9213443,6.934536,3.6000001,3.76,3.32,7.348975,15.388404,2.75,1.117893,12.840111,17.869411,32.761814,5.448049,7.0,4.09,34.639435,7.1460185,2.7807271,4.794824,1.9751731,27.399506,1.1702993,3.7465148,0.815,3.494868,102.960686,5.3421974,8.008085,3.6998239,4.5,10.042781,5.36,5.3677573,2.929146,5.147082,3.3068035,4.69855,6.33,7.4935694,101.38043,1.55,41.91,3.93,1.8518652,2.4493136,3.6612914,4.6,4.8546515,150.18,31.580944,,0.96,10.65,68.83,9.602076,2.1112523,0.11,32.1,18.379534,14.189071,4.776592,207.20988,2.58,3.608519,36.13624,3.87,17.857258,1.0978893,91.20257,16.77,4.1351104,7.003472,0.805,2.2896774,15.896692,2.73,3.1135266,35.82329,50.542866,10.65,2.49,14.07549,0.7,2.0043325,11.477665,20.76652,0.45,7.39,1.895,318.71442,19.205313,21.177206,3.92,1.325,19.289974,1.746911,3.5762339,15.09,10.331178,21.21005,4.2243514,230.3249,13.203729,2.1223865,37.94919,113.00872,40.736603,2.7409723,4.2394648,0.66,4.2130823,3.0360935,3.4589744,5.690762,4.75,23.561243,11.24,51.53229,16.081049,5.136079,0.12,27.04399,2.827256,7.34393,3.08,4.76,2.3391333,39.475487,2.0944548,,1.6216664,7.2051196,0.135,14.188221,19.12218,0.7514586,12.967576,5.272421,4.710396,20.97,38.770523,3.7769287,22.57,5.13,7.874402,2.5962968,2.2884274,2.1957295,4.9027033,,3.606177,2.39,32.01341,23.83168,4.79,79.12754,2.70816,6.9311132,12.532303,29.948181,2.3104753,119.550354,178.05,120.09,6.380023,3.13
2025-07-25,38.2,0.25,7.467292,47.730907,4.2195864,6.3,8.995545,6.894067,26.637678,0.71,65.96649,17.722923,4.7540708,69.92129,1.5286999,30.20162,28.90716,8.005584,7.875409,17.816319,33.49567,3.3960419,6.04,66.07724,32.484833,3.1173842,2.6525445,11.602508,4.960944,0.855,39.16871,32.22378,3.4,6.8876486,1.2880734,31.62616,23.196108,3.3221738,22.52192,36.23971,6.39,165.20605,14.325375,20.38352,7.512422,19.12318,4.8727593,2.9415364,8.819239,3.794059,8.942268,1.6659002,7.3352275,306.68597,19.563541,38.324078,2.7077608,3.5474424,0.25,9.03,261.47235,15.7,4.11,2.8074067,4.73,4.26413,,3.0948117,4.322199,17.670952,2.8141623,6.603951,3.03,3.8441176,7.33936,4.58,6.4875655,1.795,36.26261,3.9500372,6.811382,3.45,3.69,3.16,7.115056,15.475728,2.7,1.1227746,12.70485,17.258091,32.564514,5.5775275,6.97,3.92,34.510662,7.1648984,2.754494,4.7470665,1.9660288,27.102222,1.1702993,3.628977,0.8,3.562262,103.73475,5.35172,7.9424458,3.6407843,4.5,10.427523,5.36,5.357836,2.8894289,5.1569047,3.2782967,4.7349734,6.29,7.483863,101.54338,1.54,41.13,3.91,1.8421695,2.3607843,3.6901202,4.71,4.7900453,147.58,31.794195,,0.94,10.73,68.79,9.565392,2.101742,0.11,32.32,18.36987,14.131117,4.7477593,207.51027,2.52,3.6179655,35.992306,3.85,18.002047,1.1011764,94.676765,16.48,4.0971737,7.013053,0.785,2.3092473,15.447247,2.66,3.1135266,36.089233,50.51301,11.14,2.49,14.154234,0.69,1.9566103,11.46814,20.71782,0.45,7.23,1.925,319.6409,19.308165,21.215973,3.72,1.29,19.22417,1.7081984,3.4880526,15.56,10.340717,21.08837,4.214596,229.96953,13.272755,2.1318192,37.792576,112.06588,40.934834,2.662659,4.0936117,0.635,4.1836205,2.967976,3.449651,5.604101,4.91,23.415142,11.06,50.150993,15.864536,5.1171265,0.115,26.805254,2.8074849,7.249777,3.13,4.8,2.2532058,39.22194,2.1036813,,1.5973171,7.2799788,0.13,14.131543,19.009863,0.7514586,13.024828,5.2918406,4.7200084,21.25,38.691536,3.783771,22.75,5.2,7.825674,2.5321908,2.2698224,2.1570382,4.8739204,,3.6312783,2.38,31.763378,24.718529,4.67,78.97425,2.61888,6.852238,12.657242,29.80233,2.3011212,119.76964,178.09,120.96,6.321669,3.14
2025-07-28,38.92,0.24,7.5521474,46.768547,4.3384476,6.38,8.995545,7.0022473,26.405373,0.72,66.79119,17.703308,4.763266,70.1095,1.5335071,30.152796,28.99325,8.180419,7.8565454,17.920507,33.82302,3.4149613,6.08,66.48442,32.766216,3.0983758,2.6668055,11.583518,5.0286374,0.85,38.6887,32.243504,1.905,6.8968563,1.2692006,32.58393,23.186766,3.312682,22.541393,36.862354,6.4,167.14606,14.581693,20.46264,7.635732,19.495264,4.7460675,2.9320476,8.867695,3.8034267,9.021933,1.6753656,7.468077,310.77408,19.689322,39.537228,2.7454998,3.566212,0.205,8.9,264.07806,15.8,4.21,2.8171544,4.74,4.368597,,3.133019,4.3123984,18.225298,2.8141623,6.603951,3.0,3.7981358,7.4166164,4.47,6.553572,1.645,36.30111,3.9309087,6.839802,3.45,3.71,3.1,7.085816,15.621268,2.74,1.0983665,12.772481,17.060585,32.8506,5.8265243,6.89,3.85,34.68896,7.079939,2.754494,4.794824,1.9568845,27.696789,1.1702993,3.628977,0.81,3.6007729,104.61797,5.380288,8.054972,3.6407843,4.49,10.575501,5.0,5.1990848,2.958934,5.1667275,3.287799,4.771396,6.19,7.4935694,101.620056,1.515,41.35,3.9,1.8421695,2.370621,3.6612914,4.64,4.7992744,149.2,32.220707,,0.865,10.81,69.89,10.005601,2.1207623,0.115,30.24,18.534145,14.160094,4.8150353,209.52577,2.49,3.6463044,36.23219,3.97,18.475021,1.0978893,98.92522,16.48,4.0402684,6.9938912,0.77,2.2896774,15.554723,2.68,3.0942478,36.936306,51.66759,11.06,2.42,14.203449,0.67,2.0234213,11.31574,20.72756,0.435,6.91,1.7,319.23245,20.07488,21.497044,3.68,1.24,19.38398,1.7033592,3.4096696,15.57,10.474268,21.29429,4.2438636,233.04935,13.430529,2.141252,38.017704,110.26505,41.3313,2.5451884,3.9866526,0.625,4.252365,2.948514,3.4776213,5.6618752,4.94,23.658644,10.99,51.265896,15.933427,5.1455545,0.115,26.948494,2.8470273,7.259192,3.14,4.82,2.1863735,39.524246,2.112908,,1.5778377,7.2519064,0.135,14.273236,19.16898,0.746579,13.034369,5.223872,4.7584605,21.09,39.14569,3.8179822,23.61,5.33,7.708728,2.4360316,2.29773,2.118347,4.9122977,,3.304965,2.29,31.936476,24.709095,4.63,79.47245,2.6288002,6.5663176,12.743738,30.035692,2.3291836,120.108536,178.82,124.3,6.156333,3.18
2025-07-29,38.98,0.235,7.6275744,46.59989,4.3483524,6.28,8.949556,6.9039016,25.998838,0.71,67.10537,17.830812,4.772462,69.35664,1.5479288,29.674335,29.002817,8.198822,7.818819,18.024696,33.726738,3.4055016,6.3,66.058304,32.63038,3.1268885,2.7095885,11.555034,5.0092964,0.845,38.8039,32.30266,1.8,6.9152727,1.2644824,33.126995,22.757036,3.30319,22.716661,36.60941,6.66,166.56311,14.448787,20.43297,7.7495565,19.446306,4.736322,2.9415364,9.042142,3.794059,9.061765,1.6753656,7.4965453,313.14658,19.640944,39.795143,2.7549345,3.5755968,0.21,8.95,265.45413,15.6,4.33,2.8074067,4.81,4.387591,,3.0948117,4.322199,17.807106,2.823767,6.5942955,2.96,3.7981358,7.271761,4.53,6.5724316,1.56,35.85841,3.8926516,6.7829614,3.3,3.68,3.14,7.046829,16.203428,2.75,1.0641952,12.308729,17.004156,33.324123,5.8165646,5.24,3.79,34.56019,7.155458,2.771983,4.7661695,1.8928741,26.686028,1.1749805,3.6436694,0.785,3.4659846,104.07217,5.380288,8.129989,3.5620644,4.5,10.891188,5.0,5.228851,2.9092875,5.107791,3.2973013,4.7622905,6.25,7.4547424,101.75425,1.49,41.53,3.91,1.856713,2.3312743,3.738169,4.5,4.7992744,152.0,32.249786,,0.83,10.81,69.98,9.978087,2.092232,0.105,30.1,18.360207,14.063504,4.843868,208.69244,2.49,3.6840901,36.65439,4.07,18.523285,1.1110377,97.595085,16.7,3.9928474,7.003472,0.77,2.2798924,15.554723,2.65,3.074969,36.591568,51.66759,10.75,2.36,14.095176,0.685,1.9852437,11.35384,20.815224,0.44,6.51,1.675,321.992,19.785025,21.264435,3.71,1.225,19.6848,1.6985202,3.3410842,15.92,10.4361105,21.444054,4.2633758,234.79655,13.174146,2.1506848,37.968765,110.2462,41.252007,2.5843453,4.0060997,0.625,4.2327237,2.9193208,3.449651,5.690762,5.08,23.51254,11.16,51.019234,15.943268,5.1455545,0.115,26.919847,2.8470273,7.3345146,3.2,4.58,2.1481836,39.49499,2.0944548,,1.5924473,7.4016232,0.13,14.244898,19.2813,0.7563382,13.062996,5.2044525,4.7584605,20.54,39.688694,3.838509,23.79,5.06,7.48458,2.4360316,2.2605197,1.9829274,4.893109,,3.304965,2.3,31.917242,25.095911,4.59,79.72155,2.5990398,6.5071616,13.147386,30.094034,2.3011212,119.83942,179.72,124.18,6.1271563,3.14
2025-07-30,38.9,0.24,7.571004,46.728863,4.437499,6.16,8.931161,6.9039016,26.289219,0.755,67.183914,17.870043,4.800048,70.156555,1.5479288,29.557163,29.366308,8.13441,7.9131355,18.138357,33.601578,3.4528003,6.47,66.711685,32.416916,3.1268885,2.73098,11.640486,5.1060014,0.85,38.6119,32.490013,1.865,6.979729,1.2173,32.791283,22.813087,3.426585,23.15483,36.64832,6.55,169.14342,14.496254,20.47253,7.787498,19.789015,4.6778493,2.9984696,9.03245,3.8690033,9.091639,1.7179596,7.5914383,310.66626,19.979582,40.005295,2.7926733,3.6225207,0.22,8.86,264.58554,15.57,4.33,2.8269024,5.07,4.368597,,3.1998823,4.3123984,18.05024,2.842976,6.603951,3.17,3.8441176,7.2427897,4.48,6.666728,1.58,35.752552,3.9404726,6.8587484,3.1499999,3.45,3.05,7.1442957,16.475101,2.8,1.0593135,12.443991,17.10761,32.978848,5.9659624,5.56,3.82,34.639435,7.1271386,2.7632384,4.8425813,1.8471526,26.47793,1.1937052,3.702438,0.77,3.5333788,104.1714,5.4659915,8.242515,3.5325446,4.5,10.950379,4.64,5.1197095,2.9986513,5.1667275,3.3068035,4.789608,6.25,7.483863,105.69368,1.51,42.4,3.9,1.832474,2.3607843,3.5940235,4.42,4.9284863,150.3,32.395184,,0.82,10.74,69.59,9.666272,2.1492927,0.11,30.78,18.87236,14.092482,4.8919225,210.42696,2.45,3.702983,36.913464,4.05,18.446066,1.1143249,97.57524,16.63,4.011816,7.022633,0.76,2.3288174,15.554723,2.64,3.123166,36.542316,51.528244,10.65,2.34,14.065647,0.735,1.994788,11.125239,20.873665,0.435,6.38,1.725,318.56494,19.95333,21.303202,3.78,1.32,19.825808,1.7275547,3.3018925,16.03,10.350257,21.612535,4.273132,232.73347,13.312199,2.2072818,38.056858,109.190216,41.747585,2.5549777,4.0255466,0.65,4.2425447,2.938783,3.5149148,5.671504,5.1,23.415142,11.11,51.038967,15.835011,5.2592688,0.11,26.451925,2.8964548,7.475744,3.23,4.15,2.1863735,39.57301,2.0667746,,1.6167966,7.354837,0.12,14.4904995,19.431057,0.770977,13.196584,5.2335815,4.7776866,20.68,39.78742,3.865878,23.85,5.2,7.533308,2.4039783,2.29773,2.011946,4.9698634,,3.3300662,2.39,32.42692,25.067606,4.58,81.18741,2.58912,6.546599,12.964783,30.570482,2.3478918,117.816,180.0,119.88,6.1952357,3.16
2025-07-31,40.16,0.24,7.6275744,46.35186,4.4672146,6.15,8.940359,6.864563,26.473127,0.715,68.764595,17.889658,4.744875,69.4037,1.5383143,29.2447,29.385439,8.116006,7.9131355,18.583529,32.38845,3.4811795,6.56,66.33292,32.92146,3.0793674,2.7523713,11.630991,5.038308,0.81,37.680683,32.37169,1.74,7.007354,1.1040629,32.45557,22.20586,3.3981092,23.281414,37.14449,6.63,170.02263,14.657639,20.719784,7.8064685,19.779224,4.0638814,3.0174472,8.993684,3.8877394,8.932311,1.755821,7.6104174,312.26422,20.06666,40.26321,2.802108,3.6412904,0.195,8.56,264.3806,15.69,4.37,2.8074067,5.1,4.2546334,,3.1712265,4.322199,17.768206,2.823767,6.671535,3.75,3.8165286,7.281418,4.31,6.666728,1.51,35.84879,3.91178,6.868222,3.1499999,3.45,3.21,6.9298697,16.494507,2.79,1.0153787,11.53581,16.712603,33.62994,6.0356817,5.3,3.69,34.847446,7.155458,2.7457497,4.8712354,1.8745855,27.300411,1.2030677,3.7171302,0.77,3.4563568,105.83862,5.5231276,8.223761,3.5030248,4.49,10.555771,4.43,5.109788,3.0185099,5.1667275,3.287799,4.780502,5.94,7.707117,107.06433,1.515,41.31,3.9,1.8082349,2.1837254,3.5940235,4.44,4.86388,151.3,33.093105,,0.78,10.47,69.71,9.803838,2.1397827,0.11,28.59,18.833706,14.546454,4.901533,210.64014,2.38,3.6840901,37.33566,4.05,18.561895,1.117612,96.016815,17.29,3.9643946,7.0992785,0.74,2.3483872,15.212752,2.59,3.123166,36.965855,52.02591,10.6,2.37,14.282193,0.65,1.9852437,11.115714,20.824963,0.425,6.21,1.605,320.677,19.803726,21.690886,3.66,1.29,19.760004,1.6985202,3.2039137,15.88,10.369335,21.715498,4.2633758,236.39569,13.410808,2.2072818,37.94919,105.31515,42.07467,2.466875,3.9769292,0.62,4.2327237,2.8609345,3.496268,5.729278,5.21,23.609943,10.64,50.575245,14.998481,5.2592688,0.11,26.36598,2.8569126,7.4569135,3.35,4.25,2.033614,39.57301,2.057548,,1.6216664,7.364194,0.115,14.471606,19.618254,0.7563382,13.187041,5.2627115,4.7776866,21.05,40.557503,3.7906132,24.47,5.37,7.3773794,2.3398724,2.29773,2.0312915,4.9986467,,3.0455883,2.35,32.523083,25.086475,4.48,82.15507,2.5395198,6.3494124,12.830234,30.638546,2.357246,118.99217,180.99,120.94,6.1466074,3.23
2025-08-01,38.96,0.305,7.448435,46.29233,4.4275937,6.25,8.97715,6.776051,26.540884,0.7,67.94971,17.713116,4.781657,68.886116,1.5671577,29.303286,29.528923,8.042392,7.969725,18.91504,31.993706,3.4811795,6.43,66.134056,32.979675,3.0793674,2.702458,11.602508,4.999626,0.775,37.651882,32.15476,1.705,6.979729,1.0757536,32.820908,21.841522,3.3981092,23.076935,36.51212,6.63,167.29897,14.828518,21.41209,7.7590423,19.505056,4.1126084,3.0079584,9.003376,3.859635,8.782941,1.7652863,7.600928,306.1958,19.882828,39.75693,2.8115427,3.6037512,0.19,9.37,257.69543,15.68,4.46,2.7976584,5.08,4.4255786,,3.1043634,4.322199,17.739029,2.7949529,6.671535,3.63,3.8533144,7.1462193,4.2,6.638439,1.51,35.088505,3.8639586,6.896642,3.3,3.36,3.03,6.8713894,16.494507,2.76,1.0056155,11.902947,16.910107,32.446133,5.995842,5.18,3.62,34.312553,7.061059,2.7370052,4.8330297,1.8654412,27.280594,1.1796616,3.753861,0.755,3.3985903,105.90809,5.542173,8.167497,3.5522244,4.5,10.486714,4.58,5.169319,3.048298,5.1863728,3.2497897,4.780502,5.83,7.72653,107.955734,1.555,40.11,3.9,1.803387,2.1837254,3.5651944,4.39,4.86388,148.75,32.773228,,0.8,10.81,68.79,9.684615,2.1302726,0.105,29.86,18.756401,14.517477,4.843868,207.15175,2.35,3.6746438,36.884674,3.87,18.697033,1.1143249,95.580055,16.93,3.9643946,7.080117,0.735,2.3288174,14.948948,2.54,3.123166,36.66052,51.3889,10.45,2.35,14.10502,0.64,1.9566103,11.201439,20.74704,0.425,6.24,1.67,312.80673,19.728924,21.322586,3.55,1.235,19.741201,1.6936811,3.1941156,15.73,10.397953,21.434692,4.2438636,229.74251,13.055815,2.197849,37.205276,104.56088,42.500866,2.4277184,3.9088643,0.61,4.1836205,2.8512034,3.4776213,5.71002,5.18,23.405401,11.02,50.07206,14.929591,5.2024117,0.092,26.108145,2.827256,7.475744,3.35,4.24,2.033614,39.319458,2.0667746,,1.6167966,7.336122,0.115,14.311021,19.328098,0.7270606,13.148873,5.214162,4.7392344,20.15,39.678818,3.7495596,24.56,5.34,7.338397,2.3719254,2.2698224,2.0409644,5.0274296,,3.112524,2.26,32.167274,25.02987,4.42,81.40777,2.50976,6.309975,12.859066,30.39546,2.3385377,115.96204,174.75,119.6,6.059077,3.25
2025-08-04,38.93,0.355,7.3258657,44.536278,4.4573092,6.08,9.105921,6.7858863,26.27954,0.705,67.46863,17.477726,4.7908525,67.992096,1.5383143,29.410696,29.069775,7.987181,7.988589,18.858208,32.503986,3.4717197,6.42,66.134056,32.659485,3.0698633,2.6953275,11.574022,5.0092964,0.825,38.007088,32.351967,1.68,6.9613132,1.1134993,31.784142,21.579948,3.3791254,23.115883,36.414833,6.55,167.17473,14.48676,20.838463,7.787498,19.602974,4.0248995,3.0174472,8.935535,3.859635,9.011974,1.741623,7.619906,305.5488,20.21179,38.68707,2.802108,3.6319053,0.2,9.02,258.53476,15.82,4.53,2.7879105,5.53,4.4065847,,3.0948117,4.322199,17.739029,2.8045576,6.66188,3.77,3.908493,7.1172476,4.25,6.6290097,1.555,35.146248,3.9787297,6.9155893,3.3,3.45,2.95,7.046829,16.513912,2.66,1.0202603,11.806333,17.16404,32.33762,5.9261227,5.26,3.76,34.064915,7.0138593,2.7894716,4.8616843,1.8654412,27.419325,1.1843429,3.7244766,0.755,3.4371014,105.9577,5.5231276,8.09248,3.5817447,4.49,10.30914,4.63,5.2784605,2.9986513,5.245309,3.2307851,4.771396,5.99,7.6779966,109.010086,1.515,40.44,3.9,1.7694525,2.4591503,3.5267558,4.39,4.937715,145.59,32.76353,,0.83,11.25,68.48,9.510365,2.1302726,0.115,30.76,18.737074,14.2470255,4.843868,206.53159,2.37,3.702983,36.64479,3.82,18.5812,1.1208991,96.42379,17.28,4.0023313,7.080117,0.73,2.3483872,15.789216,2.53,3.1135266,36.709766,51.20974,10.23,2.33,14.045961,0.645,1.9661548,11.258589,20.76652,0.43,6.3,1.685,312.29868,19.775675,21.303202,3.79,1.21,19.628393,1.7178766,3.2822967,15.82,10.388414,21.013489,4.214596,232.32875,12.907902,2.197849,36.764805,105.02287,42.54051,2.5353992,4.0158234,0.635,4.1345167,2.8609345,3.4869447,5.729278,5.23,23.541763,10.91,49.174217,14.467039,5.2403164,0.085,26.108145,2.8371415,7.4192524,3.34,4.36,2.0527089,39.309708,2.057548,,1.5973171,7.3174076,0.11,14.329914,19.262579,0.7173014,13.177501,5.214162,4.768074,20.24,39.896023,3.7769287,24.6,5.43,7.338397,2.5321908,2.2791247,2.011946,4.9890523,,3.212928,2.33,31.92686,24.709095,4.4,81.5419,2.56928,6.4085684,12.657242,30.803844,2.3291836,113.93864,175.35,114.77,6.11743,3.2
2025-08-05,39.43,0.335,7.448435,45.58793,4.5662656,6.14,9.1979,6.8743973,26.240822,0.735,67.77298,17.821003,4.8552213,68.41558,1.5767722,29.859861,29.490662,8.042392,8.045177,19.019228,32.49436,3.5095587,6.93,67.13781,33.086403,3.0888717,2.7381103,11.820885,4.980285,0.855,38.20869,33.505634,1.685,7.0810184,1.1465269,32.14948,21.477186,3.445569,23.222992,36.65805,6.44,169.47789,16.831602,22.22308,7.8064685,19.935892,4.04439,3.0364249,8.89677,3.9158432,9.241008,1.7889496,7.6863317,307.56833,20.33757,38.715725,2.8398468,3.66006,0.19,9.23,260.76965,16.04,4.61,2.8074067,5.83,4.501554,,3.1043634,4.322199,18.166945,2.8333714,6.729464,4.0,3.9636717,7.1848474,4.25,6.751594,1.55,36.060513,3.8639586,7.02927,3.3,3.46,4.23,7.1442957,16.746777,2.67,0.986089,11.980239,17.248686,33.245205,6.2249193,5.39,3.87,34.579998,7.1271386,2.8157048,4.947647,1.8928741,27.587784,1.1890241,3.6804,0.75,3.5044956,107.1982,5.637399,8.167497,3.8671033,4.49,10.684018,4.67,5.7348685,3.0780857,5.3828263,3.2212827,4.8078194,6.12,7.75565,110.99418,1.57,41.28,3.9,1.7888436,2.6362092,3.6805105,4.56,5.0484676,142.32,33.034946,,0.855,11.84,69.68,9.721299,2.1492927,0.115,32.94,19.123606,14.662362,4.9207544,208.42113,2.41,3.7502148,37.23011,3.89,18.677727,1.1340474,100.394295,16.94,4.059237,7.2142467,0.715,2.367957,15.945544,2.59,3.123166,36.443825,52.354366,10.33,2.39,14.439681,0.645,1.9756992,11.41099,20.854185,0.44,6.32,1.705,315.118,20.130983,22.320871,3.9,1.19,19.891611,1.742072,3.3410842,16.1,10.44565,21.509573,4.2438636,234.91501,13.026233,2.2072818,36.90184,105.47544,44.22548,2.6332912,4.1227818,0.625,4.144337,2.8512034,3.5149148,5.873714,5.36,23.775524,11.08,49.8254,14.526089,5.3256016,0.082,26.394627,2.8470273,7.485159,3.31,4.63,2.033614,40.431168,2.0944548,,1.602187,7.336122,0.11,14.707762,19.374899,0.7319402,13.301545,5.253001,4.806526,18.53,40.261314,3.7632442,25.07,5.37,7.367634,2.5642438,2.3070323,2.0312915,5.0082407,,3.238029,2.47,32.36922,25.058172,4.39,83.85086,2.61888,6.4973025,12.484249,30.90108,2.3666,114.795845,176.5,118.2,6.1466074,3.39
2025-08-06,39.46,0.395,7.42015,46.08399,4.5563602,6.47,9.142712,6.8252244,26.308578,0.775,69.04932,18.056393,4.8552213,68.46263,1.6056155,30.162561,29.528923,8.300043,8.092337,19.08553,33.16832,3.5190184,7.37,66.550705,33.222244,2.974821,2.759502,11.839874,5.0576487,0.865,38.304695,34.17614,1.705,7.108642,1.1606815,32.57406,21.82284,3.455061,23.476156,36.444016,6.5,171.14076,16.518324,23.02418,7.863381,20.298183,4.1028633,3.140802,8.761089,4.000156,9.72895,1.8457417,7.8666277,307.31342,20.366594,39.37484,2.868151,3.6694446,0.205,9.53,263.1119,16.09,4.66,2.7879105,6.35,4.5205483,,3.1043634,4.3320003,18.312826,2.8525808,6.7004995,4.1,3.9544754,7.136562,4.23,6.761024,1.56,36.166378,3.8830872,7.0955834,3.45,3.52,4.41,7.2807484,16.610939,2.7,1.025142,11.941593,17.474403,33.442505,6.2249193,5.38,3.97,35.13471,7.1271386,2.859427,4.909441,1.9385958,28.15262,1.1983864,3.7685533,0.8,3.4756122,109.14329,5.694535,8.214383,4.3197412,4.49,10.802401,4.69,5.7447906,3.217096,5.4417624,3.2212827,4.816925,5.99,8.037145,109.5756,1.605,43.47,3.9,1.8373218,2.6853921,3.6516817,4.62,5.122303,136.48,33.69409,,0.845,11.9,71.8,9.932233,2.158803,0.115,33.15,19.297543,14.700998,4.901533,209.52577,2.43,3.7596612,37.412426,4.07,18.716335,1.1406217,102.57807,17.01,4.163563,7.1950855,0.73,2.367957,16.73696,2.6,3.1906419,37.1136,55.04176,10.66,2.35,14.508582,0.68,1.994788,11.382415,20.815224,0.42,6.4,1.705,318.4753,20.121634,24.433744,3.99,1.19,20.107822,1.8194975,3.4292653,16.0,10.531506,21.809097,4.2536197,251.22224,13.637608,2.2072818,37.52829,106.4937,43.561405,2.731183,4.2102942,0.67,4.2818274,2.8901277,3.5428848,5.844827,5.43,23.941105,11.25,50.170723,14.673711,5.268745,0.091,26.671562,2.8569126,7.607558,3.32,,2.1481836,41.464867,2.1221347,,1.5827075,7.429695,0.12,14.972257,19.580814,0.722181,13.234752,5.253001,4.768074,18.58,40.40941,3.5716608,25.5,5.38,7.48458,2.5962968,2.316335,2.0409644,5.0082407,,3.204561,2.61,32.609634,25.378946,4.37,85.15385,2.73792,6.6254735,12.551525,30.871908,2.3759544,115.24439,178.5,116.14,6.3022175,3.53
2025-08-07,39.59,0.475,7.5050054,45.63753,4.6256967,6.56,9.262284,6.8055553,26.531204,0.83,70.08019,17.97793,4.8736124,67.992096,1.6825314,30.318792,29.615013,8.355253,8.054609,19.511759,33.16832,3.5379379,7.2,60.812275,33.222244,3.0033338,2.7666326,11.820885,5.0769897,0.89,38.27589,34.018375,1.775,7.1823072,1.170118,32.870274,21.888233,3.4930286,22.697187,36.12297,6.47,170.23288,16.689203,23.14286,7.939264,20.729017,4.054136,3.1597795,8.838621,4.0938363,9.748865,1.8410091,8.018456,307.69574,20.33757,38.86856,2.9436285,3.7069836,0.22,9.59,259.13983,16.22,4.38,2.7684147,6.4,4.558536,,3.075708,4.3320003,18.3031,2.842976,6.6908445,4.09,3.9912612,7.204161,4.21,6.817601,1.59,36.522457,3.8830872,7.1524243,3.75,3.56,4.9,7.309989,16.72737,2.72,1.0446686,12.308729,17.40857,33.49183,6.2647586,5.22,4.01,35.035652,7.183778,2.8856602,4.947647,1.8471526,28.61836,1.1937052,3.8567064,0.84,3.379335,108.02188,5.704057,8.233137,4.309901,4.5,10.901053,4.73,5.7249465,3.1376617,5.4515853,3.2212827,4.853348,5.96,8.134212,111.578865,1.66,42.78,3.92,1.8421695,2.6853921,3.6612914,4.62,5.149991,133.75,33.90735,,,12.16,71.1,9.923061,2.168313,0.115,33.26,19.7034,14.952131,4.9495873,207.83003,2.36,3.778554,37.249302,4.02,18.50398,1.1340474,103.59055,17.55,4.1825314,7.2813115,0.73,2.397312,16.990993,2.56,3.2388387,37.16285,52.881897,10.9,2.41,14.459367,0.685,2.013877,11.31574,20.883406,0.45,6.62,1.77,318.64468,20.523691,24.55005,4.06,1.175,20.154827,1.8388537,3.4782548,15.77,10.417032,21.949501,4.2243514,245.30939,13.706634,2.2167146,37.097607,105.93742,42.63963,2.7409723,4.2102942,0.655,4.301469,2.8901277,3.570855,5.9218593,5.42,23.980066,11.34,50.417385,14.535931,5.316126,0.09,26.595167,2.827256,7.6358037,3.3,3.9,2.215016,41.1138,2.1498146,,1.602187,7.354837,0.115,15.03838,19.646334,0.722181,13.120248,5.253001,4.7969127,18.2,40.745083,3.59903,25.8,5.55,7.4358525,2.6924558,2.3256376,2.0312915,5.0849957,,3.0957901,2.66,32.686565,25.473293,4.47,85.76701,2.8768,6.6550517,12.589968,30.949696,2.4040167,116.31091,178.4,116.45,6.3605714,3.43
2025-08-08,37.91,0.425,7.391865,46.35186,4.5563602,6.52,9.299076,6.8350587,26.492487,0.845,68.83332,18.134857,4.8920035,69.35664,1.8027121,30.504318,29.538488,8.318446,8.1112,19.559116,33.216457,3.5852363,6.94,61.124763,32.50424,3.050855,2.788024,11.773411,5.1060014,0.895,38.6023,33.791584,1.815,7.1362667,1.193709,33.531826,22.168491,3.455061,22.629026,35.996494,6.22,168.78026,16.461365,23.37033,7.920294,21.31652,4.0931177,3.131313,9.051833,4.1219406,9.878319,1.8504745,7.9994783,303.1959,19.979582,39.413048,2.9058897,3.7163684,0.225,9.66,254.60175,16.12,3.8,2.8171544,6.3,4.558536,,3.0566041,,18.351728,2.8333714,6.7101545,3.95,4.0188503,7.213818,4.27,6.8364606,1.57,36.15675,3.8639586,7.0861106,3.9,3.59,4.92,7.465935,16.552721,2.74,1.0593135,12.366698,17.728338,33.343853,6.354398,5.15,4.02,35.07527,7.268737,2.9031491,4.9380956,1.5773952,28.17244,1.1983864,3.827322,0.845,3.4371014,105.85847,5.7421484,8.008085,4.162302,4.5,10.881323,5.0,5.963073,3.1674495,5.4319396,3.2117805,4.8988767,5.69,9.124294,112.81532,1.63,42.9,3.92,1.8712565,2.7050653,3.6901202,4.52,5.177679,118.75,33.984894,,0.845,12.62,69.62,9.657102,2.1873333,0.125,33.98,19.055962,14.768611,4.843868,207.55872,2.31,3.7880006,36.932655,3.96,19.77812,1.1340474,105.89345,17.78,4.2868576,7.310054,0.74,2.4168818,17.665163,2.56,3.2388387,36.433975,51.20974,10.7,2.33,14.282193,0.7,2.0234213,11.3728895,21.097694,0.45,6.65,1.93,307.33743,20.224483,23.261003,4.06,1.145,19.872808,1.8582101,3.4978507,15.75,10.4361105,20.021313,4.2536197,242.69353,13.9432955,2.2261474,36.872475,107.125404,42.63963,2.7605505,4.258912,0.675,4.3211102,2.938783,3.5615315,5.8255687,5.31,23.970325,11.52,50.693645,14.476881,5.3350782,0.092,26.413727,2.827256,7.6546345,3.34,3.95,2.291396,41.006527,2.1867213,,1.568098,7.3735514,0.12,14.981703,19.019222,0.70754224,13.187041,5.272421,4.7776866,17.64,39.81704,3.6606102,26.02,5.51,7.48458,2.756562,2.3256376,1.9926002,5.037024,,3.1041572,2.67,32.36922,25.312904,4.45,86.476,3.0553598,6.8620977,12.618799,30.638546,2.3853085,114.696175,178.83,127.09,6.477279,3.37
2025-08-11,37.82,0.48,7.269295,46.668644,4.4672146,6.47,9.234692,6.854728,26.221464,0.89,68.07734,18.193705,4.8828077,70.06245,1.6729169,30.445732,29.882849,8.327648,8.1017685,19.379152,33.71711,3.5852363,6.86,61.200516,31.679506,3.0888717,2.7808936,11.925327,5.0576487,0.875,39.23591,33.90005,1.835,7.1638913,1.2361729,34.341488,22.430067,3.3981092,22.736135,36.19107,6.31,170.68204,16.755655,23.380222,7.787498,21.247978,4.1028633,3.1597795,9.061525,4.1500444,9.788697,1.8410091,8.084882,305.3429,20.250492,39.642303,3.0474105,3.7445226,0.255,10.17,257.471,16.06,3.73,2.8269024,6.29,4.6535053,,3.3336089,,18.166945,2.842976,6.66188,3.95,4.092422,7.320046,4.3,6.883609,1.57,36.02202,3.9404726,7.1524243,4.2000003,3.55,4.98,7.475682,16.43629,2.76,1.0544318,12.318391,18.26442,33.31426,6.16516,5.14,4.05,35.07527,7.1932178,2.8856602,4.9380956,1.6459775,28.390446,1.2030677,3.8640525,0.835,3.494868,106.82109,5.5993085,7.6705084,4.4870205,4.5,10.822132,5.43,5.972995,3.2568133,5.4515853,3.202278,4.9352994,5.89,8.464239,103.35494,1.64,43.72,3.9,1.8712565,2.8526144,3.7093396,4.78,5.251514,123.04,33.90735,,1.0,12.96,70.04,9.721299,2.1968434,0.125,38.12,19.075289,14.672021,4.8054247,206.86104,2.29,3.7880006,37.249302,4.0,19.797424,1.1208991,104.761856,17.62,4.3247943,7.2525697,0.76,2.4070969,17.342733,2.57,3.2966754,36.53247,50.67226,10.59,2.35,14.360937,0.675,2.0234213,11.363365,20.98081,0.455,6.68,2.31,303.6215,19.869177,22.601942,4.11,1.175,20.070223,1.9114401,3.4488611,15.7,10.397953,19.65627,4.2633758,245.19093,13.992599,2.2167146,37.92961,108.69994,43.125294,2.7213938,4.1811237,0.7,4.301469,2.9874382,3.5801783,5.7581654,5.27,23.863184,11.64,51.167233,14.339099,5.344554,0.089,26.318232,2.7975996,7.6922956,3.23,3.9,2.3295858,41.17231,2.1867213,,1.5534884,7.364194,0.12,14.707762,18.289156,0.70754224,13.215669,5.253001,4.7873,16.89,38.681667,3.653768,25.77,,7.4163613,2.6924558,2.33494,1.9829274,5.0849957,,3.3551674,2.71,32.994293,25.492163,4.26,84.895164,2.98592,6.9409723,12.589968,31.095547,2.3853085,115.47364,176.54,115.62,6.477279,3.28
2025-08-12,40.77,0.45,7.1844397,45.027832,4.4672146,5.82,9.400253,6.8252244,26.366653,0.805,68.89223,18.223127,4.818439,69.82718,1.6440735,30.37738,30.542873,8.447272,8.139495,19.615946,33.81339,3.594696,6.76,61.778145,32.271374,3.0698633,2.802285,12.010778,5.0092964,0.87,39.610317,34.008514,1.77,7.2283473,1.2503277,34.79569,22.271254,3.417093,22.395336,38.010353,6.22,170.87317,16.603764,23.548353,7.9013224,21.424227,4.2198095,3.1502907,9.197205,4.159413,9.748865,1.8457417,8.008967,305.81348,20.221466,39.46081,3.0851493,3.735138,0.28,9.76,257.9492,16.1,3.43,2.7976584,6.34,4.549039,,3.1043634,,18.322552,2.823767,6.632915,4.1,4.092422,7.2621036,4.28,6.911897,1.51,35.752552,3.9596012,7.076637,4.35,3.5,5.66,7.4951754,16.513912,2.79,1.0544318,12.308729,18.490139,33.156418,6.2647586,5.01,4.05,35.01584,7.249857,2.8506825,4.9571986,1.6094003,28.499449,1.2077488,3.8713984,0.815,3.446729,106.73177,5.6469216,7.970577,4.2508616,4.5,10.782671,5.42,5.963073,3.276672,5.4712305,3.2117805,4.9352994,5.94,8.357465,109.12511,1.69,43.2,3.9,1.8954957,2.7640848,3.670901,4.68,5.076156,130.43,34.22723,,0.92,13.21,70.34,9.592904,2.1778233,0.125,37.5,19.181585,14.633385,4.8727007,207.52965,2.29,3.8352323,37.60433,3.92,20.463453,1.1044636,105.46662,17.88,4.362731,7.3004727,0.755,2.4070969,17.176634,2.53,3.3063147,36.53247,50.104923,10.42,2.35,14.341251,0.675,2.013877,11.44909,20.922367,0.46,6.61,2.29,302.05743,20.093582,22.233643,4.25,1.16,19.957415,1.8872447,3.458659,15.4,10.493347,20.068115,4.2536197,244.04587,14.160234,2.2261474,37.76321,110.04821,43.59114,2.7018156,4.1811237,0.675,4.3112893,2.967976,3.5801783,5.854456,5.21,23.765783,11.65,46.816143,14.388307,5.3540306,0.11,26.719309,2.8173704,7.7299566,3.15,4.01,2.3582282,41.416107,2.1313612,,1.5340089,7.4203377,0.125,14.972257,18.813307,0.7026626,13.167958,5.2335815,4.7873,16.68,38.257133,3.6195567,25.69,7.14,7.4358525,2.6924558,2.33494,1.9732547,5.1041846,,3.145992,2.68,33.302025,25.492163,4.3,85.0293,2.95616,7.1381593,12.5130825,31.2414,2.4040167,115.354034,172.7,112.79,6.5161815,3.3
2025-08-13,43.0,0.49,7.3258657,48.190125,4.526645,5.6,8.167735,6.8252244,26.211784,0.82,68.43078,18.429096,4.8552213,70.156555,1.6681097,30.78749,30.485481,8.631309,8.186653,20.222137,34.208134,3.5284781,6.83,60.300926,32.0094,3.1268885,2.802285,11.81139,5.0769897,0.865,40.061523,34.333904,1.735,7.117851,1.1559633,35.062283,22.383356,3.3791254,22.59008,38.954044,6.16,161.62231,16.252512,23.864838,7.844411,21.463396,4.1808276,3.1502907,9.3231945,4.1687803,9.589538,1.8599398,8.037436,307.13696,20.414972,37.970642,3.0568452,3.7632923,0.28,10.17,263.06308,16.09,3.61,2.8269024,6.52,4.596524,,3.1043634,,18.458706,2.842976,6.6232605,4.19,4.0648327,7.6290717,4.3,6.9307566,1.485,35.50233,4.0074224,7.2376847,4.05,3.53,5.6,7.7875743,16.717667,2.79,1.1227746,12.453652,18.744074,33.412907,6.2647586,4.98,4.18,34.996033,7.4764156,2.876916,4.9763017,1.572823,27.458961,1.1983864,3.9375136,0.79,3.4371014,106.68215,5.665967,7.9611998,4.280381,4.5,10.7136135,5.34,6.161511,3.30646,5.598925,3.2782967,4.980828,5.92,8.541893,109.23054,1.69,43.93,3.9,1.8227783,2.7739215,3.6516817,4.78,5.0023212,134.3,33.926735,,0.88,13.63,70.62,9.776325,2.158803,0.125,35.76,19.25889,14.565772,4.8727007,206.49283,2.32,3.8446789,36.616005,3.92,21.457666,1.0946022,105.13905,17.41,4.3722153,7.271731,0.76,2.4070969,17.372046,2.54,3.2966754,36.690063,50.891235,10.5,2.43,14.301879,0.69,2.013877,11.277639,20.932108,0.475,6.48,2.14,296.0302,20.177734,22.117336,4.29,1.15,20.258232,1.9114401,3.5076485,15.67,11.08479,19.76859,4.2828875,245.34888,14.347591,2.2261474,37.988342,111.10418,43.228516,2.7409723,4.229741,0.69,4.3800344,2.9777071,3.5895016,5.8351974,5.2,24.41837,11.72,46.816143,14.535931,5.3824587,0.11,26.69066,2.827256,7.6828804,3.19,3.97,2.3200383,41.533127,2.1313612,,1.568098,7.392266,0.12,15.170627,18.757149,0.69778293,13.339713,5.243292,4.7873,17.13,37.82273,3.6195567,26.07,7.3,7.5235624,2.724509,2.3442426,1.9732547,4.9890523,,3.0957901,2.7,32.600018,25.265734,4.36,84.37781,2.94624,7.079003,12.465029,31.387249,2.4040167,113.90874,168.78,113.93,6.3313947,3.26
2025-08-14,44.4,0.53,7.3824363,48.18018,4.4672146,5.79,8.342495,6.864563,26.202105,0.835,68.774414,18.399672,4.8736124,70.86236,1.7065674,30.885134,31.088112,8.6037035,8.1112,20.117949,34.208134,3.6703742,6.75,59.571785,31.815346,3.0983758,2.8379374,11.887348,5.1060014,0.89,39.85032,34.481815,1.705,7.1362667,1.170118,35.65472,22.504803,3.3981092,22.444021,40.09231,6.14,159.797,15.853794,24.05275,7.8728666,21.414438,4.1515913,3.1597795,9.284429,4.1968846,9.659244,1.8694052,7.9520316,299.98032,20.443998,38.629753,3.1040187,3.810216,0.295,10.32,263.59985,16.5,3.62,2.8171544,6.88,4.549039,,3.0566041,,18.760193,2.8525808,6.5942955,4.23,4.009654,7.4552445,4.17,7.062771,1.48,35.752552,4.0074224,7.2376847,4.2000003,3.48,6.01,7.7388415,16.80499,2.8,1.1764725,12.70485,18.424305,33.324123,6.354398,5.08,4.22,35.481396,7.466975,2.8944046,5.0145073,1.6231167,27.260775,1.21243,4.010975,0.8,3.4756122,107.83333,5.694535,8.054972,4.2508616,4.51,10.654423,5.37,6.161511,3.3263185,5.6185703,3.3163059,5.017251,6.02,8.823387,111.243385,1.71,45.67,3.91,1.7743002,2.783758,3.6228526,4.98,5.0115504,136.65,33.926735,,0.8,13.77,68.01,9.886377,2.1968434,0.125,36.01,19.471481,14.498159,4.9207544,209.90369,2.43,3.8730178,37.306873,3.98,21.834118,1.0880281,104.672516,16.54,4.2868576,7.2429886,0.745,2.4168818,17.586998,2.54,3.3063147,36.965855,51.74722,10.27,2.41,14.3314085,0.68,2.118866,11.992017,20.98081,0.455,6.59,2.16,314.50034,20.458239,22.0398,4.29,1.18,20.267633,1.8920838,3.4880526,15.84,11.0275545,19.946432,4.3121557,246.50381,14.958966,2.254446,38.409237,109.01868,43.615635,2.7213938,4.2978063,0.7,4.4389586,2.8220103,3.6259038,5.931488,5.27,24.437849,11.69,45.829502,14.575296,5.3540306,0.11,27.18723,2.827256,7.66405,3.21,3.9,2.2627532,41.59164,2.1036813,,1.5827075,7.4016232,0.12,15.180073,19.440416,0.68802375,13.339713,5.2335815,4.66233,17.02,37.753624,3.6195567,28.35,7.62,7.552799,2.724509,2.33494,1.9732547,5.0658073,,3.053955,2.73,34.657955,25.246864,4.45,85.06762,2.98592,6.9212537,12.49386,31.581718,2.4133708,114.88556,165.99,116.69,6.18551,3.24
2025-08-15,43.34,0.57,7.523862,48.63762,4.437499,6.07,8.011371,6.9137363,28.215416,0.88,69.39294,18.321207,4.8460255,63.992565,1.7546399,31.080425,31.642916,8.585299,8.082905,20.099005,34.37181,3.679834,6.76,59.316113,32.300484,3.10788,2.845068,12.191178,5.0769897,0.875,40.28233,34.45223,1.705,7.2099314,1.1795543,35.723835,22.644932,3.417093,22.61929,40.22851,6.07,160.71443,15.682915,23.91429,7.9961767,21.551521,4.2490463,3.1692684,9.245663,4.1875167,9.838488,1.8694052,7.9994783,302.96063,20.37627,39.183792,3.122888,3.8289855,0.315,10.35,263.86337,15.57,3.66,2.7976584,6.76,4.530045,,3.0566041,,18.643488,2.9390225,6.652225,4.09,4.0648327,7.4552445,4.29,6.9967637,1.51,35.896908,3.997858,7.2471585,4.05,3.53,5.96,7.8070683,16.97964,2.84,1.156946,12.830449,18.659428,33.541153,6.473916,5.35,4.32,35.550735,7.542495,2.8944046,5.03361,1.632261,27.62742,1.2311549,4.0623975,0.795,3.494868,108.00204,5.665967,8.2894,4.4968605,4.51,10.782671,5.45,6.2706523,3.3858943,5.608748,3.354315,5.099202,6.4,8.765146,111.67471,1.73,45.6,3.91,1.8082349,2.862451,3.7285593,5.0,5.122303,138.02,33.868572,,0.845,14.49,68.29,10.0331135,2.1778233,0.13,36.64,19.539124,14.314638,4.968809,210.6692,2.51,3.929696,37.60433,4.02,21.612108,1.0880281,105.317726,16.35,4.3058257,7.338795,0.745,2.4168818,17.899654,2.59,3.3448722,36.58172,52.792316,10.54,2.48,14.17392,0.705,2.2143102,12.172992,21.311981,0.455,6.71,2.2,312.3186,20.691994,21.632732,4.31,1.18,20.399242,1.9549919,3.5272443,15.92,11.094331,20.217876,4.3219113,247.0566,14.722305,2.2450132,38.360294,110.55618,43.675194,2.7507615,4.3853183,0.72,4.468421,2.8803966,3.6449876,6.0566654,5.24,24.50603,12.18,46.263622,14.811493,5.3824587,0.11,27.024889,2.8074849,7.626389,3.28,3.85,2.2532058,41.59164,2.112908,,1.5632281,7.5326257,0.12,15.31232,19.665052,0.69778293,13.358798,5.272421,4.6911693,17.5,37.901714,3.6332412,25.03,7.61,7.621018,2.756562,2.3442426,2.0216186,5.276882,,3.079056,2.77,35.398426,25.30347,4.46,85.65205,3.06528,6.8325195,12.541914,31.455313,2.422725,115.24439,166.81,117.17,6.2244124,3.24
2025-08-18,43.88,0.575,7.7595716,47.732685,4.4969296,4.81,8.020569,6.8743973,28.457401,0.945,69.28494,18.223127,4.8092437,62.063374,1.7017602,31.28548,31.15507,8.5668955,8.092337,20.278967,35.026516,3.6892936,6.83,59.590725,32.446022,3.1649053,2.845068,12.105725,5.1060014,0.875,39.81192,34.462093,1.685,7.2007236,1.1842726,35.65472,21.934942,3.426585,22.629026,40.49119,6.22,162.64488,15.426596,23.99341,7.8254395,21.737564,4.2393003,3.1787572,9.03245,4.2062526,9.67916,1.8504745,8.056414,290.53946,20.356922,38.13303,3.1040187,3.810216,0.325,10.34,264.7905,16.17,3.96,2.7781625,6.64,4.57753,,2.626769,,18.322552,2.9486272,6.6232605,3.85,4.0648327,7.426274,4.31,7.062771,1.495,35.367596,4.0074224,7.0861106,4.35,3.55,5.74,7.690108,17.222206,2.86,1.1618277,12.666204,18.546568,33.393177,6.304598,5.35,4.31,35.50121,7.4764156,2.8944046,5.129124,1.632261,27.686878,1.2311549,4.11382,0.805,3.3697073,108.62724,5.6754894,8.35504,4.6739798,4.51,10.97011,5.45,6.419481,3.375965,5.6185703,3.354315,5.126519,6.39,8.871921,111.13795,1.75,45.45,3.9,1.7839959,2.862451,3.766998,5.04,5.46379,136.15,33.87827,,0.9,14.77,69.48,9.895548,2.2539043,0.13,37.12,19.577778,14.652703,4.97842,210.48509,2.47,3.9674814,38.60225,4.03,21.35149,1.0814539,105.93316,17.06,4.125626,7.2813115,0.745,2.4168818,17.860575,2.62,3.364151,36.601418,52.38423,10.58,2.46,14.242822,0.71,2.2429435,12.163467,21.234058,0.44,6.6,2.27,316.5227,20.691994,21.555197,4.26,1.205,20.183027,1.9743482,3.4880526,16.23,11.046633,20.245956,4.3609357,258.05313,14.732165,2.2450132,38.076435,108.87454,43.47667,2.7507615,4.317253,0.705,4.5175242,2.8512034,3.6545293,6.1818433,5.31,25.002773,12.21,47.477192,15.05753,5.4203634,0.11,27.21588,2.827256,7.607558,3.3,3.83,2.215016,41.533127,2.1313612,,1.5632281,7.4484096,0.12,15.321766,20.030087,0.68802375,13.406508,5.253001,4.7392344,17.74,38.23739,3.6400836,23.71,7.5,7.7282186,2.724509,2.3535452,1.9829274,5.296071,,3.137625,2.71,35.648453,25.369513,4.42,86.62929,3.11488,6.694489,12.666853,31.523376,2.4133708,115.58328,168.64,116.0,6.0298996,3.23
2025-08-19,44.56,0.56,8.164993,45.167053,4.506835,5.21,7.9745793,6.8743973,28.225096,0.93,69.67766,18.291784,4.8092437,61.451687,1.7017602,30.826548,31.346382,8.612905,7.988589,20.411572,38.02081,3.7460518,6.64,60.158886,31.922075,3.0888717,2.8664594,12.248145,5.067319,0.87,40.435932,34.047955,1.69,7.1915154,1.1795543,35.60535,21.523897,3.417093,22.648502,40.33553,6.13,163.46675,15.331662,24.04286,8.024632,21.83548,4.190573,3.1787572,8.906461,4.2249894,9.639328,2.0350487,8.065903,292.2061,20.366594,37.44656,3.122888,3.847755,0.315,10.23,220.0732,16.31,3.89,2.7781625,6.73,4.57753,,2.6363208,,18.44898,2.9198132,6.652225,3.81,4.092422,7.5711293,4.23,7.062771,1.48,35.396465,3.997858,7.1050572,4.2000003,3.52,5.73,7.690108,16.97964,2.8,1.195999,12.666204,18.518354,33.442505,6.2448387,5.47,4.35,35.511112,7.5519347,2.8856602,5.186433,1.6094003,27.954432,1.2264736,4.172589,0.81,3.1482694,108.74633,5.723103,8.345662,4.74286,4.51,11.108223,5.42,6.538544,3.375965,5.6480384,3.325808,5.0900965,6.37,8.8428,113.7259,1.755,44.34,3.91,1.7694525,2.862451,3.7477787,5.0,5.149991,137.5,33.955814,,0.875,15.09,68.73,9.73047,2.2063537,0.12,37.21,20.302523,14.585091,4.97842,211.98703,2.38,3.929696,38.899708,4.06,21.554192,1.1077507,105.297874,17.19,4.173047,7.204666,0.74,2.397312,17.821491,2.61,3.4027088,36.670364,52.83213,10.83,2.4,14.262507,0.75,2.2047658,12.220617,20.844444,0.45,6.59,2.28,316.80164,20.589142,21.031824,4.28,1.125,20.239433,2.0130608,3.4978507,16.34,10.913081,20.29344,4.3609357,257.87543,14.258843,2.254446,37.62617,108.6343,43.78438,2.7409723,4.3075294,0.705,4.2130823,2.8512034,3.6926968,6.0566654,5.26,26.999489,12.2,47.605457,14.201318,5.4203634,0.11,27.626505,2.7975996,7.626389,3.26,3.82,2.2054684,41.289333,2.1221347,,1.6947145,7.2519064,0.105,15.416228,20.077982,0.69290334,13.358798,5.1364837,4.748848,17.53,38.444717,3.5579762,23.78,7.46,7.7282186,2.6924558,2.3628476,1.9732547,5.2097216,,3.154359,2.68,35.879253,24.66192,4.49,86.31312,3.15456,6.546599,12.397754,31.426144,2.422725,114.74601,171.5,117.85,6.0493507,3.21
2025-08-20,43.73,0.52,8.00471,45.92282,4.447404,5.1,7.965381,6.972744,28.689707,0.91,69.883835,18.536982,4.9471765,62.722122,1.7017602,30.670317,31.958578,8.695721,8.262106,20.809383,38.377045,3.8217297,6.49,60.66076,32.795322,3.0888717,2.87359,12.077242,5.038308,0.86,40.080727,34.185997,1.595,7.2743883,1.1606815,34.815434,22.140467,3.445569,22.61929,40.150684,6.03,167.2999,15.322168,23.409893,8.09103,22.344648,4.1515913,3.2167127,8.974301,4.2811975,9.649285,2.2716823,8.11335,295.73538,20.64718,37.44656,3.1417575,3.9791417,0.305,9.99,215.42775,16.12,3.45,2.7391708,6.65,4.5680327,,2.6649766,,18.672665,2.9198132,6.6908445,3.39,3.8901002,7.6290717,3.8,7.0250525,1.43,35.03076,4.016987,7.05769,3.9,3.55,4.98,7.777828,16.960234,2.8,1.156946,12.482636,18.226799,33.80751,6.095441,5.47,4.39,35.798374,7.542495,2.9118936,5.224639,1.5956838,28.707546,1.235836,4.187281,0.81,3.706678,104.04239,5.789761,8.533206,4.7035,4.51,10.8517275,5.14,6.0821357,3.3263185,5.785556,3.325808,5.0900965,5.92,8.755441,115.97837,1.805,32.0,3.91,1.750061,2.7739215,3.6901202,5.09,5.242285,141.12,34.013973,,0.86,13.98,68.13,9.886377,2.2539043,0.125,35.29,20.476461,14.2953205,5.026474,212.6944,2.32,3.9108033,40.329422,4.05,22.123693,1.15377,104.50377,16.93,4.163563,7.2525697,0.725,2.387527,17.801949,2.51,3.4027088,35.458855,53.150635,10.08,2.22,13.97706,0.72,2.2047658,12.306343,21.117176,0.44,6.35,2.1,306.41095,20.9538,20.353378,4.17,1.105,20.446245,1.9743482,3.458659,16.41,10.970318,20.492859,4.390204,257.0956,13.637608,2.2827446,37.205276,108.49016,44.300545,2.7116046,4.3075294,0.69,4.1345167,2.7928166,3.7785735,6.11444,5.26,27.652073,12.0,48.17771,14.053695,5.79941,0.105,27.445065,2.7975996,7.6546345,3.23,3.52,2.0718038,41.464867,2.1867213,,1.8018516,7.0741177,0.105,15.6146,20.470732,0.7026626,13.645058,5.495746,4.7873,16.92,38.267006,3.5648186,23.23,7.24,7.767201,2.6924558,2.4279654,1.9442362,5.2672877,,2.970285,2.63,36.76397,24.68079,4.47,88.593346,3.13472,6.339553,12.263205,31.83453,2.4507875,112.79238,170.3,114.81,5.3588305,3.04
2025-08-21,43.61,0.555,8.315847,45.564827,4.487025,5.05,7.855006,6.884232,29.057524,0.925,70.75763,18.791988,5.057522,62.39275,1.7017602,30.728903,32.446423,8.916564,8.346991,21.38716,39.060627,3.8311896,6.68,61.456192,32.193752,3.0983758,2.930634,12.390567,5.425126,0.88,40.378334,34.29,1.625,7.302012,1.1748362,36.533497,22.430067,3.4645529,25.60858,39.78099,6.08,168.65848,15.189263,25.912092,8.33765,22.393606,4.171082,3.2167127,9.129365,4.2811975,9.758823,2.2622168,8.198753,297.81372,20.869713,38.046013,3.2078006,3.9979117,0.3,10.17,220.56116,16.08,3.54,2.7391708,6.75,4.530045,,2.7031841,,19.12003,2.9870458,7.0866957,3.41,3.9176898,7.812556,3.7,7.072201,1.455,35.84879,4.0839367,7.190318,3.75,3.65,4.7,7.8947883,16.785585,2.76,1.1715909,12.695189,18.537163,34.25144,6.2647586,5.48,4.25,35.283287,7.636894,2.9031491,5.3010507,1.6734105,28.707546,1.2451985,4.1358585,0.7,3.6489115,106.612686,5.875465,8.379972,4.7723794,4.5,10.802401,5.29,6.0821357,3.375965,5.8248463,3.3733196,4.0975733,6.19,8.745733,117.002144,1.815,28.98,3.9,1.7646046,2.931307,3.7573884,5.09,5.260743,140.05,34.382324,,0.86,14.61,67.99,9.776325,2.282435,0.12,36.87,20.080269,13.81237,5.055307,216.58006,2.37,3.9580352,40.674854,4.1,22.673891,1.1471958,106.28058,17.33,4.239436,7.377118,0.74,2.4560215,17.889885,2.53,3.489463,35.252014,53.47909,9.99,2.21,14.124705,0.72,2.2047658,12.449218,21.321722,0.45,6.34,2.21,305.75342,21.224957,20.469685,4.27,1.125,20.37104,2.0033827,3.5174463,16.47,11.008475,20.350416,4.370692,258.7441,13.8644085,2.2921774,37.88067,109.55681,44.806778,2.8388643,4.3464236,0.725,4.1639786,2.8317413,3.826283,6.0855527,5.2,27.954018,12.17,48.61183,13.847023,6.0078855,0.105,23.921324,2.8173704,7.861771,3.08,3.63,2.0908988,41.62309,2.140588,,1.792112,7.2051196,0.11,17.541628,20.633577,0.69778293,14.093533,5.6802325,4.8257523,18.1,38.701412,3.59903,23.12,7.5,7.9426208,3.0129864,2.4465706,2.011946,5.3536367,,3.01212,2.7,37.244797,25.011,4.5,90.78734,3.20416,6.53674,12.378532,32.68047,2.460142,114.23767,169.0,115.63,5.388007,3.12
2025-08-22,45.06,0.535,8.391274,45.554882,4.417689,4.92,7.8826,6.7858863,28.66067,0.915,69.559845,18.595829,5.02074,62.722122,1.6871737,30.562906,32.398594,8.824547,8.271538,20.828327,39.226345,3.8501089,6.81,61.245167,32.232563,3.0698633,2.916373,12.333598,5.3187513,0.88,40.32073,34.36,1.72,7.3848853,1.1889908,34.687077,21.720078,3.4645529,25.287256,39.654514,6.08,167.72687,15.132303,28.028576,8.233312,22.93215,4.083372,3.2451792,9.090599,4.2811975,9.649285,2.2811475,8.160796,295.98047,20.17309,38.162037,3.1700616,3.9603722,0.35,10.41,211.38737,16.07,3.39,2.700179,6.95,4.558536,,2.722288,,18.789368,2.9966505,7.0866957,3.58,3.8717072,7.725642,3.67,7.109919,1.51,34.64581,4.016987,7.1713715,3.9,3.7,4.92,7.9045343,16.630342,2.78,1.1667093,12.550266,18.33966,33.61021,6.2647586,5.38,4.02,33.579548,7.5896945,2.9206378,5.291499,1.6231167,23.48529,1.2451985,4.2093196,0.83,3.639284,108.50815,5.9135556,8.303355,4.58542,4.5,10.723479,5.12,6.032526,3.346177,5.815024,2.6891534,4.179525,6.26,8.765387,115.139854,1.79,30.5,3.9,1.7985393,2.862451,3.8054366,5.07,5.2698374,141.25,34.14968,,0.84,14.31,66.11,10.133995,2.2634146,0.125,35.69,20.370165,13.71578,5.016863,216.84169,2.38,3.9391425,40.75162,4.05,22.693195,1.1406217,107.005196,17.17,4.1351104,7.3866987,0.73,2.4462366,17.64562,2.51,3.672612,35.67555,53.61844,10.22,2.17,14.134548,0.695,2.166588,12.420643,21.399645,0.45,6.61,2.11,305.2553,20.364738,20.4503,4.32,1.1,20.267633,2.0227392,3.5272443,16.49,10.77953,20.492859,4.1950836,259.77072,13.874269,2.311043,37.401043,108.30758,44.3601,2.8094964,3.957482,0.74,4.085413,2.7636235,3.7881155,6.0470366,5.23,27.447533,12.01,48.55263,13.709242,6.0647426,0.105,23.491602,2.8173704,7.5322356,2.96,3.72,2.0813513,41.692314,2.1590414,,1.8846394,7.261264,0.11,17.626644,20.901794,0.68314415,14.112616,5.6899424,4.8545914,18.33,39.678818,3.59903,23.45,7.69,7.8451657,3.1732516,2.4279654,2.011946,5.3152595,,3.053955,2.79,37.48521,25.105345,4.56,90.66279,3.19424,6.4381466,12.407364,32.204018,2.460142,112.22423,167.98,115.0,5.281025,3.75
2025-08-25,46.48,0.54,8.4384165,48.56801,5.3091507,4.93,7.781423,6.8252244,28.699387,0.985,70.27655,18.478134,5.02074,62.439804,1.7114846,33.716843,31.949015,8.925766,8.2904005,20.989347,39.704002,3.8311896,6.95,60.54175,31.922075,3.0793674,2.8236763,12.466524,5.463808,0.9,41.41515,34.79,1.765,7.3388443,1.1984272,34.153885,21.776129,3.4835367,25.64753,39.91719,6.15,165.26202,15.09433,29.274729,8.157428,23.294443,4.3172646,3.254668,9.245663,4.3093014,10.017732,2.290613,8.284157,296.30396,20.056984,36.18964,3.1889312,4.007296,0.365,10.83,211.19218,,3.65,2.6709354,,4.4635663,,3.0183966,,18.750467,2.9966505,7.0866957,3.59,4.028047,7.986383,3.96,7.175926,1.59,34.405212,3.9596012,7.1808443,4.05,3.72,5.04,8.177441,14.185275,2.77,1.1618277,12.685528,18.809908,33.37345,6.234879,5.55,4.25,33.866806,7.627454,2.9031491,5.348808,1.600256,25.308622,1.2545608,4.3488955,0.835,3.7644446,111.604416,5.9135556,8.083081,4.6247797,4.5,10.733345,5.31,6.3301835,3.405753,5.854315,2.6701488,4.31611,6.61,8.716253,113.42383,1.785,31.8,3.91,1.7839959,2.9608169,3.8727047,5.15,5.1556892,144.1,35.12871,,0.875,14.86,65.57,10.075573,2.291945,0.125,37.01,20.360502,15.531672,4.9495873,218.15953,2.45,3.929696,40.02237,4.11,22.953815,1.1439087,108.39487,17.66,4.1920156,7.587893,0.75,2.4755914,18.143919,2.58,3.6918907,35.764194,53.936943,10.76,2.06,14.27235,0.73,2.1474993,12.344443,21.50679,0.46,6.96,2.16,302.2965,20.579792,20.77983,4.39,1.2,20.342838,2.1388774,3.6448193,16.51,10.636438,20.056034,4.1365476,256.99692,11.596404,2.311043,37.70448,110.91173,44.737293,3.0052803,4.3269763,0.68,4.1345167,2.8512034,3.816741,5.9026012,5.43,27.320911,12.64,48.957153,14.348941,6.112123,0.105,23.033228,2.8470273,7.551067,2.94,3.77,1.9667813,42.05821,2.1313612,,1.8700298,7.30805,0.11,17.58886,20.298306,0.70754224,14.169868,5.719072,4.816139,18.76,39.767673,3.6058722,24.72,7.8,7.8938937,3.1732516,2.4665349,2.069983,5.3056655,,3.2547631,2.85,36.82167,25.331774,4.6,88.26759,3.2140799,6.635333,12.368921,31.708124,2.469496,110.38024,165.86,122.29,5.3296533,4.03
2025-08-26,46.32,0.545,8.645842,48.13046,5.259625,4.89,7.696121,6.7268786,28.583235,0.965,70.55145,18.12505,4.9563713,61.357574,1.6725872,33.77543,31.709875,9.119004,8.214948,20.847271,39.791733,3.8217297,6.97,59.46254,32.484833,3.0698633,2.7951543,12.789343,5.4833565,0.895,40.944744,34.31,1.95,7.2467637,1.2031455,33.3146,21.187586,3.426585,25.443048,39.00269,6.15,164.07811,15.758862,30.26374,8.022276,23.353193,4.268537,3.2451792,9.458876,4.271829,10.137227,2.3000782,8.322115,295.09814,21.76952,36.827766,3.198366,3.9603722,0.415,10.85,209.98204,,3.48,2.6514394,7.45,4.4065847,,2.9992929,,18.82827,2.9390225,7.038421,3.57,3.8764029,8.324379,3.92,7.109919,1.7,34.058754,3.8543947,6.9913764,3.9,3.78,5.4,8.128708,14.272599,2.75,1.2106439,12.492298,18.07632,33.097225,6.214959,5.5,4.29,33.72813,7.646334,2.9206378,5.348808,1.632261,25.774363,1.259242,4.260742,0.935,3.7644444,105.43174,5.875465,8.111814,4.59526,4.51,10.792536,5.15,6.31034,2.929146,6.090059,2.6131349,4.3525333,7.01,8.617988,112.16605,1.76,30.55,3.92,1.7985393,2.862451,4.574212,5.25,5.174714,147.0,35.293495,,0.84,14.71,66.49,9.749936,2.272925,0.125,35.08,20.476461,15.637921,4.901533,217.63628,2.46,3.9485886,40.1663,4.73,23.166172,1.1208991,108.22612,17.8,4.1825314,7.2429886,0.74,2.367957,18.173231,2.58,3.7111695,34.63148,53.329796,11.0,2.41,13.770357,0.79,2.1093216,12.296818,21.360685,0.47,7.41,2.15,301.2405,20.102932,20.59568,4.44,1.265,20.756464,2.17759,3.6448193,16.57,10.598281,20.094017,4.10728,254.58833,10.738507,2.3299086,37.391254,110.91173,43.724823,2.9465451,4.404765,0.63,4.085413,2.8220103,3.873992,5.9026012,5.45,27.252731,12.6,48.77956,14.102902,5.988933,0.1,22.765844,2.787714,7.551067,2.99,4.09,1.8713065,41.672535,2.085228,,1.9089888,7.457767,0.12,17.551075,20.259987,0.69290334,14.017196,5.670523,4.7873,18.93,39.915768,3.6058722,24.57,7.72,7.6600003,3.3335166,2.476058,2.0312915,5.324854,,3.238029,2.9,36.831287,25.501596,4.34,87.55862,3.26368,6.6550517,12.119044,32.49572,2.469496,115.37396,164.05,121.23,5.319927,4.12
2025-08-27,46.26,0.51,8.758983,48.747005,5.1704783,4.71,7.781423,6.7465477,28.5058,1.04,71.179794,18.046585,4.9471765,61.404633,1.6725872,33.64849,31.929882,9.137826,8.280969,21.358744,39.450554,3.8406491,7.12,59.925056,33.183434,3.0793674,2.8664594,12.694396,5.522454,0.92,41.49195,35.23,1.93,7.255972,1.1889908,32.771534,21.682709,3.3886173,25.258045,39.012417,6.43,164.80592,15.673421,29.620884,8.080197,22.951733,4.395229,3.2356904,9.36196,4.2811975,10.515631,2.3095436,8.398029,295.75497,22.62095,37.127495,3.2172353,3.969757,0.395,10.9,210.5188,,3.44,2.719675,7.21,4.4065847,,2.9897408,,14.685272,2.9390225,7.019111,3.2,3.9711804,8.74929,3.9,7.0910597,1.77,29.054361,3.7778804,7.010323,4.2000003,3.93,6.12,8.294401,13.816575,2.77,1.2204072,11.9609165,17.92584,32.761814,6.3444376,5.59,4.55,33.718224,7.636894,2.9118936,5.3392563,1.6310693,26.061735,1.2639233,4.3562417,0.96,3.7644444,108.00204,5.9326005,8.322509,4.4673405,4.52,10.506445,5.35,6.31034,2.9986513,5.864137,2.6321397,4.334322,7.13,8.539373,113.833336,1.75,30.66,3.87,1.8421695,2.8821242,4.824064,5.16,5.2508125,145.09,39.96569,,0.92,14.73,65.88,9.893599,2.2634146,0.125,37.45,20.67939,15.966328,4.9495873,218.45992,2.49,3.929696,40.25266,4.47,23.166172,1.2096506,109.715065,19.0,4.220468,7.2238274,0.75,2.377742,18.495659,2.51,3.769006,34.75953,52.921707,11.28,2.42,13.819572,0.86,2.0806882,12.306343,21.302244,0.475,7.51,2.34,304.84686,20.55174,21.128744,4.6,1.345,20.812866,2.2743716,3.742798,16.66,10.598281,20.16049,4.038987,250.36345,10.748367,2.3016102,37.283585,112.07446,43.685116,3.0052803,4.686748,0.665,4.1639786,2.8317413,3.8835342,5.970004,6.6,27.19429,12.72,49.401142,14.181635,5.9226,0.105,22.975931,3.0051951,7.5698967,2.85,4.03,1.8474377,42.740555,2.1036813,,1.9430779,7.541983,0.12,17.598305,20.374939,0.8588098,13.969486,5.7247157,4.7922,18.4,39.678818,3.6400836,24.6,7.93,7.66,3.3976228,2.4665349,2.011946,5.296071,,3.3300662,3.04,37.023617,25.548769,4.35,87.836464,3.3430398,6.7043486,13.4549265,27.721516,2.460142,101.68857,163.11,122.08,5.3296533,4.05
2025-08-28,46.2,0.48,9.022977,48.239845,5.150668,4.78,7.6108193,6.7465477,28.467081,1.05,71.55287,18.134857,4.8368306,61.451687,1.6482763,33.77543,32.226414,9.119004,8.309264,23.925583,39.421307,3.8311896,6.75,60.069595,32.407215,3.0793674,2.8094153,12.760859,5.620196,0.87,41.290344,35.39,1.815,6.6942787,1.1840367,32.81103,21.44916,3.3791254,25.34568,39.177807,6.14,168.2218,15.493049,29.512093,8.022276,23.039858,4.32701,3.188246,9.391034,4.290565,10.445924,2.3095436,8.398029,294.30405,23.259523,36.51837,3.22667,3.9791417,0.385,10.9,207.58122,,3.18,2.7489188,7.12,4.280339,,2.8369107,,14.529666,2.9294178,6.9998016,3.27,3.9617023,8.787918,3.78,7.109919,1.71,28.168968,3.7013662,7.010323,4.05,3.76,5.49,8.284654,13.564305,2.79,1.1764725,12.260422,18.18918,32.49546,6.772712,5.45,4.5,34.401703,7.5991344,2.9118936,5.377462,1.6357429,25.288803,1.2686044,4.3415494,0.91,3.735111,106.80125,5.8849874,8.293778,5.795735,4.5,10.259814,5.1,6.1912766,2.9688632,5.8248463,2.5751257,4.3295746,6.63,8.568853,112.34156,1.735,31.26,3.91,1.7209742,2.7935946,4.852893,5.93,5.2508125,144.17,40.547295,,0.885,,60.5,9.893599,2.2634146,0.13,36.87,20.573095,15.686215,4.824646,217.58783,2.42,3.976928,41.202602,4.51,23.05034,1.0617313,109.7647,19.51,4.154079,7.147182,0.72,2.377742,18.437037,2.44,3.7304482,34.109447,52.47381,11.17,2.64,13.829415,0.86,2.052055,12.373018,21.389906,0.45,7.28,2.3,298.86948,20.589142,20.54722,4.72,1.355,20.117224,2.2646935,3.7819896,16.92,11.561761,20.245956,4.0780115,250.94904,10.708923,2.3204758,33.36827,110.90212,43.059772,3.0248587,4.618683,0.655,4.085413,2.6273887,3.9217014,5.91223,6.66,27.02871,12.53,49.8254,14.073379,5.9510283,0.1,22.823141,3.0546227,7.607558,2.82,4.05,1.823569,43.01745,2.1221347,,1.8797696,7.485839,0.12,17.56052,20.298306,0.94176304,14.064905,5.8232474,4.802,14.95,38.750774,3.6195567,23.93,7.8,7.7,3.3976228,2.476058,1.9926002,5.33237,,3.338433,,37.514057,25.439983,4.44,88.20053,3.38272,6.595896,14.070009,27.556217,2.469496,99.45584,162.05,122.29,5.2712994,4.09
2025-08-29,46.5,0.57,9.051263,48.468567,5.120953,4.72,7.800379,6.7170434,28.849781,1.05,71.38597,18.232937,4.9011984,61.82811,1.6628629,33.55584,32.207283,9.203701,8.309264,26.189325,38.99239,3.8311896,7.77,60.262314,32.533348,3.0793674,2.8379374,12.665913,5.69839,0.86,41.46315,35.72,1.955,6.6942787,1.188991,33.304726,21.43982,3.3696334,25.267782,39.343193,6.23,165.26202,15.663928,30.540663,8.051237,22.941942,4.3854833,3.188246,9.42011,4.2811975,10.1870165,2.347405,8.4359865,295.62753,23.104717,36.905113,3.1889312,3.9416027,0.365,10.86,207.76666,,2.98,2.709927,7.25,4.2033887,,2.9706368,,14.665821,2.9294178,6.9804916,3.3,3.9711804,8.894146,3.86,7.08163,1.815,28.197838,3.6535451,7.048217,3.9,3.78,5.8,8.4406,13.622521,2.88,1.2106439,12.588912,18.15156,32.406673,6.8723106,5.52,4.51,34.02529,7.542495,2.9293823,5.3297048,1.6310693,25.01134,1.259242,4.397007,0.86,3.7644444,108.230286,6.5610943,8.341663,5.530056,4.51,10.101972,5.22,6.280574,2.9986513,5.8387012,2.5751257,4.3390694,6.63,8.568853,114.28184,1.705,31.17,3.9,1.7064308,2.8132677,4.785625,5.68,5.27935,141.21,41.817123,,0.94,13.87,61.1,9.788246,2.244394,0.125,37.4,20.747032,15.879396,4.901533,218.17891,2.18,3.9674814,41.058674,4.48,23.436445,1.0978893,111.03526,19.01,4.2014995,7.357957,0.7,2.3581722,18.456577,2.43,3.70153,33.951855,51.8368,11.75,2.66,16.24095,0.845,2.0325115,12.306343,21.409386,0.465,7.85,2.45,297.68396,20.88835,20.808905,4.62,1.315,20.427443,2.2840497,3.7036066,15.34,11.208803,20.559332,4.097523,249.15257,11.00475,2.3016102,33.182293,110.95978,41.769367,3.1031723,4.4144883,0.645,4.1148753,2.6468508,3.8930757,5.854456,6.91,27.03845,12.52,49.835266,14.004487,5.875219,0.105,22.966381,3.0842793,8.520842,2.88,4.15,1.7806054,43.274563,2.140588,,1.9138587,7.504554,0.115,17.768337,20.384518,0.9564019,13.931318,5.7936883,4.7922,14.6,39.46162,3.6195567,23.9,7.83,7.83,3.429676,2.4665349,2.0893285,5.322586,,3.463938,,37.1294,25.692923,4.42,87.961006,3.41248,6.5268803,14.118062,28.003494,2.4788501,101.45932,163.59,123.0,5.2907505,4.26
2025-09-01,45.6,0.775,8.985264,48.120514,5.101143,4.57,7.847769,6.7170434,29.193232,1.125,69.0984,18.321207,4.8736124,61.686947,1.6288276,34.20837,32.111626,9.18488,8.384717,26.672382,38.11506,3.8595684,7.68,59.81907,33.91114,3.1133132,2.645414,12.551976,5.7570353,0.89,40.992744,35.8,1.995,6.4824924,1.1988991,32.465443,21.337057,3.3696334,25.335943,38.856754,5.99,163.95195,15.455076,29.4033,7.9836607,22.82444,4.395229,3.188246,9.29412,4.3093014,11.381975,2.3000782,8.37905,294.7452,23.298225,36.30566,3.198366,3.969757,0.365,10.76,205.20972,,2.94,2.6611874,7.87,4.2418637,,3.0088446,,14.22818,2.9294178,6.864633,3.24,3.9617023,8.758946,3.68,7.1004896,1.865,28.72715,3.6726735,7.076637,3.9,4.06,5.81,8.869453,13.651629,2.85,1.1813542,12.347375,17.976841,32.87033,6.2747188,6.07,5.03,33.65879,7.6557736,2.981849,5.291499,1.6263958,25.268984,1.2732856,4.460387,0.855,3.6764445,102.98053,7.12293,8.389549,5.8154144,4.49,10.220353,5.12,6.2706523,2.9390755,5.809013,2.6226373,4.2346277,7.0,8.4018,113.03382,1.685,30.4,3.94,1.7005329,2.9903266,4.6703086,5.48,5.383985,137.66,40.8284,,0.91,14.3,59.6,9.702048,2.2539043,0.125,36.86,20.457136,15.493037,4.7958136,216.6479,2.02,3.9958208,40.818787,4.26,23.146866,1.15377,114.4896,19.19,4.2868576,7.310054,0.72,2.377742,19.638815,2.44,3.6629725,32.316807,51.568058,11.96,2.54,16.467339,0.9,2.0520546,12.296818,21.068472,0.48,8.08,2.43,297.83337,20.579792,20.131636,4.9,,19.120764,2.2453372,3.9387562,15.15,10.960778,20.426386,4.038987,241.39107,10.77795,2.3016102,33.798954,109.53758,41.55099,3.25001,4.63813,0.69,4.0755925,2.6565819,3.9026177,5.989262,6.89,26.580667,12.55,49.736603,13.915915,5.9226,0.105,22.909084,3.094165,8.558503,2.84,4.09,1.8617591,43.53168,2.1867213,,1.8943793,7.485839,0.115,17.541628,20.327042,0.9564019,13.979028,5.8133945,4.8804,14.9,38.424973,3.5785031,23.32,7.62,7.89,3.6540473,2.4951046,2.0990014,5.1660395,,3.3719013,,36.783203,25.420525,4.35,87.07,3.68032,6.6550517,13.94507,27.954878,2.5443292,97.96072,156.96,120.6,5.3977327,4.31
2025-09-02,44.94,0.77,8.749554,48.26968,5.0417123,4.63,7.790901,6.736713,29.536682,1.145,68.617325,18.017162,4.8460255,61.922215,1.6191032,34.139164,32.025536,8.977844,8.299832,25.99042,37.95909,3.8406491,7.58,59.87688,33.930546,3.123012,2.531326,12.386434,5.6006474,0.885,41.13674,35.03,1.975,6.454869,1.193945,31.54717,21.44916,3.3791254,25.433313,38.448147,5.9,165.4173,15.369637,29.641947,7.9450445,22.481731,4.32701,3.1692684,9.943449,4.262461,11.3521,2.2622168,8.255689,291.6865,23.24985,36.025272,3.1794963,3.9040637,0.33,10.74,203.35544,,3.09,2.6709354,7.94,4.213008,,2.9324293,,14.3318205,2.9198132,6.854978,3.09,3.9143138,8.836203,3.63,6.968475,1.855,28.245958,3.6269717,7.1050572,4.2000003,4.01,6.18,8.937679,13.418766,2.95,1.1715909,12.105838,17.86036,32.55465,6.254799,6.02,5.1,33.183327,7.693533,2.9643602,5.186433,1.6684576,24.278042,1.2686044,4.5237675,0.84,3.559111,101.224,7.094362,8.408703,5.7170153,4.49,10.457119,4.97,6.141258,2.9688632,5.6902595,2.6226373,4.1586704,7.09,8.49024,111.15203,1.69,30.13,3.95,1.671044,3.0985293,4.727967,5.52,5.4505715,137.76,40.266186,,0.9,14.35,59.82,9.912754,2.225374,0.14,36.79,20.37983,15.203266,4.824646,215.60138,2.02,3.9674814,41.22179,4.29,22.895899,1.117612,115.243996,19.61,4.248921,7.2238274,0.71,2.3581722,19.698326,2.4,3.894318,31.725824,51.0903,11.93,2.52,16.290165,0.91,2.071598,12.220617,20.863924,0.475,8.02,2.33,293.55957,20.42084,19.768461,5.09,1.45,19.195969,2.2743716,4.0269375,15.29,11.08479,20.625805,4.0194755,240.54741,10.334209,2.2921774,33.358482,109.97001,41.570843,3.3381128,4.706195,0.715,4.0068474,2.6371198,3.873992,5.989262,6.8,26.687807,12.36,49.815536,13.82734,5.894171,0.105,22.6799,3.0673625,8.558503,2.87,4.05,1.7758317,42.532883,2.1590414,,1.8943793,7.575039,0.11,17.267689,20.384518,0.9958411,13.826356,5.7739816,4.8118,14.31,38.296627,3.5032382,22.81,7.61,7.85,3.6219943,2.447488,2.069983,5.205176,,3.2714972,,37.09093,25.439983,4.3,85.59572,3.65056,6.546599,14.101537,27.510366,2.5536833,99.07708,159.65,121.01,5.3296533,4.25
2025-09-03,43.92,1.155,8.664698,46.181374,5.0912375,4.6,7.743511,6.628532,29.222672,1.175,67.78281,17.928892,4.8092437,60.13419,1.5850681,34.139164,31.336815,8.940201,8.252674,25.384228,37.890854,3.8122702,7.7,59.028927,34.01787,3.0842168,2.4814126,12.00666,5.551776,0.91,40.599136,34.29,1.91,6.2891226,1.1840367,30.94486,21.168901,3.3316658,25.248308,37.990894,5.83,159.68213,15.1133175,29.632002,7.925738,22.18798,4.268537,3.1123354,10.214809,4.1781487,11.242562,2.1959593,8.274668,290.23553,23.133743,35.61919,3.1417575,3.85714,0.325,10.28,201.64755,,3.1,2.6416914,8.14,4.1649137,,2.8560145,,13.937003,2.8525808,6.7870092,3.11,3.8858805,8.797575,3.79,6.883609,1.81,27.909124,3.5978005,7.1524243,3.9,3.97,6.75,8.908019,13.244118,2.98,1.1764725,11.902947,17.792412,32.63357,6.075521,6.19,5.08,31.955048,7.976731,2.9731047,5.0813675,1.6217222,23.505108,1.2732856,4.404929,0.85,3.4515555,100.00335,6.98009,8.312933,5.6382957,4.51,10.427523,4.78,6.1910243,2.9490047,5.51213,2.546619,4.1586704,7.25,8.31336,110.54752,1.635,29.75,3.93,1.6366401,3.0788562,4.824064,5.37,5.165201,133.46,39.60704,,0.88,14.31,58.0,9.836134,2.168313,0.145,36.32,20.143541,14.478841,4.766981,210.0975,1.94,3.8919106,40.27185,4.15,22.789722,1.1077507,114.0743,19.0,4.1351104,7.147182,0.7,2.3288174,19.79751,2.35,3.8750393,30.615421,50.413475,11.57,2.45,16.221264,0.94,2.042283,12.064568,20.649637,0.475,7.73,2.28,290.00937,20.280586,19.07156,5.25,1.385,18.575531,2.2646935,4.007342,15.62,11.075251,20.331423,3.9902077,236.69643,10.215879,2.2638788,33.516953,109.13399,41.292908,3.3381128,4.725642,0.7,3.9479234,2.5592713,3.826283,6.0157595,6.69,26.128128,12.21,48.11851,13.6994,5.846791,0.105,22.307133,3.0673625,8.34195,2.82,3.91,1.7280942,41.454975,2.1221347,,1.904119,7.517434,0.11,17.05987,19.991772,1.0254205,13.635516,5.7542753,4.7432003,14.15,36.825577,3.4485002,22.53,7.52,7.85,3.6540473,2.371302,2.0312915,5.0681973,,3.112524,,35.735004,25.245415,4.19,86.00308,3.6208,6.3376646,14.306899,26.818903,2.5349748,94.49203,149.75,115.1,5.2907505,4.14
2025-09-04,44.31,1.31,8.683556,46.93714,5.1110477,4.66,7.800379,6.7170434,29.782003,1.13,68.03807,18.144665,4.781657,60.114594,1.6239654,34.08973,31.757702,9.1001835,8.346991,25.687325,38.59272,3.8406491,8.03,59.06747,34.4642,3.1036146,2.53575,12.279318,5.620196,0.875,41.197044,34.29,2.02,6.3719954,1.188991,31.053474,21.299688,3.3696334,25.598845,38.039536,5.7,163.03006,15.616462,29.671778,8.022276,22.227148,4.3757377,3.1502907,10.137278,4.2249894,11.053361,2.21489,8.407517,292.91193,23.3079,35.97693,3.160627,3.894679,0.32,10.79,205.77576,,3.13,2.6514394,7.08,4.174533,,2.7795994,,14.134412,2.8525808,6.79686,3.13,3.9332693,8.855517,3.7,6.921327,1.925,27.454853,3.6366956,7.0861106,3.75,4.0,7.2,8.898132,13.389658,2.93,1.1764725,11.941593,18.112734,32.83087,5.9858823,6.07,5.08,32.48004,8.10889,2.9643602,5.119573,1.6497635,23.396107,1.2779669,4.539613,0.85,3.3244445,102.017914,6.989613,8.284201,5.4611764,4.52,10.486714,4.77,6.3005123,2.9787927,5.56161,2.556121,4.1681647,7.32,8.893133,111.12279,1.665,29.53,3.93,1.607151,2.9411438,4.9778185,5.35,5.260325,131.13,39.5198,,0.89,14.8,58.3,9.884021,2.1873333,0.14,36.79,20.409365,13.561236,4.824646,214.34169,1.99,3.8824644,41.07786,4.08,22.905552,1.1110377,113.88527,19.98,4.210984,7.1765537,0.7,2.3581722,19.539629,2.33,3.9907122,30.268421,50.184547,11.99,2.41,15.817701,0.985,2.0227396,12.093827,20.22106,0.45,7.89,2.31,295.53412,20.776146,18.708384,4.89,1.41,18.678938,2.2646935,4.0171394,15.64,11.237421,20.435883,3.9999633,237.06367,10.077827,2.2827446,33.784378,111.61322,41.16387,3.2793775,4.686748,0.69,3.9859493,2.5884645,3.8644505,6.0353866,6.71,26.265593,12.29,48.453968,13.787974,5.865743,0.105,22.571993,3.0078022,8.549088,2.81,4.03,1.7042255,41.94943,2.112908,,1.9138587,7.5366354,0.11,17.258242,20.259987,1.000771,13.740478,5.8133945,4.7236004,13.77,37.151382,3.4136667,22.4,7.58,7.84,3.6540473,2.3998718,2.0312915,5.0779815,,3.087423,,36.44663,25.070301,4.21,88.17571,3.5712,6.4073095,14.258003,27.332561,2.5443292,94.54186,157.0,117.25,5.28288,4.29
2025-09-05,45.69,1.545,8.664698,47.67302,5.0752225,4.74,7.800379,6.707209,30.046951,1.12,68.42097,18.44871,4.800048,59.971237,1.638552,34.17871,31.843792,9.222523,8.375285,25.821114,38.54398,3.8595684,8.18,59.23128,34.376873,3.0842168,2.5574849,12.23063,5.620196,0.915,40.833946,35.8,1.97,6.3535795,1.193945,31.201582,21.40245,3.426585,25.861746,38.389774,5.87,163.16592,15.5689945,30.596535,8.118813,22.814648,4.395229,3.1692684,10.059746,4.2530932,11.202731,2.2338207,8.454965,292.66684,23.494205,36.218643,3.1700616,3.9416027,0.33,10.61,204.21426,,3.17,2.690431,7.73,4.1937704,,2.875118,,14.4601345,2.8525808,6.855963,3.03,3.9617023,8.971402,3.75,6.9307566,1.91,27.06334,3.617248,7.266105,3.6000001,4.12,7.46,8.957454,13.641928,2.9,1.2008806,11.9609165,18.316576,33.43264,6.1654587,6.23,5.36,33.163517,8.15609,2.9731047,5.176882,1.6263958,23.406015,1.2732856,4.5713024,0.825,3.6666667,102.14692,7.065794,8.322509,5.4316564,4.52,10.733345,4.85,6.2806053,3.0383685,5.5715065,2.5371165,4.1871543,7.28,8.971746,113.10207,1.665,29.93,3.93,1.6169807,2.9608169,4.824064,5.43,5.2888618,135.75,40.266186,,0.93,14.35,59.51,9.893599,2.225374,0.15,37.1,20.773643,13.609531,4.8823113,214.91339,2.12,3.9013572,41.423294,4.02,23.282003,1.1208991,115.20847,20.48,4.2299523,7.2157164,0.725,2.387527,19.777676,2.34,4.1738605,31.220196,50.84147,11.69,2.43,16.260637,1.08,2.012968,12.113334,20.46457,0.46,7.91,2.39,297.40894,21.243656,18.865433,4.82,1.525,18.73534,2.3517973,4.164108,15.92,11.304197,20.530844,3.9999633,239.81294,10.275044,2.2827446,33.338673,112.65103,41.948036,3.357691,4.9492836,0.7,4.0553565,2.5690024,3.873992,6.074641,6.83,26.530704,12.35,48.74996,13.728925,5.894171,0.1,22.503326,3.0177288,8.567919,2.91,3.95,1.7089993,43.472343,2.1221347,,1.9089888,7.4886317,0.11,17.796677,20.317463,1.0106308,13.711852,5.833101,4.7334,13.8,37.654892,3.420633,22.82,7.76,7.79,3.8463657,2.437965,2.0198197,5.0877657,,3.3468,,36.706272,24.982744,4.25,89.776085,3.69024,6.387411,14.336236,27.253536,2.5349748,93.25605,158.89,115.51,5.3910956,4.49
2025-09-08,48.51,2.31,8.617557,48.2299,5.035417,4.82,7.800379,6.6482015,29.899755,1.145,68.607506,18.40948,4.781657,60.210167,1.6482763,33.911766,31.518562,8.864915,8.356421,26.040909,38.261284,3.8122702,8.4,58.92294,33.783653,3.0745182,2.542995,12.152727,5.502905,0.915,40.598423,35.62,2.09,6.325955,1.1741284,31.004103,21.318373,3.3981092,25.686478,38.399506,6.14,163.26297,15.616462,30.904787,8.118813,22.520899,4.3854833,3.1597795,10.243884,4.2249894,11.312268,2.21489,8.388539,293.99033,23.298094,35.464493,3.160627,3.9603722,0.35,10.81,208.2351,,3.15,2.6709354,7.82,4.2514825,,2.951533,,14.57858,2.842976,6.836262,3.19,3.9806578,9.077629,3.69,6.8930383,1.96,26.994825,3.5880766,7.2471585,3.45,4.1,7.53,8.828925,13.641928,2.85,1.1715909,11.864301,18.258335,33.80751,6.085647,6.34,5.27,33.153614,8.10889,2.9643602,5.2341905,1.6544371,23.554657,1.2732856,4.5792255,0.825,3.6275556,101.778595,7.0086584,8.150122,5.225017,4.5,11.058896,4.93,6.330373,3.048298,5.56161,2.5276144,4.1586704,7.43,8.922613,112.62431,1.645,30.92,3.93,1.5973214,3.0001633,4.852893,5.45,5.2508125,137.91,40.556988,,0.97,14.41,59.45,9.836134,2.2539043,0.16,37.8,20.744106,13.61919,4.7958136,214.29323,2.21,3.825786,41.106647,4.0,23.504013,1.0913152,114.4822,20.8,4.2299523,7.1569724,0.725,2.3581722,19.936373,2.33,4.241337,31.477968,50.731983,11.94,2.47,16.319695,1.05,2.0031962,12.064568,20.49379,0.455,8.19,2.48,298.69537,21.41196,18.904696,4.85,1.47,18.650736,2.3421192,4.1543097,16.0,11.285118,19.780642,3.9609394,236.37883,10.422957,2.2921774,33.566475,113.59275,41.610546,3.3087451,4.959007,0.735,4.085102,2.5787334,3.9217014,5.996132,6.81,26.589617,12.3,48.878223,13.512411,5.9131236,0.105,22.522943,3.0177288,8.370678,3.12,4.14,1.7376418,43.413013,2.1590414,,1.9333382,7.4022245,0.11,17.65,20.001348,0.9859813,13.664142,5.8133945,4.753,13.6,37.171127,3.4345665,22.51,8.32,7.64,3.8463657,2.4284415,1.9806,4.9410033,,3.413736,,36.504326,24.30175,4.21,89.02924,3.71008,6.297868,14.121095,27.401707,2.5536833,95.04024,160.99,113.72,5.28288,4.54
2025-09-09,49.85,1.675,8.617557,47.961403,5.154834,4.67,7.809857,6.68754,29.487616,1.15,68.5486,18.517365,4.772462,59.254444,1.6288276,33.793125,31.451605,8.780218,8.318695,25.534424,38.582973,3.7838907,8.25,58.98075,33.595802,3.0648193,2.53575,12.337745,5.4833565,0.92,40.205883,36.16,2.04,6.3443713,1.159266,30.500532,21.185843,3.417093,25.219097,38.282757,6.4,161.16685,15.606969,30.835182,8.196043,22.540482,4.41472,3.1787572,10.108204,4.215621,11.272436,2.1864939,8.322115,293.00998,23.37654,34.961723,3.1511922,3.932218,0.36,11.19,207.2684,,3.1,2.6319437,8.22,4.184151,,2.88467,,14.381171,2.8045576,6.8264112,3.1,3.9806578,9.106601,3.72,6.874179,1.975,26.309677,3.5394578,7.47452,3.3,4.22,7.33,9.016774,13.428469,2.81,1.1715909,11.85464,18.530123,33.92589,6.0956235,6.24,5.29,32.49985,8.06169,2.981849,5.205536,1.603028,23.960941,1.2732856,4.5871477,0.81,3.4515555,100.38491,6.98009,8.207583,5.4611764,4.51,10.861592,4.79,6.43986,3.1575203,5.541818,2.518112,4.0257444,6.69,8.863654,113.29707,1.655,30.2,3.93,1.607151,3.108366,4.727967,5.36,5.2222753,135.58,40.52791,,0.95,14.81,59.05,9.797823,2.234884,0.155,38.15,21.275755,14.053845,4.766981,212.04517,2.24,3.8068933,41.049076,3.84,23.72602,1.1110377,114.55184,20.2,4.220468,7.1569724,0.715,2.3483872,20.055395,2.3,4.2798944,31.111137,50.130585,11.99,2.44,16.575613,1.14,1.9641097,12.10358,20.48405,0.455,8.21,2.4,297.47873,20.682646,18.315763,5.24,1.385,18.707138,2.3614755,4.1642246,16.11,11.237421,19.733162,3.9804513,233.94716,10.472262,2.3016102,33.427814,112.37236,41.88848,3.3674803,4.997901,0.795,4.204086,2.539809,3.9217014,5.986318,6.85,26.589617,12.53,48.69076,13.541936,5.884695,0.1,22.267895,2.9978755,8.341813,3.0,4.22,1.713773,43.808575,2.1665044,,1.9187286,7.3350186,0.11,17.826012,19.972612,1.0204906,13.549638,5.833101,4.7138,13.82,37.93133,3.4415333,22.93,8.17,7.56,4.006631,2.4284415,1.970795,4.931219,,3.246396,,36.206215,24.009895,4.19,89.514206,3.71008,6.258071,13.964628,27.283173,2.5630374,94.05345,159.75,114.22,5.1845026,4.43
2025-09-10,48.35,1.59,8.740126,47.076363,5.1448827,4.81,7.771945,6.756382,29.38949,1.075,68.69587,18.713524,4.800048,59.30223,1.6434141,33.585503,31.920315,8.629646,8.346991,25.859337,38.105312,3.7649713,8.37,58.672405,32.982815,3.0648193,2.53575,12.318269,5.4735823,0.885,39.705395,36.26,1.975,6.491701,1.159266,30.470913,21.01545,3.426585,25.356724,38.370316,6.55,163.55408,15.749368,30.944563,8.167082,22.53069,4.3562465,3.1977348,10.195427,4.215621,11.292353,2.1770287,8.36956,294.68637,23.229456,35.88991,3.1794963,3.932218,0.335,11.07,208.2458,,3.32,2.6709354,8.06,3.9148269,,2.8560145,,14.410783,2.8045576,6.816561,3.21,3.8669248,9.241799,3.55,6.8270307,1.915,25.869226,3.5491817,7.256632,3.0,4.04,7.27,9.026661,13.527062,2.79,1.1618277,11.767687,18.09332,34.03441,6.315106,6.05,5.45,33.143707,8.10889,2.981849,5.186433,1.6077015,23.534838,1.2779669,4.618838,0.795,3.5493333,101.46004,6.942,8.341663,5.471106,4.5,11.127953,4.12,5.524146,3.177379,5.4626493,2.5086098,3.9687765,6.71,8.863654,113.53108,1.73,29.5,3.93,1.5825769,3.0493462,4.776015,5.32,5.184226,133.7,40.818707,,0.775,14.27,59.81,9.769091,2.2063537,0.175,35.73,20.931168,14.459523,4.8278193,213.9444,2.31,3.8068933,41.653584,3.86,23.629496,1.117612,115.13883,20.1,4.210984,7.284251,0.7,2.3483872,19.995884,2.28,4.250976,31.616768,49.20298,11.81,2.44,16.831532,1.07,1.954338,12.142592,20.406126,0.445,7.9,1.985,296.2621,20.523691,18.25687,4.91,1.4,19.280573,2.3227627,4.1245656,16.4,11.304197,19.923084,4.0097194,233.31195,10.34407,2.2827446,33.24953,110.09493,41.957966,3.3283236,5.0371776,0.79,4.184255,2.4814227,3.9217014,6.0059457,6.98,26.697626,12.25,48.523033,13.482886,5.884695,0.1,22.267895,2.9680953,8.053169,3.08,4.01,1.6803569,44.065693,2.1761763,,1.9138587,7.3542204,0.105,17.601109,20.259987,1.005701,13.692768,5.872514,4.7922,14.42,38.23739,3.4415333,23.09,8.03,7.65,4.070737,2.437965,1.9266728,4.8920827,,3.137625,,36.82167,24.097452,4.15,90.04766,3.72,6.2083244,13.915732,27.589392,2.5723915,94.04349,161.34,114.06,5.214016,4.54
2025-09-11,48.06,1.89,8.692984,46.529427,5.373765,4.69,7.9330707,6.7858863,29.487616,1.04,68.98059,18.742949,4.800048,59.541164,1.6482763,33.051613,31.413342,8.4037895,8.422443,25.238178,38.378258,3.7838907,8.18,58.36406,33.269535,3.0745182,2.53575,12.220892,5.405163,0.905,39.51894,35.12,1.735,6.418036,1.2038532,30.17286,20.920784,3.445569,25.080679,38.477333,6.82,162.80687,15.673421,30.77552,8.253965,22.69715,4.3562465,3.2451792,10.069438,4.271829,11.810167,2.158098,8.360072,291.78452,23.298094,35.677204,3.2078006,3.9603722,0.33,11.29,203.19095,,3.13,2.6806831,8.3,4.0398703,,2.7891512,,13.946875,2.8045576,7.0234222,3.08,3.9427469,9.222486,3.49,6.8270307,1.905,25.663681,3.5102863,7.351366,2.85,4.2,7.11,9.590209,13.507343,2.72,1.1471827,11.709718,18.09332,33.76805,6.434823,6.17,5.59,33.391342,8.165529,2.999338,5.224639,1.5983545,23.48529,1.2920104,4.539613,0.785,3.52,101.73877,6.9324775,8.303355,5.2824473,4.51,11.19701,4.23,5.454472,3.2866013,5.5715065,2.4991074,3.845346,6.53,8.9914,110.95703,1.75,29.79,3.94,1.6120659,3.0001633,4.814454,5.57,5.174714,134.0,40.1014,,0.765,14.28,62.61,9.893599,2.2158637,0.165,35.91,21.147764,14.237366,4.778756,213.09169,2.32,3.702983,41.279366,3.87,23.002079,1.0411941,116.65107,18.6,4.1161423,7.3038325,0.685,2.3483872,20.700106,2.28,4.3570094,31.517626,48.514755,12.1,2.38,17.057919,1.105,2.042283,12.142592,20.425606,0.415,7.76,1.97,297.87766,20.205784,18.286316,5.17,1.46,18.86542,2.4195445,4.2435436,16.33,11.189724,19.524242,4.0097194,230.5825,10.294766,2.311043,33.03163,109.77782,40.82638,3.4457936,5.351387,0.855,4.104933,2.4716916,3.9503267,5.986318,7.07,26.65835,12.39,48.18538,13.31558,5.9320765,0.1,22.022654,2.978022,8.024305,3.13,3.95,1.6660357,42.621883,2.108473,,1.938208,7.4502287,0.105,17.376205,20.164196,1.005701,13.711852,5.8528075,4.8412004,13.78,37.230362,3.4276,22.91,7.84,7.64,4.134843,2.4570115,1.9021604,4.9214354,,3.120891,,36.49471,24.389307,4.13,89.73728,3.81,6.088934,13.984187,27.559755,2.6004539,93.8541,162.35,111.69,5.154989,4.59
2025-09-12,49.34,1.76,8.626985,48.727116,5.3339596,4.59,8.027851,6.7957206,29.242294,1.035,66.241394,18.801796,4.8460255,59.875664,1.6434141,33.44709,31.748135,8.366146,8.450738,25.161728,38.582973,3.7933507,8.11,58.460415,33.595802,3.0939157,2.528505,12.269581,5.463808,0.97,40.04887,34.72,1.71,6.519325,1.1642202,30.391432,21.100647,3.445569,24.972233,37.685863,6.79,164.94179,15.720887,30.77552,8.282927,22.618816,4.3854833,3.2736456,10.059746,4.2999334,12.268234,2.1959593,8.407517,293.9021,23.41576,35.26145,3.1889312,4.007296,0.325,11.4,205.17538,,3.24,2.7221065,7.82,4.097583,,2.8369107,,13.986356,2.8045576,7.151479,3.21,3.9332693,9.348027,3.62,6.911897,1.86,25.595165,3.5394578,7.2755785,2.67,4.27,7.67,9.787945,13.596078,2.72,1.1813542,11.680734,18.248627,33.689133,6.7540703,6.16,5.69,34.045105,8.071131,3.0080824,5.262845,1.5749867,24.99152,1.3013728,4.539613,0.785,3.7448888,102.93336,6.884864,8.303355,5.2427297,4.5,11.098357,4.34,5.6634936,3.316389,5.5912986,2.5086098,3.807367,6.63,8.96192,111.493286,1.78,30.14,3.94,1.5678325,2.9903266,4.776015,5.64,5.184226,133.66,39.510105,,0.795,14.41,61.7,10.171348,2.2539043,0.165,37.45,21.147764,14.382252,4.788569,217.14207,2.21,3.7124293,41.778328,3.89,22.81868,1.0698507,119.237785,19.27,4.0971737,7.3723674,0.7,2.3581722,21.027418,2.3,4.395567,31.200367,48.49481,11.82,2.4,17.048077,1.155,2.0520546,12.093827,20.46457,0.38,7.74,1.98,297.62833,20.149683,18.276503,5.37,1.44,18.710941,2.3905098,4.3129473,16.3,10.884463,19.771145,4.0097194,225.39162,10.0383835,2.3204758,33.24953,110.930954,40.94549,3.5436854,5.6950545,0.885,4.085102,2.5203469,4.007578,6.0844545,6.93,27.492958,12.47,48.18538,13.6108265,6.017361,0.1,22.209036,2.978022,7.92809,3.05,3.92,1.6803569,42.03843,2.0407696,,1.9284682,7.287015,0.105,17.317533,20.288727,1.000771,13.835897,5.8823667,4.8608003,13.69,37.575912,3.3927665,23.48,7.81,7.58,4.2310023,2.476058,1.8727455,5.1953917,,3.137625,,37.004383,23.562386,4.14,89.86338,3.95,6.069035,13.915732,27.628902,2.609808,94.737915,162.18,111.28,5.174665,4.51
2025-09-15,50.16,1.78,8.5798435,50.228706,5.373765,4.58,8.141586,6.9235706,29.3993,1.03,67.694435,18.890068,4.8828077,59.732307,1.7503818,33.39765,31.556826,8.488486,8.375285,25.209509,38.212543,3.8406491,8.02,58.614594,33.38818,3.1036146,2.5067701,12.454597,5.454034,0.95,39.82316,33.02,1.845,6.5469494,1.1642202,30.689484,21.043846,3.5215044,24.903221,37.72519,6.79,163.90343,15.827633,30.35789,8.447041,22.736315,4.453702,3.3210897,10.08882,4.3561416,11.740461,2.2054245,8.330867,296.77457,23.504011,35.609524,3.2549741,4.007296,0.325,11.3,201.87788,,3.23,2.7911453,7.8,4.0687265,,2.817807,,14.213374,2.8141623,7.1416283,3.26,3.9427469,9.279364,3.71,6.9590454,1.905,25.340683,3.5880766,7.294525,2.46,4.14,7.39,9.273831,13.704531,2.82,1.1325378,11.777348,18.355402,33.33399,6.823906,6.1,5.55,33.965862,8.2127285,2.999338,5.253293,1.5843339,26.421656,1.3154163,4.5079226,0.795,3.568889,100.056404,6.808683,8.303355,5.610118,4.51,10.901053,4.63,5.812795,3.30646,5.5715065,2.5086098,3.7883775,6.64,8.93244,110.82053,1.765,30.21,3.95,1.5924066,2.8722875,4.849492,5.97,5.184226,134.5,38.70019,,0.845,14.3,62.5,10.056417,2.2634146,0.18,38.66,21.147764,14.160094,4.768944,217.0452,2.32,3.7124293,42.01821,4.05,22.654585,1.0985074,117.03907,19.35,4.1351104,7.4311113,0.71,2.377742,20.630672,2.33,4.395567,30.248592,48.534706,11.55,2.42,16.98902,1.04,2.071598,12.191359,20.649637,0.38,7.88,2.16,293.3302,20.233833,18.070375,5.12,1.525,18.62405,2.3421192,4.1642246,15.98,10.77953,19.676182,4.0463243,227.73396,10.334209,2.3299086,33.41791,110.80602,40.3797,3.5833905,5.459397,0.855,4.134679,2.539809,4.007578,5.976505,6.97,27.591146,12.46,48.731586,13.561619,6.055266,0.105,22.09132,2.978022,7.9473333,3.02,4.01,1.7328681,39.872723,2.0310977,,1.8846394,7.3542204,0.11,16.877508,20.183353,1.000771,13.84544,5.8528075,4.8314,14.0,37.05265,3.3718667,23.91,7.69,7.55,4.134843,2.476058,1.9266728,5.0192766,,3.505773,,37.244797,23.552656,4.14,90.23195,3.88,6.188426,13.847279,27.727682,2.6004539,97.44243,161.24,109.64,5.2238536,4.52
2025-09-16,51.21,1.745,8.636413,50.248596,5.324008,4.66,8.1605425,6.9432397,29.850693,1.015,67.42936,19.174496,4.8736124,59.636734,1.7503818,33.417427,31.355946,8.582593,8.365853,25.46753,39.021633,3.8406491,7.89,58.951843,34.050602,3.1036146,2.427075,12.513025,5.434485,1.01,40.009613,,1.975,6.629822,1.1840367,31.871761,21.27104,3.5215044,24.706045,37.8825,6.72,163.3503,16.157578,30.298225,8.427732,22.785275,4.5414114,3.3305786,10.214809,4.3093014,11.929663,2.1864939,8.301532,296.0687,23.37654,36.421684,3.1889312,4.007296,0.355,11.29,199.34059,,3.45,2.801008,7.84,4.1168203,,2.7987032,,14.233116,2.7853482,7.151479,3.14,3.9332693,9.328409,3.66,6.977905,2.08,25.154715,3.5880766,7.427153,2.62,4.23,7.17,9.323266,13.586218,2.85,1.1374195,12.018885,18.559244,33.087364,6.863812,6.22,5.59,34.064915,8.505366,3.0168266,5.205536,1.5983545,25.684677,1.3154163,4.6029925,0.775,3.5493333,102.16683,7.018181,8.255469,5.4611764,4.52,10.9898405,4.7,6.1313043,3.346177,5.5912986,2.5276144,3.7409043,6.6,9.246893,113.04357,1.75,29.94,3.96,1.6268104,2.8821242,4.898477,6.11,5.203251,137.0,38.836803,,0.87,14.26,64.73,10.286278,2.2539043,0.18,39.08,21.443127,14.131117,4.788569,219.1576,2.34,3.7218757,42.306072,4.09,22.886246,1.1271641,118.13345,19.6,4.343763,7.4213204,0.72,2.367957,20.739779,2.37,4.4341245,30.714565,49.113213,12.56,2.53,17.264624,0.985,2.0911417,12.269382,20.71782,0.375,,2.17,300.1015,20.271236,18.247055,5.22,1.595,18.80749,2.4001882,4.2237144,16.24,10.793204,19.581223,4.076004,226.6025,10.620176,2.3393414,33.22972,112.90087,40.498814,3.563538,5.518311,0.86,4.1743402,2.54954,3.9884942,6.0452,6.93,28.141005,12.53,48.68193,13.591144,6.055266,0.105,22.04227,2.9879487,7.9184685,3.07,4.22,1.7806054,40.69352,2.0310977,,1.938208,7.383023,0.11,16.153906,20.058826,1.0106308,13.7977295,5.8232474,4.8216,14.1,37.023033,3.4415333,24.49,7.49,7.55,4.198949,2.4570115,1.970795,4.9410033,,3.5559752,,37.53329,23.620758,4.19,91.36676,3.98,6.3078175,13.915732,27.500488,2.609808,95.91553,160.3,111.92,5.3222313,4.56
2025-09-17,49.57,1.88,8.447845,49.65194,5.373765,4.65,8.188976,6.9251385,30.027325,1.025,67.59626,19.096033,4.8644166,59.732307,1.7406576,33.101048,31.461168,8.497896,8.384717,25.62043,38.826675,3.7838907,7.8,58.344788,33.15089,3.123012,2.412585,12.4253845,5.30742,0.99,39.558193,,1.895,6.519325,1.2088073,31.633318,21.32784,3.4835367,24.548306,37.47939,6.81,163.17561,15.914971,30.268396,8.456695,22.393606,4.453702,3.311601,10.243884,4.262461,11.65084,2.158098,8.2037525,290.25516,23.288288,36.344337,3.1889312,3.9509876,0.38,11.12,198.51129,,3.46,2.7615573,7.69,4.136058,,2.7413917,,14.292337,2.8045576,7.1416283,3.2,3.904836,9.279364,3.75,6.883609,1.915,25.056837,3.5491817,7.3229456,2.92,4.22,7.62,9.204624,13.270719,2.82,1.0886033,11.969425,18.32628,32.89006,6.9336467,6.18,5.3,33.76775,8.373207,2.999338,5.0813675,1.5796603,24.997496,1.2920104,4.5554576,0.775,3.4417777,100.84284,6.8753414,8.092659,5.4313884,4.51,11.00957,4.79,6.230839,3.346177,5.4824414,2.4884264,3.721915,6.62,9.335334,113.19957,1.75,29.63,3.96,1.671044,2.8132677,4.849492,5.96,5.11764,133.69,38.70995,,0.9,14.39,64.2,10.075573,2.2158637,0.19,38.43,21.09854,13.957254,4.759131,216.68665,2.3,3.6935365,41.663177,4.07,22.548409,1.122388,116.8202,19.64,3.983363,7.41153,0.715,2.3386023,20.313278,2.39,4.4052067,30.397306,48.99352,12.1,2.63,17.471325,0.96,2.1204567,12.425432,20.698338,0.375,7.76,2.26,294.06815,20.102932,18.06056,5.16,1.575,18.527502,2.4292226,4.15431,16.53,10.822507,19.467266,4.076004,230.19542,10.511706,2.3016102,33.24953,111.78619,40.64771,3.4742014,5.4495783,0.84,4.214001,2.5592713,3.9026177,5.9568777,7.0,28.357021,12.48,48.940136,13.738767,5.9036474,0.11,21.82646,2.9581685,7.86074,3.12,4.79,1.8187953,40.841854,2.0310977,,1.9089888,7.3446198,0.11,16.593933,19.752293,0.9859813,13.807272,5.8232474,4.8118,13.92,36.825577,3.420633,23.96,7.48,7.52,4.166896,2.371302,2.0002098,4.9214354,,3.7149482,,37.15825,23.932068,4.14,89.649994,3.88,6.6361423,13.95485,27.322683,2.5817456,97.30271,161.29,112.65,5.4501224,4.45
2025-09-18,50.26,1.785,8.330517,49.35361,5.4732795,4.67,8.245844,6.8259244,29.64462,1.025,67.17409,19.25296,4.8552213,59.541164,1.6920359,32.863766,31.432472,8.54495,8.375285,25.75422,38.54398,3.8122702,7.45,58.59532,32.498352,3.1133132,2.398095,12.542238,5.30742,1.015,39.224533,,1.98,6.528533,1.1543119,31.692926,21.072247,3.4835367,24.153955,37.77435,6.96,159.46863,16.186691,30.119242,8.292581,22.481731,4.512175,3.3210897,10.2632675,4.271829,11.760378,2.158098,8.233087,291.39084,23.121593,35.735214,3.2078006,3.9416027,0.37,11.13,195.81601,,3.53,2.7023811,8.23,4.1456766,,2.7795994,,14.32195,2.8621855,7.1120763,3.23,3.9237914,9.436308,3.81,6.8647494,1.97,24.851292,3.568629,7.332419,3.1,4.29,7.52,9.105756,13.260859,2.82,1.1276562,11.939748,18.200094,32.771683,6.913694,6.31,5.3,33.609264,8.316568,3.0080824,5.1004705,1.5703131,25.18672,1.2920104,4.539613,0.78,3.4026668,103.68993,6.9229546,7.9777336,5.520753,4.51,10.693884,4.8,6.3005123,3.276672,5.4824414,2.4982233,3.6839364,6.44,9.37464,113.53108,1.76,28.84,3.94,1.6120659,2.8132677,4.88868,6.02,5.098615,132.99,38.524548,,0.91,14.61,64.94,9.6541605,2.2158637,0.2,38.51,21.196993,14.131117,4.71988,216.49286,2.35,3.6935365,41.60561,4.11,22.809027,1.1319402,117.81509,20.14,3.9928474,7.323414,0.71,2.3288174,20.29344,2.38,4.4101286,30.942595,49.81141,12.34,2.88,17.707558,0.98,2.08137,12.10358,20.649637,0.38,8.1,2.29,297.98734,20.093582,18.551336,5.35,1.625,18.508192,2.4098663,4.15431,16.8,10.793204,19.210867,4.0562177,230.01677,10.44268,2.3016102,32.635452,111.02705,40.63778,3.4742014,5.351387,0.845,4.214001,2.5486586,3.8835342,5.8881817,7.09,28.36684,12.32,48.880554,13.689559,5.9036474,0.115,21.718554,2.9283884,7.92809,3.21,5.59,1.8331165,38.982708,2.0214257,,1.9138587,6.4709454,0.105,16.574377,19.455336,0.9662617,13.492386,5.7739816,4.7824,13.66,37.04278,3.4067,24.44,7.51,7.45,4.2310023,2.3903484,1.9904048,4.9410033,,3.924123,,37.196716,22.433882,4.13,89.6888,3.97,6.6361423,13.671253,27.154757,2.6004539,96.4245,160.28,115.27,5.420609,4.55
2025-09-19,51.96,1.665,8.102022,49.234276,5.582745,4.48,8.274278,7.034274,29.173605,1.06,67.37045,19.557007,4.818439,60.305737,1.6580007,33.55584,31.614218,8.3379135,8.337559,27.034763,39.002136,3.736592,7.31,59.26019,32.47858,3.1133132,2.325645,12.48381,5.278097,1.0,38.90069,,1.91,6.528533,1.1493578,32.368515,21.233175,3.5309963,24.321554,37.36141,7.09,161.2542,16.429298,29.810987,8.321542,22.844025,4.4342113,3.3495562,10.331107,4.2999334,11.501471,2.1959593,8.11575,289.54416,23.160816,36.228313,3.2549741,3.894679,0.35,11.58,195.84563,,3.74,2.7516947,8.04,4.0687265,,2.6936321,,13.828429,2.8621855,7.1219273,3.22,3.9143138,9.043946,3.78,6.8930383,2.0,24.401052,3.5589054,7.2471585,3.37,4.34,7.2,9.392473,13.132687,2.79,1.1764725,11.959533,18.170975,33.541153,7.3825884,6.39,5.05,34.0352,8.392088,2.981849,5.148227,1.560966,25.326147,1.2873292,4.5554576,0.78,3.353778,104.52614,6.98009,7.9585795,5.3618827,4.49,10.920783,4.87,6.0218167,3.246884,5.4725456,2.4688325,3.655452,6.45,9.178107,115.96863,1.745,28.86,3.94,1.5678325,3.0099998,4.9180713,5.97,5.060566,133.81,38.085438,,0.945,14.63,65.07,9.46261,2.2158637,0.205,38.86,21.521889,14.498159,4.7983813,215.65952,2.41,3.6840901,42.01821,4.16,23.291655,1.1080596,118.60105,19.82,3.973879,7.460483,0.7,2.3092473,20.541405,2.34,4.4101286,30.337822,50.838757,12.55,2.84,17.530382,1.01,2.0520546,12.240124,20.571714,0.385,8.1,2.31,312.4275,20.102932,18.266687,5.31,1.57,18.440609,2.4195445,4.2633734,16.81,10.793204,19.277342,4.0166445,228.0615,10.176435,2.3016102,32.655262,109.547195,40.90579,3.4841278,5.4004827,0.84,4.2239165,2.5684156,3.8930757,5.8489275,7.14,28.543581,12.3,50.082207,13.915915,5.9131236,0.1,22.003033,2.9978755,7.86074,3.21,5.77,1.8665328,40.090286,2.0407696,,2.006386,6.499748,0.11,16.466814,19.541548,0.9613318,13.349256,5.7739816,4.7334,14.53,37.86222,3.5042334,24.43,7.38,7.38,4.2310023,2.380825,1.9315753,4.960572,,3.949224,,37.0717,22.404697,4.12,90.28045,3.97,6.725685,13.612579,27.046097,2.5630374,96.10514,162.59,115.8,5.3517447,4.66
2025-09-22,51.56,1.515,8.06394,48.916058,5.4732795,4.52,8.255322,6.806082,29.0166,1.15,67.488266,19.360847,4.7908525,60.114594,1.6580007,33.52618,31.585522,8.356735,8.394148,26.891418,38.017582,3.7649713,7.36,58.51823,32.528015,3.1036146,2.3184001,12.522762,5.151032,1.075,39.283413,,2.04,6.528533,1.1344954,32.358578,21.337307,3.5404882,24.351131,37.105778,7.45,160.67195,15.895563,29.890537,8.292581,22.403397,4.6193757,3.3305786,10.28265,4.2999334,12.258277,2.1391673,8.105972,289.17874,23.160816,36.04461,3.2361047,3.932218,0.335,11.07,196.70457,,3.61,2.7516947,8.59,4.1552954,,2.626769,,13.552057,2.87179,7.2007313,3.31,4.018569,9.053755,3.9,6.8081717,2.02,24.99811,3.5491817,7.0671635,3.55,4.61,7.97,9.9856825,13.231281,2.71,1.2838684,12.167267,18.74367,33.324123,7.093271,7.13,5.75,33.76775,8.354328,3.0343156,5.1004705,1.593681,24.798311,1.2779669,4.5792255,0.795,3.3146667,105.02388,6.951523,8.073504,5.620047,4.5,10.7136135,4.88,5.8824687,3.3561065,5.51213,2.4786294,3.598484,6.71,9.001226,114.76935,1.735,29.37,3.95,1.5580027,3.1673856,4.76132,5.85,5.013004,133.0,38.35866,,0.915,15.29,65.56,9.529653,2.1968434,0.215,39.04,21.758177,14.990768,4.7493186,214.98123,2.5,3.6935365,41.883877,4.16,22.760763,1.1080596,124.17245,19.62,3.8460066,7.352786,0.725,2.3386023,22.227568,2.22,4.4888806,30.555937,51.277622,13.27,2.69,17.235094,1.045,2.0520546,12.327902,20.834703,0.41,8.48,2.29,319.1589,19.766325,18.36484,5.71,1.48,18.38268,2.5260043,4.6401362,16.5,10.802972,19.324823,4.0562177,230.70161,11.616125,2.3016102,32.83354,112.35314,41.27306,3.6727273,5.881616,0.905,4.243747,2.5881727,3.873992,5.878368,7.37,28.386478,12.5,50.260967,13.463204,5.884695,0.095,21.82646,3.0177288,7.9858193,3.2,6.01,1.842664,39.615612,2.0214257,,1.9430779,6.5285506,0.11,16.36903,19.589445,0.9711916,13.396966,5.7936883,4.7726,15.0,37.753624,3.5112,23.38,7.58,7.32,4.4233203,2.3617785,1.774696,4.960572,,3.84882,,37.081318,22.19067,4.1,90.10586,4.21,6.556548,13.661475,26.957197,2.5817456,96.60413,163.8,116.18,5.28288,4.65
2025-09-23,51.15,1.495,8.092502,48.916058,5.642453,4.55,8.321668,6.86561,29.055853,1.195,67.22318,19.40008,4.8552213,59.732307,1.6336898,33.40754,31.824661,8.366146,8.365853,27.12077,37.881107,3.774431,7.47,58.33515,32.508244,3.1424096,2.311155,12.775944,5.160806,1.09,39.46987,,2.06,6.63903,1.1344954,32.289032,21.450903,3.5404882,24.617315,37.036953,7.36,161.93349,15.623845,29.751328,8.311888,22.520899,4.570648,3.3305786,10.205118,4.2999334,12.397689,2.1486328,8.1841955,288.3591,23.043148,35.300125,3.2361047,3.9228332,0.29,11.23,197.39566,,3.59,2.7615573,8.45,4.232245,,2.5790098,,13.443483,2.9102087,7.2204323,3.54,3.8858805,9.161655,3.95,6.817601,2.01,25.53644,3.5394578,7.0671635,3.33,4.86,8.4,10.11421,13.211562,2.7,1.327803,12.206835,18.53983,33.166283,7.0034823,7.44,5.75,33.530018,8.3826475,3.0518043,5.0909185,1.5749867,25.39586,1.282648,4.5792255,0.775,3.256,106.04923,7.046749,7.996888,5.639906,4.49,10.76294,4.95,6.0815372,3.3660357,5.51213,2.4786294,3.5415158,6.98,9.001226,116.11487,1.765,29.56,3.96,1.5727472,3.4821568,4.8103046,5.76,4.9844666,133.0,37.78294,,0.895,16.52,66.5,9.405144,2.1968434,0.21,38.82,21.876318,15.879396,4.768944,215.52386,2.47,3.6935365,42.306072,4.22,23.05034,1.1176119,125.843864,19.73,3.8755157,7.3332043,0.715,2.3092473,22.931787,2.2,4.538101,30.317993,51.656647,13.47,2.81,17.185877,1.105,2.0325115,12.337654,20.786001,0.415,8.68,2.29,317.02478,19.018309,18.374657,5.81,1.485,18.411644,2.5840735,4.7491994,16.25,10.6857605,19.30583,4.0858974,230.23512,11.655569,2.2921774,32.843445,113.66002,41.173794,3.7422113,5.9798074,0.96,4.144594,2.5585372,3.8644505,5.93725,7.27,28.65159,12.58,50.76745,13.345106,5.846791,0.095,21.659697,3.0276556,7.831876,3.32,6.03,1.8617591,40.426514,2.0407696,,1.9771669,6.4709454,0.11,16.31036,19.618181,0.9761215,13.444676,5.7542753,4.7726,16.38,37.73388,3.5599668,24.05,7.35,7.38,4.2310023,2.371302,1.7992084,4.989924,,3.9743252,,37.35058,22.24904,4.13,90.29984,4.37,6.5366497,13.622358,26.818903,2.5910997,96.25484,163.97,116.13,5.3025556,4.6
2025-09-24,50.52,1.535,8.168667,47.16586,5.6623564,4.53,8.255322,6.786239,29.252108,1.22,67.15446,19.341232,4.769203,58.012016,1.6142411,32.60671,31.250725,8.112056,8.394148,26.967869,37.393703,3.7460518,7.44,57.651012,32.528015,3.1133132,2.2894201,12.551976,5.219452,1.075,39.4895,,2.09,6.5745735,1.1444037,31.841953,21.394106,3.5499802,24.410284,36.299557,7.23,159.6627,15.342422,30.208733,8.234657,22.285898,4.473193,3.3495562,10.15666,4.262461,12.288151,2.129702,8.1744175,285.6829,23.043148,35.106754,3.2361047,3.9228332,0.28,11.26,194.82874,,3.54,2.7615573,8.36,4.174533,,2.6458728,,13.127631,2.9486272,7.2105823,3.76,3.9711804,9.2107,3.95,6.7704535,2.05,25.047049,3.4908388,7.02927,3.34,4.86,8.22,10.163644,12.915781,2.74,1.3570927,12.0980215,18.568949,33.077496,6.9336467,7.24,5.66,33.232857,8.373207,3.04306,5.0909185,1.5749867,24.619045,1.2873292,4.5237675,0.755,3.2657776,102.85372,6.98009,8.006464,5.659765,4.48,10.881323,5.02,6.2009783,3.3962133,5.4824414,2.4688325,3.5225265,7.06,8.9127865,114.51585,1.76,28.15,3.95,1.6022363,3.452647,4.7711167,5.76,4.965442,133.51,37.09988,,0.91,16.54,65.65,9.299791,2.158803,0.22,40.57,21.846785,15.898713,4.7493186,211.65756,2.45,3.6935365,41.356125,4.13,22.693195,1.1128358,126.68952,19.69,3.855843,7.3038325,0.715,2.3092473,22.92187,2.2,4.528257,30.308079,51.028267,13.68,2.77,17.077606,1.105,2.0520546,12.454692,20.815224,0.425,8.69,2.41,306.5138,19.04636,17.874063,5.83,1.445,18.083382,2.6324644,4.7194552,16.17,10.734598,19.3818,4.0463243,227.05905,11.635847,2.2733116,32.308598,112.94892,41.34254,3.702506,5.803064,0.96,4.134679,2.5585372,3.873992,5.93725,7.28,28.141005,12.69,50.49931,13.1285925,5.7804575,0.093,21.326168,3.0078022,7.8511186,3.35,6.23,1.8665328,38.705814,2.011754,,1.9674273,6.4901476,0.11,16.241913,19.618181,0.9761215,13.253837,5.744422,4.802,15.46,38.17815,3.5251331,23.64,7.34,7.31,4.2310023,2.3617785,1.8041109,4.970356,,4.2420692,,36.1389,22.24904,4.08,89.310524,4.44,6.5863957,13.710371,26.650976,2.5723915,94.26886,161.41,114.9,5.292718,4.43
2025-09-25,50.97,1.75,8.082981,48.210014,5.712113,4.8,8.245844,6.806082,29.723127,1.095,67.04646,19.31181,4.7309732,57.96423,1.6142411,31.66746,31.355946,8.121467,8.346991,26.900974,36.98428,3.7271323,7.24,57.015045,32.231407,3.1133132,2.296665,12.551976,5.0923862,1.05,40.892826,,2.08,6.5653653,1.1840367,31.375004,21.337307,3.5215044,24.124378,36.329056,7.28,158.89609,14.993068,29.433132,8.186389,22.041105,4.6193757,3.359045,10.321416,4.215621,12.24832,2.101306,8.1841955,281.68338,22.856842,34.97139,3.22667,3.9416027,0.31,12.47,195.47047,,3.74,2.7615573,7.71,4.1937704,,2.6363208,,13.246076,2.977441,7.2302833,3.67,3.7626696,9.132228,4.31,6.761024,1.955,25.095987,3.4811149,7.0955834,3.44,4.7,7.7,10.153758,12.955218,2.78,1.3131582,12.107914,18.578655,31.439901,6.863812,7.1,5.53,32.87626,8.448727,3.0518043,5.0813675,1.5703131,24.419865,1.2873292,4.4999995,0.77,3.2755554,102.80394,6.98009,7.7287283,5.6498356,4.48,11.00957,5.14,6.310466,3.3762941,5.3834805,2.4688325,3.4750533,7.26,8.804693,114.17459,1.75,27.32,3.95,1.7005329,3.3739543,4.8005075,5.8,5.0320287,129.5,36.407066,,0.905,16.99,65.65,9.165706,2.1778233,0.215,41.62,21.827093,16.149847,4.6708174,209.17694,2.49,3.6746438,41.471275,4.12,22.577364,1.1176119,126.24182,19.75,3.9837155,7.196135,0.725,2.2994623,22.475533,2.27,4.508569,29.405874,50.86868,13.32,2.8,17.15635,1.085,2.0520546,12.571729,20.97107,0.42,8.49,2.4,308.27893,19.018309,17.756279,5.59,1.46,17.996489,2.5647173,4.659966,16.0,10.646689,19.15389,4.0067515,227.18808,11.379464,2.2827446,31.744041,117.013695,40.290367,3.5734644,5.7245116,0.955,4.184255,2.627687,3.873992,5.917623,7.36,28.111547,13.65,49.615448,13.37463,5.7899337,0.095,21.110355,2.978022,7.7549043,3.36,6.54,1.9667813,39.06182,2.002082,,1.9479477,6.624559,0.105,16.261467,19.033852,0.9613318,13.215669,5.655743,4.7726,15.38,38.059677,3.553,23.33,7.26,7.18,4.070737,2.380825,1.8237208,4.9214354,,4.1835003,,36.45624,22.813293,4.05,89.5821,4.2,6.6659894,13.788604,26.473171,2.5723915,94.47844,159.22,116.37,5.2730427,4.4
2025-09-26,52.67,1.81,7.968734,48.190125,5.6723075,4.89,8.482794,6.736632,29.948822,1.12,67.44899,19.40008,4.702301,58.012016,1.6093789,31.370855,31.403776,8.140287,8.328127,27.655922,37.033024,3.6987534,7.25,56.619976,32.112762,3.1036146,2.2894201,12.659091,5.0630636,1.075,41.43257,,2.12,6.611406,1.1790826,31.076952,21.48877,3.5215044,24.291977,36.447037,7.08,160.00237,15.090111,29.552454,8.186389,22.02152,4.60963,3.3780227,10.214809,4.2249894,12.457437,2.101306,8.135305,276.50873,22.88626,34.3526,3.2078006,3.9509876,0.31,12.27,191.75832,,3.76,2.7615573,7.92,4.222626,,2.6172173,,13.334909,2.9486272,7.2105823,3.73,3.791103,9.142036,4.25,6.751594,1.985,25.93774,3.52001,7.048217,3.69,4.79,8.35,10.163644,12.896062,2.84,1.3326846,11.939748,18.568949,31.42017,6.803953,7.13,5.64,32.56919,8.439286,3.04306,5.052713,1.5562924,24.768435,1.2873292,4.5554576,0.745,3.2071111,98.49349,6.9610453,7.7861915,5.6696944,4.49,10.76294,5.11,6.5692544,3.4161325,5.4131684,2.4884264,3.4655585,7.7,8.834173,113.91134,1.735,28.27,3.95,1.7054478,3.6788888,4.731929,5.8,5.041541,130.74,36.504642,,0.935,16.9,64.16,9.098663,2.158803,0.21,41.29,22.102762,15.328833,4.7100677,210.55292,2.4,3.6274116,41.87428,4.23,22.529102,1.1080596,126.52039,19.39,4.0525694,7.26467,0.73,2.2798924,22.55488,2.28,4.597165,28.563158,51.2477,13.73,2.74,17.215406,1.14,2.042283,12.2303705,20.532751,0.425,8.47,2.4,300.93918,18.345095,17.461815,5.92,1.375,17.95787,2.5937517,4.699625,15.75,10.744367,19.391296,3.9671788,229.54036,11.310438,2.2733116,31.496428,118.38784,40.469036,3.6330223,5.7441497,0.955,4.114848,2.627687,3.9026177,5.770418,7.35,27.600965,13.65,49.34731,13.404155,5.761505,0.092,20.747398,2.978022,7.92809,3.32,6.55,1.9285914,38.25092,2.002082,,1.9627799,6.624559,0.11,16.202797,19.311647,1.005701,13.101164,5.744422,4.753,14.85,37.42782,3.5042334,23.18,7.18,7.1,4.198949,2.409395,1.8433306,4.989924,,4.8361263,,36.706272,22.69655,4.08,89.35902,4.32,6.7654824,13.739708,26.463293,2.5723915,93.93953,158.24,113.05,5.3222313,4.35
2025-09-29,52.69,1.8,8.206749,50.0696,5.702162,4.61,8.444881,6.696946,29.7035,1.155,68.8235,19.331423,4.654513,58.681015,1.6336898,31.420292,31.939447,8.234396,8.384717,27.503021,37.09151,3.6969573,7.58,56.5718,32.439034,3.0939157,2.30391,12.853846,5.0923862,1.11,41.12835,,2.07,6.6758623,1.1741284,30.321886,21.441437,3.5309963,24.43,36.66334,6.95,163.44733,14.934843,29.353582,8.418079,22.178188,4.5219207,3.3415344,10.28265,4.209547,12.805965,2.1107714,8.21353,275.8076,23.003925,35.097084,3.200158,3.9543228,0.28,12.6,196.46762,,3.69,2.7615573,8.07,4.232245,,2.5216985,,13.176984,2.9678364,7.2696853,4.4,3.781625,9.073374,4.19,6.7421646,1.94,25.458138,3.4908388,7.02927,3.92,4.92,9.45,10.608551,12.915781,2.91,1.327803,11.771583,18.180681,31.647068,6.9336467,7.41,5.85,32.737583,8.458167,,5.0813675,1.5796603,25.097088,1.2887559,4.5950704,0.745,3.1582222,101.21117,6.9991355,7.9202714,5.620047,4.49,10.792536,5.09,6.310466,3.3762941,5.3933764,2.4982233,3.456064,7.96,8.716253,113.74558,1.76,28.47,3.96,1.6759588,3.895294,4.741726,5.75,5.146177,129.55,36.66077,,0.96,16.8,64.2,9.184861,2.158803,0.24,40.96,22.220905,15.4544,4.7493186,213.3727,2.42,3.636858,42.497982,4.18,22.48084,1.1462687,131.62419,19.7,3.9443703,7.342995,0.72,2.2994623,23.259102,2.26,4.607009,29.148102,51.118034,13.92,2.9,16.821688,1.15,2.042283,12.259629,20.786001,0.41,8.27,2.42,300.7796,18.279642,17.697386,6.49,1.38,18.131657,2.6711771,4.798774,15.67,10.695528,19.695175,4.0166445,229.2029,11.211829,2.2733116,31.268623,116.514015,40.94549,3.7521377,5.920893,0.99,4.104933,2.627687,3.9121594,5.8391137,7.27,28.003542,13.89,49.506207,13.404155,5.7899337,0.089,20.825876,2.978022,7.908848,3.36,6.48,1.8617591,37.79602,2.011754,,1.9726679,6.624559,0.11,16.046343,19.560707,0.9958411,13.12979,5.744422,4.7922,15.06,37.99057,3.4903002,23.02,7.18,7.09,4.2951083,2.3998718,1.8041109,5.0584135,,4.752456,,37.45636,22.784107,4.05,89.6403,4.45,6.5366497,13.817942,26.57195,2.5742915,92.81182,157.34,113.4,5.253367,4.43
2025-09-30,53.22,1.98,8.2162695,50.29832,5.7519193,4.82,8.388015,6.7564745,29.350237,1.145,68.70569,19.53739,4.6927433,58.7288,1.6142411,31.499386,31.767265,8.366146,8.375285,28.01906,37.588665,3.7161129,7.74,56.45617,32.359936,3.0939157,2.296665,12.727255,5.072838,1.145,41.736786,,2.06,6.6758623,1.1344954,29.78539,21.479303,3.5309963,24.449717,36.161907,6.88,161.9626,14.8378,29.353582,8.360157,22.276106,4.5511575,3.3511364,10.486171,4.1810403,13.174411,2.0918407,8.1744175,275.7681,22.837233,35.087418,3.2383692,3.9352658,0.28,13.09,195.6778,,3.56,2.731969,7.9,4.2033887,,2.5312502,,13.305298,2.977441,7.2598343,4.66,3.7721474,9.00471,4.23,6.7704535,1.96,25.233017,3.5297341,7.05769,3.6,5.02,10.22,10.707419,12.886203,2.92,1.3033949,11.445144,18.132149,31.933151,6.9436235,7.45,5.89,32.470135,8.495927,,5.129124,1.5703131,25.873901,1.2887559,4.5792255,0.75,3.1093335,100.305275,7.027704,7.853231,6.523624,4.48,10.585366,5.18,6.3005123,3.3563747,5.3834805,2.4786294,3.389601,7.54,8.66712,113.10207,1.755,28.08,3.95,1.6218956,3.7772548,4.8103046,5.74,5.2317877,129.64,36.485126,,0.985,16.81,63.68,9.204016,2.158803,0.25,41.14,22.151989,15.232244,4.7296934,212.52966,2.37,3.5896263,42.363644,4.22,22.548409,1.1558208,128.55992,19.74,3.855843,7.26467,0.71,2.2994623,23.536821,2.29,4.5577893,29.138187,51.83618,13.79,2.93,16.654356,1.18,2.0325115,12.191359,20.591192,0.435,8.32,2.52,307.44125,17.999136,17.618862,6.06,1.425,18.083382,2.719568,4.8582625,15.67,10.666225,19.552732,4.066111,229.33192,11.132942,2.254446,31.427095,117.26354,40.727116,3.8514006,5.901255,1.03,4.0553565,2.706715,3.8930757,5.819486,7.21,27.993723,14.27,49.585655,13.284918,5.79941,0.09,21.03188,2.9482417,7.6779323,3.4,6.57,2.033614,38.063026,1.9924102,,1.9182836,6.461345,0.105,15.899668,19.40744,1.0106308,13.167958,5.7936883,4.7236004,14.57,37.97082,3.4972665,22.98,6.99,7.07,4.2310023,2.3998718,1.7795986,4.9997087,,5.0202003,,37.475594,22.404697,3.95,89.25233,4.48,6.556548,13.739708,26.374392,2.5647922,90.06738,157.5,115.24,5.214016,4.42
2025-10-01,53.11,2.26,8.644696,49.22433,5.7618704,4.9,8.7387,6.8457675,29.615185,1.16,68.293335,19.792397,4.6258407,58.824375,1.6142411,31.499386,31.834225,8.394378,8.46017,,37.71539,3.7352679,8.19,56.65852,32.537903,3.1618073,2.311155,12.698042,5.082612,1.175,40.69656,,1.965,6.6850705,1.1245872,29.805262,21.29944,3.5404882,24.7652,36.36838,6.91,162.11786,14.808688,29.930313,8.360157,22.090063,4.5803933,3.3319323,10.437714,4.1810403,13.3038645,2.0823753,8.125528,275.51132,22.807816,35.22278,3.247922,3.9257371,0.275,12.84,196.27017,,3.75,2.7812827,8.06,4.309195,,2.5981135,,13.078279,3.121511,7.2893863,5.74,3.7721474,9.092992,4.17,6.7893124,1.985,25.604954,3.5102863,7.0861106,3.58,5.09,10.37,10.6283245,13.004515,2.96,1.2545786,11.346223,18.384523,32.090992,7.023435,7.4,5.93,32.668243,8.552567,,5.186433,1.5843339,25.804186,1.2887559,4.5237675,0.75,3.1288888,100.66365,7.113407,7.891539,6.434259,4.5,10.723479,4.97,6.3900933,3.3862538,5.4626493,2.4884264,3.3516223,7.7,8.6966,113.62858,1.745,29.14,3.97,1.5924066,3.7674181,4.8005075,5.4,5.174714,127.08,36.241177,,0.88,17.0,66.86,9.357257,2.168313,0.25,39.58,22.407967,14.97145,4.759131,212.87851,2.4,3.5990727,42.229305,4.31,22.35259,1.1844776,127.8635,19.87,3.8656793,7.2940416,0.725,2.2896774,23.715357,2.28,4.616853,29.425705,52.30497,13.68,2.87,16.624826,1.18,2.0031962,12.171851,20.7373,0.435,8.17,2.36,305.36694,17.989786,17.66794,6.1,1.405,18.054419,2.8357062,4.838433,15.75,10.597853,19.761648,4.0463243,227.63472,11.162524,2.2733116,32.23927,117.79206,41.054684,3.8712533,5.8325214,1.05,4.065272,2.7165935,3.9121594,5.9274364,7.25,28.072273,14.5,49.307587,13.185555,5.7804575,0.089,20.914162,2.9482417,7.697175,3.55,6.52,2.0622563,40.11995,1.9827383,,1.9479477,6.4901476,0.105,15.899668,19.474495,1.005701,13.196584,5.7542753,4.753,15.2,37.84248,3.5042334,23.05,7.07,7.07,4.2630553,2.3998718,1.7894034,4.989924,,4.6604195,,37.254417,22.229584,3.95,88.07872,4.96,6.427208,13.710371,26.147194,2.555293,90.63623,158.39,108.56,5.1943407,4.53
2025-10-02,53.8,2.11,8.625655,51.054085,5.781773,5.05,8.69131,6.944981,29.438553,1.19,68.470055,20.527992,4.654513,59.206665,1.6336898,32.221123,32.45599,8.450842,8.469601,,37.764576,3.7448456,8.03,56.82233,32.32039,3.1424096,2.36187,12.873322,5.1021605,1.21,41.15779,,2.06,6.7679434,1.1444037,29.72578,21.6213,3.5309963,24.548306,36.732162,6.88,164.79622,14.8378,30.218678,8.331196,22.520899,4.69734,3.3511364,10.47648,4.1810403,13.4831085,2.07291,8.1939745,278.05917,22.670538,35.580517,3.2574747,3.9543228,0.285,13.05,203.6155,,4.2,2.810871,8.36,4.3765264,,2.6076653,,13.196724,3.0830925,7.4371443,5.18,3.8574474,8.985092,4.37,6.8081717,2.08,25.80071,3.5102863,7.048217,3.74,5.21,8.99,11.023797,13.132687,3.01,1.3033949,11.702338,18.627192,32.33762,6.993506,7.43,6.14,33.38144,8.543126,,5.176882,1.64509,25.495453,1.3030226,4.5950704,0.77,3.0604446,100.89261,7.199111,7.968156,6.4739766,4.5,10.772805,5.21,6.7384624,3.4758897,5.5814023,2.5080202,3.418085,7.95,8.66712,115.30561,1.775,29.5,3.97,1.5825769,3.7674181,4.8690863,5.4,5.184226,127.76,36.61198,,0.965,17.51,67.82,9.520075,2.1778233,0.245,41.24,22.644255,15.0390625,4.768944,214.14789,2.54,3.5896263,42.62272,4.35,22.46029,1.1988059,130.05226,20.75,3.885352,7.3625765,0.755,2.3190322,24.627867,2.35,4.607009,29.822277,49.372543,,3.19,16.526398,1.285,2.0031962,12.142592,20.902885,0.445,8.65,2.48,307.84015,18.223541,18.119452,6.16,1.47,19.299883,2.777637,4.897922,15.46,10.675993,20.03704,4.105684,223.30733,11.113221,2.2638788,31.248814,119.20465,40.53852,4.0300736,5.8521595,1.075,4.095018,2.7363505,3.9407852,6.0157595,7.54,27.767887,14.85,49.99283,13.513455,5.837314,0.09,21.208452,2.9879487,7.7549043,3.26,6.96,2.176826,38.626705,2.002082,,2.007276,6.557353,0.105,15.94856,19.63734,1.0155607,13.3683405,5.6853027,4.7824,15.38,37.911587,3.5251331,22.71,7.05,7.12,4.3912673,2.409395,1.7845011,5.048629,,4.8946953,,37.687157,22.385239,4.04,88.68977,5.37,6.6162434,13.739708,26.245975,2.5647922,89.81789,158.21,111.48,5.2632046,4.64
2025-10-03,55.44,2.36,8.435243,52.336903,5.8414817,5.24,8.615486,6.964824,29.418926,1.155,69.47148,20.802612,4.654513,59.397808,1.6434141,32.1618,32.71426,8.356735,8.46017,33.02012,38.33513,3.7544231,8.24,56.928326,32.330276,3.1618073,2.354625,12.863584,5.0923862,1.205,41.29518,,2.0,6.731111,1.1444037,29.6463,21.583433,3.559472,24.449717,37.6662,7.07,165.33966,14.866913,30.984337,8.398771,22.452356,4.736322,3.3415344,10.505554,4.114524,13.423361,2.1107714,8.16464,279.92557,22.709759,35.25178,3.2574747,3.9352658,0.3,13.45,205.14575,,5.01,2.87991,8.06,4.2899575,,2.9133255,,13.325039,3.1119063,7.4371443,5.68,3.9711804,9.142036,4.21,6.8364606,2.08,25.908377,3.5297341,7.0671635,3.64,5.12,8.75,10.855721,13.290437,3.07,1.2448153,11.791367,18.724258,32.751953,7.1331763,7.4,6.14,33.688507,8.524246,,5.2150874,1.6170486,26.142797,1.3125337,4.5713024,0.805,3.2853332,102.405754,7.3133826,7.9298477,6.5633416,4.49,10.97011,5.2,7.066925,3.4958088,5.5715065,2.5080202,3.456064,8.26,8.745733,116.25138,1.785,29.96,3.98,1.5678325,3.7083986,4.937665,5.43,5.2127633,129.6,36.797382,,0.975,18.06,67.38,9.635006,2.1968434,0.245,40.6,22.693481,15.319174,4.7296934,217.95604,2.76,3.5612872,42.795437,4.44,22.646317,1.2083582,129.56476,21.5,3.8460066,7.3723674,0.76,2.2896774,24.211287,2.33,4.607009,30.12962,49.53213,13.45,3.15,16.674044,1.255,2.0031962,11.967037,20.951588,0.44,8.57,2.54,313.13553,18.139389,18.207792,6.31,1.495,19.45436,2.7969935,4.897922,15.76,10.617387,19.761648,4.1551495,229.88774,11.132942,2.2638788,31.78366,120.17519,41.75944,3.970516,5.881616,1.065,4.095018,2.7561076,3.9217014,5.93725,7.72,28.082092,14.95,50.181515,13.573072,5.8562665,0.09,21.198643,2.9680953,7.8414965,3.25,7.13,2.1863735,38.498146,2.011754,,2.017164,6.4133406,0.105,16.19302,19.53197,1.0352803,13.349256,5.67545,4.753,15.39,38.73103,3.5947998,22.83,7.03,7.06,4.3912673,2.4189184,1.764891,5.126902,,5.154072,,37.80256,22.375511,4.07,88.79646,5.51,6.596345,13.8668375,26.22622,2.5362947,90.07736,160.95,117.5,5.1845026,4.8
2025-10-06,54.83,2.25,8.38764,52.07835,5.8414817,5.53,8.54914,6.964824,29.605371,1.18,68.597694,21.214546,4.5876107,58.96773,1.6191032,31.944292,32.54208,8.253218,8.488464,32.92243,38.207245,3.7544231,8.3,56.71634,32.14242,3.1424096,2.311155,12.775944,4.955547,1.23,41.118538,,1.995,6.666654,1.1444037,29.447598,21.583433,3.559472,24.499012,37.656364,7.23,164.93208,14.604898,30.208733,8.302235,22.550274,4.8240314,3.3319323,10.360181,4.114524,13.642436,2.101306,8.076638,281.24887,22.817621,35.097084,3.2288165,3.9352658,0.315,13.8,203.05273,,5.13,2.870047,8.16,4.27072,,2.817807,,13.186853,3.1119063,7.3878913,6.29,3.9996133,9.014519,4.34,6.85532,2.01,25.487501,3.4908388,6.9913764,3.64,4.95,8.97,11.132552,13.162266,3.06,1.2643418,11.682554,18.898977,32.771683,7.1830587,7.62,6.22,33.619167,8.533687,,5.2150874,1.6077015,26.302145,1.3125337,4.5950704,0.805,3.1093335,102.0872,7.2599998,7.9490023,6.4243293,4.49,10.979975,5.21,7.395388,3.5057685,5.5220256,2.4590356,3.4465692,8.23,8.5492,114.6816,1.735,30.87,3.97,1.5924066,3.7870913,4.908274,5.52,5.146177,128.92,36.436337,,0.955,19.36,67.58,9.558385,2.2063537,0.26,40.96,22.841162,15.222585,4.739506,216.77388,2.59,3.532948,42.862602,4.35,22.362381,1.1892537,132.59918,21.46,3.826334,7.323414,0.77,2.2994623,24.568356,2.32,4.528257,29.980906,48.514755,13.25,3.01,16.742943,1.26,1.9934247,12.064568,20.805483,0.48,8.61,2.59,303.38245,18.008488,18.207792,6.39,1.54,19.048859,2.7969935,4.927666,15.83,10.558783,20.056034,4.174936,227.04912,11.468212,2.254446,31.526142,118.753006,41.779293,4.0598526,5.8914356,1.11,4.095018,2.7758646,3.9407852,5.9274364,7.45,27.934809,15.54,50.588688,13.642627,5.9036474,0.089,21.23788,2.9283884,7.6009603,3.19,6.91,2.1863735,38.32014,2.011754,,2.017164,6.3941393,0.105,16.07568,19.627762,1.0352803,13.41605,5.6655965,4.7628,15.31,38.395355,3.5739,22.94,6.85,6.77,4.5835853,2.409395,1.7845011,5.038845,,5.505486,,37.860252,22.521439,4.05,88.75767,5.6,6.6659894,13.915732,26.06817,2.517296,88.12133,157.69,117.65,5.154989,4.72
2025-10-07,54.86,2.26,8.406681,50.96459,5.8116274,5.35,8.511228,6.895374,29.723127,1.18,67.694435,21.165506,4.539823,58.012016,1.5899303,32.310104,32.704693,8.4037895,8.431874,33.85051,38.246593,3.6682246,8.43,55.945473,32.399487,3.1133132,2.2894201,12.805157,4.8969016,1.235,41.177418,,2.02,6.648238,1.1543119,28.136166,20.911318,3.559472,24.291977,36.584682,7.48,164.33041,14.750462,31.680391,8.504964,22.29569,4.658358,3.293524,10.3892565,4.0670123,13.542857,2.129702,8.154862,283.30295,22.827427,35.203438,3.1810527,3.8876233,0.3,13.65,202.72693,,5.15,2.87991,7.6,4.1937704,,2.8942218,,13.137502,3.092697,7.4666953,6.06,3.9427469,8.975283,4.17,6.8081717,2.04,25.272167,3.4713912,7.010323,3.71,4.95,8.59,11.122665,13.014375,3.08,1.2692235,11.445144,18.68543,32.998577,7.232941,8.35,6.14,33.4904,8.552567,,5.2341905,1.509557,26.411695,1.2840004,4.5316896,0.815,3.0506666,102.584946,7.2988234,7.9490023,6.4640474,4.49,10.802401,5.32,7.445155,3.4958088,5.5022335,2.4296448,3.4085903,8.03,8.500067,112.98506,1.745,30.24,3.99,1.5334285,3.9641504,5.104213,5.34,5.070078,126.28,36.241177,,0.97,19.27,68.07,9.778668,2.1968434,0.275,42.3,23.008533,15.299856,4.7296934,216.61884,2.67,3.532948,42.757057,4.55,21.716183,1.1797014,133.13643,21.38,3.8460066,7.382158,0.75,2.2994623,24.588194,2.3,4.547945,29.90159,47.89635,13.59,3.03,16.595299,1.29,2.0031962,12.093827,20.77626,0.52,8.8,2.6,297.37903,17.559677,18.286316,6.51,1.46,19.280573,2.8066716,4.927666,15.96,10.656458,20.132004,4.135363,222.21555,11.197831,2.2261474,31.437,119.32957,41.987743,4.04,6.0485406,1.125,3.9760344,2.894407,3.8930757,5.9274364,7.58,27.532234,15.66,50.072273,13.453836,5.9036474,0.097,21.24769,2.8787546,7.6298246,3.16,7.04,2.1290886,37.430122,2.011754,,2.017164,6.355736,0.105,15.987674,19.6565,1.0500702,13.482844,5.557211,4.7334,15.17,38.3065,3.5878334,22.57,6.94,6.78,4.7438507,2.4189184,1.774696,5.146471,,5.706294,,37.860252,22.385239,4.17,87.56466,5.51,6.486903,13.984187,25.890366,2.5267954,85.676285,157.46,117.54,5.0172606,4.66
2025-10-08,53.19,2.21,8.425723,53.818604,5.712113,5.69,8.54914,6.9251385,29.310987,1.185,66.82065,21.165506,4.539823,58.250942,1.6045167,32.151917,32.876873,8.272038,8.507328,33.16666,38.895844,3.677802,8.54,56.17673,32.201748,3.132711,2.27493,12.824633,4.887127,1.22,41.108723,,2.0,6.703487,1.1344954,27.92753,20.42853,3.5499802,24.420143,36.10292,7.28,164.40805,14.672828,31.928982,8.379465,21.962772,4.570648,3.293524,10.379564,4.0575094,13.7221,2.158098,7.9788575,286.02853,22.621508,35.145428,3.1906054,3.8685663,0.295,13.7,203.10211,,5.36,2.909498,7.46,4.184151,,2.817807,,13.176984,3.1023016,7.397742,6.53,3.9617023,8.857574,4.19,6.7987423,2.05,25.301533,3.4422197,6.9440093,4.0,5.09,8.26,11.152326,12.817187,2.99,1.2692235,11.455036,18.636898,32.73222,7.3127527,8.26,6.17,33.252666,8.477046,,5.176882,1.509557,26.889736,1.2840004,4.357394,0.8,3.031111,103.34151,7.2502937,7.987311,6.503765,4.49,10.70375,5.37,7.534736,3.4858494,5.51213,2.4198477,3.4370744,8.35,8.49024,111.56154,1.715,33.24,3.98,1.489195,4.072353,4.976853,5.63,5.003492,122.79,36.163116,,1.03,19.55,66.6,9.864866,2.1778233,0.31,43.63,22.673792,14.894178,4.71988,215.27193,2.92,3.5140553,42.593933,4.64,21.716183,1.160597,133.04688,21.07,3.8164978,7.352786,0.75,2.3092473,24.52868,2.28,4.685762,30.377478,47.01862,13.55,3.12,16.250793,1.265,1.983653,12.00605,20.72756,0.525,8.88,2.7,299.46326,17.382023,18.050745,6.39,1.47,19.106789,2.8163497,4.868177,15.92,10.607619,20.331423,4.165043,218.3348,11.0982065,2.2261474,31.694519,120.39621,42.6925,4.04,6.1369123,1.1,3.9661188,2.9734352,3.8835342,5.9078093,7.54,27.434044,15.8,49.675034,13.1259365,5.884695,0.099,21.012259,2.9085348,7.552853,3.14,7.01,2.215016,37.9938,2.0310977,,2.0270522,6.3461356,0.105,15.743214,19.704395,1.0303504,13.492386,5.5276513,4.6844,15.41,38.6323,3.6435666,22.78,6.94,6.86,4.6797447,2.409395,1.7501836,5.1660395,,5.77323,,37.76409,22.19067,4.24,85.634514,5.5,6.4769545,13.896174,25.702684,2.507797,85.35693,154.79,120.16,5.076287,4.8
2025-10-09,53.63,2.33,8.511407,55.98646,5.781773,6.15,8.416448,7.014431,29.26192,1.16,66.81084,21.47936,4.578053,57.820873,1.6239654,32.488068,33.288193,8.309681,8.497896,33.352276,38.895844,3.677802,7.72,56.600708,32.14242,3.1618073,2.296665,12.775944,5.0435147,1.225,42.30597,,1.975,6.6942787,1.1444037,28.33487,20.494795,3.5784557,24.341272,35.81779,7.25,162.36047,14.614603,32.47588,8.418079,21.982355,4.716831,3.303126,10.350491,4.0670123,13.841596,2.1391673,7.9397454,278.78992,22.748981,35.26145,3.200158,3.8685663,0.315,14.74,204.36581,,5.61,2.8897727,7.59,4.213008,,2.8560145,,14.173893,3.1311154,7.397742,6.6,3.9617023,8.837956,4.57,6.7893124,2.01,25.370047,3.4519436,6.8776956,4.43,5.24,8.79,11.241307,13.132687,2.95,1.3424479,11.524281,18.88927,32.33762,7.3825884,8.3,6.2,33.084274,8.599766,,5.148227,1.5002099,26.282227,1.2935115,4.325704,0.815,3.0213332,102.60485,7.2794113,8.006464,6.553412,4.49,10.634692,5.5,7.723851,3.655162,5.5022335,2.4492385,3.4085903,8.25,8.5492,111.454285,1.695,32.63,3.99,1.518684,3.9543135,4.937665,6.01,5.0510535,123.49,37.090122,,1.045,20.59,66.22,9.979797,2.1778233,0.325,44.67,22.929771,14.343616,4.700255,215.77579,2.95,3.5707335,41.99902,4.69,21.843464,1.1797014,132.38031,21.32,3.855843,7.352786,0.815,2.2994623,24.369984,2.26,4.764514,30.605509,45.96135,13.4,3.06,15.886601,1.28,1.9738814,11.957284,20.854185,0.565,8.98,2.68,297.1995,17.21372,18.158716,6.55,1.465,19.270918,2.7969935,4.9078364,15.9,10.724831,20.283943,4.135363,220.83595,11.148018,2.2072818,32.031273,122.29887,42.186268,4.010221,5.9110737,1.13,4.0057797,3.14137,3.873992,5.947064,7.59,27.208208,16.63,49.694897,13.791673,5.9036474,0.097,21.03188,2.9978755,7.5624747,3.1,6.89,2.2532058,38.13225,2.0407696,,2.03694,6.3461356,0.1,15.83122,19.771448,1.0648599,13.41605,5.517798,4.7236004,15.41,38.35586,3.762,23.67,6.9,6.88,4.6156387,2.3903484,1.7452811,5.244313,,5.789964,,37.60061,22.200397,4.36,85.61511,5.5,6.4769545,13.974408,25.860733,2.4887981,85.336975,154.25,122.91,5.154989,4.71
2025-10-10,54.38,2.22,8.568531,55.578747,5.8414817,6.89,8.435404,7.034274,29.438553,1.075,66.879555,21.38128,4.5876107,59.636734,1.6288276,32.557274,33.34559,8.253218,8.535623,33.362045,39.02372,3.6873798,7.4,56.909054,32.22152,3.1521084,2.3184001,12.717518,5.0630636,1.175,41.43257,,1.945,6.648238,1.114679,28.7124,19.87001,3.5784557,24.469435,36.250397,7.24,163.36,14.575786,33.052612,8.524271,21.82569,4.6778493,3.293524,10.457096,4.0575094,13.134579,2.158098,7.9788575,280.3996,22.856842,35.90925,3.2097108,3.878095,0.35,14.2,206.53781,,5.7,2.8996353,7.26,4.2611012,,2.8942218,,14.440394,3.1311154,7.3878913,6.36,3.8953583,8.936047,4.47,6.8081717,2.06,25.39941,3.4811149,7.1334777,4.13,5.02,8.12,10.806288,13.043952,2.9,1.2985133,11.880396,18.59807,31.252464,7.502306,8.08,5.85,32.905975,8.543126,,5.129124,1.4908628,25.585085,1.298267,4.404929,0.805,3.0017776,104.595825,7.3085294,8.05435,6.454118,4.49,10.6642885,5.36,7.4750156,3.655162,5.51213,2.4590356,3.456064,8.2,8.598333,114.028336,1.705,33.11,4.0,1.489195,3.9051306,4.9572587,5.85,5.060566,123.18,37.373104,,1.005,19.81,67.77,9.960642,2.1873333,0.32,44.14,23.11683,14.614067,4.739506,214.14789,2.89,3.58018,42.238903,4.65,22.303637,1.1797014,128.58977,21.39,3.855843,7.3723674,0.78,2.3092473,23.854216,2.24,4.892486,32.231457,45.582325,13.46,3.11,15.975189,1.25,2.0031962,11.97679,20.99055,0.555,8.84,2.64,304.70877,17.316572,18.767279,5.87,1.485,19.19368,2.7679586,4.6897106,15.89,10.929951,20.492859,4.12547,221.28258,11.31738,2.2167146,31.952036,120.26168,42.0473,3.7918427,5.5870447,1.075,3.9958649,3.101856,3.8835342,5.966691,7.68,27.483139,16.13,48.989796,13.642627,5.9131236,0.099,21.159403,2.9978755,7.6202035,3.09,7.27,2.176826,38.30036,2.0794573,,2.0270522,6.3173327,0.105,16.18324,19.87682,1.0550001,13.454218,5.507945,4.753,15.11,39.26416,3.762,25.02,6.99,6.98,4.3912673,2.3998718,1.7354761,5.273665,,5.6728263,,37.70639,21.937729,4.46,86.36195,5.32,6.467005,13.905954,25.77183,2.4982977,85.456726,156.15,122.95,5.164827,4.81
2025-10-13,52.99,2.03,8.587573,54.57437,5.7519193,6.66,8.369058,7.014431,29.29136,1.13,65.19088,21.214546,4.549381,59.30223,1.6434141,32.112366,34.445625,8.149699,8.545054,33.92866,37.685883,3.7065349,7.15,56.36945,32.25118,3.1618073,2.24595,12.688304,5.0239663,1.235,41.108723,,1.92,6.620614,1.1047707,28.116295,19.538687,3.5784557,24.370848,35.483505,,160.30319,14.265249,32.545486,8.398771,21.688604,4.69734,3.2839217,10.437714,4.0670123,13.503025,2.1486328,7.7832975,274.06952,23.092176,34.439617,3.1810527,3.8876233,0.345,13.99,206.09355,,5.38,2.8305962,7.64,4.2418637,,2.808255,,14.450265,3.1119063,7.3681903,6.03,3.8858805,8.847766,4.28,6.902468,2.07,24.93938,3.4227722,6.9913764,4.24,5.21,7.69,11.083118,12.905922,2.85,1.28875,11.583633,18.530123,30.995974,7.252894,8.3,6.07,32.93569,8.448727,,5.129124,1.4534743,24.967617,1.3030226,4.301936,0.77,3.031111,98.69258,7.2502937,7.987311,6.285318,4.48,10.397927,5.25,7.644223,3.585445,5.4824414,2.4100509,3.389601,7.98,8.480413,112.682816,1.645,32.8,3.99,1.4646208,3.9051306,4.8788834,5.62,5.0891027,124.37,36.797382,,1.01,20.26,65.23,9.635006,2.1778233,0.31,42.58,22.772243,14.189071,4.700255,205.5529,2.82,3.58018,41.461678,4.55,22.264471,1.1797014,132.3007,20.5,3.8361704,7.3038325,0.75,2.3190322,24.151775,2.24,4.85311,30.942595,45.26315,13.41,2.88,15.620841,1.26,1.983653,11.791482,20.893147,0.585,8.78,2.6,287.53616,17.344622,17.677755,6.19,1.37,19.145407,2.7292461,4.7591143,15.63,10.754134,20.492859,4.2342954,217.77898,11.377155,2.2355802,31.615282,120.319336,41.53114,3.861327,5.9798074,1.13,3.8768811,3.0228276,3.873992,5.9568777,7.48,26.962734,15.66,47.470345,13.304791,5.9131236,0.098,20.649302,3.0078022,7.552853,3.05,7.17,2.138636,37.944355,2.0504415,,,6.211724,0.105,15.938781,19.64692,1.0451401,13.664142,5.507945,4.7334,14.48,38.553318,3.6644669,24.38,6.67,5.93,4.3912673,2.409395,1.7060614,5.283449,,5.321412,,37.35058,21.665333,4.39,86.33286,5.42,6.4073095,13.358321,25.673048,2.4982977,83.33104,153.81,116.54,5.204178,4.64
2025-10-14,51.93,1.9,8.749422,55.58869,5.5727935,6.78,8.416448,6.9350595,29.683874,1.18,64.40544,21.185123,4.5876107,58.681015,1.6823115,32.07282,34.34997,8.234396,8.526191,33.322968,37.44979,3.6682246,6.95,55.42514,31.865591,3.1521084,2.27493,12.318269,5.082612,1.27,41.99194,,2.0,6.556157,1.0998166,27.9474,19.197897,3.5784557,24.163815,35.39502,7.47,159.53656,14.304066,33.35092,8.543579,22.031313,4.7070856,3.2743196,10.369873,4.0670123,14.050714,2.1770287,7.7441854,275.17557,22.72937,34.536304,3.1906054,3.8685663,0.385,14.47,208.31491,,4.88,2.8305962,8.71,4.213008,,2.7795994,,14.499616,3.1119063,7.4075923,5.64,3.9237914,8.700629,4.33,6.902468,2.35,24.90023,3.3838773,7.1997914,4.22,5.23,6.89,11.290741,12.866485,2.8,1.3815008,11.761691,18.860151,30.778942,7.3027763,8.69,6.4,32.56919,8.477046,,5.0909185,1.4441272,24.429823,1.3077781,4.2860913,0.74,3.295111,99.488976,7.318235,7.853231,6.3250356,4.48,10.407793,5.31,8.848587,3.635243,5.4626493,2.4296448,3.3421276,8.2,8.3919735,110.96678,1.635,32.5,3.99,1.4793653,4.0133333,4.898477,5.48,5.013004,123.25,37.031574,,1.08,21.27,65.99,9.788246,2.1873333,0.36,43.51,23.07745,13.986232,4.6511917,208.03354,2.76,3.5707335,41.029884,4.57,22.25468,1.1558208,138.28001,20.47,3.8951883,7.2255073,0.755,2.3288174,24.836159,2.26,4.872798,31.00208,45.14346,13.93,3.01,15.709429,1.31,1.9738814,11.801235,21.126915,0.61,9.62,2.67,286.21982,17.335274,18.276503,6.25,1.395,19.908134,2.7389243,4.828518,15.54,10.656458,20.198477,4.194722,218.52338,11.267569,2.2355802,31.446905,122.45262,41.233353,3.9208846,6.1565504,1.14,3.8471353,3.1314917,3.8549085,5.897996,7.5,27.218027,16.15,47.301517,13.682373,5.875219,0.095,20.355013,2.9680953,7.6009603,3.09,7.19,2.1672785,37.944355,2.0310977,,2.6203358,6.211724,0.11,15.987674,19.4266,1.0402102,13.664142,5.507945,4.7040005,14.36,39.254288,3.6226666,23.93,6.67,6.09,4.5515323,2.4189184,1.7501836,5.2540965,,5.789964,,36.917835,21.74316,4.26,85.295044,5.6,6.6560407,13.514788,25.594025,2.507797,83.33104,154.5,114.84,5.4107714,4.65
2025-10-15,50.91,1.84,8.835108,55.489246,5.8613844,6.8,8.463839,6.9945884,29.762377,1.155,64.464355,21.469551,4.683186,59.732307,1.7114846,33.52618,34.531715,8.375556,8.516759,32.951736,38.089203,3.6969573,6.97,55.81057,32.37971,3.1909034,2.27493,12.474073,5.0532894,1.275,42.72795,,1.925,6.648238,1.0998166,28.414349,19.699615,3.5974395,24.232824,35.39502,7.4,161.84615,14.469039,33.798386,8.630462,22.031313,4.7655582,3.303126,10.360181,4.0765142,14.040756,2.2054245,7.7441854,278.0493,22.680342,35.387142,3.1619473,3.897152,0.37,13.93,213.69556,,4.57,2.810871,8.68,4.222626,,2.817807,,14.993136,3.1503248,7.4272933,5.1,3.9617023,8.612348,4.31,6.911897,2.41,25.301533,3.4227722,7.1050572,4.8,5.27,6.21,10.964477,12.886203,2.77,1.3522111,11.890288,19.258127,30.86773,7.5821176,8.68,6.5,32.579094,8.11833,,5.0622644,1.4347801,25.206636,1.3077781,4.294014,0.785,3.5395555,101.45009,7.2697053,7.8244996,6.543483,4.51,10.279545,5.4,9.23677,3.6452026,5.4725456,2.4590356,3.3706117,9.1,8.323187,111.00578,1.64,34.27,,1.4646208,3.9543135,4.8592896,5.42,5.0891027,123.2,37.129154,,1.18,21.64,65.78,9.6541605,2.2063537,0.35,43.13,23.07745,13.976573,4.6708174,211.0665,2.73,3.5707335,41.797516,4.61,22.235098,1.160597,140.27974,20.72,3.8951883,7.2352977,0.755,2.3190322,24.945261,2.25,4.9023304,31.27968,45.6322,14.54,2.97,15.699585,1.28,1.9738814,12.035309,21.136656,0.595,9.93,2.72,291.59497,17.026714,18.551336,6.2,1.375,20.091574,2.7806835,4.8880067,15.61,10.724831,20.075024,4.224402,218.73181,11.685992,2.2450132,31.773758,124.62435,41.302837,3.9804425,6.2547407,1.145,3.9462883,3.1710057,3.8644505,5.976505,7.39,26.92346,16.13,47.688828,13.861227,5.894171,0.096,20.806255,2.978022,7.6490674,3.15,7.47,2.215016,37.55868,2.0310977,,2.5807834,6.0773125,0.105,16.232134,19.321228,1.05993,13.788188,5.507945,4.7236004,16.7,39.007465,3.6575,23.97,6.74,6.16,4.6797447,2.4189184,1.774696,5.4106436,,6.291984,,37.648693,21.820988,4.29,85.8188,5.59,6.715736,13.465892,25.702684,2.507797,84.73819,157.07,118.33,5.420609,4.64
2025-10-16,49.49,1.93,9.006478,55.93674,5.8514333,6.71,8.50175,7.064038,29.615185,1.14,64.41526,21.95014,4.6736283,59.397808,1.8573496,33.47675,35.191742,8.29086,8.563917,31.330036,37.882618,3.7256904,6.85,56.29236,32.340164,3.2296987,2.296665,12.454597,5.121709,1.35,42.953663,,1.94,6.5929894,1.1196331,28.33487,19.79428,3.6164234,24.469435,35.375355,7.3,163.1271,14.536968,33.281315,8.842845,22.109648,4.7460675,3.293524,10.321416,4.0860167,14.180167,2.1864939,7.8126316,283.0758,22.601896,36.218643,3.1906054,3.8876233,0.375,13.46,217.48668,,5.26,2.7615573,8.3,4.136058,,2.8464625,,14.963525,3.1407201,7.4469943,4.99,3.9427469,8.651584,4.42,7.015623,2.46,25.076412,3.4519436,7.2755785,4.67,5.34,5.95,11.320401,12.945359,2.78,1.6499906,12.08813,19.229006,31.53855,7.3327055,8.78,7.02,34.173874,8.259929,,5.186433,1.4908628,25.097088,1.3125337,4.3415494,0.805,3.3342223,112.13166,7.1920586,7.910694,6.632847,4.51,10.960244,5.36,8.261335,3.635243,5.5220256,2.4590356,3.361117,8.43,8.254399,110.78153,1.67,34.66,,1.4400467,4.0034966,4.8592896,5.48,5.2222753,121.75,37.841488,,1.135,20.4,65.75,9.816978,2.282435,0.36,42.49,22.94946,14.034527,4.700255,221.89986,2.8,3.58018,41.903065,4.64,22.078445,1.1558208,145.02539,21.22,3.9837155,7.323414,0.745,2.3092473,25.252737,2.24,4.823578,32.61812,46.06109,14.51,2.95,16.034248,1.33,1.983653,11.889012,21.156136,0.64,9.87,2.65,291.83435,16.68076,19.189344,6.23,1.405,20.178467,2.731555,4.9871554,15.53,10.597853,20.426386,4.2046156,215.67484,12.034679,2.2733116,31.6549,124.22076,41.34254,3.9903686,6.313655,1.18,3.936373,3.1512487,3.9121594,5.93725,7.29,27.1002,15.77,48.47338,13.861227,6.0931706,0.095,21.27712,3.0078022,7.6490674,3.23,7.76,2.2245634,37.77624,2.0504415,,2.7093284,6.1253166,0.11,16.241913,19.579866,1.0648599,13.912233,5.5867705,4.7432003,16.94,38.454594,3.6992998,23.71,6.63,6.27,4.904116,2.4570115,1.764891,5.3128014,,5.974038,,37.552525,22.083656,4.36,86.90511,5.64,6.884873,13.514788,26.186708,2.5267954,83.53063,154.79,117.02,5.5288243,4.55
2025-10-17,45.54,1.755,8.758943,55.93674,5.8315306,6.44,8.416448,7.0739594,29.144169,1.12,63.54147,21.753983,4.6640706,60.066807,1.7406576,33.27901,35.01956,8.272038,8.573349,30.851343,36.83989,3.6873798,6.66,56.27309,31.48,3.2490962,,12.152727,5.151032,1.38,42.78683,,1.825,6.5745735,1.08,28.02688,19.76588,3.6448991,24.232824,35.2967,6.78,163.3406,14.100277,32.893513,8.562885,22.109648,4.638867,3.3127282,10.302033,4.114524,14.5087805,2.1864939,7.8615217,282.07843,22.641119,35.783554,3.1523948,3.9543228,0.385,12.79,215.71947,,4.88,2.7221065,8.22,4.087964,,2.7509437,,14.924044,3.1407201,7.417443,4.59,3.9427469,8.514257,4.32,6.977905,2.32,24.665323,3.4616673,7.218738,4.48,5.56,5.39,11.537911,12.698874,2.78,1.5670029,12.018885,19.588156,30.887457,6.803953,8.97,6.81,33.361626,8.184409,,5.176882,1.4908628,25.246473,1.3172892,4.294014,0.795,3.295111,104.77501,7.0852942,7.422261,6.4640474,4.5,10.8517275,5.32,8.062267,3.6452026,5.5319223,2.4394417,3.3421276,7.77,8.500067,109.46525,1.63,33.42,,1.3958131,3.9838235,4.8103046,5.21,5.184226,117.06,36.75835,,1.095,19.24,65.0,9.788246,2.272925,0.36,41.77,22.585184,14.00555,4.5825033,219.7293,2.62,3.58018,41.548035,4.64,21.67702,1.1558208,149.19398,20.65,3.914861,7.11781,0.735,2.3190322,25.837934,2.21,4.80389,31.815056,45.382843,13.62,2.82,15.886601,1.345,1.9641097,11.928024,20.98081,0.63,9.2,2.68,284.81372,16.493753,18.816355,6.04,1.265,19.937098,2.7217293,5.1259627,15.33,10.382965,18.536636,4.194722,214.45404,11.964942,2.3016102,31.318148,125.76787,40.836304,3.9903686,6.352931,1.2,3.83722,3.1808841,3.9217014,5.809673,6.97,26.74672,15.7,47.83779,13.692309,6.1784563,0.094,21.2575,3.0078022,7.7067966,3.2,7.86,2.1863735,37.519123,2.0214257,,2.7093284,5.9237,0.105,16.085459,18.736897,1.0402102,14.08399,5.655743,4.753,16.65,38.3065,3.6923335,22.92,6.5,6.5,5.0323286,2.447488,1.7305738,5.3519382,,5.513853,,37.244797,21.499949,4.3,86.15827,5.83,6.8749237,13.48545,26.394146,2.5362947,82.063614,154.15,112.74,5.45996,4.42
2025-10-20,46.1,1.725,8.7208605,55.210808,5.821579,5.99,8.378536,7.064038,29.04604,1.08,62.99167,21.969757,4.6640706,59.732307,1.7503818,33.763466,35.17261,8.328504,8.573349,30.314034,35.413513,3.7448456,6.75,56.1671,31.559095,3.316988,1.890945,12.23063,5.248774,1.3,42.33541,,1.71,6.611406,1.1245872,28.483894,19.775347,3.654391,24.725763,35.39502,6.99,167.59102,14.100277,33.370808,8.659424,22.462149,4.5803933,3.3607388,10.408639,4.162036,14.02084,2.1770287,7.8908553,283.53995,22.72937,35.87057,3.2288165,4.021022,0.33,12.6,214.89017,,4.88,2.741832,7.56,4.1552954,,2.6936321,,14.83521,3.121511,7.5652003,4.47,3.9522247,8.573112,4.32,7.0910597,1.885,24.63596,3.5102863,7.038743,4.3,5.04,5.63,10.974363,12.649578,2.75,1.5279498,11.781475,19.56874,31.005838,7.1032467,8.36,6.57,33.599358,8.071131,,5.2437415,1.4908628,24.947699,1.3268003,4.357394,0.775,3.089778,106.71621,7.104706,7.585072,6.235671,4.5,10.7136135,5.28,7.5247827,3.635243,5.56161,2.4394417,3.304149,7.77,8.568853,111.58105,1.63,33.39,,1.3908983,3.8166013,4.8298984,5.18,5.2127633,113.1,36.85593,,1.1,20.51,66.89,9.912754,2.3204756,0.33,41.4,22.437504,13.986232,4.6119413,219.81651,2.66,3.6179655,41.979828,4.7,21.68681,1.1510448,140.72745,21.52,3.9050245,7.1080194,0.735,2.3386023,24.915506,2.15,4.8137336,32.062912,45.51251,13.18,2.83,16.014563,1.345,1.9641097,11.996297,21.078213,0.61,8.75,2.74,286.07022,16.69946,18.934143,5.8,1.255,20.54535,2.7217293,4.927666,15.46,10.382965,19.220364,4.2837615,217.04451,11.685992,2.311043,31.120056,125.604515,40.77675,3.861327,6.0976357,1.2,3.8967118,3.0820987,3.9789526,5.8391137,7.05,26.766357,15.73,48.41379,13.970528,6.282694,0.092,21.179024,2.9482417,7.7741466,3.27,7.64,2.138636,37.321346,2.0310977,,2.7884326,6.0773125,0.11,16.378809,18.890163,1.0402102,14.169868,5.655743,4.7824,16.5,38.85938,3.7132332,22.87,6.47,6.28,4.8079567,2.4951046,1.7207688,5.371506,,5.5473213,,37.76409,21.655603,4.23,86.99241,5.55,7.004264,13.553904,26.463293,2.5457938,82.812096,154.59,116.25,5.5484996,4.61
2025-10-21,45.87,1.8,8.730381,59.34764,6.0206075,5.82,8.416448,7.113645,29.29136,1.09,62.864033,22.107069,4.702301,59.58895,1.7941415,33.199917,35.402184,8.413199,8.545054,30.99788,35.65944,3.7256904,6.88,56.02256,31.924913,3.3945782,1.818495,12.279318,5.151032,1.325,43.30695,,1.74,6.5929894,1.1741284,28.811752,20.049873,3.654391,24.962374,35.571995,7.11,168.42558,14.371997,33.87793,8.746307,22.393606,4.7265763,3.3511364,10.573394,4.162036,14.299664,2.2054245,7.9788575,284.78424,22.650925,35.967262,3.200158,3.963851,0.32,12.8,217.60516,,4.84,2.6234796,7.5,4.222626,,2.6745284,,14.874691,3.1023016,7.5849013,4.86,3.9427469,8.612348,4.3,7.0439115,1.88,24.283598,3.4616673,7.142951,4.33,5.23,5.74,11.4588175,12.639718,2.77,1.5767661,11.870503,19.821117,30.94665,7.262871,8.38,6.61,33.94605,8.10889,,5.195985,1.5193743,24.648924,1.3172892,4.397007,0.785,3.1484444,118.0548,7.1144114,7.518032,6.3250356,4.51,10.753075,5.28,7.514829,3.7547576,5.6110907,2.4394417,3.3421276,8.3,8.49024,112.12705,1.72,33.3,,1.3958131,3.9838235,4.8592896,5.17,5.2888618,113.94,37.39262,,1.075,18.96,66.42,10.065995,2.3014553,0.34,42.17,22.447348,14.372592,4.621754,221.13435,2.91,3.58018,41.845493,4.73,21.618273,1.1510448,144.52794,21.98,3.8164978,7.1765537,0.715,2.3288174,25.629644,2.17,4.8137336,32.71726,46.06109,13.34,2.96,16.17205,1.365,1.9641097,12.054814,21.136656,0.61,8.84,2.81,287.2071,16.69946,19.30713,6.01,1.335,19.126097,2.7217293,5.0763884,15.44,10.44157,19.201372,4.3134413,224.30977,11.745768,2.3016102,30.664446,126.73842,41.054684,3.8911057,6.441303,1.19,3.8967118,3.2203982,3.9789526,5.858741,7.22,27.168934,15.91,48.433655,14.119573,6.29217,0.095,20.97302,3.0177288,7.803011,3.24,8.07,2.0908988,37.77624,2.0310977,,2.8180969,6.067712,0.11,16.623268,18.784794,1.0648599,14.27483,5.5276513,4.8314,16.95,38.977848,3.6923335,23.31,6.63,6.2,4.904116,2.476058,1.7109638,5.33237,,5.580789,,37.696774,21.782072,4.29,88.3697,5.65,6.9047713,13.681033,26.473171,2.5362947,83.99969,151.54,117.19,5.1845026,4.19
2025-10-22,46.09,1.85,8.663737,57.080338,6.060413,5.54,8.463839,7.153331,29.418926,1.05,63.089848,21.47936,4.702301,59.780094,1.7649685,33.239464,35.507404,8.441432,8.507328,30.411724,35.738136,3.7065349,6.82,55.49259,31.638191,3.316988,1.861965,12.269581,5.1999035,1.195,42.69851,,1.67,6.519325,1.2038532,28.871363,20.40013,3.663883,24.370848,35.581825,7.05,168.99812,14.556377,34.106632,8.6015005,22.432774,4.6875944,3.3511364,10.47648,4.152533,12.895588,2.1770287,7.910412,284.77435,22.376368,35.967262,3.2097108,3.9447942,0.315,12.25,217.89148,,4.8,2.5445778,7.02,4.2033887,,2.712736,,14.904304,3.0830925,7.4962473,4.79,3.9237914,8.661393,4.06,7.072201,1.81,24.44999,3.4616673,7.0008497,4.11,4.82,5.64,10.282286,12.77775,2.78,1.4888967,11.732014,19.762877,30.413935,7.3127527,7.75,5.93,33.44087,8.09001,,5.195985,1.5193743,24.887943,1.3172892,4.373239,0.785,3.2071111,112.98778,7.0367646,7.537186,5.8484235,4.51,10.674153,5.21,7.534736,3.585445,5.6110907,2.4100509,3.3421276,7.72,8.559027,111.97105,1.755,33.42,,1.4105576,3.7379084,4.8396955,5.26,5.345936,116.83,37.168186,,1.06,18.33,65.82,10.23839,2.282435,0.32,41.02,22.04369,14.536796,4.6119413,221.77388,2.7,3.5612872,41.922256,4.49,21.422455,1.1367165,130.689,21.39,3.796825,7.147182,0.715,2.3483872,23.368204,2.14,4.744826,32.35043,46.210705,12.66,3.07,16.034248,1.28,1.9494522,12.093827,20.844444,0.565,8.37,2.81,283.60706,16.662058,19.768461,5.62,1.305,19.47367,2.6627748,4.6401362,15.44,10.412268,19.039936,4.303548,223.82343,11.536555,2.3016102,30.664446,125.30661,40.86608,3.494054,5.8717976,1.135,3.936373,3.121613,3.9694104,5.8489275,7.22,27.1002,15.23,48.284687,14.0997,6.29217,0.092,21.129976,3.0375824,7.9184685,3.22,7.74,2.0527089,37.311455,2.0697856,,2.8082087,6.0581107,0.12,16.769945,18.83269,1.0697898,14.265287,5.517798,4.8216,16.81,38.503956,3.7271667,23.36,6.78,6.15,4.4553733,2.476058,1.7060614,5.293233,,5.6811934,,37.73524,22.540895,4.27,88.3018,5.14,6.8550253,13.681033,26.42378,2.5457938,84.229225,154.38,119.75,5.164827,4.12
2025-10-23,47.04,1.985,8.787504,55.558857,5.97085,5.42,8.729221,7.1434093,30.616096,1.07,63.570923,21.56763,4.797876,60.114594,1.7601062,33.387768,35.383057,8.384967,8.582781,29.83534,36.043087,3.7448456,6.9,54.82772,31.915024,3.3363855,1.8474749,12.35722,5.2390003,1.165,42.207832,,1.665,6.5653653,1.2385322,28.801817,20.362265,3.701851,24.321554,35.119724,7.05,166.58179,14.634011,34.444717,8.717346,22.511106,4.8240314,3.408749,10.563703,4.1810403,12.955336,2.2527516,7.949524,287.6876,22.621508,35.996265,3.2574747,4.0114937,0.325,12.41,214.78157,,4.59,2.5741658,6.99,4.213008,,2.6363208,,15.111582,3.121511,7.5849013,4.68,3.9617023,8.671203,4.11,7.1664968,1.75,24.32275,3.5102863,7.0861106,4.06,4.85,6.09,10.499796,13.191844,2.79,1.5425947,11.90018,20.228798,30.847998,7.3526587,7.86,6.02,33.539925,8.184409,,5.3010507,1.5289602,24.310312,1.3268003,4.460387,0.81,3.1288888,112.87827,7.065882,7.6425347,5.6994824,4.51,10.644558,5.39,7.7736177,3.585445,5.7694283,2.4688325,3.4085903,7.45,8.804693,111.93205,1.78,33.41,,1.5432583,3.8067644,4.8690863,5.35,5.393498,119.22,37.704876,,1.105,19.07,67.0,10.00853,2.291945,0.31,42.2,22.142143,14.604408,4.6806297,218.98318,2.6,3.6274116,41.6248,4.45,21.755346,1.1510448,132.35046,20.94,3.8460066,7.2352977,0.725,2.3581722,23.913729,2.14,4.80389,32.28103,45.951374,12.98,2.92,15.935818,1.28,2.0031962,12.220617,21.438608,0.57,8.39,2.96,281.03415,16.69946,20.131636,5.6,1.265,18.633703,2.7217293,4.7194552,15.29,10.343895,19.191875,4.353014,220.49849,11.536555,2.3299086,31.14977,124.82614,40.915718,3.494054,6.1369123,1.155,3.936373,3.14137,4.007578,5.878368,7.22,27.335855,15.42,48.56276,14.377918,6.3774557,0.092,21.228071,3.087216,7.870362,3.28,8.42,2.0145187,37.400455,2.0601137,,2.837873,6.192522,0.115,16.105013,18.966797,1.05993,14.265287,5.5375047,4.8216,16.8,37.93133,3.7202,23.79,6.75,6.25,4.5515323,2.5046282,1.7599885,5.322586,,5.4971194,,37.389046,23.513742,4.32,89.203835,5.26,6.9744163,13.827721,26.492928,2.5837908,82.93185,150.46,117.07,5.1943407,4.01
2025-10-24,47.91,1.9,8.663737,59.168644,5.8912387,5.29,8.672353,7.163252,30.724035,1.045,63.502197,21.538206,4.797876,60.305737,1.7406576,33.40754,35.04826,8.4037895,8.6016445,29.864647,36.249664,3.7448456,7.01,54.66391,31.737059,3.316988,1.8981899,12.250105,5.2390003,1.165,42.433548,,1.665,6.519325,1.2434863,28.762077,20.788254,3.7113428,24.351131,35.483505,7.38,165.32994,14.556377,35.65784,8.553232,22.599232,4.814286,3.408749,10.554011,4.200045,12.796008,2.2527516,7.949524,286.59143,22.30773,35.657867,3.2288165,4.021022,0.345,12.67,209.7662,,4.51,2.5741658,6.86,4.2033887,,2.6745284,,15.160933,3.1599295,7.5750513,4.51,3.8953583,8.788911,4.21,7.2136445,1.68,24.489143,3.5297341,7.038743,4.06,4.85,5.64,10.381154,14.020031,2.85,1.5621213,12.246403,19.918184,30.976242,7.2928,7.63,5.94,33.708317,8.146649,,5.3583593,1.5433391,25.614962,1.3172892,4.4683094,0.82,3.1777778,110.49906,7.0464706,7.613803,5.7987766,4.52,10.654423,5.82,7.6740837,3.5356472,5.789221,2.4590356,3.4940426,7.47,8.676947,111.46404,1.765,34.13,,1.5973214,3.698562,4.780914,5.34,5.479109,119.0,37.68536,,1.22,18.82,65.12,9.635006,2.3014553,0.3,44.94,22.181526,14.78793,4.6806297,218.02386,2.57,3.5990727,41.500057,4.47,21.882627,1.1510448,126.500496,21.4,3.9345336,7.1569724,0.74,2.377742,23.507067,2.19,4.7349815,31.557283,46.330395,12.95,2.92,15.9555025,1.26,2.0031962,12.201112,21.7016,0.56,8.4,3.23,281.0042,16.643356,19.631044,5.32,1.295,18.653013,2.652949,4.6897106,15.17,10.265754,19.201372,4.3431206,220.5779,11.935054,2.3487742,31.625187,126.67116,40.48889,3.4742014,6.0976357,1.13,4.1247635,3.2006412,4.01712,5.8489275,7.4,27.257303,15.6,48.95007,14.517027,6.29217,0.095,21.335978,3.0772893,7.6779323,3.2,9.22,2.0145187,37.113674,2.0504415,,2.8180969,6.1157155,0.115,16.378809,18.842268,1.0500702,14.312998,5.5670643,4.802,16.52,38.197895,3.7341335,25.39,6.86,6.23,4.5835853,2.533198,1.8090134,5.273665,,5.329779,,37.37943,23.737497,4.31,88.60248,5.14,6.944568,14.0722,26.394146,2.5932899,85.39685,150.79,120.47,5.3025556,3.97
2025-10-27,50.14,1.92,8.568531,60.063633,5.8912387,5.21,8.615486,7.064038,30.439465,1.03,64.67053,21.597055,4.721416,60.114594,1.7406576,33.40754,35.249134,8.42261,8.639371,30.382418,36.200478,3.7352679,7.23,55.19388,35.573193,3.3266869,1.890945,12.211154,5.219452,1.16,42.72795,,1.645,6.528533,1.2484404,29.964222,21.100647,3.701851,24.637033,35.61132,7.3,166.59149,14.8378,36.09536,8.514617,22.706942,4.7753043,3.399147,10.61216,4.171538,12.88563,2.2622168,7.9201903,285.0015,22.356756,35.54184,3.2192636,4.001965,0.33,12.87,208.72957,,4.52,2.5445778,6.91,4.174533,,2.5981135,,15.249766,3.1503248,7.6046023,4.6,3.9143138,8.8771925,4.15,7.1853557,1.61,24.283598,3.568629,7.0197964,4.02,4.77,6.13,10.51957,14.256656,2.88,1.7378598,12.216727,20.180265,30.374475,7.4823527,7.51,5.96,34.01539,8.19385,,5.3106017,1.5529251,25.933657,1.3220448,4.4999995,0.81,3.2071111,113.3362,7.104706,7.62338,5.5704,4.51,10.74321,5.67,7.1465526,3.515728,5.7397404,2.4394417,3.598484,7.16,8.75556,111.19103,1.76,34.15,,1.6022363,3.6001961,4.780914,5.42,5.479109,117.24,37.665844,,1.21,18.37,65.73,9.61585,2.3014553,0.295,44.93,22.457193,15.415764,4.700255,218.02386,2.56,3.6179655,41.778328,4.56,21.931581,1.1510448,122.56072,21.32,3.964043,7.2352977,0.74,2.367957,23.874054,2.21,4.764514,31.448225,46.470036,13.36,2.43,15.965345,1.26,2.0031962,12.191359,21.808743,0.56,8.41,3.28,281.4031,16.942564,19.896063,5.24,1.345,18.488882,2.6824265,4.6897106,15.26,10.617387,19.115906,4.3431206,219.24791,12.104417,2.311043,31.605377,128.27592,39.62531,3.2756755,6.0387216,1.145,4.1743402,3.2006412,4.0266614,6.212032,7.34,27.1002,16.03,49.734623,14.457409,6.263742,0.092,21.198643,3.0574358,7.7164183,3.14,9.85,1.9858762,37.25212,2.0504415,,2.8972015,6.202123,0.115,16.241913,18.918901,1.0451401,14.160326,5.557211,4.802,16.67,38.227516,3.7689664,24.25,6.77,6.22,4.6476917,2.5236747,1.7305738,5.322586,,5.3046784,,37.610226,24.019625,4.3,88.91285,5.2,7.093807,14.218886,26.492928,2.5837908,84.84796,152.17,122.68,5.4009333,4.09
2025-10-28,49.52,1.79,8.768464,60.451458,5.781773,4.98,8.681831,7.153331,30.606283,0.985,65.07306,21.253778,4.654513,60.25795,1.7163467,33.89199,35.488274,8.563771,8.677097,32.297195,36.102108,3.7065349,7.33,55.184246,37.66922,3.3266869,1.861965,12.396171,5.326968,1.12,42.53168,,1.59,6.519325,1.2187157,30.043703,21.185843,3.701851,24.784916,36.555187,7.09,168.87198,14.187615,35.568348,8.476002,22.883192,4.69734,3.389545,10.563703,4.171538,12.04916,2.2811475,7.900634,292.50674,22.709759,35.967262,3.2288165,3.9924366,0.325,12.46,175.59663,,4.57,2.5149896,6.54,4.2611012,,2.5885615,,16.34538,3.1119063,7.5750513,4.75,3.8669248,8.955665,3.7,7.2890816,1.57,24.087841,3.568629,6.849275,3.71,4.48,6.22,10.11421,14.197499,2.78,1.6597538,12.107914,20.112318,31.55828,7.3925643,6.83,5.72,33.599358,8.231609,,5.3201537,1.5625111,26.083044,1.3220448,4.460387,0.8,3.0995557,114.68011,7.0852942,7.834077,5.500894,4.51,10.693884,5.37,6.7782764,3.4559708,5.7694283,2.4296448,3.5320213,6.93,8.598333,112.12705,1.735,34.15,,1.5432583,3.3444445,4.741726,5.3,5.479109,115.15,36.8169,,1.055,15.81,64.77,9.6541605,2.3204756,0.28,42.15,22.260288,15.425424,4.808194,219.42891,2.56,3.6274116,42.814625,4.53,22.0197,1.1414926,117.57632,21.4,3.9246972,7.313623,0.72,2.367957,23.13016,2.14,4.6759176,31.031822,47.188183,12.9,2.44,15.945661,1.165,1.9738814,12.386419,21.555492,0.53,8.04,3.08,280.86462,16.877111,19.905878,4.88,1.4,18.469572,2.6136463,4.5211587,15.34,10.5197115,19.41029,4.3431206,220.93521,12.104417,2.3299086,31.248814,127.535995,38.99996,3.1565602,5.8717976,1.005,4.184255,3.121613,4.0362034,6.506441,7.5,27.640242,15.46,51.16469,14.467346,6.3774557,0.091,20.99264,3.0673625,7.7549043,3.11,9.93,1.9285914,37.746574,2.0407696,,2.7884326,6.067712,0.115,16.457037,19.340385,1.0352803,14.351166,5.5867705,4.851,16.43,38.09917,3.796833,24.43,6.76,5.97,4.4233203,2.533198,1.764891,5.273665,,4.953264,,37.98527,23.6013,4.23,91.37646,4.9,7.0341115,13.984187,26.63122,2.5932899,71.37528,153.78,121.68,5.2730427,4.1
2025-10-29,49.2,1.83,8.88271,59.71558,5.8116274,5.07,8.681831,7.064038,30.478714,1.02,64.04218,20.969347,4.6736283,60.449093,1.7163467,35.899017,35.34479,8.573182,8.695961,32.658657,35.984066,3.6490693,6.81,54.625366,36.9277,3.3072891,1.8329849,12.211154,5.219452,1.15,43.071423,,1.905,6.4624705,1.2187157,30.27221,21.867426,3.701851,24.321554,36.624012,6.86,165.35905,14.177911,35.92632,8.784923,22.266314,4.8240314,3.4279532,10.689692,4.1240263,12.268234,2.2527516,7.8908553,286.14703,22.268505,35.097084,3.1715,3.9543228,0.29,12.92,168.59686,,4.61,2.4952643,6.67,4.232245,,2.5408022,,16.888254,3.092697,7.5159483,4.17,3.8764029,9.348026,3.57,7.175926,1.695,24.048689,3.5589054,6.8587484,3.76,4.61,6.65,10.351494,14.197499,2.75,1.7476231,12.018885,20.306452,31.232735,7.452423,6.95,5.69,33.1338,8.2976885,,5.2341905,1.557718,25.903778,1.3172892,4.381162,0.8,3.0506666,116.004105,7.0852942,7.62338,5.5803294,4.52,10.6642885,5.45,6.7583694,3.446011,5.6902595,2.4296448,3.4750533,6.88,8.598333,110.68402,1.73,33.87,,1.5481731,3.4231372,4.7711167,5.3,5.345936,113.47,37.3048,,1.03,15.28,66.24,9.520075,2.272925,0.275,42.38,22.181526,15.1839485,4.7493186,217.19054,2.51,3.636858,41.68237,4.58,24.819893,1.1319402,118.88957,21.46,3.9443703,7.2940416,0.73,2.3483872,23.6856,2.16,4.646385,31.200367,47.078465,14.29,2.52,15.640528,1.185,2.0031962,12.464444,21.50679,0.545,8.95,3.13,268.56854,17.456825,19.758644,5.0,1.36,18.56612,2.6038206,4.6401362,15.28,10.187613,19.096914,4.303548,217.73929,12.114379,2.3204758,31.139866,128.14139,38.801437,3.3054545,5.95035,0.98,4.1644244,3.1710057,3.9884942,6.172777,7.69,27.041288,15.92,49.18841,15.669646,6.1310754,0.092,20.71797,3.0772893,7.86074,3.16,10.4,1.9667813,37.103786,2.0504415,,2.7389925,6.0773125,0.105,16.300583,18.957218,1.0352803,14.08399,5.507945,4.8216,16.17,36.73672,3.8525667,24.72,6.67,5.98,4.5515323,2.4855814,1.7452811,5.3128014,,5.0453014,,36.82167,23.504015,4.16,89.873085,5.04,7.004264,13.925511,27.273294,2.5647922,72.07387,150.76,121.29,5.45996,4.0
2025-10-30,49.1,1.77,8.920793,59.25814,5.881287,4.87,8.662876,7.044195,29.762377,0.98,62.667675,21.243969,4.597168,58.107586,1.6823115,35.66173,35.2587,8.601415,8.592213,32.629353,35.915203,3.4766724,6.91,54.46156,36.86838,3.3072891,1.789515,12.23063,5.248774,1.145,43.06161,,1.91,6.424567,1.2286239,30.23247,21.763294,3.6354072,24.173674,35.25737,6.67,165.48521,14.284658,36.324062,8.9297285,21.89423,5.3015623,3.3511364,10.340798,4.0099974,12.367815,2.1675634,7.910412,281.8513,21.680172,35.512836,3.0664203,3.878095,0.35,13.36,177.275,,4.82,2.5149896,6.72,4.222626,,2.5025945,,17.697626,3.092697,7.5750513,4.07,3.904836,8.700629,3.56,6.8647494,1.785,24.812141,3.5589054,6.773488,3.89,4.57,6.52,10.371267,14.286234,2.82,1.7183334,12.177158,20.850027,31.331385,7.232941,6.98,5.64,32.71777,8.288248,,5.1004705,1.557718,26.640757,1.2887559,4.2860913,0.84,3.1386666,116.24302,7.0464706,7.575495,5.610118,4.53,10.684018,5.53,6.619022,3.4161325,5.5220256,2.4100509,3.456064,6.79,8.500067,105.740685,1.7,32.83,,1.553088,3.452647,4.7025385,5.2,5.27935,111.5,37.129154,,1.145,14.79,66.24,9.491343,2.1873333,0.275,48.2,22.565493,15.792465,4.768944,214.63239,2.51,3.6557508,41.883877,4.56,25.103828,1.0985074,120.41176,21.94,4.121424,7.382158,0.75,2.2603226,23.596334,2.12,4.7152934,30.803795,45.532455,14.7,2.48,15.65037,1.165,1.983653,12.28889,21.526272,0.55,9.48,3.3,262.615,17.110867,19.729198,4.97,1.375,18.730251,2.623472,4.659966,14.84,10.129007,18.80253,4.3431206,212.19109,12.024716,2.2921774,31.516237,128.21826,38.602913,3.2558231,6.0190835,0.955,4.1247635,3.161127,3.873992,6.0844545,7.33,26.501247,16.34,49.367172,15.788882,5.9226,0.088,20.649302,3.0772893,7.86074,3.11,10.49,2.0431614,37.311455,2.0407696,,2.7093284,6.1157155,0.105,15.880111,18.784794,1.0402102,13.75002,5.4783854,4.753,16.18,36.440536,3.8525667,24.13,6.74,6.06,4.4233203,2.4189184,1.7697935,5.342154,,5.2377424,,36.860138,23.834784,4.19,83.539474,5.05,7.1833496,14.042862,28.182074,2.4982977,70.227615,146.42,115.27,5.5091486,3.91
2025-10-31,49.76,1.74,9.073122,56.3544,5.921093,4.93,8.776611,7.064038,30.125454,1.005,62.196415,21.302816,4.6449556,57.773087,1.7357954,36.096752,35.057827,8.4037895,8.658235,33.27412,35.511883,3.4958277,6.79,54.394108,36.522335,3.3266869,1.8329849,12.318269,5.190129,1.17,42.63963,,1.99,6.5003734,1.2286239,29.497274,21.678097,3.6448991,24.508871,35.10006,6.72,166.56238,13.935305,36.045643,8.987652,21.972565,5.3990173,3.399147,10.369873,4.038505,12.796008,2.2338207,8.037526,283.57947,21.621336,35.35814,3.0855258,3.9257371,0.365,13.75,176.22849,,4.9,2.5149896,6.79,4.2611012,,2.4930425,,18.082571,3.092697,7.6144533,3.83,3.8669248,8.651584,3.56,6.8647494,1.795,24.714262,3.5589054,6.7166476,4.45,4.74,6.21,10.73708,14.286234,2.86,1.8550189,12.177158,20.665602,31.893694,7.1431527,7.13,5.84,32.71777,8.354328,,5.119573,1.5002024,26.610878,1.298267,4.270246,0.89,3.031111,113.644806,7.0173526,7.5276093,5.5704,4.54,10.693884,5.37,6.887764,3.426092,5.56161,2.370863,3.5035372,6.8,8.706427,102.10387,1.69,32.21,,1.5776621,3.8559477,4.7711167,5.18,5.27935,109.47,35.36296,,1.175,15.25,66.2,9.2135935,2.1873333,0.3,48.4,22.880543,15.898713,4.788569,211.78354,2.51,3.5990727,41.855087,4.58,24.88843,1.1080596,124.29183,21.76,4.082079,7.382158,0.74,2.2505376,24.409658,2.08,4.774358,30.565851,46.170807,15.04,2.45,15.512568,1.21,1.9641097,11.947531,21.672377,0.565,9.65,3.3,262.88422,16.652708,19.395472,5.12,1.32,18.527502,2.6627748,4.828518,15.15,9.962957,18.840515,4.3431206,211.49632,11.646142,2.3016102,31.793564,127.68013,39.23819,3.2955282,6.3234744,0.955,4.114848,3.1314917,3.8835342,5.4956365,7.11,26.609255,16.24,48.165516,15.858437,5.979457,0.089,20.757208,3.087216,7.870362,3.12,10.34,2.0527089,37.182896,2.0697856,,2.7192163,6.0581107,0.11,15.64543,18.794373,1.0500702,13.816813,5.419266,4.7824,16.08,36.430668,3.8525667,23.81,7.03,5.99,4.6797447,2.3998718,1.7992084,5.6063266,,5.630991,,37.254417,24.126637,4.18,81.47354,5.32,7.163451,13.984187,28.063538,2.517296,68.98014,145.0,113.3,5.4796357,3.87
2025-11-03,51.36,1.595,9.158808,56.291687,5.90119,4.88,8.643919,7.0541167,30.194143,1.02,62.903305,21.459743,4.578053,57.677513,1.7114846,35.85947,35.354355,8.42261,8.648803,33.625813,35.384003,3.4958277,6.78,54.46156,36.018105,3.3072891,1.81125,12.513025,5.2390003,1.16,42.56112,,2.03,6.5667033,1.2434863,29.407858,21.48877,3.6354072,24.360989,34.805103,6.6,170.347,14.080869,36.34395,8.949037,21.884438,5.5549455,3.3703408,10.214809,4.0099974,12.875672,2.1959593,8.11575,280.35025,21.650755,35.26145,3.0664203,3.878095,0.335,13.77,173.15807,,4.82,2.5149896,7.07,4.2995763,,2.5312502,,18.122053,3.1119063,7.5947523,3.83,3.8290138,8.779101,3.42,6.7987423,1.715,24.606596,3.5102863,6.5840197,4.4,4.84,6.41,10.470136,14.305953,2.85,1.8354924,12.058453,20.442347,31.706255,7.1830587,7.27,5.7,32.638527,8.326008,,5.0813675,1.4906163,25.28631,1.2935115,4.2306337,0.885,3.1777778,113.9534,7.153235,7.4797235,5.4313884,4.55,10.644558,5.22,6.599115,3.4360516,5.56161,2.3512692,3.513032,6.63,8.804693,100.8851,1.735,31.68,,1.5580027,3.99366,4.751523,5.2,5.2127633,112.03,35.48981,,1.17,14.02,66.0,9.299791,2.168313,0.28,47.12,22.59503,17.106089,4.788569,212.1033,2.48,3.636858,42.229305,4.5,24.68282,1.1080596,122.76965,20.95,4.082079,7.2450886,0.725,2.2407527,23.913729,2.11,4.744826,30.555937,46.619648,15.09,2.36,15.571626,1.2,1.9396805,12.064568,21.565233,0.555,9.46,3.13,260.8798,16.82101,18.757463,5.05,1.265,18.440609,2.6038206,4.7491994,15.26,10.119239,18.622103,4.293655,213.78905,11.526592,2.2638788,31.298338,127.651306,37.550743,3.2558231,6.1369123,0.925,4.114848,3.1117346,3.8644505,5.1129045,7.19,26.707445,16.11,47.71862,15.818691,5.9320765,0.09,20.531588,3.0772893,7.9377117,3.1,9.97,2.0813513,37.647682,2.0794573,,2.7785447,6.1253166,0.11,15.909447,18.535734,1.0303504,13.826356,5.360147,4.7628,15.81,36.716976,3.8316667,23.73,7.23,5.9,4.6476917,2.371302,1.8188183,5.4693484,,5.5640554,,38.293,24.43795,4.16,81.67722,5.31,7.1833496,13.915732,27.875853,2.507797,69.40927,148.3,116.09,5.499311,3.94
2025-11-04,50.76,1.61,9.139767,56.80977,5.8116274,4.86,8.321668,7.0541167,29.566118,1.03,61.90188,21.469551,4.616283,57.438587,1.7017602,35.592525,35.230007,8.224984,8.6016445,31.798962,35.020027,3.4670947,6.96,54.32666,35.523758,3.2878916,1.75329,12.405909,5.1705804,1.145,41.7466,,1.91,6.519325,1.233578,28.77201,20.655724,3.6164234,23.079351,34.14636,6.52,168.9593,13.653881,36.184853,8.842845,21.590687,5.3892717,3.3703408,10.195427,4.0004954,12.945377,2.2054245,8.047303,277.18024,21.376198,35.155098,3.0282094,3.8876233,0.34,13.26,174.73772,,4.84,2.5149896,6.89,4.213008,,2.5981135,,18.882072,3.0830925,7.5257983,4.16,3.7247586,8.847766,3.37,6.751594,1.655,24.440203,3.4908388,6.432445,4.57,4.8,6.36,10.262513,14.296093,2.9,1.8257291,12.078238,19.889063,31.75558,7.063341,7.34,5.74,32.02439,8.288248,,5.03361,1.4139287,25.64484,1.2792448,4.214789,0.875,3.168,113.963356,7.075588,7.4318385,5.421459,4.56,10.506445,5.19,6.429907,3.3663347,5.5022335,2.3414721,3.6174734,6.29,8.8538265,98.96431,1.65,30.47,,1.5137691,4.2494116,4.692741,5.22,5.2317877,116.0,35.40199,,1.13,13.85,67.14,9.165706,2.1492927,0.28,46.02,22.437504,16.90325,4.7493186,210.4754,2.41,3.6179655,42.01821,4.43,24.633865,1.1128358,122.44134,20.69,4.13126,7.11781,0.7,2.2211828,23.715357,2.11,4.646385,30.565851,45.64217,14.03,2.31,16.231108,1.185,1.9299088,11.606173,21.721079,0.535,9.29,3.08,257.5689,16.512455,18.25687,5.02,1.29,18.30544,2.5448658,4.659966,15.14,10.0020275,18.498652,4.254082,210.67253,11.307419,2.2733116,31.090342,124.34567,37.491184,3.2260442,6.1860075,0.88,4.0057797,3.0228276,3.826283,5.191414,7.04,26.511066,15.71,47.013515,15.610027,5.865743,0.089,20.384443,3.0772893,7.8992257,3.04,9.37,2.1099937,36.995007,2.0214257,,2.6796641,6.0869136,0.105,15.469419,18.324991,1.0155607,13.788188,5.320734,4.7432003,15.75,36.381298,3.7828999,23.59,7.02,5.83,4.5515323,2.3522553,1.774696,5.5476217,,5.505486,,38.869987,24.262836,4.12,81.06618,5.3,7.163451,13.700592,27.727682,2.517296,68.371376,145.98,112.8,5.5386624,3.87
2025-11-05,48.53,1.515,9.139767,54.607918,5.712113,4.61,8.40697,7.0045094,29.683874,0.99,61.931335,21.371473,4.6449556,58.155373,1.6774493,35.52332,35.23957,8.206163,8.686529,32.08227,34.911823,3.4670947,6.67,55.203518,35.632515,3.2975905,1.72431,12.48381,5.1314836,1.11,41.55033,,1.805,6.5288005,1.2286239,29.238962,20.598927,3.6259153,23.582148,34.313503,6.38,171.13304,13.372458,34.703255,8.736653,21.649439,5.3600354,3.379943,10.457096,4.0099974,12.766133,2.21489,8.086416,281.26865,21.542892,35.35814,3.0377622,3.8876233,0.33,12.61,174.09598,,4.61,2.5445778,6.83,4.1168203,,2.5216985,,18.901814,3.0734878,7.6046023,3.85,3.6584141,8.730056,3.16,6.7233057,1.59,24.606596,3.52001,6.3945513,4.23,4.8,5.63,10.2130785,14.34539,2.97,1.723215,11.732014,19.384314,32.2587,6.9536,7.26,5.67,30.934786,8.335448,,5.043162,1.3899639,24.698719,1.2887559,4.222711,0.86,3.0800002,114.062904,7.095,7.489301,4.9746356,4.56,10.624827,5.06,6.2009783,3.3464153,5.5220256,2.3414721,3.513032,6.01,8.686773,98.213554,1.64,29.48,,1.5088544,4.269085,4.624162,5.17,5.2222753,115.38,36.192387,,1.08,13.4,65.1,9.136973,2.1397827,0.28,44.45,22.240597,15.27088,4.808194,209.71957,2.41,3.6274116,42.728268,4.3,24.712193,1.0794029,121.69517,20.23,4.1115875,7.196135,0.685,2.201613,23.60625,2.14,4.597165,30.72448,44.874157,13.64,2.21,15.443666,1.15,1.954338,11.6451845,21.672377,0.535,8.46,2.98,253.86914,16.418953,17.942774,4.91,1.27,18.488882,2.5153887,4.630222,15.1,9.923887,18.498652,4.2738686,211.58565,11.207793,2.2827446,30.49607,122.8466,37.70956,3.1764128,6.1663694,0.825,3.9264576,2.9833136,3.873992,5.161973,6.79,26.177223,15.6,46.487175,15.560346,5.837314,0.088,20.286346,3.0971427,7.822254,3.0,9.53,2.0622563,37.410347,2.002082,,2.6796641,6.067712,0.105,15.469419,18.439941,0.9761215,13.902692,5.320734,4.8118,15.56,35.601353,3.7898667,23.27,7.02,5.82,4.4553733,2.342732,1.7697935,5.5280533,,5.313045,,38.66804,24.476864,4.1,81.115555,5.27,7.1137056,13.641916,27.777075,2.5267954,67.413315,144.63,111.34,5.499311,3.77
2025-11-06,48.36,1.465,8.968396,54.966587,5.7519193,4.39,8.482794,7.0045094,29.723127,1.045,62.7364,21.518593,4.654513,61.07031,1.7066224,35.7606,35.39262,8.3379135,8.743119,32.023655,34.84296,3.4958277,6.69,55.4155,36.176296,3.3072891,1.6808399,12.590927,5.082612,1.16,42.19802,,1.745,6.595131,1.2385322,29.546947,20.958649,3.6259153,23.384972,33.979218,6.25,173.28737,13.1977825,33.718834,8.726999,21.855062,5.408763,3.408749,10.3892565,4.0480075,13.184369,2.1770287,8.06686,281.53525,21.57231,35.40648,3.0091043,3.9447942,0.325,13.12,177.2059,,4.48,2.5248523,7.11,4.126439,,2.559906,,19.780281,3.0830925,7.6243033,3.4,3.715281,8.749675,3.27,6.7421646,1.54,24.420628,3.5589054,6.432445,4.14,5.12,5.28,10.608551,14.296093,3.06,1.7476231,11.573741,19.78229,32.564514,6.923671,7.59,5.88,30.4197,8.278809,,5.1577787,1.3803779,24.33023,1.298267,4.2306337,0.87,3.0506666,113.07737,7.1435294,7.604226,4.9547763,4.57,10.575501,4.96,6.1313043,3.4061728,5.541818,2.3512692,3.3231382,5.85,8.6966,95.210495,1.69,25.75,,1.5137691,4.3379407,4.6437564,5.2,5.2222753,124.85,35.480057,,1.06,13.14,65.27,9.165706,2.168313,0.31,44.18,22.092916,15.125994,4.847445,210.51416,2.29,3.6651974,41.31775,4.27,24.418467,1.0889552,125.13749,18.12,4.180442,7.382158,0.69,2.211398,24.270798,2.09,4.685762,30.06022,44.874157,13.5,2.13,14.882616,1.195,1.954338,11.664692,21.750301,0.54,8.08,2.95,253.20097,16.74621,17.658123,4.85,1.22,18.459919,2.505563,4.739285,14.81,9.943423,18.812027,4.2837615,209.63039,11.128094,2.3016102,30.624828,125.65255,37.4217,3.355086,6.441303,0.85,3.9264576,3.0129492,3.9217014,5.103091,6.88,25.863018,15.82,47.00359,15.8485,5.846791,0.089,20.305965,3.0971427,7.8511186,2.98,9.41,2.0622563,37.281788,1.9633945,,2.6994402,6.096514,0.105,15.537868,18.631527,0.946542,14.007654,5.37,4.8412004,15.16,36.006134,3.8316667,22.52,7.02,5.78,4.5835853,2.409395,1.764891,5.645463,,5.2795773,,38.932755,24.866001,3.99,80.15755,5.55,7.1535025,13.505009,27.836342,2.5267954,67.832466,145.37,112.91,5.5976887,3.61
2025-11-07,46.64,1.435,8.892232,56.231907,5.503134,4.22,8.45436,6.964824,29.80163,1.01,61.47971,21.351858,4.6640706,61.07031,1.6580007,35.74083,35.201305,8.30027,8.818572,30.704803,34.518337,3.4670947,6.39,57.506474,38.450287,3.316988,1.65186,12.522762,5.033741,1.17,41.85455,,1.685,6.443519,1.2484404,29.954287,21.053314,3.654391,23.55257,34.14636,6.1,170.70605,13.246303,33.41058,8.746307,21.590687,5.282071,3.389545,10.41833,4.0575094,13.054915,2.1675634,8.027748,281.2785,21.925312,34.004528,3.0091043,3.9447942,0.33,13.05,176.75174,,4.54,2.5149896,7.03,4.1649137,,2.4930425,,18.625444,3.0830925,7.6341543,3.22,3.7058032,8.720248,3.35,6.7893124,1.51,24.283598,3.5394578,6.3377113,3.83,5.14,5.06,10.539343,14.453843,3.04,1.5816478,11.336331,19.491089,32.81114,6.5645175,7.59,5.88,30.588095,8.344888,,5.253293,1.3755848,24.738556,1.3077781,4.222711,0.87,3.031111,112.81855,7.182353,7.5276093,4.706541,4.59,10.506445,4.99,6.2905593,3.3762941,5.541818,2.3512692,3.418085,5.52,8.617988,94.32323,1.66,26.12,,1.5088544,4.278921,4.6829443,5.09,5.184226,124.85,34.904335,,1.02,13.52,65.56,8.955001,2.1778233,0.3,42.56,22.17168,14.304979,4.847445,198.42111,2.22,3.702983,41.68237,4.24,23.57645,1.0698507,127.34615,18.58,4.2001147,7.3332043,0.67,2.2211828,24.141855,2.05,4.607009,29.267075,46.23065,12.68,2.1,14.892459,1.135,1.983653,11.664692,21.662638,0.53,7.77,2.93,251.9245,16.418953,17.11827,4.85,1.195,18.19924,2.5252144,4.788859,15.23,9.288993,18.897491,4.303548,207.6354,10.918881,2.311043,30.555498,123.99973,38.03712,3.3749387,6.3234744,0.865,3.8867965,3.0228276,3.9217014,5.1717863,6.64,25.990664,15.73,46.25876,15.987609,5.9226,0.085,20.502157,3.087216,7.9761977,2.98,8.68,2.0813513,37.103786,1.9440508,,2.630224,6.1157155,0.11,15.635651,18.689001,0.9169626,14.150784,5.360147,4.9,15.01,35.334785,3.9361668,21.67,6.9,5.76,4.5835853,2.447488,1.7894034,5.5965424,,4.978365,,38.217045,25.138401,3.9,79.772354,5.5,7.1932993,13.328984,27.954878,2.5457938,66.0361,141.74,95.12,5.5681753,3.37
2025-11-10,48.32,1.635,9.006478,57.626747,5.6723075,4.35,8.587052,6.875531,30.096014,1.065,62.01969,21.518593,4.7118583,61.73931,1.6677251,35.750713,36.330044,8.262628,8.818572,31.095575,34.429802,3.5054052,6.72,56.87051,38.38108,3.3557832,1.65186,12.386434,5.219452,1.215,41.85455,,1.82,6.481422,1.2434863,30.07351,20.882917,3.6354072,23.522995,33.812073,6.1,169.74535,13.537431,33.88788,8.794576,21.678812,5.26258,3.379943,10.641233,4.0575094,13.632478,2.1202366,7.9690795,280.26135,21.846867,33.888508,2.9995515,3.9733799,0.37,13.34,176.63329,,4.62,2.505127,7.37,4.222626,,2.550354,,18.53661,3.3232086,7.7031083,3.26,3.7058032,8.867383,3.43,6.8364606,1.655,24.038902,3.4811149,6.347184,4.25,5.24,5.33,10.95459,14.473562,3.04,1.7915578,11.692446,19.345488,32.456,6.5744944,7.87,6.03,30.201782,8.335448,,5.3679104,1.4091358,24.638966,1.3030226,4.3415494,0.88,3.0800002,114.51087,7.182353,7.594649,4.855482,4.61,10.605097,5.34,6.429907,3.4758897,5.4626493,2.3512692,3.456064,5.93,9.187934,95.395744,1.66,26.47,,1.5432583,4.4363074,4.692741,5.17,5.1937385,125.07,35.73376,,1.15,14.17,65.6,9.261481,2.1778233,0.315,44.28,24.613321,14.77827,4.8768826,199.5839,2.29,3.6935365,41.51925,4.3,23.605824,1.0602984,130.1816,18.67,4.2788053,7.284251,0.695,2.2211828,24.984938,2.15,4.843266,29.980906,46.34037,13.24,2.12,14.813715,1.205,2.042283,11.654939,22.305502,0.555,8.38,3.2,257.04037,16.587255,17.638493,5.09,1.225,18.488882,2.5841691,4.97724,14.58,9.50388,19.144394,4.303548,207.57587,11.048394,2.3016102,30.327694,124.720436,38.265423,3.4841278,6.5787697,0.89,3.9264576,3.1512487,3.9503267,5.28955,6.81,25.430984,16.07,45.52386,16.047228,5.9605045,0.089,20.71797,3.0971427,7.9377117,3.02,9.51,2.1481836,37.3609,1.9343789,,2.7389925,6.16372,0.11,15.664987,18.746475,0.9268224,14.32254,5.37,4.9294004,15.32,35.917282,3.9222333,22.36,7.04,5.77,4.8079567,2.4570115,1.7992084,5.6846,,5.488752,,38.746475,25.430254,4.13,79.85137,5.72,7.2828426,13.661475,27.69805,2.5362947,70.10785,143.12,101.71,5.6763906,3.52
2025-11-11,45.8,1.6,8.949354,58.94188,5.702162,4.34,8.710265,6.8556886,30.52778,1.105,63.08003,21.518593,4.797876,61.83488,1.6482763,36.047318,36.502224,8.253218,8.884593,30.861113,34.419968,3.5437157,6.71,56.407993,38.825993,3.3848796,1.63737,11.334756,5.5615506,1.25,41.99194,,1.81,6.358237,1.2583486,29.387987,21.166912,3.663883,23.592007,34.048042,6.14,158.56613,13.479205,34.0072,8.707693,22.12923,5.282576,3.4279532,10.631543,4.095519,14.180167,2.129702,8.086416,284.79413,21.866476,33.888508,3.0282094,3.982908,0.265,13.44,175.85332,,4.62,2.5248523,7.38,4.232245,,2.5408022,,18.635313,3.2943947,7.6932573,3.31,3.6584141,8.847766,3.42,6.902468,1.665,23.813782,3.5394578,6.441919,4.66,5.33,5.11,11.14244,14.710187,3.04,1.7525047,11.979317,19.316366,32.525055,6.594447,8.1,6.2,30.657434,8.363768,,5.377462,1.4139287,24.768435,1.3030226,4.4207745,0.875,3.0604446,114.91903,7.2988234,7.62338,4.795906,4.63,10.70375,5.63,6.499581,3.585445,5.4725456,2.370863,3.4085903,5.74,9.384467,95.6005,1.625,26.2,,1.553088,4.5543466,4.741726,5.16,5.203251,138.82,35.03119,,1.24,14.22,68.12,9.261481,2.2158637,0.315,46.92,25.371412,,4.9161334,201.02771,2.31,3.731322,41.793304,4.21,23.488333,1.0794029,135.82263,18.73,4.2591324,7.2744603,0.715,2.2407527,25.778423,2.18,4.9909267,29.951162,46.120937,13.45,2.08,15.276337,1.225,2.1595435,11.928024,22.217838,0.555,8.38,3.44,254.19821,16.428303,17.5796,5.21,1.225,18.662668,2.652949,5.0863037,14.65,9.523416,19.25835,4.3332276,207.95303,10.998581,2.311043,30.307884,124.49942,38.0669,3.5238328,6.5984077,0.93,3.9462883,3.1512487,3.9789526,5.3582454,6.92,25.705915,16.27,44.928,15.778946,6.0363135,0.091,20.659111,3.126923,7.956955,3.1,9.48,2.1863735,37.34112,1.9150351,,2.7192163,6.3173327,0.11,15.616095,18.861427,0.9564019,14.408418,5.37,4.9784,15.62,35.858044,3.9640334,22.17,7.01,5.89,4.936169,2.4855814,1.8384281,5.6063266,,5.647725,,39.2661,25.82912,4.18,80.30569,5.77,7.133604,13.739708,27.915367,2.555293,69.918236,143.19,102.08,5.6173644,3.5
2025-11-12,39.81,1.55,8.939835,57.885784,5.7519193,4.23,8.833479,6.8556886,30.920294,1.1,58.33798,21.646095,4.8743362,62.21717,1.6434141,36.156075,37.16225,8.375556,8.894025,30.314034,33.53463,3.5437157,6.71,56.37908,38.2921,3.3848796,1.615635,10.984196,5.727713,1.25,42.256905,,1.745,6.405616,1.2930275,30.401367,21.147978,3.701851,23.779324,33.723587,6.07,153.69466,13.28512,32.96312,8.688385,22.256521,5.292525,3.4183512,10.728457,4.114524,14.140335,2.2243552,8.01797,283.13507,22.013561,33.888508,3.0282094,4.0305505,0.26,13.3,176.78136,,4.39,2.5347152,7.3,4.213008,,2.4834907,,18.970907,3.361627,7.7425103,3.28,3.7058032,8.847766,3.36,6.9967637,1.655,24.420628,3.6464193,6.5555997,4.6,5.33,5.0,11.369836,14.335531,3.08,1.7769129,12.0980215,19.374607,32.603973,6.5844703,8.09,6.19,30.25131,8.448727,,5.415668,1.3899639,24.280434,1.3220448,4.539613,0.91,2.982222,112.33075,7.3570585,7.62338,4.875341,4.6,10.76294,5.83,6.509534,3.5655258,5.5022335,2.38066,3.5320213,5.61,9.099494,95.6005,1.57,25.81,,1.6218956,4.505163,4.555584,5.19,5.184226,140.2,34.63111,,1.315,13.83,65.34,9.338101,2.2158637,0.295,51.23,26.355944,14.536796,4.9259458,198.47925,2.34,3.7502148,41.76394,4.2,23.625404,1.0985074,137.02644,18.64,4.2591324,7.3919487,0.735,2.2407527,26.135494,2.2,4.9909267,29.842106,45.841656,13.1,2.04,14.902303,1.18,2.208402,11.898766,22.22758,0.545,8.14,3.43,256.50186,16.418953,17.216427,5.08,1.24,18.730251,2.652949,5.1854515,14.54,9.533183,19.53374,4.323334,202.72244,11.148018,2.3204758,30.505974,127.29576,38.36949,3.533759,6.755513,0.97,3.936373,3.2006412,4.01712,5.2699227,6.91,25.40153,16.45,45.48414,15.540473,6.04579,0.088,20.72778,3.1070697,8.082033,3.09,9.62,2.1672785,37.38068,1.9343789,,2.7389925,6.4229417,0.115,16.241913,18.93806,0.9218925,14.484754,5.301028,4.998,14.93,35.157074,3.9640334,21.2,6.87,5.92,5.0323286,2.5046282,1.867843,5.6161103,,5.4971194,,39.079823,26.189075,4.17,80.85877,5.78,6.9744163,13.896174,28.290731,2.5742915,69.34939,140.0,100.65,5.6468773,3.31
2025-11-13,39.78,1.47,8.949354,61.542255,5.5628424,4.2,8.729221,6.7465534,30.360962,1.095,58.544155,21.253778,4.797876,62.360527,1.6191032,36.432903,36.106613,8.469664,8.818572,29.933031,32.95424,3.5532932,6.59,56.427265,38.163567,3.3363855,1.60839,10.945245,5.7570353,1.28,42.52187,,1.75,6.329809,1.2633028,31.44455,21.88636,3.6354072,23.463842,32.98619,5.8,155.45111,13.178373,32.893513,8.64977,21.61027,5.4516983,3.3415344,10.670309,3.9529834,14.528697,2.2338207,7.9299674,273.3585,21.81745,34.778023,3.0186567,3.897152,0.275,13.73,179.61484,,4.06,2.5149896,7.44,4.1649137,,2.368868,,21.181875,3.2943947,7.7129583,2.25,3.753192,8.739865,3.36,6.8647494,1.66,24.215082,3.578353,6.61244,5.09,5.39,4.75,11.715875,14.325671,3.04,1.7769129,12.98831,19.84053,32.485596,6.5645175,8.14,6.34,29.597548,7.533055,,5.224639,1.3899639,23.852192,1.2744893,4.674296,0.895,2.9137778,113.00768,7.1435294,7.565918,4.8852706,4.6,10.00332,6.72,6.6389284,3.5754855,5.3339996,2.390457,3.4750533,,9.207586,95.220245,1.505,25.85,,1.6022363,4.5740194,4.5261927,5.18,5.1556892,134.38,34.72869,,1.45,14.26,62.97,9.251904,2.1492927,0.32,51.06,26.237799,14.662362,4.768944,198.74088,2.31,3.6557508,41.30392,4.06,23.13586,1.0602984,142.26953,18.76,4.288642,7.2450886,0.765,2.191828,26.80004,2.22,4.9810824,29.356304,45.78181,12.92,1.975,14.301879,1.19,2.1888585,11.830494,22.792522,0.56,8.11,3.78,254.7866,16.484404,17.22624,5.2,1.195,18.691633,2.6824265,5.2846,14.34,9.611324,19.429281,4.254082,198.65309,10.908918,2.2638788,30.971489,128.42967,38.349606,3.6131697,7.0991797,1.02,3.936373,3.2401552,3.8835342,5.2699227,6.81,24.861488,16.68,44.193104,15.6299,5.808886,0.086,20.855305,3.0475092,8.033927,2.92,9.24,2.1863735,36.698334,1.9150351,,2.65,6.2789297,0.12,15.987674,18.727318,0.9169626,14.312998,5.3502936,4.8705997,14.98,34.278393,3.9013333,20.62,6.73,5.91,5.0964346,2.380825,1.8433306,5.6356792,,5.6895604,,38.66804,25.44971,4.2,80.48347,5.98,7.014213,13.72015,27.836342,2.4887981,67.87238,127.36,100.54,5.6075263,3.24
2025-11-14,37.12,1.44,8.777985,58.40387,5.4036193,4.02,8.729221,6.726711,30.292273,1.02,56.354767,20.616262,4.778761,62.981747,1.6045167,36.146187,35.17805,8.1308775,8.837435,29.620415,32.196785,3.5341382,6.56,56.51399,37.16499,3.3363855,1.615635,10.838129,5.7961326,1.265,41.952686,,1.68,6.2824306,1.2583486,30.798769,21.5929,3.5974395,23.325819,32.838715,5.35,152.6466,12.731977,30.695972,8.582193,21.404646,5.232835,3.3319323,10.660617,3.9339788,14.07063,2.243286,7.900634,270.8798,21.876282,34.836033,2.9804459,3.897152,0.265,13.39,179.49637,,3.88,2.475539,7.31,4.126439,,2.2637973,,21.49773,3.2655807,7.6637063,2.33,3.715281,8.651584,3.34,6.761024,1.595,24.528294,3.568629,6.6029663,5.18,5.29,4.78,11.439043,13.901719,2.97,1.7378598,12.859713,19.636688,32.238968,6.315106,7.94,6.29,29.290478,7.542495,,5.195985,1.3899639,23.76256,1.2697337,4.666373,0.89,2.8355556,103.98857,7.1144114,7.4701467,4.875341,4.56,9.993454,6.73,6.4697204,3.4061728,5.225143,2.370863,3.418085,,8.9914,94.88873,1.485,25.79,,1.6317252,4.5641828,4.4968023,5.21,5.1366644,131.66,34.357883,,1.465,14.18,61.22,8.87838,2.1302726,0.315,50.74,26.55285,13.252149,4.768944,194.36101,2.22,3.6274116,40.59921,4.01,22.705063,1.0507463,137.39456,19.0,4.209951,7.284251,0.73,2.201613,26.284271,2.19,4.862954,27.859241,45.362892,12.44,1.935,13.603026,1.195,2.208402,11.801235,23.23084,0.565,8.01,3.82,248.14494,16.138447,16.126904,5.08,1.165,18.122002,2.652949,5.1854515,14.4,9.494113,19.210867,4.254082,199.48682,10.908918,2.2638788,30.624828,126.69998,38.14081,3.533759,6.9322557,1.01,3.9165423,3.1314917,3.8835342,5.28955,6.51,24.694567,16.25,43.726345,15.490791,5.7899337,0.086,20.914162,2.9283884,8.014684,2.77,8.54,2.138636,36.16432,1.9198711,,2.5511193,6.355736,0.12,15.958338,18.516575,0.88738316,14.227119,5.281321,4.8412004,14.13,33.903225,3.7155554,19.88,6.55,5.76,4.968222,2.371302,1.8531356,5.6650314,,5.4803853,,38.050373,25.527538,4.12,80.12791,5.69,6.9843655,13.465892,27.89561,2.4887981,64.77866,122.36,93.96,5.5484996,3.14
2025-11-17,36.83,1.55,8.835108,57.975452,5.483231,4.2,8.776611,6.816003,31.450186,1.025,56.148586,21.077234,4.759646,62.408314,1.6142411,35.77049,35.36376,8.4037895,8.743119,30.07957,33.22968,3.582026,6.82,55.964745,37.402275,3.3363855,1.62288,10.731014,5.805907,1.25,41.68772,,1.71,6.2255764,1.273211,30.927925,21.280508,3.5879476,23.138502,33.04518,5.46,151.18126,12.654344,31.561066,8.611155,21.766937,5.3024726,3.3127282,10.660617,3.9529834,14.180167,2.2527516,7.900634,269.50714,21.895895,34.768353,3.0091043,3.916209,0.275,13.43,178.14381,,4.06,2.4854016,7.26,4.126439,,2.37842,,22.583473,3.28479,7.7031083,2.6,3.7247586,8.828147,3.36,6.761024,1.64,24.831717,3.578353,7.0197964,5.29,5.3,5.14,11.280854,13.901719,2.96,1.762268,12.958633,19.859941,31.627337,6.3250823,7.81,6.45,29.429153,7.646334,,5.2341905,1.3803779,23.334314,1.2697337,4.737676,0.905,2.8746667,106.76598,7.1726465,7.5276093,5.07393,4.59,10.0625105,6.79,6.8379965,3.4360516,5.2350388,2.38066,3.4465692,5.44,9.020881,95.14224,1.515,25.43,,1.6513846,4.2002287,4.477208,5.24,5.2222753,136.0,34.533527,,1.46,14.96,60.87,9.089086,2.1492927,0.31,50.01,27.31094,13.677144,4.788569,192.55283,2.33,3.608519,40.589424,3.94,22.519035,1.0698507,134.3104,18.89,4.121424,7.3038325,0.725,2.211398,26.145412,2.22,5.010615,28.533415,45.123512,12.5,1.95,14.0361185,1.205,2.19863,11.801235,23.523052,0.585,8.17,3.96,258.64594,16.475056,16.735464,5.16,1.17,18.064072,2.7020779,5.235026,14.36,9.523416,19.30583,4.263975,198.20647,10.869069,2.2733116,31.159674,127.41107,37.335434,3.494054,6.7162366,1.045,3.866966,3.14137,3.8930757,5.368059,6.58,25.185513,16.32,43.96469,15.431172,5.846791,0.086,20.610064,2.9085348,7.966576,2.74,8.56,2.1099937,36.015987,1.9198711,,2.640112,6.4037404,0.12,16.095234,18.535734,0.9021729,14.236662,5.2911744,4.8314,14.2,34.890507,,20.5,6.67,5.82,4.84001,2.3903484,1.9119654,5.7139525,,5.723028,,38.266068,25.751293,4.19,79.90076,5.71,7.014213,13.5734625,27.806707,2.517296,65.527145,122.22,93.45,5.5681753,3.14
2025-11-18,35.27,1.485,8.987437,54.71751,5.115028,3.96,8.700788,6.7465534,30.684786,0.94,55.451515,20.469145,4.769203,62.121597,1.5899303,35.147617,35.041206,8.15911,8.771414,29.454338,32.82636,3.514983,6.62,55.90693,36.85849,3.3266869,1.5939001,10.594686,5.805907,1.195,40.13719,,1.645,6.1402946,1.2583486,30.520586,20.920784,3.5974395,22.970903,31.9735,4.82,148.6873,12.537892,30.447382,8.379465,21.522144,5.0338674,3.293524,10.515245,3.9339788,13.383529,2.2527516,7.9397454,268.74677,21.944921,34.36227,2.942235,3.9352658,0.25,12.94,177.78839,,3.96,2.4656763,6.95,4.1649137,,2.2446935,,21.389154,3.198348,7.5356493,2.45,3.6110253,8.612348,3.29,6.751594,1.585,24.63596,3.5394578,7.010323,5.34,5.05,4.83,10.697533,13.605937,2.95,1.6597538,12.276079,19.461967,31.213003,6.005835,7.44,6.17,28.557474,7.759613,,5.2150874,1.4283077,22.876192,1.255467,4.6584506,0.88,2.8844445,101.85823,7.095,7.3935294,4.944847,4.55,9.875072,6.68,6.479674,3.2866578,5.066805,2.370863,3.4085903,4.93,8.87348,93.591965,1.475,27.94,,1.6218956,4.2297387,4.3988323,5.15,4.965442,135.97,34.045628,,1.49,14.62,59.05,8.820914,2.1492927,0.29,48.75,25.83414,13.145899,4.71988,189.33936,2.28,3.608519,39.737896,3.88,22.22531,1.0507463,130.7089,18.4,3.9246972,7.284251,0.7,2.211398,24.67746,2.14,4.9023304,26.768665,44.106136,12.06,1.86,13.337265,1.15,2.1595435,11.6451845,23.143177,0.585,7.83,4.09,250.44858,16.072996,15.6361265,4.87,1.13,17.484787,2.5939949,5.106133,14.09,9.406204,19.039936,4.135363,193.55153,10.649894,2.2450132,30.95168,124.03818,37.603893,3.3253071,6.5296745,1.005,3.8173892,3.0524633,3.873992,5.2699227,6.32,24.174166,15.7,42.862343,15.033718,5.884695,0.083,20.492348,2.8986082,7.908848,2.42,8.25,2.033614,35.54131,1.8715115,,2.5807834,6.365337,0.115,15.811663,18.142988,0.9120327,14.1889515,5.2419086,4.8216,14.06,28.88784,,19.8,6.52,5.67,4.5367384,2.3617785,1.9070629,5.488917,,5.6142573,,37.12877,25.25514,4.0,78.97237,5.41,6.934619,13.3681,27.63878,2.4982977,62.503273,118.25,89.82,5.4009333,2.94
2025-11-19,35.0,1.435,8.777985,55.624157,4.965757,3.88,8.719743,6.6771035,30.704412,0.97,55.893322,20.714342,4.778761,62.264954,1.5704815,35.07841,34.327675,8.03677,8.818572,29.004951,31.970531,3.4958277,6.47,56.070736,37.21442,3.316988,1.55043,10.516784,5.825455,1.23,40.186256,,1.63,6.055012,1.2633028,30.192728,21.403572,3.5879476,22.901892,32.49459,4.46,146.8241,12.4602585,29.274033,8.302235,21.698395,5.1532474,3.2743196,10.437714,3.9244766,13.702185,2.21489,7.7735195,266.4359,21.9057,33.29872,2.9326823,3.897152,0.26,12.4,176.93933,,3.76,2.4854016,7.26,4.1168203,,2.292453,,21.349672,3.198348,7.4469943,1.97,3.6205032,8.651584,3.33,6.7987423,1.6,24.72405,3.5297341,7.0955834,5.32,5.14,4.68,10.915042,13.458046,2.93,1.6939251,12.008993,19.762877,31.282059,6.015812,7.69,6.35,28.864542,7.9484115,,5.2819476,1.557718,21.900196,1.255467,4.6346827,0.88,2.9235556,100.73334,7.1338234,7.4031067,4.8852706,4.55,9.845475,6.65,6.619022,3.1771028,5.047013,2.4198477,3.332633,4.77,8.775213,93.591965,1.45,26.91,,1.5825769,4.1313725,4.3694415,5.14,4.908368,142.0,33.684586,,1.465,15.44,59.43,8.87838,2.158803,0.295,48.59,25.745533,12.411816,4.71988,186.61723,2.26,3.636858,39.46384,3.87,22.088236,1.0411941,132.38031,18.28,3.9738789,7.147182,0.695,2.2211828,25.38168,2.37,4.892486,26.491064,43.846806,12.33,1.905,13.297894,1.155,2.14,11.489136,23.084736,0.585,8.0,3.98,249.6807,16.147797,15.744098,4.88,1.11,17.33031,2.5743432,5.225111,14.2,9.357367,18.745552,4.135363,195.91374,10.580157,2.254446,31.080437,124.22076,37.762978,3.4146438,6.7064176,1.04,3.8173892,3.0820987,3.8930757,5.0834637,6.27,24.341087,15.3,42.941795,14.984036,5.8562665,0.085,21.080927,2.8986082,7.9377117,2.31,8.22,2.0718038,35.412758,1.8860195,,2.5511193,6.4133406,0.115,15.782327,18.047195,0.9120327,14.37025,5.2714677,4.7922,13.94,28.897713,3.6471112,19.35,6.51,5.68,4.635363,2.409395,1.9119654,5.400859,,5.0955033,,36.609146,25.556725,3.84,78.98224,5.66,6.964467,13.348541,27.530123,2.4887981,62.752766,118.62,88.51,5.3517447,2.84
2025-11-20,36.47,1.455,8.854149,57.148518,5.05532,3.93,8.643919,6.6771035,30.655346,0.96,57.17947,20.792807,4.7883186,62.264954,1.6045167,35.35524,34.640457,8.15911,8.75255,28.946335,32.639454,3.5437157,6.66,55.62749,37.45171,3.3266869,1.60839,10.682325,5.845004,1.265,40.941895,,1.67,6.111867,1.2385322,30.470911,21.422503,3.5974395,23.020199,32.74039,4.32,148.4738,12.76109,29.70161,8.4373865,23.147566,5.411905,3.293524,10.699383,3.962486,14.110462,2.243286,7.8712997,266.0804,21.895895,33.80149,2.9517877,3.9733799,0.265,12.93,176.07053,,3.73,2.5347152,7.47,4.222626,,2.368868,,21.073303,3.2175572,7.5454993,1.89,3.6868477,8.8771925,3.47,6.7893124,1.705,24.684898,3.5394578,7.114531,5.58,5.29,4.61,11.2709675,13.812984,2.91,1.7427415,11.870503,20.597652,31.47936,6.205364,7.92,6.6,29.41925,7.967291,,5.3870134,1.4810303,22.457909,1.2697337,4.642606,0.94,3.0995557,102.97318,7.1726465,7.3839526,4.9746356,4.55,10.131568,6.92,7.066925,3.3264961,5.0964937,2.390457,3.418085,4.91,8.893133,93.47496,1.46,27.74,,1.5727472,4.1510453,4.4576144,5.45,4.9939795,140.9,33.977325,,1.605,15.71,61.94,8.820914,2.158803,0.31,50.78,25.912905,12.759539,4.700255,191.14754,2.3,3.6274116,40.01195,3.93,22.57778,1.0507463,133.98209,18.49,3.9542062,7.0982285,0.715,2.2211828,26.343782,2.56,4.941706,28.186415,43.9266,12.84,1.825,13.5931835,1.205,2.1595435,11.294074,22.987331,0.57,8.17,4.19,252.34334,16.409601,16.813988,4.99,1.145,17.97718,2.6332977,5.3540034,14.26,9.425739,18.688576,4.1551495,194.25623,10.709669,2.2638788,31.496428,126.95943,37.54423,3.5039804,6.883161,1.075,3.9066272,3.1808841,3.9026177,5.1129045,6.29,24.674929,15.82,43.99448,14.884672,5.875219,0.086,22.40523,2.9184616,8.110898,2.38,8.44,2.1290886,36.480774,1.8763475,,2.610448,6.365337,0.115,16.056122,17.989721,0.9169626,14.341623,5.232055,4.802,13.88,30.181177,3.7546666,19.33,6.5,5.65,4.5170135,2.409395,1.9364777,5.479132,,5.27121,,37.01112,25.410799,3.86,80.12791,5.85,6.894822,12.928039,27.74744,2.517296,64.08007,120.47,98.16,5.3615823,2.98
2025-11-21,36.51,1.425,8.911272,54.627846,4.925951,3.78,8.530184,6.766396,30.0862,0.9,57.150013,20.939924,4.759646,62.169384,1.5899303,35.434338,34.11264,7.989716,8.714824,27.84241,32.029556,3.5054052,6.31,55.386597,37.352837,3.316988,1.5576751,10.614161,5.76681,1.205,39.617073,,1.58,6.1023912,1.1741284,30.25234,20.788254,3.5879476,22.92161,32.85837,4.51,148.53203,12.450554,28.528261,8.350503,24.126736,5.1532474,3.2743196,10.621852,3.914974,13.343697,2.1675634,7.8321877,263.72018,21.99395,33.637123,2.942235,3.859038,0.25,12.06,176.57405,,3.58,2.5445778,6.82,4.174533,,2.3115568,,19.75067,3.1311154,7.4962473,1.715,3.6110253,8.651584,3.22,6.7044463,1.56,24.714262,3.5589054,7.1713715,4.92,5.07,4.58,10.766741,13.467906,2.91,1.591411,11.929856,19.471674,31.2426,6.1056,7.48,6.17,28.369268,7.976731,,5.2341905,1.557718,21.800604,1.255467,4.4920774,0.89,3.1484444,99.56861,7.0367646,7.3935294,4.795906,4.52,9.884937,6.47,6.2507453,3.1472242,5.066805,2.370863,3.2946544,4.44,8.804693,92.85095,1.445,27.6,,1.489195,3.8657842,4.3596444,5.42,4.9178805,139.25,29.29349,,1.47,14.7,61.08,8.859224,2.101742,0.305,48.84,25.420637,12.257271,4.6610045,190.7348,2.31,3.5518408,39.698746,3.97,22.205727,1.0316418,125.78417,18.15,3.796825,6.921997,0.68,2.201613,25.292412,2.47,4.872798,26.917381,43.447838,11.82,1.76,13.297894,1.17,2.14,11.1477785,22.720726,0.55,7.5,3.9,250.62808,16.119745,16.313398,4.65,1.13,17.803394,2.5350401,5.1457925,13.96,9.191317,18.65059,4.026538,195.08995,10.938806,2.2450132,30.971489,122.85622,37.593952,3.3650124,6.480579,0.99,3.866966,3.0425847,3.8549085,5.0834637,5.77,24.478552,15.0,43.66676,14.984036,5.7899337,0.105,22.65047,2.9283884,7.9761977,2.42,7.6,1.9954237,36.0061,1.8860195,,2.610448,6.173321,0.11,15.752993,17.903507,0.9021729,14.141241,5.2517614,4.7726,13.78,29.154406,3.6959999,18.42,6.41,5.58,4.3394895,2.3522553,1.9413801,5.459564,,4.6604195,,36.403255,24.720076,3.86,79.0415,5.45,6.6958375,12.80091,27.737562,2.479299,65.62694,119.22,96.13,5.1353135,2.85
2025-11-24,39.1,1.54,8.901752,55.962902,4.9757085,3.86,8.520705,6.8854527,30.380585,0.935,57.434734,21.214546,4.8265486,62.742813,1.5996546,35.958336,34.151737,8.1308775,8.931751,28.536026,33.239517,3.5341382,6.68,55.964745,37.333065,3.4333735,1.601145,10.711538,5.7961326,1.195,39.862408,,1.51,6.1781974,1.1790826,30.51065,21.403572,3.5879476,23.266668,32.76989,4.67,150.37582,12.712569,29.363525,8.476002,24.342154,5.272628,3.3511364,10.912596,3.9814909,13.582689,2.2338207,7.949524,269.86264,22.082201,34.236576,2.9899988,3.9543228,0.23,12.18,180.62186,,3.64,2.5741658,6.87,4.2995763,,2.3497643,,20.234318,3.198348,7.6243033,1.745,3.6584141,8.739865,3.34,6.977905,1.575,24.27381,3.568629,7.1050572,5.13,5.12,4.5,11.023797,13.803124,2.88,1.630464,12.266187,19.84053,31.883827,6.4048944,7.48,6.25,28.963598,8.08057,,5.425219,1.567304,21.442076,1.2792448,4.5871477,0.93,3.1288888,101.40031,7.1144114,7.5084553,4.7561884,4.54,9.875072,6.25,6.609068,3.2269006,5.1855583,2.390457,3.332633,4.41,9.512214,93.796715,1.45,28.56,,1.4793653,3.8756208,4.428223,5.59,4.965442,145.0,29.937515,,1.375,15.04,63.17,9.0124655,2.168313,0.325,47.29,26.641459,12.9623785,4.768944,190.13535,2.33,3.636858,39.806408,4.08,22.763807,1.0507463,126.351265,18.38,3.7673159,6.9905314,0.695,2.2211828,25.570133,2.49,4.9220185,27.343697,44.98387,11.86,1.82,13.38648,1.17,2.169315,11.411111,23.056452,0.545,7.45,3.76,259.29416,16.28805,16.804174,4.8,1.16,18.122002,2.652949,5.235026,14.23,9.230387,18.916485,4.808102,198.82184,12.323591,2.2733116,31.595474,124.259186,38.42915,3.4047174,6.618046,1.025,4.075187,3.101856,3.9217014,5.1717863,6.11,24.998953,15.17,45.384827,16.186337,5.9226,0.105,23.091906,2.9085348,8.110898,2.6,7.7,2.033614,36.658775,1.8956913,,2.640112,6.2309256,0.1,15.811663,17.98014,0.8824532,14.427502,5.320734,4.8608003,13.94,29.657919,3.6959999,18.82,6.43,5.65,4.5761886,2.380825,1.9904048,5.586758,,4.7106214,,37.236618,24.399035,4.0,79.189644,5.7,6.7654824,12.937818,27.74744,2.507797,66.90435,119.9,96.76,5.1943407,2.97
2025-11-25,41.67,1.58,9.015999,59.440037,5.115028,4.08,8.50175,6.8854527,30.59647,1.0,57.0486,21.302816,4.8265486,62.31274,1.6093789,36.146187,34.122414,8.1308775,8.790277,29.395721,33.072285,3.4958277,6.8,55.800934,37.12544,3.4333735,1.6446149,9.922779,5.845004,1.245,40.245136,,1.54,6.1402946,1.188991,30.23247,22.12302,3.5879476,23.3061,33.123837,5.04,148.60966,12.819316,29.810987,8.456695,24.557571,5.491492,3.3223302,10.922287,3.962486,14.030798,2.2338207,7.9299674,272.53888,21.807644,34.36227,2.9613404,3.916209,0.245,12.63,179.82217,,3.51,2.5840285,6.82,4.2995763,,2.3402126,,19.957947,3.2175572,7.6341543,2.0,3.753192,8.975283,3.46,6.8930383,1.595,24.09763,3.5297341,7.0856442,5.07,5.19,4.45,11.409383,13.645375,2.86,1.6939251,12.295864,20.384106,31.40044,6.315106,7.84,6.53,28.755583,8.005051,,5.406116,1.57689,21.880276,1.2697337,4.3890843,0.96,3.0800002,101.32067,7.1726465,7.3839526,5.0044236,4.53,9.963859,6.38,6.619022,3.3962133,5.15587,2.4002538,3.2946544,4.88,8.93244,94.13798,1.475,28.78,,1.5334285,4.0821896,4.4968023,5.67,4.9844666,144.96,30.181465,,1.43,15.02,64.49,8.964578,2.158803,0.335,47.56,26.730066,13.397033,4.6413794,188.5925,2.38,3.6179655,39.76726,4.14,22.881298,1.0411941,132.47227,18.61,3.7869885,6.9415784,0.695,2.211398,26.075983,2.5,4.9810824,27.621298,44.39539,12.2,1.84,13.416009,1.285,2.1497717,11.420864,23.12557,0.585,7.83,3.77,259.37393,16.259998,16.647123,5.1,1.2,18.150965,2.6431234,5.373833,14.36,9.162014,18.641094,4.778422,200.29076,12.303667,2.2450132,35.60681,127.11318,38.299892,3.533759,6.843884,1.095,4.045441,3.1117346,3.9121594,5.132532,6.31,24.478552,15.51,45.851585,16.146591,5.884695,0.105,22.748568,2.8886814,8.130141,2.65,8.07,2.0813513,36.89612,1.9005272,,2.8082087,6.2309256,0.105,15.929004,17.65445,0.9071028,14.475212,5.232055,4.851,14.85,30.19105,3.7057776,20.44,6.34,5.74,4.6748133,2.342732,2.0590396,5.6063266,,4.953264,,37.275837,24.42822,4.37,78.59706,5.96,6.9147205,12.91826,27.609148,2.4982977,65.90637,120.54,94.78,5.2730427,3.0
2025-11-26,39.84,1.6,9.111205,60.486164,5.224494,4.28,8.511228,6.9350595,30.88104,0.98,57.92977,21.7818,4.816991,62.64724,1.6482763,36.60098,34.337452,8.328504,8.705392,29.806032,33.31821,3.4670947,6.62,55.77203,37.19465,3.4333735,1.688085,9.942255,5.893875,1.25,41.040028,,1.57,6.111867,1.2137616,30.81864,22.70047,3.5974395,23.572289,33.64493,5.07,148.97842,13.158965,30.695972,8.49531,24.459654,5.640717,3.3319323,11.116117,3.9434812,14.200084,2.1959593,7.949524,275.70883,21.925312,34.749012,2.9804459,3.9257371,0.26,12.87,180.5725,,3.61,2.6037543,6.93,4.3669076,,2.3593163,,21.52734,3.2655807,7.6834073,2.17,3.7721474,9.073374,3.52,6.8270307,1.605,24.27381,3.5394578,7.134176,5.43,5.24,4.61,11.518138,13.911577,2.89,1.7769129,12.572842,20.869442,32.899925,6.5445647,7.41,6.62,29.122086,8.073055,,5.3392563,1.6008549,22.776602,1.2744893,4.4524646,1.0,3.1484444,103.251915,7.075588,7.3552213,5.07393,4.55,9.983541,6.73,6.619022,3.4559708,5.175662,2.390457,3.304149,4.85,9.060187,95.04475,1.505,29.75,,1.553088,4.0428433,4.6045685,5.7,4.95593,143.56,30.454689,,1.475,15.0,68.66,9.165706,2.1302726,0.33,48.98,26.66115,13.7544155,4.700255,193.93846,2.72,3.5518408,39.522568,4.31,22.920462,1.0411941,133.85802,19.22,3.8066611,7.0394845,0.72,2.6419356,26.542156,2.48,5.040147,27.968298,44.72454,12.75,1.905,13.632556,1.28,2.1497717,11.303827,23.392178,0.6,7.98,4.04,260.7202,16.475056,16.666756,5.08,1.21,18.56612,2.8298125,5.4531517,14.54,9.572254,18.783539,4.817995,197.20403,12.194079,2.2638788,36.963734,128.93896,39.08538,3.5536118,6.951894,1.115,4.1247635,3.1710057,3.8930757,5.103091,6.41,23.869778,15.8,45.940964,16.772581,5.8183618,0.105,22.934948,2.8986082,8.18787,2.64,8.36,2.1481836,36.817,1.9101992,,2.8082087,6.298131,0.1,15.958338,17.788557,0.9071028,14.398876,5.3404403,4.8216,15.03,29.341988,3.6959999,13.83,6.3,5.7,4.9805503,2.3617785,2.0492346,5.674816,,5.078769,2.75,37.11897,24.583878,4.52,80.05878,6.01,7.004264,13.064946,28.04378,2.517296,65.117966,120.39,98.0,5.332069,3.2
2025-11-27,39.39,1.61,9.158808,62.94706,5.3638134,4.25,8.539662,6.9549026,30.52778,0.98,58.157494,21.999517,4.8074336,62.87916,1.6628629,37.055775,34.28858,8.375556,8.695961,28.89749,33.259193,3.4766724,6.55,55.878025,36.71019,3.4333735,1.62288,10.010419,5.854778,1.29,40.961525,,1.565,6.1308184,1.1840367,30.778898,22.46381,3.6069314,23.670876,34.067707,5.36,149.67712,13.343346,30.507042,8.562885,24.567362,5.6307683,3.303126,11.145191,3.9339788,14.468949,2.1770287,7.9299674,276.92352,21.935118,34.449287,2.9899988,3.90668,0.255,12.91,183.81076,,3.57,2.6629303,6.81,4.3188133,,2.550354,,20.895636,3.2559762,7.5947523,2.0,3.8290138,9.073374,3.58,6.7987423,1.585,23.970387,3.5297341,7.153589,5.46,5.28,4.48,11.775195,13.793265,2.88,1.7573863,12.562949,20.675306,32.57438,6.6144,7.35,6.76,29.448965,7.898187,,5.3106017,1.7398514,23.294477,1.2840004,4.428697,1.0,3.471111,103.908936,6.7649994,7.4031067,5.2427297,4.58,9.8843,6.65,6.509534,3.4559708,5.175662,2.4002538,3.304149,5.09,9.128973,94.30373,1.585,29.86,,1.5137691,4.141209,4.555584,5.72,4.9178805,152.06,31.157265,,1.455,14.45,67.61,9.041198,2.082722,0.34,48.03,26.68084,13.899302,4.6904426,193.10315,2.69,3.5423944,39.64002,4.22,22.891088,1.0459702,136.3304,19.12,3.7279706,7.0296936,0.715,2.6223657,26.740526,2.48,5.2173395,28.146755,44.754463,13.21,1.95,13.514439,1.29,2.169315,11.34284,23.293434,0.6,7.85,3.95,265.95578,17.054766,17.373474,5.11,1.2,18.575775,2.8101609,5.542385,14.31,9.689465,18.090313,4.916927,197.06506,12.6822405,2.254446,35.923756,127.19966,38.946175,3.6032434,7.1580944,1.115,4.1743402,3.1808841,3.8835342,5.132532,6.51,24.056337,15.55,46.85462,16.842136,5.7709813,0.105,22.905521,2.868828,8.12052,2.72,8.38,2.1481836,36.995007,1.8956913,,2.837873,6.1829214,0.105,15.880111,17.443705,0.9317523,14.32254,5.3798532,4.8118,15.3,30.040134,3.7057776,14.45,6.39,5.74,4.8030252,2.3522553,2.0492346,5.762873,,5.0285673,2.71,37.14838,24.340664,4.58,80.39458,6.06,6.894822,13.016051,28.05366,2.5267954,69.578926,123.15,100.23,5.2730427,3.37
2025-11-28,40.43,1.71,9.130246,62.807575,5.294154,4.38,8.909303,6.9549026,30.194143,1.015,57.76146,22.098482,4.759646,63.509895,1.6871737,37.065662,33.858505,8.450842,8.733687,27.82287,33.741207,3.4287844,6.56,56.080376,36.82883,3.4721684,1.6808399,9.971468,5.8645525,1.325,40.892826,,1.615,6.1023912,1.1691743,30.73916,22.974997,3.6164234,23.72017,34.185688,5.37,147.99829,13.488909,30.676085,8.572539,24.342154,5.7700458,3.293524,11.319637,3.8959694,14.588445,2.101306,7.8810782,275.58044,21.886087,34.710342,2.9613404,3.8685663,0.275,13.19,183.92923,,3.61,2.6530676,6.77,4.3380513,,2.6745284,,21.102913,3.2751853,7.7917624,1.98,3.838492,8.906619,3.72,6.751594,1.635,24.264023,3.5978005,7.134176,5.78,5.32,4.55,11.745535,13.5665,2.93,1.8257291,13.383992,20.782082,32.89006,6.5844703,7.55,6.66,29.399439,7.8496127,,5.3010507,1.7734022,23.52354,1.2840004,4.4762325,0.98,3.784,103.232,6.7358823,7.4318385,5.222871,4.55,10.072856,6.77,6.4199533,3.4161325,5.136078,2.4296448,3.3421276,5.11,9.138801,95.72725,1.6,30.37,,1.5137691,4.2199016,4.5261927,5.7,4.9749546,153.0,31.352427,,1.435,14.47,67.72,9.108241,2.0541914,,49.08,26.375635,13.81237,4.6610045,193.6338,2.71,3.4951625,39.248512,4.28,23.380632,1.0411941,139.03209,19.64,3.7574794,7.019903,0.725,2.6517205,26.938898,2.5,5.4240646,28.335129,44.72454,13.5,1.965,13.356951,1.33,2.179087,11.391605,23.54029,0.635,8.12,4.05,265.80618,16.736858,17.923143,5.39,1.23,18.527502,2.878941,5.6018744,14.17,9.74807,18.280237,4.808102,194.44481,12.662316,2.254446,36.458603,127.11318,39.08538,3.6330223,7.246466,1.13,4.1941705,3.1808841,3.8930757,5.0932775,6.55,24.0367,15.73,46.963863,16.991182,5.704648,0.105,22.8859,2.8589013,8.457271,2.81,8.61,2.195921,37.400455,1.9247069,,2.8477612,6.1829214,0.11,15.870332,16.821058,0.9366822,14.246204,5.389706,4.8216,15.22,30.020185,3.6666667,15.52,6.48,5.82,4.9312377,2.342732,2.0786493,5.7726574,,5.0285673,2.81,36.85425,24.253109,4.77,80.868645,6.1,6.894822,13.045388,28.962439,2.517296,72.872246,122.25,100.96,5.3517447,3.4
2025-12-01,39.35,1.745,8.87319,63.066616,5.1647854,4.39,8.833479,6.9549026,30.370775,1.03,57.820866,21.81149,4.6927433,62.976192,1.6628629,35.958336,33.428432,8.507307,8.695961,27.226946,32.98375,3.4479394,6.51,54.519375,30.28368,3.4624698,1.6808399,9.854615,5.8352294,1.315,41.29518,,1.58,6.045537,1.1691743,30.321886,23.050728,3.5974395,23.503277,33.615433,5.15,147.15404,13.479205,30.22862,8.524271,24.293194,5.7899423,3.303126,11.2421055,3.914974,14.299664,2.1202366,7.7930756,271.8377,21.768423,33.569443,2.9517877,3.859038,0.28,13.76,181.30309,,3.49,2.6333423,6.53,4.3765264,,2.454835,,21.75436,3.2603655,7.7523603,1.965,3.8290138,8.975283,3.77,6.7987423,1.61,24.205294,3.6366956,7.056525,5.81,5.29,4.55,11.518138,13.596078,3.03,1.8989537,13.651079,20.947096,32.406673,6.3350587,8.32,6.55,29.498493,7.8204684,,5.272396,1.7542303,23.135132,1.2935115,4.4366193,1.005,3.52,98.59304,6.8038235,7.3552213,5.1136475,4.53,10.043084,6.66,6.5891614,3.3862538,5.056909,2.4296448,3.389601,5.0,9.011053,95.27875,1.57,29.9,,1.553088,4.3379407,4.3792386,5.67,4.9178805,152.84,30.971863,,1.375,14.7,65.65,9.031621,2.025661,0.415,47.19,25.971975,13.561236,4.562878,192.82799,2.67,3.1739852,39.00382,4.23,22.68548,1.0411941,138.82272,19.21,3.7574794,7.078647,0.72,2.6321507,26.978575,2.46,5.335468,27.204897,44.594875,13.5,1.87,13.504597,1.27,2.1888585,11.46963,23.530416,0.66,8.0,3.92,261.45816,16.79296,17.020115,5.39,1.185,18.17993,2.8199866,5.591959,14.31,9.718767,18.308727,4.728956,192.827,12.413254,2.2638788,36.904305,127.57443,37.28572,3.623096,7.1286373,1.135,4.144594,3.269791,3.873992,5.0147686,6.47,23.663582,15.94,46.18924,16.961372,5.571982,0.11,22.876091,2.819194,8.668943,2.7,8.3,2.1863735,37.192787,1.9440508,,2.7686567,6.202123,0.11,15.968117,16.744425,0.897243,14.303455,5.3404403,4.7628,15.05,29.401829,3.6764445,14.39,6.8,5.78,4.9706874,2.314162,2.0786493,5.7237363,,5.0871363,2.93,36.53071,24.476864,4.87,80.97729,6.04,6.944568,12.967155,28.903172,2.517296,70.96611,121.84,100.5,5.28288,3.3
2025-12-02,38.31,1.655,8.920793,63.066616,5.194639,4.21,8.833479,6.984667,30.871227,1.065,57.484238,21.762007,4.7118583,62.976192,1.6677251,35.93856,33.447983,8.432021,8.658235,27.647022,32.708313,3.4575171,6.6,55.270966,31.19328,3.4915662,1.6953299,9.844877,5.8743267,1.34,41.76623,,1.58,6.0171094,1.1790826,29.219091,22.691004,3.6354072,23.414549,32.69123,4.68,147.7363,13.35305,30.099354,8.6015005,24.03861,5.7899423,3.3223302,10.854446,3.9339788,14.040756,2.07291,7.841966,272.25247,21.935118,34.458954,2.9613404,3.897152,0.3,13.44,181.10564,,3.34,2.643205,6.61,4.357289,,2.37842,,21.300322,3.2801251,7.8016133,1.88,3.8290138,9.083182,3.87,6.9496155,1.605,24.283598,3.6464193,6.949755,5.88,5.38,4.45,11.617006,13.822844,3.06,,13.403777,21.218884,32.781548,6.1554823,8.3,6.55,29.597548,7.8010383,,5.3106017,1.7158864,22.129255,1.331556,4.4683094,1.04,3.52,99.14055,6.93,7.3839526,5.0143533,4.53,10.191945,6.63,6.6886954,3.4161325,5.0272207,2.4688325,3.3990955,5.0,8.93244,95.7565,1.61,29.62,,1.5825769,4.5445094,4.4086294,5.64,4.927393,153.27,30.845009,,1.34,15.02,65.06,9.098663,1.9686,0.37,47.18,26.011358,13.377715,4.5530653,190.61688,2.58,3.145646,39.30724,4.18,23.037952,1.0602984,138.33423,19.08,3.8066611,7.0101123,0.71,2.6517205,26.889307,2.4,5.4142203,27.115667,44.225826,13.59,1.81,13.327422,1.255,2.179087,11.411111,23.777273,0.625,8.06,3.95,259.2044,16.68076,16.539154,4.75,1.18,18.102692,2.849464,5.6712775,14.44,9.513648,18.460667,4.6498103,189.08519,12.313629,2.2733116,37.211346,129.75577,37.603893,3.5833905,7.1973705,1.155,4.114848,3.2994263,3.959869,4.995141,6.45,23.565392,16.28,45.662895,17.179974,5.5435534,0.105,23.131142,2.819194,8.84213,2.68,8.42,2.272301,36.609333,1.9440508,,2.8576493,6.259728,0.115,16.163685,16.552841,0.9071028,14.265287,5.330587,4.802,14.45,28.713661,3.6862223,14.14,6.8,5.8,5.000275,2.342732,2.0786493,5.7726574,,5.128971,2.97,36.39345,24.710346,4.83,80.631615,5.98,7.0838575,12.869364,29.031586,2.555293,69.30947,121.44,98.57,5.45996,2.95
2025-12-03,37.47,1.92,8.939835,62.92713,5.105077,4.23,9.098863,6.915217,31.401123,1.085,58.03868,21.742214,4.7309732,61.76325,1.6628629,35.988,33.946476,8.629646,8.761982,27.539562,32.0689,3.4862502,6.65,55.12643,31.173506,3.4818673,1.688085,9.815664,5.8645525,1.425,42.158768,,1.69,6.0076337,1.159266,29.795326,22.634205,3.682867,23.148361,32.642075,4.69,147.55191,13.663586,30.457323,8.630462,24.312778,5.819787,3.3223302,10.360181,3.9339788,14.130378,2.0350487,7.851743,270.8304,21.758615,33.936848,3.0091043,3.90668,0.335,13.19,179.98013,,3.21,2.6530676,6.58,4.3284326,,2.3879719,,21.448378,3.2702453,7.8213143,1.835,3.9806578,9.132228,3.93,6.9401865,1.68,23.941023,3.6366956,7.0662317,5.82,5.28,4.46,11.765308,13.763687,3.05,,13.463129,21.141232,32.73713,6.0956235,8.26,6.59,29.884808,7.9079022,,5.3583593,1.7158864,22.3384,1.3172892,4.4366193,0.995,3.3244445,99.269966,7.0270586,7.32649,5.103718,4.57,10.251488,6.71,6.599115,3.3563747,5.037117,2.4688325,3.3136437,4.92,9.020881,95.659004,1.66,29.54,,1.5727472,4.6625485,4.349848,5.68,4.9178805,147.26,30.815735,,1.34,14.61,64.6,9.299791,1.9686,0.385,48.37,26.09012,12.537381,4.5236278,192.5725,2.52,3.2306638,39.561718,4.24,23.68415,1.0555223,137.08806,19.13,3.826334,6.8730435,0.74,2.6419356,26.869469,2.39,5.355156,27.155323,43.806908,13.92,1.8,13.356951,1.28,2.1497717,11.430617,23.727903,0.73,8.48,3.89,253.62979,16.75556,16.46063,4.85,1.195,18.122002,2.8691154,5.5126405,14.38,9.494113,18.061825,4.6399174,188.70804,12.2040415,2.2921774,37.013256,129.996,37.74309,3.6330223,7.2366467,1.145,4.104933,3.3389406,3.9980361,4.8479366,6.35,23.997425,16.34,45.573517,17.259464,5.619363,0.1,22.6799,2.7794871,8.659322,2.75,8.71,2.3486807,36.431328,1.9537226,,2.8477612,6.288531,0.12,16.144129,16.169672,0.9071028,14.332082,5.330587,4.8118,14.28,29.222307,3.6862223,14.35,6.95,5.76,5.0101376,2.3617785,2.1374793,5.7041683,,,2.82,36.667973,24.710346,4.78,80.710625,5.95,7.243046,12.91826,29.06122,2.5647922,72.433136,121.2,92.7,5.5780134,2.95
2025-12-04,37.87,1.84,8.911272,65.368095,5.0652714,4.26,8.975649,6.8259244,31.587566,1.045,57.612946,21.564081,4.721416,61.811768,1.7017602,35.948452,34.523163,8.4790745,8.80914,27.197638,32.452553,3.3904738,6.64,55.05898,31.60853,3.5012648,1.659105,9.864353,5.805907,1.39,43.670048,,1.67,6.055012,1.1543119,29.70591,22.605806,3.6354072,23.08921,32.29795,4.64,148.6873,13.712108,30.338001,8.775269,23.97986,5.9192705,3.2551155,10.234193,3.8484578,13.891386,2.0066524,7.8126316,268.88498,21.386003,33.8595,2.8849187,3.78281,0.34,14.25,183.24802,,3.04,2.6234796,6.34,4.280894,,2.368868,,21.359543,3.2504857,7.7425103,1.895,3.904836,9.1028,4.3,6.666728,1.665,23.745268,3.5978005,7.1147633,5.68,5.13,4.41,11.567572,13.763687,3.1,1.7866762,13.611511,20.995628,32.756958,5.9459763,8.11,6.37,29.082464,7.956476,,5.3106017,1.7063004,22.21889,1.2792448,4.4762325,0.985,3.4906666,98.931496,7.0270586,7.4797235,5.07393,4.56,10.013312,6.47,6.2806053,3.2269006,4.849091,2.4394417,3.2851596,4.87,8.8538265,93.68946,1.7,30.3,,1.5924066,4.593693,4.31066,5.58,4.908368,146.48,31.020655,,1.26,13.99,63.91,9.136973,1.9400696,0.36,47.94,25.489555,12.363521,4.454939,193.5552,2.54,3.1645389,39.649807,4.14,23.635195,1.0555223,133.9278,19.08,3.8164978,6.7359743,0.755,2.6517205,25.87761,2.34,5.3157797,26.838066,43.607426,14.02,1.82,13.2289915,1.255,2.14,11.372099,23.708155,0.725,8.4,3.73,251.13667,16.914513,16.333027,4.51,1.2,18.286133,2.8003352,5.4035773,14.23,9.513648,17.985855,4.590451,190.3854,12.303667,2.2450132,36.775547,135.08899,37.593952,3.5238328,6.8733416,1.1,4.0553565,3.4673612,3.9217014,4.9068184,6.32,23.634125,16.83,45.921104,17.090546,5.5151253,0.105,22.61123,2.7397802,8.659322,2.72,8.79,2.3582282,36.24344,1.9440508,,2.7686567,6.365337,0.115,15.977895,16.21757,0.9021729,14.408418,5.2714677,4.7922,14.56,29.242254,3.6666667,14.01,6.94,5.65,4.832613,2.314162,2.1178694,5.7237363,,4.1,2.76,36.922882,24.856274,4.8,80.99705,5.86,7.3226395,12.888922,29.031586,2.4982977,73.65067,120.9,92.57,5.6075263,2.93
2025-12-05,39.34,1.9,8.787504,66.205,5.0652714,4.51,8.899825,6.915217,31.42075,1.055,56.83078,21.920347,4.654513,61.13252,1.7309332,35.60241,34.53294,8.262628,8.790277,26.22071,31.63607,3.361741,6.52,55.087883,31.371244,3.5012648,1.630125,10.107798,5.76681,1.425,44.003704,,1.685,6.08344,1.159266,29.229027,22.511143,3.654391,22.8526,32.07182,4.57,149.64801,13.595656,30.795406,8.794576,23.999445,5.998858,3.2551155,9.83189,3.8674624,13.82168,2.016118,7.7832975,266.11002,21.425226,33.762814,2.8944714,3.8113954,0.32,14.38,181.75723,,3.04,2.613617,6.55,4.300397,,2.4166274,,21.329933,3.220846,7.7622113,1.905,3.9143138,9.00471,4.42,6.666728,1.73,23.774632,3.5978005,6.8818107,5.62,5.18,4.46,11.864177,14.010172,3.21,1.7573863,13.502698,21.461552,32.80653,6.0956235,8.38,6.4,29.231047,7.9856215,,5.224639,1.7302653,22.21889,1.2792448,4.4683094,0.98,3.5102222,99.498924,7.0367646,7.4126835,5.07393,4.57,10.122476,6.93,6.4199533,3.2766984,4.819402,2.4492385,3.2946544,5.02,8.716253,92.41219,1.74,29.72,,1.5874918,4.5543466,4.3204565,5.45,4.908368,149.72,30.98162,,1.32,14.14,62.77,9.175283,1.9305594,0.375,50.15,25.548628,12.788516,4.4156885,192.40541,2.66,3.1928782,39.992374,4.17,22.69527,1.0698507,137.77594,19.75,3.9246972,6.5793233,0.75,2.6712904,26.115656,2.3,5.3256235,26.213465,43.78696,14.83,1.86,13.642398,1.26,2.1302285,11.401358,23.609411,0.72,8.58,3.8,248.31447,14.231006,16.529339,4.8,1.205,18.112347,2.849464,5.373833,14.46,9.582022,17.881397,4.5607715,188.82713,12.363441,2.2450132,35.903946,133.0614,38.588238,3.5139065,6.9617133,1.1,4.0355263,3.4476042,3.9026177,4.9657,6.34,23.437746,16.88,45.643032,17.7066,5.5056486,0.105,22.67009,2.8291209,8.688186,2.63,9.28,2.3582282,35.837986,1.9101992,,2.8576493,6.259728,0.115,15.870332,16.188831,0.9317523,14.303455,5.2419086,4.7922,14.81,28.653818,3.6373334,13.85,6.91,5.69,4.852338,2.3522553,2.1178694,5.762873,,4.41,2.88,37.344467,24.467134,4.8,80.15755,5.88,7.7803044,12.879143,29.011831,2.4887981,73.17164,118.88,93.74,5.6468773,2.98
2025-12-08,37.83,1.9,8.625655,65.37807,5.0652714,4.59,8.852435,6.86561,31.175428,1.02,57.17731,21.771902,4.6640706,60.98696,1.7309332,35.711166,34.278805,8.450842,8.724256,26.279325,31.881998,3.3330083,6.41,55.319145,31.044975,3.4818673,1.702575,10.146749,5.8352294,1.395,43.640606,,1.61,6.0929155,1.1543119,29.537014,22.435411,3.673375,22.685001,32.209465,4.71,150.8222,13.770332,30.894844,8.775269,23.80361,5.998858,3.2359111,9.979074,3.8959694,13.214244,2.016118,7.841966,267.7197,21.34678,33.762814,2.8849187,3.820924,0.305,14.44,183.13942,,2.95,2.613617,6.6,4.358906,,2.3879719,,21.78397,3.220846,7.7819123,1.89,3.9522247,9.073374,4.29,6.6950164,1.69,23.490784,3.5880766,6.920636,5.75,5.35,4.42,11.617006,13.842562,3.22,1.8062027,13.443346,21.432432,32.96516,5.995859,8.37,6.17,29.379627,8.053625,,5.205536,1.7110934,22.059542,1.2935115,4.5554576,1.0,3.4124444,97.607506,7.104706,7.489301,5.083859,4.55,10.191945,7.01,6.2009783,3.2966175,4.8095064,2.4688325,3.332633,5.05,8.686773,92.30494,1.71,29.64,,1.5973214,4.3969603,4.3792386,5.43,4.8893433,150.95,30.893799,,1.515,13.61,63.75,9.299791,1.9495797,0.38,51.47,25.51909,12.972037,4.4451265,193.30952,2.73,3.2212174,39.737896,4.19,22.381964,1.0746268,134.51598,19.75,3.9443703,6.559742,0.74,2.73,25.758585,2.28,5.3157797,26.48115,44.495132,14.2,1.845,13.927845,1.21,2.1302285,11.284321,23.530416,0.71,8.43,4.03,245.99088,14.231006,16.588232,4.77,1.19,18.334406,2.7512064,5.2548556,14.69,9.572254,18.071321,4.600344,192.43,12.672278,2.254446,35.3592,131.82178,38.19052,3.4742014,6.922437,1.08,4.0553565,3.368576,3.9121594,4.9362593,6.39,23.457384,16.89,45.90124,17.537682,5.496173,0.105,22.601423,2.7695603,8.640079,2.68,8.57,2.3200383,35.867653,1.9343789,,2.7488806,6.240526,0.12,15.899668,16.246305,0.9169626,14.246204,5.2024956,4.851,14.59,28.7735,3.6666667,14.0,7.03,5.74,4.7438507,2.3522553,2.1276743,5.733521,,4.25,2.76,37.49153,24.515778,4.89,79.59458,5.75,7.531574,12.888922,28.922928,2.479299,73.73051,118.13,91.96,5.499311,3.15
2025-12-09,36.36,2.0,8.54949,66.35445,5.035417,4.48,8.824001,6.964824,31.126362,1.005,57.593143,21.336464,4.6258407,60.404747,1.7212089,35.57275,34.36677,8.413199,8.592213,25.712708,31.586885,3.3808963,6.65,55.444412,31.064749,3.4624698,1.340325,10.09806,5.7472615,1.36,43.473774,,1.63,6.0929155,1.1394496,29.328377,22.615273,3.692359,22.675142,31.835854,4.55,149.95854,13.7897415,30.318113,8.688385,24.048403,5.9889092,3.2359111,10.420626,3.914974,12.78605,2.016118,7.8321877,265.6854,21.366392,33.724144,2.9135768,3.8495092,0.315,14.29,179.50626,,3.03,2.5840285,6.52,4.427166,,2.3497643,,21.912287,3.210966,7.8016133,1.945,3.9427469,9.024328,4.15,6.7233057,1.745,23.343967,3.5589054,6.862398,6.05,5.4,4.57,11.498364,13.72425,3.21,1.7329782,13.482914,21.79158,32.79662,5.9459763,8.08,6.08,29.00322,8.121629,,5.2150874,1.7015074,21.362402,1.3172892,4.618838,0.985,3.5004444,97.27899,6.9494114,7.585072,5.1335063,4.54,10.1324005,7.05,6.0914903,3.306577,4.839195,2.4002538,3.2851596,5.12,8.78504,90.598656,1.715,28.76,,1.5727472,4.4461436,4.3204565,5.44,4.927393,150.94,30.366869,,1.48,12.93,64.43,9.338101,1.9400696,0.355,50.0,25.637236,12.836811,4.562878,191.54063,2.82,3.1928782,40.139187,4.22,22.25468,1.0698507,133.42932,20.08,3.9542062,6.6184864,0.74,2.73,25.46103,2.27,4.941706,26.719095,44.04629,14.05,1.86,13.563654,1.205,2.1009133,11.245309,23.510668,0.7,8.56,4.07,246.86847,14.41801,16.411552,4.55,1.195,18.34406,2.7708578,5.1755366,14.58,9.50388,18.280237,4.6399174,190.37547,12.403291,2.2733116,35.270058,131.67764,37.295662,3.355086,6.824246,1.055,3.9165423,3.3290617,3.9026177,4.9362593,6.36,23.202091,16.6,44.997517,17.65692,5.5151253,0.105,22.768185,2.8291209,8.7170515,2.63,8.47,2.2818484,35.67976,1.9150351,,2.7389925,6.154119,0.115,15.176067,16.20799,0.9120327,14.1889515,5.1827893,4.8216,14.32,28.324694,3.608,13.53,7.03,5.64,4.7142634,2.3617785,2.1080644,5.7237363,,3.98,2.74,37.285637,24.223923,4.87,79.51557,5.65,7.471878,12.810689,28.962439,2.4887981,73.860245,117.29,91.25,5.3812575,3.13
2025-12-10,35.72,2.12,8.368599,65.13895,5.0254655,4.4,8.776611,6.905296,31.32262,1.075,57.276318,21.07916,4.597168,59.38587,1.7503818,35.26626,34.454742,8.375556,8.582781,25.116783,31.360632,3.3042755,6.68,55.26133,30.748367,3.4333735,1.31859,10.049371,5.727713,1.41,43.7093,,1.655,6.036061,1.1394496,28.374607,22.473276,3.692359,22.52726,31.32459,4.48,149.26955,13.760629,30.30817,8.678731,24.15611,5.9889092,3.1879005,10.381376,3.85796,13.353655,2.016118,7.841966,259.00967,21.454641,33.260048,2.8658133,3.7923384,0.32,14.21,179.31866,,3.11,2.5741658,6.66,4.7099586,,2.292453,,21.714878,3.1813264,7.8016133,2.26,3.904836,8.8771925,4.17,6.61958,1.815,23.608238,3.5297341,6.745921,6.48,5.55,4.8,12.012478,13.57636,3.19,1.7720313,13.819245,21.99542,32.449615,5.786353,8.36,6.35,29.013126,8.092484,,5.129124,1.7015074,21.12338,1.2935115,4.5713024,0.96,3.5004444,97.30886,6.813529,7.5084553,5.07393,4.54,9.8446045,7.1,5.812795,3.2169409,4.898571,2.370863,3.247181,5.39,8.60816,88.502365,1.705,28.48,,1.5678325,4.7707515,4.291066,5.4,4.870319,152.5,29.849693,,1.545,12.77,63.32,9.079508,1.9115392,0.35,51.63,24.987442,13.242489,4.5726905,190.28276,2.87,3.1550925,40.090252,4.23,21.960955,1.0794029,138.67319,19.63,3.885352,6.6380677,0.735,2.720215,26.750444,2.27,5.010615,26.421665,44.106136,14.2,1.855,13.396323,1.27,2.0911417,11.206296,23.204565,0.705,8.72,4.2,236.83617,14.081403,16.146534,4.71,1.22,18.083382,2.761032,5.26477,14.49,9.425739,18.204268,4.6399174,189.21422,12.064567,2.2733116,35.21063,132.12929,38.548466,3.5436854,7.0697227,1.1,3.7182364,3.3982117,3.816741,4.887191,6.38,22.995895,16.56,44.570484,17.567492,5.5151253,0.11,22.562183,2.819194,8.466892,2.62,8.62,2.291396,35.205082,1.9005272,,2.7291045,6.0389094,0.115,15.058725,16.303783,0.9366822,13.998112,5.153229,4.802,14.0,27.965649,3.6275556,13.12,7.02,5.55,4.8720627,2.342732,2.1276743,5.6356792,,3.98,2.78,37.020924,24.019625,4.81,80.09828,5.91,7.3624363,12.517314,29.16,2.4697998,72.433136,114.85,92.2,5.2632046,3.06
2025-12-11,34.92,2.04,8.340037,66.27474,5.05532,4.33,8.776611,6.944981,31.862328,1.06,56.325836,21.069265,4.5684958,59.53143,1.7698307,35.256374,34.591583,8.42261,8.573349,24.130089,31.085196,3.3425858,6.42,55.039707,30.659386,3.4624698,1.28961,10.137011,5.7570353,1.435,44.258854,,1.63,6.111867,1.1394496,28.324934,22.397545,3.7303267,22.487825,30.87232,4.35,148.2215,13.537431,30.347944,8.726999,24.077778,6.058548,3.1879005,10.2243805,3.8959694,13.67231,1.9971871,7.9201903,259.57257,21.41542,32.67026,2.875366,3.801867,0.315,14.4,176.53455,,3.21,2.5938914,6.07,4.7294617,,2.2351415,,21.912287,3.1714466,7.8213143,2.11,3.9237914,9.024328,4.16,6.6101503,1.845,23.28524,3.5880766,6.755628,6.5,5.63,4.73,12.111347,13.467906,3.22,1.8159659,14.5611515,22.073074,32.608242,5.616753,8.59,6.41,28.923977,8.1022,,5.1673303,1.6727496,21.51179,1.3077781,4.5871477,0.975,3.52,96.96044,6.813529,7.422261,4.9746356,4.56,9.814833,6.98,5.723214,3.197022,4.9084673,2.370863,3.247181,5.25,8.529547,87.176346,1.705,30.51,,1.5874918,4.9379735,4.261675,5.4,4.898856,151.58,30.054611,,1.495,12.66,63.78,9.098663,1.9305594,0.345,51.66,24.859453,12.836811,4.5825033,192.95575,2.74,3.1739852,40.501335,4.34,21.36371,1.0746268,141.58423,19.59,3.914861,6.6772304,0.755,2.720215,26.353703,2.22,4.9613943,26.520807,44.25575,14.06,1.775,13.347109,1.255,2.1204567,11.255062,23.115696,0.625,8.96,4.12,232.34856,13.810606,16.28395,4.69,1.24,18.19924,2.761032,5.2052813,14.08,9.533183,18.185276,4.6498103,186.59396,12.283742,2.2921774,35.03235,134.4836,37.653606,3.7819164,7.0108085,1.085,3.7975588,3.388333,3.9694104,4.995141,6.17,22.485312,16.75,44.222897,17.716536,5.5151253,0.105,22.552374,2.8589013,8.726672,2.59,8.79,2.3009434,34.789745,1.9101992,,2.7686567,6.0389094,0.115,15.088061,16.351679,0.9514719,13.950401,5.153229,4.7824,13.7,27.576681,3.6862223,12.74,7.02,5.53,4.9608254,2.3998718,2.1374793,5.5965424,,3.82,2.76,37.511135,24.077995,4.86,80.019264,5.92,7.591269,12.3510685,29.031586,2.4887981,70.84635,113.36,93.23,5.174665,3.0
2025-12-12,34.83,2.22,8.38764,70.26996,4.995611,4.5,8.899825,7.0045094,32.03896,1.12,56.14762,21.564081,4.6067257,60.64734,1.7941415,35.473885,35.00211,8.356735,8.6016445,23.95424,31.124542,3.3521636,6.23,54.818085,30.451757,3.4624698,1.27512,10.166224,5.7863584,1.51,44.739716,,1.77,6.1781974,1.1394496,28.752142,22.691004,3.7588024,22.665283,30.370892,4.22,151.34625,13.488909,30.298225,8.80423,24.54778,6.2077727,3.216707,10.096821,3.8864672,14.090546,2.044514,7.949524,260.17496,21.366392,32.70894,2.8849187,3.8304524,0.305,14.93,181.58939,,3.12,2.5938914,6.34,4.7294617,,2.2829013,,22.603214,3.1714466,7.8607163,2.08,3.8953583,9.024328,4.29,6.563002,1.935,23.295027,3.6366956,6.7847466,6.85,5.9,5.01,12.615575,13.605937,3.22,1.9526515,14.650181,22.306036,32.290985,5.606776,9.44,6.9,29.161707,8.131344,,5.224639,1.6919215,20.964033,1.3268003,4.5871477,0.975,3.568889,98.65276,6.7941175,7.4797235,4.9944944,4.55,9.904148,7.12,5.812795,3.266739,5.017325,2.370863,3.2186968,5.35,8.470587,89.51639,1.695,30.43,,1.5874918,5.0461764,4.173503,5.37,4.9464173,151.41,29.215425,,1.48,12.85,63.9,9.156129,1.9495797,0.36,52.03,25.804605,12.720903,4.602129,198.08551,2.77,3.1594481,41.23541,3.96,21.158102,1.0650746,149.59955,19.01,3.9738789,6.7555556,0.775,2.720215,27.107515,2.2,5.049991,26.629866,44.39539,14.2,1.82,13.297894,1.315,2.1302285,11.372099,23.352678,0.725,9.39,4.1,233.78458,13.704222,16.578415,4.79,1.21,18.411644,2.8101609,5.393663,13.99,9.611324,18.394194,4.6597037,186.68329,12.512879,2.3016102,35.141296,137.79883,37.69338,3.9506633,7.334837,1.105,3.8273046,3.516754,4.007578,4.995141,6.27,22.465673,17.11,45.464275,18.1438,5.5340776,0.105,22.748568,2.8986082,8.7170515,2.57,8.4,2.3295858,35.22486,1.9005272,,2.8279848,6.010107,0.11,15.127175,16.571999,0.9662617,13.979028,5.1827893,4.7726,13.74,27.127876,3.7155554,12.63,7.02,5.49,5.2764244,2.4570115,2.1472843,5.674816,,3.93,2.9,38.04057,24.058538,4.92,79.624214,6.1,7.690761,12.272836,29.199512,2.4982977,70.82639,112.84,95.21,5.1943407,3.01
2025-12-15,34.7,2.44,8.606613,69.23379,4.965757,4.33,9.013561,6.9945884,32.18615,1.13,56.25653,21.26719,4.578053,60.5503,1.7601062,35.58264,35.42241,8.497896,8.554485,24.188704,31.213076,3.361741,6.55,51.70572,30.244133,3.3848796,1.2642525,10.146749,5.9329724,1.545,43.444336,,1.625,6.1402946,1.1493578,29.447598,22.672071,3.7303267,22.310368,30.636354,4.24,150.49228,13.547134,29.234259,8.775269,24.498821,6.058548,3.1975026,10.2243805,3.8389552,13.761932,2.0066524,7.998414,261.28098,21.15067,32.989326,2.8849187,3.8113954,0.3,14.7,177.02818,,3.08,2.5840285,6.52,4.6807046,,2.368868,,22.129435,3.201086,7.7720613,2.3,3.8669248,8.847766,4.21,6.5724316,1.77,23.471207,3.6464193,6.8332787,6.73,5.95,6.46,12.141007,13.556641,3.17,1.8501372,14.877698,22.073074,32.519012,5.6566586,9.32,6.53,29.201328,8.141059,,5.195985,1.7110934,21.053667,1.3030226,4.539613,0.975,3.5786667,97.56769,6.8523526,7.5084553,5.1136475,4.55,9.745364,6.94,5.573913,3.2966175,4.9777403,2.370863,3.1427393,5.32,8.470587,91.60292,1.715,30.83,,1.607151,4.780588,4.2126904,5.39,4.9178805,149.3,29.18615,,1.385,12.6,64.25,9.098663,1.9400696,0.38,51.84,26.57254,12.218635,4.6806297,196.84729,2.72,3.140065,41.30392,4.11,21.040611,1.0794029,148.32349,19.28,3.9542062,6.8045087,0.75,2.720215,26.552074,2.19,5.040147,26.530722,44.744488,13.56,1.825,13.160091,1.345,2.1204567,11.352593,23.392178,0.71,8.95,3.94,233.04662,13.800936,16.441,4.71,1.215,18.015799,2.6824265,5.3540034,14.04,9.582022,18.384697,4.6399174,187.6659,12.582616,2.2921774,35.01254,134.47398,37.862408,3.6826537,7.1188183,1.095,3.777728,3.4673612,3.9789526,5.044209,6.12,22.426397,16.85,45.782066,17.885454,5.524601,0.105,22.542562,2.8886814,8.264842,2.53,7.82,2.3009434,34.789745,1.9053632,,2.837873,5.9909053,0.115,15.3520775,16.667791,0.9564019,13.759562,5.0842566,4.7334,13.17,27.327345,3.784,12.93,7.03,,5.2271123,2.4284415,2.1472843,5.645463,,3.72,2.85,38.128807,23.883425,4.95,80.285934,5.93,7.730558,12.145706,29.071098,2.4887981,70.367325,113.5,97.2,5.027098,3.03
2025-12-16,32.71,2.98,8.758943,68.23748,4.866243,4.39,8.918781,7.0541167,31.960455,1.125,56.58326,21.514599,4.6067257,60.938446,1.7844172,35.503544,35.29534,8.4790745,8.6016445,24.071472,30.888453,3.3713186,6.71,50.192898,30.184813,3.4430723,1.2352725,10.166224,5.9036493,1.555,43.414898,,1.565,6.14977,1.1196331,29.527079,22.511143,3.7398186,22.448391,30.223412,4.21,150.5408,13.527726,29.035387,9.11315,24.381319,5.9192705,3.216707,10.185131,3.8484578,13.742017,1.9971871,7.9201903,257.65677,21.140863,32.998997,2.8658133,3.820924,0.315,14.54,174.89566,,2.92,2.5938914,6.46,4.739213,,2.3402126,,22.692047,3.1714466,7.8016133,2.81,3.8100584,8.847766,4.09,6.544143,1.68,23.490784,3.6366956,6.7750406,6.57,5.95,7.53,11.972931,13.57636,3.17,1.8110843,14.788669,21.451845,32.62807,5.7664003,9.27,6.45,29.161707,8.141059,,5.205536,1.6583706,21.661177,1.3125337,4.4762325,0.975,3.432,97.020164,6.8038235,7.565918,5.4016004,4.56,9.646125,6.84,5.364891,3.2169409,5.056909,2.370863,3.12375,4.98,8.4018,90.70591,1.7,30.18,,1.5580027,4.6920586,4.2126904,5.37,4.784708,146.35,28.620188,,1.355,12.49,63.79,9.060353,1.9495797,0.37,50.57,25.804605,12.0737505,4.700255,197.1814,2.77,3.1691396,41.343075,4.05,21.177683,1.0650746,147.42625,19.5,3.914861,6.775137,0.735,2.720215,25.927202,2.18,5.010615,26.669523,44.09616,12.91,1.855,12.756528,1.29,2.169315,11.264815,24.053755,0.68,8.52,3.88,225.42766,13.6945505,16.274136,4.6,1.17,18.237858,2.7020779,5.3440886,13.97,9.855515,18.508146,4.620131,184.41043,12.652353,2.2638788,34.566837,134.81993,37.961834,3.623096,7.1384563,1.11,3.8471353,3.3982117,3.9407852,5.044209,5.86,22.328209,16.65,45.90124,17.766218,5.5625057,0.105,22.542562,2.9383152,8.370678,2.49,7.48,2.2532058,35.02708,1.9343789,,2.8180969,5.866095,0.105,15.576982,16.792322,0.9564019,13.835897,5.133523,4.7138,12.56,27.10793,3.735111,12.68,7.17,,5.1777997,2.3903484,2.1080644,5.733521,,3.69,2.79,37.726833,23.33863,4.96,79.72298,5.84,7.641015,12.3510685,29.011831,2.4982977,68.271576,111.27,95.34,4.80083,2.94
2025-12-17,32.37,2.83,8.616135,69.97107,4.8761945,4.53,8.966171,7.0243526,31.518877,1.2,56.266434,21.366154,4.654513,61.181034,1.7649685,34.83124,35.285564,8.375556,8.620508,23.612316,30.93764,3.4000514,5.94,50.250713,30.056282,3.413976,1.2859875,10.020157,5.8743267,1.635,43.581726,,,6.0739636,1.1097248,29.169416,22.96553,3.7682943,22.537119,29.780975,4.24,149.30836,13.139556,28.93595,9.142112,24.83174,5.998858,3.2071047,10.185131,3.8674624,14.239916,2.016118,7.959302,255.5632,21.189892,32.77662,2.9040241,3.839981,0.34,14.63,171.18352,,3.22,2.643205,7.0,4.8562307,,2.4166274,,22.49464,3.1615665,7.8016133,2.47,3.8953583,8.837956,4.18,6.666728,1.795,22.82521,3.5297341,6.745921,6.76,6.21,7.53,12.516706,13.250999,3.19,1.8696637,14.946942,21.79158,31.973726,5.636706,9.68,6.86,28.408892,6.887841,,5.272396,1.6775426,21.1433,1.3220448,4.5237675,0.965,3.5786667,96.61202,6.7941175,7.5276093,5.5306826,4.58,9.417872,7.63,5.3250775,3.266739,5.116286,2.3512692,3.1332445,4.83,8.411627,89.15563,1.685,30.4,,1.5235988,4.8691173,4.1930966,5.43,4.708609,144.94,28.005434,,1.515,12.4,64.38,9.022043,1.9495797,0.375,52.55,26.316563,11.928865,4.6904426,196.07095,2.8,3.140065,41.127743,4.06,20.443367,1.0602984,149.20079,19.9,3.826334,6.765346,0.75,2.720215,26.899225,2.17,4.9909267,26.263035,44.16598,12.98,1.82,12.50061,1.4,2.169315,11.050247,24.122873,0.69,8.74,4.06,218.99542,13.588166,16.234875,4.89,1.16,18.150965,2.7512064,5.53247,13.95,9.865282,18.60311,4.6399174,182.07799,12.572654,2.311043,33.913136,135.87695,37.057034,3.7819164,7.5606756,1.165,3.83722,3.368576,3.9694104,4.975514,5.76,22.367485,16.82,45.950897,17.835773,5.571982,0.115,22.09132,2.9184616,8.312949,2.5,7.35,2.2627532,34.779854,1.9005272,,2.8279848,5.798889,0.105,15.567203,16.744425,0.9564019,13.788188,5.09411,4.7138,11.73,27.237583,3.7155554,12.5,7.24,4.98,5.315874,2.3903484,2.0296247,5.625895,,3.95,2.89,37.69742,22.784107,4.93,79.367424,6.22,7.750457,12.33151,28.834024,2.4982977,66.864426,110.26,97.47,4.771316,2.94
2025-12-18,32.18,2.89,8.501887,70.48915,4.8363886,4.28,8.880869,7.034274,31.460001,1.17,56.286232,21.237501,4.635398,61.52066,1.7649685,34.475315,35.22692,8.272038,8.724256,23.28016,30.583504,3.4479394,6.24,50.385616,29.977186,3.4430723,1.485225,9.874091,5.845004,1.67,44.04296,,1.18,6.111867,1.1245872,29.288635,22.65314,3.815754,22.497684,30.233244,4.13,150.41464,13.595656,26.778183,8.949037,24.753405,5.978961,3.2455134,10.244004,3.9054718,14.100504,2.016118,7.900634,255.08917,21.376198,32.805622,2.942235,3.90668,0.325,14.12,171.7759,,3.27,2.5445778,6.92,4.817225,,2.454835,,22.376196,3.131927,7.7523603,2.49,3.9806578,8.955665,4.19,6.7233057,1.655,23.001392,3.5394578,6.765334,6.73,6.27,7.27,12.378291,13.320016,3.24,1.8745455,15.006295,21.946888,31.983639,5.636706,9.8,6.88,28.38908,6.9267006,,5.3297048,1.6679566,20.734974,1.331556,4.4762325,0.95,3.6177778,96.02468,6.7164702,7.5276093,5.6498356,4.56,9.328556,7.59,5.3748446,3.3364558,5.225143,2.361066,3.1712234,4.77,8.43128,90.54991,1.705,29.95,,1.4793653,4.9478106,4.1930966,5.41,4.7276335,146.45,28.151804,,1.445,12.35,64.42,9.108241,1.9781101,0.38,52.5,25.83414,11.716367,4.6904426,194.18414,2.8,3.1885228,40.90263,4.08,20.433577,1.0698507,148.0543,19.39,3.826334,6.7555556,0.755,2.720215,26.50248,2.18,4.912174,26.768665,44.554977,12.49,1.8,11.949403,1.485,2.169315,10.777161,24.280863,0.71,8.32,3.94,214.26846,13.965346,15.891331,4.76,1.185,18.32475,2.7806835,5.5126405,13.91,9.816443,18.745552,4.6399174,184.04318,12.632429,2.3204758,33.77447,137.29915,37.16641,3.7521377,7.246466,1.2,3.777728,3.3586977,4.007578,5.054023,5.95,22.652233,17.04,45.762207,17.825836,5.5625057,0.13,22.09132,2.8787546,8.515,2.49,7.33,2.2627532,35.02708,1.8908554,,2.8279848,5.856494,0.105,15.596538,16.830637,0.9564019,13.730936,5.1138167,4.7236004,11.82,27.566708,3.6666667,12.56,7.14,4.95,5.246837,2.409395,2.0492346,5.6356792,,3.83,2.85,37.501335,22.18094,4.98,79.74273,6.19,7.8399997,12.175044,29.120487,2.5267954,67.90233,113.04,97.03,4.71229,3.01
2025-12-19,33.0,3.51,8.606613,72.53159,4.7667284,4.33,8.861914,7.0541167,31.244118,1.215,56.96939,21.89066,4.6067257,61.76325,1.7892793,35.07841,35.217144,8.319093,8.780846,23.43647,31.085196,3.4670947,6.6,50.173626,30.422098,3.452771,1.5214499,9.990944,6.0404887,1.72,43.532658,,1.315,6.206625,1.1295413,28.742207,22.321814,3.8347378,22.70472,29.790806,4.21,153.08328,13.750924,28.190178,9.228995,25.331116,5.8496323,3.216707,10.3323145,3.9719882,14.239916,1.9877218,7.900634,254.41766,21.121254,33.153694,3.114184,3.916209,0.35,14.3,172.85202,,3.34,2.5149896,7.49,4.8952365,,2.626769,,21.813583,3.210966,7.8213143,2.78,3.904836,9.034138,4.36,6.7233057,1.8,23.549511,3.5394578,6.6585646,7.31,6.36,8.49,12.477159,13.231281,3.15,1.972178,15.243705,21.238297,32.013386,5.826259,10.55,6.99,28.527756,6.839267,,5.3583593,1.7206793,21.96991,1.331556,4.515845,0.95,3.8817778,95.37761,6.755294,7.5467634,5.7987766,4.52,9.566732,7.68,5.4146585,3.4161325,5.2845197,2.3414721,3.1427393,5.03,8.43128,92.6072,1.73,30.12,,1.4695357,5.3707843,4.2518783,5.39,4.7466583,152.25,29.761871,,1.465,12.19,65.91,9.079508,1.9686,0.41,52.65,25.991667,12.160681,4.6708174,197.11263,2.91,3.178831,41.245193,4.05,20.717512,1.0746268,148.04434,19.59,3.855843,6.8142996,0.755,2.73,25.609808,2.2,4.9909267,25.033659,45.233227,12.88,1.84,11.752542,1.48,2.1204567,10.835679,24.586964,0.74,9.09,3.93,216.77155,13.307699,16.185795,4.8,1.23,18.36337,2.8887668,5.502726,13.79,10.011796,18.80253,4.67949,180.72816,12.64239,2.3204758,34.2697,137.48174,36.699093,3.861327,7.3053803,1.19,3.6488295,3.3290617,4.007578,5.152159,6.19,22.730783,16.89,46.17931,17.895391,5.571982,0.13,22.150177,2.978022,8.630458,2.52,8.06,2.272301,35.45231,1.8811835,,2.9268656,5.7316833,0.105,15.537868,16.8019,0.9859813,13.730936,5.074404,4.7236004,11.83,28.274826,3.6862223,13.56,7.18,4.89,5.315874,2.409395,2.0296247,5.733521,,3.97,2.84,38.00135,22.18094,5.03,80.019264,6.22,7.7803044,12.292394,28.962439,2.5267954,70.037994,115.64,97.58,4.928721,3.11
2025-12-22,33.04,3.57,8.749422,77.31389,5.0453687,4.32,8.78609,7.083881,31.469812,1.26,57.028797,22.01931,4.6640706,60.938446,1.7746928,35.434338,35.451733,8.42261,8.75255,24.911629,31.37047,3.4862502,6.59,50.21217,30.263908,3.4721684,1.470735,10.195437,5.942746,1.69,44.229416,,1.265,6.197149,1.1444037,29.268764,22.757269,3.8916893,22.60613,30.390556,4.3,153.57819,13.653881,29.26409,9.103497,24.792572,6.0883927,3.2359111,10.401001,4.0004954,14.717898,1.9971871,7.9299674,257.97278,21.248726,33.337395,2.9613404,3.963851,0.33,14.76,174.06636,,3.16,2.5544405,7.67,4.8367276,,2.6363208,,21.408897,3.2504857,7.8607163,3.0,3.9996133,9.122418,4.65,6.7233057,1.875,24.029114,3.5491817,6.765334,7.66,6.46,8.72,12.872632,13.162266,3.19,2.050284,15.045863,21.607153,32.52893,5.9459763,10.82,7.29,28.943787,6.96556,,5.3392563,1.6871285,22.228848,1.3268003,4.5633802,0.945,3.6959999,97.31882,6.813529,7.565918,6.0072947,4.54,9.58658,7.88,5.65354,3.5256877,5.2350388,2.4100509,3.2661703,5.22,8.3919735,93.318954,1.72,30.5,,1.518684,5.429804,4.281269,5.24,4.813245,157.0,29.059298,,1.545,12.48,68.0,9.433877,1.9781101,0.435,55.9,26.779293,12.46011,4.6806297,198.35083,2.9,3.1982143,41.23541,4.05,22.763807,1.0794029,155.75063,19.83,3.9246972,6.82409,0.775,2.73,26.65126,2.28,5.040147,25.787148,44.704594,13.99,1.905,12.530139,1.545,2.1497717,11.001481,24.616589,0.74,9.73,4.01,221.68797,13.559154,16.558786,5.01,1.255,18.17993,2.8691154,5.7109375,13.8,10.0020275,18.717064,4.6597037,182.84224,13.00104,2.3299086,34.180557,138.87509,36.83829,4.139263,7.5704947,1.28,3.8273046,3.4278471,4.007578,5.1423454,6.31,23.231548,17.6,46.596413,18.084183,5.619363,0.13,22.120749,2.9283884,8.774779,2.56,8.68,2.3104908,35.521534,1.8811835,,2.9466417,5.818091,0.105,15.64543,16.840218,0.9711916,13.788188,5.1236696,4.7432003,11.91,28.294773,3.6862223,13.8,7.04,4.95,5.493399,2.4189184,2.0492346,5.8411465,,4.01,3.06,37.991547,22.365782,4.97,79.96989,6.55,7.8300505,12.3510685,29.021708,2.5362947,67.09396,115.62,99.3,4.9090447,3.24
2025-12-23,33.75,3.65,8.787504,79.71501,5.015514,4.2,8.805045,7.113645,31.617006,1.275,57.68225,22.049,4.6927433,60.98696,1.7844172,35.167393,35.842705,8.328504,8.818572,24.22778,31.39998,3.5341382,7.01,50.30853,30.491306,3.5497591,1.47798,10.244126,6.001392,1.71,44.729904,,1.32,6.244528,1.159266,29.556883,22.870865,3.8916893,22.783588,30.626522,4.33,156.94554,13.721811,29.174597,9.180727,24.802362,6.0485992,3.2647176,10.293066,4.0195003,14.458992,2.0066524,8.11575,259.24667,21.199697,33.472755,3.0186567,3.982908,0.32,14.83,173.42464,,3.19,2.5544405,7.67,4.846479,,2.6554246,,21.23123,3.2702453,7.8902683,3.27,4.0280466,9.132228,4.67,6.7421646,1.895,23.921448,3.568629,6.765334,7.55,6.46,9.4,12.8924055,12.915781,3.17,2.0405207,15.026079,21.519793,32.61816,5.9060707,10.83,7.35,31.331005,6.9752746,,5.377462,1.7110934,22.348358,1.341067,4.6029925,0.955,3.6959999,98.1152,6.9008822,7.6999974,5.977506,4.54,9.725516,7.92,5.743121,3.585445,5.2350388,2.4394417,3.2756648,5.17,8.3624935,94.20623,1.745,30.99,,1.5334285,5.4396405,4.2224874,5.33,4.813245,157.46,29.273972,,1.595,12.56,67.81,9.50092,1.9876202,0.435,56.09,26.710375,12.26693,4.739506,201.6036,2.88,3.2369804,41.617126,4.06,23.410006,1.084179,157.59496,20.14,3.9443703,6.8045087,0.795,2.73,26.482645,2.28,5.069679,26.243206,44.81431,14.13,1.885,12.677784,1.555,2.179087,11.06,24.656084,0.76,9.87,4.12,231.5308,13.588166,17.069191,5.03,1.26,18.392334,2.8985927,5.6217036,13.8,10.119239,19.087418,4.67949,185.35332,13.090703,2.3204758,35.17101,140.68166,36.768692,4.139263,7.5606756,1.29,3.866966,3.4476042,4.0266614,5.1717863,6.29,23.12354,17.67,46.82483,17.925201,5.6098866,0.13,22.36599,2.9482417,8.813265,2.56,8.8,2.2627532,35.996212,1.8860195,,2.9367537,5.856494,0.105,15.616095,17.070118,0.9810514,13.883608,5.143376,4.7628,11.94,28.554083,3.6959999,13.82,6.99,5.01,5.453949,2.437965,2.0492346,5.870499,,4.18,3.17,38.49156,22.63818,4.95,81.15507,6.47,7.7902536,12.292394,29.021708,2.517296,68.60091,115.46,97.84,4.879532,3.31
2025-12-24,33.22,3.83,8.806546,78.70873,4.995611,4.15,8.824001,7.123566,31.626818,1.3,56.97929,21.979725,4.740531,60.259197,1.7698307,34.98943,35.481052,8.243807,8.80914,24.032394,31.321285,3.4575171,6.83,50.366344,30.204584,3.5303614,1.5214499,10.341503,6.001392,1.715,44.769157,,1.41,6.206625,1.1493578,29.6463,22.72887,3.8727055,22.556835,29.957949,4.32,156.6156,13.663586,28.896175,9.200034,24.009235,6.0983415,3.2359111,10.116446,4.029002,14.6183195,1.9593258,8.047303,258.70355,20.885918,33.211704,2.9708931,3.963851,0.325,15.23,169.29782,,3.36,2.5741658,7.67,4.78797,,2.6363208,,20.8068,3.220846,7.900119,3.29,3.9427469,8.8771925,4.66,6.713876,1.875,23.666965,3.578353,6.765334,8.14,6.44,9.25,12.793536,12.77775,3.13,2.0600471,15.065647,21.636272,32.5091,5.856188,10.66,7.46,31.350817,6.907271,,5.3392563,1.7015074,22.029665,1.3220448,4.5633802,0.935,3.872,97.836464,6.93,7.594649,5.808706,4.54,9.923996,8.1,5.8028417,3.4559708,5.205351,2.4002538,3.3136437,5.56,8.323187,94.17697,1.735,30.55,,1.5235988,5.5281696,4.2518783,5.36,5.0320287,158.0,29.108088,,1.67,12.57,68.91,9.625428,1.9876202,0.44,55.98,26.385479,12.1220455,4.6806297,201.48569,2.9,3.1885228,41.529037,3.98,23.537289,1.0889552,155.7606,19.69,3.9738789,6.7359743,0.81,2.73,26.790121,2.31,5.069679,26.659607,44.69462,14.21,1.895,12.766372,1.56,2.169315,11.050247,24.310486,0.775,9.72,4.38,225.05867,13.597838,17.128086,5.11,1.285,18.479227,2.8298125,5.681193,13.65,10.041099,18.72656,4.689383,182.97127,13.00104,2.3016102,34.854065,141.7387,36.013035,4.1690416,7.5901327,1.285,3.777728,3.4673612,3.9980361,5.1423454,6.3,22.563862,17.87,46.795033,17.895391,5.5435534,0.13,22.140368,2.9581685,8.70743,2.55,8.62,2.2627532,35.936874,1.9005272,,2.976306,5.856494,0.105,15.586759,16.94559,0.9662617,13.7977295,5.1039634,4.753,11.89,28.484268,3.7644444,13.9,7.16,5.39,5.3651867,2.447488,2.0590396,5.8607144,,4.45,3.14,38.373913,22.531166,4.94,80.5526,6.5,7.8201013,12.3412895,28.942682,2.4887981,68.630844,112.78,96.5,4.859856,3.25
2025-12-29,33.18,3.74,8.758943,79.625336,5.035417,4.13,8.8429575,7.113645,31.195055,1.375,56.890182,21.880762,4.635398,60.16216,1.779555,34.70271,35.5788,8.347324,8.837435,24.003086,31.222914,3.4479394,6.68,49.643658,30.234247,3.5400603,1.5214499,10.244126,5.893875,1.7,44.60233,,1.37,6.197149,1.1344954,29.417793,22.681538,3.8821976,22.399096,30.36106,4.17,155.74223,13.6926985,28.836514,9.11315,24.312778,6.0187545,3.2071047,10.371564,3.9529834,14.359411,1.9403951,7.998414,257.22226,20.974167,33.057007,2.9899988,3.9257371,0.325,15.52,171.34149,,3.56,2.5544405,7.6,4.797722,,2.6076653,,21.093044,3.210966,7.8016133,3.13,3.9711804,8.857574,4.72,6.7044463,1.88,23.226511,3.5589054,6.7265086,8.02,6.43,9.27,12.852858,12.491828,3.14,2.0795739,14.88759,21.354778,32.132355,5.806306,10.62,7.39,31.023935,7.0044193,,5.3106017,1.6823355,22.119297,1.3268003,4.381162,0.92,3.793778,95.2482,6.832941,7.575495,5.6895533,4.54,9.735441,8.04,5.9023757,3.4659302,5.116286,2.4296448,3.361117,5.55,8.244574,93.104454,1.74,30.95,,1.4990246,5.597026,4.2028933,5.03,4.9369054,155.53,28.532366,,1.675,12.49,67.1,9.347679,1.9686,0.435,54.99,26.109812,12.015796,4.6610045,200.39488,2.81,3.227289,41.26477,3.98,22.959625,1.0650746,155.02287,19.13,3.9443703,6.6968117,0.805,2.73,26.591747,2.32,5.0007706,24.954346,44.375443,14.2,1.87,12.50061,1.545,2.1497717,10.981976,24.231491,0.76,9.61,4.31,223.42319,13.443097,16.686388,5.08,1.275,18.189585,2.8003352,5.661363,13.66,10.041099,18.574621,4.630024,182.53456,12.951228,2.2921774,34.230083,140.98917,36.142292,4.139263,7.5410376,1.255,3.7975588,3.5463893,3.9980361,5.1423454,6.21,22.799517,17.88,46.16938,17.895391,5.5151253,0.14,22.209036,2.9383152,8.755537,2.53,8.74,2.2532058,36.42144,1.8908554,,2.9070895,5.770087,0.105,15.449862,16.859375,0.9761215,13.75002,5.1138167,4.7432003,11.77,27.716312,3.735111,13.5,7.08,5.28,5.355324,2.437965,2.0198197,5.8020096,,4.58,3.1,38.177826,22.453339,4.85,80.17729,6.48,7.770355,12.243499,28.873537,2.4697998,67.93227,112.57,98.68,4.8500185,3.32
2025-12-30,33.7,4.05,8.87319,80.2032,4.995611,4.13,8.880869,7.123566,31.32262,1.36,57.15751,21.959934,4.654513,61.084,1.7746928,34.7126,35.608124,8.328504,8.803427,24.305933,31.449165,3.4461193,6.68,49.788193,30.629723,3.5497591,1.5214499,10.234388,5.9036493,1.68,44.258854,,1.435,6.206625,1.1444037,29.447598,22.833,3.8489566,22.734293,30.164421,4.14,156.51855,13.770332,28.806683,9.122804,24.222082,6.0883927,3.238223,10.293066,3.9662528,14.249874,1.9714725,8.06686,257.1531,21.042807,33.182697,3.0113,3.9683242,0.32,15.15,170.22586,,3.36,2.5741658,7.3,4.807473,,2.6271985,,21.122654,3.210966,7.8607163,3.12,3.9711804,8.837956,4.71,6.784896,1.82,23.392904,3.568629,6.7265086,8.17,6.32,9.13,12.417838,12.452391,3.16,2.0405207,14.749101,21.40331,32.261242,5.846212,10.38,7.2,30.804968,7.062709,,5.3691745,1.6775426,21.810562,1.3379093,4.4128523,0.915,3.872,95.45725,6.832941,7.6425347,5.590259,4.57,9.745364,8.03,5.9023757,3.426092,5.1459737,2.4394417,3.3421276,5.56,8.293706,93.85522,1.725,31.1,,1.518684,5.6658826,4.2028933,4.99,4.9939795,157.44,28.629946,,1.595,12.59,66.53,9.405144,2.004605,0.43,54.4,26.296871,11.803298,4.71988,200.29662,2.8,3.2079058,41.44095,3.98,23.037952,1.0555223,148.69234,18.81,3.9542062,6.765346,0.815,2.73,26.066063,2.38,5.049991,25.46989,44.415337,14.04,1.82,12.284063,1.495,2.1595435,11.118518,24.152496,0.765,9.36,4.18,222.28632,13.433426,16.74528,4.91,1.235,18.21855,2.761032,5.562215,13.53,10.070402,18.840515,4.6597037,182.81247,13.070778,2.300915,34.111225,141.26782,35.99315,4.0598526,7.433028,1.23,3.7975588,3.4772398,4.01712,5.161973,6.1,22.770061,17.59,46.47724,18.054373,5.5825,0.16,22.022654,2.9482417,8.726672,2.57,8.31,2.2627532,36.589554,1.8860195,,2.9367537,5.866095,0.105,15.567203,16.993484,0.9810514,13.837973,5.133523,4.7628,11.62,27.686392,3.7546666,13.75,7.09,5.21,5.335599,2.4570115,2.0296247,5.8607144,,4.36,3.01,38.266068,22.735466,4.81,80.631615,6.38,7.750457,12.321732,29.011831,2.5006964,67.68277,112.93,98.3,4.859856,3.28
2025-12-31,33.53,3.93,8.768464,80.302826,5.015514,4.06,8.824001,7.153331,31.332434,1.345,57.603046,21.81149,4.6640706,60.88993,1.7698307,34.613728,35.520153,8.441432,8.715975,24.071472,30.93764,3.4558268,6.69,49.56657,30.451757,3.5400603,1.499715,10.244126,5.9231977,1.705,44.641582,,1.465,6.1876736,1.1642202,29.2787,22.785667,3.8295174,22.635706,30.243076,4.15,155.81987,13.644177,28.269728,9.084188,24.18252,6.0386515,3.218774,10.175319,3.9373019,14.319579,1.9617609,7.949524,257.40988,21.023197,33.008663,2.9822524,3.939288,0.32,15.16,170.45293,,3.38,2.5544405,7.36,4.885485,,2.6955643,,20.727839,3.1714466,7.8311644,3.08,3.8574474,8.837956,4.66,6.7170467,1.84,23.138422,3.5589054,6.6488576,8.04,6.32,9.44,12.53648,12.383375,3.12,2.0405207,14.8480215,21.364485,32.3703,5.876141,10.49,7.25,30.834826,6.9752746,,5.2910776,1.6727496,21.561584,1.3185893,4.357394,0.905,3.872,95.81563,6.7358823,7.6425347,5.7392,4.56,9.665972,8.2,5.7630277,3.426092,5.116286,2.4394417,3.3421276,5.6,8.34284,93.816216,1.725,30.88,,1.5137691,5.5380063,4.163706,5.05,4.9464173,157.57,28.60067,,1.575,12.44,66.5,9.558385,1.9948739,0.42,54.38,26.099966,11.755003,4.700255,199.68732,2.72,3.1982143,41.411587,3.97,23.077116,1.0602984,149.73912,18.61,3.964043,6.716393,0.835,2.73,26.5124,2.35,5.069679,25.450062,44.95395,14.0,1.795,12.333279,1.53,2.1595435,11.206296,23.97476,0.735,9.59,4.22,220.2619,13.336713,16.83362,4.89,1.23,18.015799,2.7413807,5.6316185,13.43,10.138775,18.887997,4.719063,182.01845,13.349727,2.281498,34.03199,141.08527,35.734634,4.1293364,7.41339,1.225,3.8273046,3.516754,4.007578,5.1816,6.08,22.701328,17.92,46.129654,17.875519,5.515125,0.18,22.179607,2.9184616,8.794023,2.59,8.63,2.215016,36.728,1.8860195,,2.9664178,5.9237,0.105,15.674766,16.90727,0.9761215,13.886836,5.0842566,4.7726,11.2,27.885859,3.7057776,13.68,7.07,5.24,5.3849115,2.437965,2.0100148,5.821578,,4.41,3.0,37.844482,22.949492,4.78,80.0884,6.44,7.7106595,12.292394,29.021708,2.4620755,68.32147,114.02,97.83,4.879532,3.29
2026-01-02,32.46,4.54,8.7399025,80.06371,4.9757085,4.11,8.8429575,7.163252,31.518877,1.38,56.652565,21.83128,4.654513,60.792892,1.779555,34.801582,35.598347,8.42261,8.783993,24.081242,31.419655,3.4558268,6.78,49.537663,30.22436,3.4915662,1.5576751,10.331765,5.9231977,1.7,44.906544,,1.565,6.263479,1.159266,29.745651,22.851933,3.839237,22.46811,30.351229,4.27,156.35359,13.750924,28.856401,9.151765,24.17263,6.0983415,3.2090497,10.244004,3.9373019,14.379327,1.9714725,7.998414,257.75552,20.92514,33.018333,2.9725697,3.9586456,0.36,14.51,169.77173,,3.71,2.5643032,7.38,4.807473,,2.7053306,,21.53721,3.1714466,7.8607163,3.33,3.9143138,8.867383,4.54,6.7461247,1.945,23.001392,3.578353,6.6100326,7.92,6.36,9.95,12.53648,12.393233,3.15,2.011231,14.83813,21.490671,32.092697,5.8861175,10.56,7.3,30.675575,7.0044193,,5.3301263,1.6871285,21.49187,1.3282493,4.397007,0.91,3.9404447,95.34775,6.8038235,7.6521115,5.709412,4.55,9.685821,8.21,5.842655,3.446011,5.1459737,2.4688325,3.4085903,5.79,8.34284,93.84547,1.8,30.79,,1.5285137,5.675719,4.2518783,5.16,4.908368,156.0,28.581156,,1.62,12.22,68.41,9.491343,1.9851428,0.43,55.44,26.119658,11.899888,4.71988,200.20816,2.77,3.2079058,41.499676,3.92,23.10649,1.0602984,150.64633,18.91,3.9837155,6.7261834,0.9,2.74,24.231123,2.32,5.0204587,25.60869,44.285675,14.3,1.835,12.3431225,1.54,2.169315,11.06,24.073502,0.73,10.13,4.31,222.01707,13.375398,16.804174,5.16,1.25,18.228203,2.7708578,5.591959,13.4,10.246218,18.812027,4.7586355,183.39806,13.289952,2.281498,34.259796,141.92128,35.963318,4.1988206,7.4919424,1.235,3.8173892,3.5068753,4.0362034,5.2208548,6.12,22.95662,18.0,46.507034,18.104053,5.5343747,0.17,22.012844,2.9184616,8.736294,2.55,8.91,2.291396,36.975227,1.8908554,,2.9466417,5.904498,0.11,15.488976,17.050959,0.9711916,13.857518,5.1236696,4.7726,11.36,27.786127,3.784,13.75,7.08,5.3,5.4046364,2.4570115,2.0492346,5.8802834,,4.4,3.07,38.187634,23.017591,4.8,80.710625,6.45,7.770355,12.272836,29.071098,2.4524205,68.41129,112.25,97.75,4.928721,3.35
2026-01-05,31.97,4.08,8.797026,84.28808,4.8761945,4.11,8.928259,7.153331,31.460001,1.36,54.068447,21.742214,4.616283,61.03548,1.779555,35.197052,35.862255,8.42261,8.774276,24.178934,30.888453,3.4267046,6.63,48.988422,29.828882,3.4721684,1.55043,10.370716,5.845004,1.73,45.613117,,1.615,6.235052,1.1344954,29.417793,23.145393,3.8295174,22.22164,29.30904,4.14,155.82957,13.537431,28.806683,9.122804,24.03416,6.3868437,3.2284985,10.35194,3.9083514,14.498823,1.9520491,7.9299674,257.2716,20.74864,32.863636,2.9435217,3.939288,0.32,15.13,170.26537,,3.84,2.5544405,7.36,4.7782187,,2.6857977,,21.51747,3.2406056,7.8311644,3.31,3.9617023,8.788911,4.71,6.7267394,2.04,23.138422,3.5589054,6.80416,8.01,6.41,9.45,12.645235,12.403093,3.23,2.050284,14.729317,21.830406,32.191845,5.8661647,10.63,7.54,30.386936,6.897556,,5.320364,1.6583706,21.641256,1.3040994,4.2860913,0.895,3.7448888,93.635506,6.774706,7.518032,5.5604706,4.58,9.794984,8.31,6.2009783,3.446011,5.0964937,2.4688325,3.3706117,6.19,8.303534,93.33846,1.785,30.77,,1.4842802,5.646209,4.0951266,5.3,4.813245,156.17,28.74704,,1.69,12.97,66.5,8.935844,1.9754118,0.415,55.81,26.582386,11.619777,4.6610045,199.83475,2.76,3.1885228,41.636703,3.94,23.037952,1.0555223,153.677,19.02,4.003388,6.589114,0.95,2.73,24.746891,2.32,5.138587,25.222033,44.385414,15.5,1.78,12.106891,1.55,2.1595435,11.050247,24.468473,0.75,10.85,4.42,214.70724,13.230329,16.63731,5.24,1.225,17.967525,2.8003352,5.6911073,13.4,10.246218,18.641094,4.7586355,176.22212,13.309877,2.2717896,34.57674,143.74706,36.281494,4.2881575,7.5017614,1.265,3.8768811,3.6155393,4.007578,5.1129045,5.96,22.57368,18.45,46.16938,18.06431,5.495875,0.165,21.79703,2.8986082,8.534243,2.45,9.75,2.415513,37.04445,1.8860195,,2.9565299,5.837292,0.11,15.469419,16.773163,0.9514719,13.720702,5.005431,4.7432003,11.25,27.317371,3.784,12.96,6.87,5.27,5.532849,2.4570115,2.0786493,5.938988,,4.58,3.19,38.285675,22.69655,4.74,79.84149,6.45,7.7106595,12.91826,28.942682,2.4234548,66.2357,107.92,97.59,4.9385586,3.16
2026-01-06,31.0,4.19,8.616135,90.136444,4.8463397,4.14,8.643919,7.193016,30.625906,1.38,54.583294,21.930244,4.578053,60.5503,1.7406576,34.84113,35.1585,8.187342,8.521639,24.130089,30.62285,3.4461193,7.18,48.689713,29.660805,3.5206628,1.499715,10.302552,5.727713,1.79,46.339317,,1.62,6.111867,1.1295413,29.09987,27.9638,3.76148,21.994886,29.29921,4.11,151.2395,13.615065,29.224314,9.006959,23.618755,6.4962754,3.189601,10.263629,3.8697505,14.5087805,1.9229141,7.8126316,256.94574,20.170109,32.902306,2.9047914,3.8908935,0.37,15.89,166.1484,,3.82,2.5248523,7.43,4.7294617,,2.6271985,,20.935116,3.2504857,7.7720613,3.92,4.0090914,8.847766,4.97,6.6685834,2.05,23.089483,3.5394578,7.0274057,8.02,6.45,9.67,12.674895,12.265061,3.28,2.011231,14.501799,22.170141,32.241413,5.726494,10.78,7.48,30.27745,6.936415,,5.232505,1.6919215,20.854485,1.3040994,4.222711,0.895,3.7253332,91.49522,6.6970587,7.5276093,5.481035,4.61,9.983541,8.73,6.3801394,3.5954046,5.0074286,2.4590356,3.3516223,6.15,8.107,91.64192,1.725,31.35,,1.4842802,5.715065,4.1832995,5.37,4.7371464,155.4,27.429712,,1.94,13.15,67.3,8.792182,1.9656806,0.435,57.77,27.212486,11.600459,4.5923157,202.50772,2.74,3.1497564,40.648148,3.93,22.900879,1.0459702,153.78667,18.81,3.9738789,6.510789,0.95,2.73,24.945261,2.32,5.2370276,24.944431,44.315598,15.83,1.785,12.3431225,1.565,2.1497717,10.923457,25.06093,0.74,10.87,4.84,213.17148,12.978875,16.813988,5.27,1.175,18.257168,2.8691154,5.661363,13.12,10.060634,18.8785,4.738849,179.00119,13.100665,2.2523725,34.61636,146.32239,35.873837,4.268305,7.3642945,1.27,3.8768811,3.7340813,3.9407852,5.1129045,5.84,22.426397,18.99,48.264828,18.153736,5.380375,0.165,21.483122,2.8092673,8.572728,2.48,6.5,2.549178,37.281788,1.8860195,,3.00597,5.856494,0.11,14.902271,16.571999,0.9317523,13.388434,4.936459,4.7236004,10.97,27.078009,3.7253332,12.52,6.84,5.17,5.6511984,2.4189184,2.0492346,5.8509307,,4.89,3.2,37.44251,22.881392,4.64,78.794586,6.38,7.7803044,12.820468,28.488293,2.4137995,65.36746,107.14,101.58,4.997585,3.18
2026-01-07,31.55,4.69,8.635175,91.99954,4.896097,4.15,8.643919,7.1731734,29.909569,1.37,55.058533,22.118275,4.6449556,61.423622,1.7601062,35.17728,34.630684,8.3379135,8.570223,24.36455,30.740896,3.4752414,7.39,49.258224,30.28368,3.5206628,1.514205,10.438881,5.7863584,1.675,46.810364,,1.615,6.0739636,1.075046,29.288635,28.276192,3.8003585,22.280792,29.063242,4.09,148.69699,13.682995,29.970087,9.084188,23.806677,6.5659137,3.238223,10.3323145,3.9083514,14.777647,1.9180583,7.7930756,259.33554,20.366222,32.873302,2.9725697,3.9199302,0.375,15.38,167.83665,,3.92,2.5544405,7.45,4.7099586,,2.6662645,,21.971508,3.3492846,7.7720613,3.89,3.9996133,9.269554,5.02,6.7267394,2.08,23.128633,3.578353,7.0856442,8.83,6.52,9.45,12.842971,12.403093,3.25,1.9819412,14.69964,22.131315,32.846188,5.8661647,11.38,7.49,30.177917,7.0044193,,5.3789372,1.7254723,20.993912,1.3185893,4.238556,0.95,3.9697778,93.21741,6.3670588,7.6329575,5.500894,4.62,9.755288,8.77,6.5393944,3.655162,5.0074286,2.4786294,3.418085,6.62,8.22492,90.09165,1.75,31.95,,1.4253023,5.7740846,4.2714725,5.48,4.7561707,156.9,28.093256,,2.03,15.06,67.37,8.907112,1.9851428,0.43,57.26,26.375635,11.957842,4.6610045,203.25458,2.73,3.1885228,39.825985,4.08,22.861717,1.0507463,158.01366,18.28,3.9738789,6.559742,1.01,2.74,25.153553,2.35,5.207495,25.40049,44.554977,15.9,1.825,12.490767,1.54,2.169315,10.942964,25.554644,0.755,10.8,4.83,214.40808,12.949862,16.902328,5.24,1.21,18.681978,2.8101609,5.701022,13.25,10.23645,18.935478,4.768529,178.6935,13.250103,2.2717896,34.59655,148.6863,36.291435,4.2285995,7.5115805,1.285,3.8867965,3.7933524,3.9694104,5.1717863,5.95,22.671871,19.01,48.63228,18.82941,5.322625,0.165,21.718554,2.8390474,8.70743,2.5,7.08,2.5587254,37.61802,1.8956913,,2.8774254,5.6836796,0.11,15.088061,16.715689,0.9169626,13.52525,4.946312,4.7138,11.01,27.127876,3.8133335,12.55,6.92,5.17,5.6314735,2.4855814,1.9609901,5.8411465,,4.85,3.32,36.78562,22.239313,4.66,78.99212,6.41,7.750457,12.781351,28.972317,2.4137995,66.66483,108.6,103.06,5.0172606,3.19
2026-01-08,32.79,4.6,8.7208605,92.18884,4.98566,4.2,8.672353,7.2227807,29.64462,1.37,56.08822,22.524023,4.683186,60.98696,1.7649685,32.982407,34.875042,8.3379135,8.57994,24.843245,31.124542,3.4946563,7.8,50.241077,30.60995,3.5012648,1.55043,10.643374,5.805907,1.67,46.457077,,1.605,6.159246,1.0601835,30.063574,27.831268,3.8197978,22.280792,29.948116,4.24,148.80374,13.828558,31.38208,9.0938425,24.063831,6.476379,3.2479475,10.4795,3.927652,13.92126,1.9229141,7.8321877,260.74774,20.5035,32.969986,2.9532044,3.939288,0.355,14.99,172.23003,,3.91,2.5643032,7.36,4.7294617,,2.744397,,22.159046,3.3196447,7.8114634,3.85,4.0943913,9.338219,4.96,6.736432,2.07,22.981815,3.617248,7.1147633,8.89,6.42,9.9,12.5958,12.432672,3.28,1.972178,14.788669,22.08278,33.08413,5.936,11.36,7.4,30.267496,6.887841,,5.3496504,1.7350583,21.412197,1.3234193,4.222711,0.955,3.9306667,95.138695,6.4447055,7.62338,5.5306826,4.62,9.715592,8.75,6.3502793,3.605364,5.066805,2.4982233,3.4275796,6.44,8.254399,91.16417,1.78,30.84,,1.4351319,5.862614,4.291066,5.56,4.803733,157.96,28.288416,,2.05,14.24,69.1,8.849647,1.9754118,0.435,56.49,26.946665,12.1220455,4.700255,205.08243,2.95,3.2079058,40.227276,4.17,23.194607,1.0698507,156.94693,18.76,3.9542062,6.657649,0.96,2.74,24.39974,2.39,5.2173395,25.846634,45.10356,16.01,1.885,12.59904,1.51,2.169315,11.040494,25.643513,0.805,10.9,4.8,215.32555,13.027232,17.11827,5.17,1.245,18.701288,2.8298125,5.6712775,13.28,10.265754,18.925982,4.7487426,181.74054,13.409502,2.281498,35.33939,146.66832,36.888004,4.1293364,7.374114,1.29,3.8867965,3.763717,3.9789526,5.211041,6.06,23.005714,18.81,47.698757,18.42202,5.361125,0.17,21.904938,2.8589013,8.668943,2.52,6.84,2.530083,37.716908,1.9101992,,2.9367537,5.702881,0.11,15.185844,16.562422,0.9416121,13.652294,5.0251374,4.7040005,11.33,27.526815,3.8133335,12.78,7.01,5.19,5.532849,2.4855814,1.9806,5.938988,,4.8,3.27,37.26603,22.32687,4.68,79.960014,6.31,7.7902536,12.732456,29.189634,2.4234548,68.14184,109.36,106.85,5.076287,3.42
2026-01-09,32.35,4.62,8.7399025,90.883675,4.925951,4.28,8.681831,7.2525444,29.948822,1.525,56.652565,22.494333,4.6449556,62.393982,1.7309332,33.110935,34.65023,8.42261,8.531355,26.025324,31.20324,3.4461193,8.06,50.48197,30.73848,3.5109637,1.572165,10.653111,5.845004,1.66,46.82999,,1.595,6.159246,1.0899084,29.944351,28.399254,3.7809196,22.389236,29.85963,4.14,148.6873,13.847967,36.682034,8.813884,23.935255,6.436585,3.238223,10.665932,3.9180014,13.761932,1.9180583,7.8712997,259.9577,20.621168,32.62192,2.9532044,3.9296088,0.37,14.51,172.07207,,3.8,2.5643032,7.23,4.758716,,2.6271985,,22.25775,3.3492846,7.7622113,4.02,4.0090914,9.397072,4.96,6.736432,2.04,22.942665,3.6658669,7.134176,8.67,6.3,9.8,12.674895,12.383375,3.22,1.8745455,14.857914,22.043953,32.7173,5.9858823,11.52,7.29,30.058481,6.9267006,,5.3301263,1.7398514,20.685179,1.3234193,4.2306337,0.975,4.048,95.31789,6.4544115,7.6808434,5.6299767,4.63,9.546885,8.65,6.151211,3.6651216,5.1261816,2.557005,3.4845479,6.37,8.19544,90.657166,1.77,32.42,,1.5088544,5.8527775,4.2518783,5.68,4.851294,154.7,28.46406,,2.05,14.1,69.05,8.658096,1.9656806,0.435,57.09,26.730066,11.919207,4.759131,202.51755,3.07,3.2079058,40.14898,4.14,23.331678,1.0794029,156.91702,19.22,4.003388,6.716393,0.915,2.75,24.51876,2.37,5.1779637,25.53929,45.00382,15.89,1.86,12.3431225,1.52,2.169315,11.079506,25.702759,0.855,10.61,4.65,209.63127,13.027232,17.069191,4.99,1.225,18.36337,2.8592896,5.661363,13.23,10.070402,19.087418,4.738849,185.09526,13.708377,2.2717896,35.01254,137.47212,37.086864,4.099558,7.41339,1.32,3.9562035,3.803231,3.9789526,5.230668,5.94,22.819155,18.65,47.202206,18.620745,5.322625,0.17,21.973604,2.868828,8.784401,2.43,6.64,2.4823453,37.499348,1.9150351,,2.9664178,5.904498,0.105,15.3716345,16.725266,0.946542,13.632749,5.005431,4.7334,11.24,27.42708,3.832889,12.84,6.96,5.17,5.5427113,2.4951046,2.0296247,5.9487724,,4.6,3.31,37.158184,22.949492,4.7,80.05878,6.32,7.7902536,12.79113,29.713171,2.4427652,66.87441,107.46,104.77,5.1353135,3.56
2026-01-12,31.64,4.29,8.701819,94.40066,4.945854,4.32,8.539662,7.2723875,30.56703,1.53,56.820877,22.741741,4.6258407,62.830643,1.7941415,33.605278,35.080303,8.563771,8.337019,26.552866,31.478678,3.4461193,8.18,50.87704,30.797802,3.5497591,1.601145,10.740751,5.913424,1.7,45.642555,,1.555,6.14977,1.1295413,30.530521,28.332989,3.76148,22.91175,30.046436,4.41,149.52185,13.906192,36.503048,8.977998,23.86602,6.3271537,3.238223,10.607059,3.898701,13.981008,1.9811842,7.900634,261.53775,21.111446,32.902306,2.9532044,3.9102511,0.405,14.96,172.87177,,3.85,2.5938914,7.18,4.7684674,,2.6564982,,22.948679,3.3492846,7.8508654,3.85,4.0375247,9.573635,5.28,6.7170467,2.03,23.001392,3.704762,7.153589,9.13,6.31,9.99,12.763876,12.560843,3.24,1.9624147,14.98651,21.743046,32.7173,6.1155767,11.99,7.48,30.177917,6.8101225,,5.2910776,1.7206793,20.824606,1.3234193,4.246479,1.0,4.312,97.01021,6.5805883,7.4031067,5.808706,4.64,9.487341,8.91,6.260699,3.6850407,5.1261816,2.566802,3.5605054,6.52,8.205267,90.93017,1.775,33.98,,1.5285137,5.872451,4.261675,5.79,4.841782,182.5,28.922684,,2.15,14.78,67.16,8.8113365,1.9656806,0.435,58.58,27.665373,11.986819,4.6610045,201.87877,2.85,3.1982143,40.736237,4.11,23.987667,1.0889552,166.07883,19.32,4.1017513,6.5989046,0.92,2.75,25.222982,2.31,5.276404,25.331089,45.313023,16.07,1.855,12.579354,1.53,2.169315,10.903951,25.465776,0.87,10.53,4.77,212.7726,13.201314,17.481443,5.25,1.2,18.170275,2.9673727,5.8001704,13.37,9.962957,18.821522,4.817995,184.85706,14.146726,2.262081,35.60681,136.86671,37.414978,4.357641,7.609771,1.295,4.1545095,3.8526237,3.9789526,5.191414,6.09,22.838793,18.76,47.51007,19.09769,5.3129997,0.17,22.395418,2.8986082,8.813265,2.45,6.85,2.5778203,37.55868,1.9005272,,2.9664178,5.894897,0.115,14.560028,16.361258,0.9810514,13.652294,5.005431,4.753,11.2,27.676416,3.8622222,13.13,7.0,5.21,5.5722985,2.476058,2.0296247,5.987909,,4.64,3.28,37.334663,23.07596,4.69,81.214325,6.6,8.188223,12.693338,29.940365,2.43311,67.15384,107.61,106.55,5.204178,3.55
2026-01-13,30.67,,8.758943,96.68222,4.896097,4.37,8.416448,7.163252,29.095102,1.525,56.24663,22.811016,4.654513,62.19991,1.7503818,33.456974,35.656994,8.469664,8.356453,25.800632,31.547537,3.4461193,8.73,50.80959,30.520967,3.5691566,1.5431851,10.779702,6.0404887,1.69,46.692604,,1.515,6.1687217,1.1344954,29.70591,28.247791,3.76148,23.059633,30.095598,4.1,150.23997,13.537431,36.791412,8.997305,23.964926,6.376895,3.2868452,10.832741,3.9180014,14.389285,1.9908959,7.8908553,260.92548,20.738834,32.83463,2.9532044,3.9102511,0.415,15.02,171.11441,,3.84,2.5544405,7.36,4.7197104,,2.6857977,,22.593344,3.3591645,7.8705664,3.9,4.179691,9.544208,5.28,6.7170467,2.01,22.198792,3.5978005,7.1147633,10.07,6.6,11.02,13.020934,12.46225,3.21,1.9917045,14.8678055,21.90806,33.113876,6.0357647,12.61,7.55,30.506372,6.878126,,5.3106017,1.5720971,20.854485,1.3137594,4.246479,1.04,4.3315554,95.009285,6.5417643,7.3647985,5.9477177,4.65,9.546885,9.15,6.648882,3.93403,5.047013,2.527614,3.5605054,6.68,8.254399,88.24887,1.81,34.6,,1.5285137,5.823268,4.2322845,5.65,4.803733,180.31,27.995676,,2.21,15.06,68.97,8.667674,1.9754118,0.43,60.5,28.137949,11.986819,4.6610045,201.96722,2.73,3.1885228,41.489887,4.17,24.036621,1.0985074,166.77669,19.3,4.121424,6.6184864,0.94,2.75,26.135494,2.32,5.3256235,24.934517,45.45266,16.58,1.8,12.284063,1.61,2.19863,10.777161,25.68301,0.885,10.6,4.86,209.08278,12.86282,17.569784,5.39,1.195,18.054419,2.9968498,5.889404,13.61,9.962957,18.869005,4.7586355,186.67337,14.336014,2.262081,35.53748,139.84564,38.280006,4.4171987,7.6294093,1.33,4.1247635,3.9118948,4.0266614,5.161973,5.92,22.750422,19.11,47.589516,19.256672,5.3033752,0.175,22.591612,2.8787546,8.736294,2.44,6.67,2.5873678,37.57846,1.8908554,,2.986194,5.894897,0.115,14.344903,16.533684,0.9810514,13.593658,4.9758716,4.7236004,11.0,27.457,3.8817778,12.78,7.08,5.23,5.720236,2.4855814,1.9119654,6.066182,,4.67,3.41,37.74644,22.677094,4.61,80.98717,6.59,8.228021,12.761793,29.792196,2.43311,66.974205,108.0,104.29,5.243529,3.28
2026-01-14,30.3,,8.86367,97.19034,4.8861456,4.48,8.255322,7.1037235,28.496521,1.545,57.31592,22.731846,4.6449556,62.93738,1.7649685,33.466858,35.55925,8.460253,8.463338,26.074173,31.183565,3.40729,8.76,50.57833,30.184813,3.4915662,1.5286949,10.653111,6.060037,1.68,47.22253,,1.56,6.1213427,1.193945,30.51065,28.17206,3.76148,22.892035,29.938288,4.13,148.35736,13.391867,36.34395,8.91042,23.87591,6.46643,3.2771206,10.724806,3.898701,14.747773,2.0103192,7.900634,263.53256,20.601557,33.472755,2.9822524,3.8715358,0.41,14.91,171.28226,,3.6,2.4952643,7.67,4.7197104,,2.6467316,,22.95855,3.408564,7.9296703,3.97,4.217602,9.603063,5.18,6.7170467,2.03,22.061762,3.6755908,7.2312393,10.08,6.65,9.92,13.109916,12.46225,3.21,1.9380066,14.956835,21.985714,33.24276,6.015812,12.59,7.54,30.635763,6.9947042,,5.2910776,1.5433391,21.611382,1.3185893,4.373239,1.02,4.253333,93.46628,6.5223527,7.307336,6.017224,4.65,9.794984,9.12,6.6389284,3.8742726,4.9381557,2.566802,3.5605054,7.16,8.323187,88.112366,1.825,34.5,,1.6415548,5.9216337,4.2028933,5.68,4.7561707,180.72,29.254456,,2.18,15.56,69.11,8.725139,1.9948739,0.43,61.34,28.600677,11.996478,4.6315665,203.56903,2.67,3.227289,41.02008,4.1,24.281393,1.1176119,170.40552,20.47,4.2591324,6.5989046,0.915,2.76,26.5124,2.32,5.404376,24.974174,45.652145,16.7,1.81,12.382494,1.605,2.1888585,10.786914,26.068108,0.865,10.66,4.87,211.82521,12.891833,17.49126,5.29,1.22,17.967525,2.9771984,5.9092336,13.73,10.011796,18.774042,4.7883153,187.09023,14.465526,2.2912064,36.409077,140.9315,37.81269,4.476757,7.6195903,1.31,4.0355263,3.9118948,3.9884942,5.152159,5.9,22.475492,19.07,47.301517,19.29642,5.3515,0.175,22.719137,2.8291209,8.611215,2.42,6.57,2.9024346,37.331234,1.9150351,,2.996082,6.0581107,0.115,14.335125,16.294203,0.9810514,13.671839,5.034991,4.7138,11.1,27.417107,3.8622222,13.18,7.11,5.36,5.779411,2.476058,1.9462826,6.03683,,4.58,3.44,37.530746,23.27053,4.64,81.27358,6.75,8.546396,12.752014,29.752684,2.43311,67.29356,107.59,100.7,5.37142,3.28
2026-01-15,28.75,4.53,8.949354,95.546425,4.6771655,4.32,8.21741,7.1434093,29.036226,1.52,57.088203,23.177181,4.6449556,64.30558,1.7406576,33.575615,36.478043,8.347324,8.424471,26.25002,31.173729,3.4267046,8.71,50.472336,30.412212,3.4915662,1.5649201,10.662849,5.7863584,1.62,48.449215,,1.575,6.206625,1.1394496,30.639809,29.345896,3.7712,22.990622,29.535177,3.99,148.95901,13.576247,35.995926,8.7656145,23.638536,6.4962754,3.2284985,10.783679,3.8601,14.558571,1.9908959,8.01797,264.0757,20.532917,34.08188,2.9532044,3.9586456,0.44,14.6,173.04947,,3.37,2.475539,7.85,4.7197104,,2.636965,,23.146088,3.3888042,7.939521,4.08,4.217602,9.446117,5.18,6.6588902,2.0,22.091124,3.714486,7.182708,9.68,6.75,9.8,12.922066,12.521406,3.24,1.9428883,15.016188,22.08278,33.23285,5.896094,12.6,7.32,31.083654,6.9752746,,5.3008394,1.567304,21.432116,1.3089294,4.278169,0.96,4.2044444,93.01831,6.5320587,7.249873,6.037082,4.65,9.556808,9.16,6.7782764,3.814515,4.948052,2.586396,3.5225265,6.99,8.34284,87.75161,1.815,34.99,,1.607151,6.088856,4.163706,5.65,4.7276335,181.01,29.29349,,2.19,15.43,68.0,8.648519,1.9656806,0.44,61.25,29.152018,11.523188,4.621754,202.84184,2.7,3.1982143,41.460526,4.03,24.89822,1.122388,167.59418,19.71,4.3673325,6.5401607,0.935,2.75,26.889307,2.34,5.453596,24.418972,45.711994,17.06,1.775,12.362808,1.595,2.179087,10.747902,25.623766,0.82,10.67,4.83,205.82178,12.630709,16.951406,5.29,1.2,17.870977,2.9477212,5.859659,13.93,9.943423,18.745552,4.6992764,187.45746,14.585075,2.300915,36.488316,141.45041,38.727436,4.456904,7.5312185,1.315,4.0057797,4.089708,3.9694104,5.152159,5.75,22.50495,19.09,47.06317,19.59451,5.236,0.17,22.836853,2.8390474,8.611215,2.4,6.69,2.787865,37.58835,1.9440508,,3.0652983,6.0773125,0.115,14.237341,16.188831,0.9662617,13.564341,5.09411,4.7040005,11.15,27.127876,3.8622222,13.04,7.31,5.1,5.8188605,2.380825,1.9806,6.1151032,,4.43,3.42,37.736637,23.367817,4.66,81.964935,6.55,8.725482,12.947597,29.831709,2.43311,66.59498,103.16,97.64,5.3025556,3.08
2026-01-16,29.23,5.08,8.949354,94.9287,4.726923,4.37,8.207932,7.113645,28.751652,1.54,57.17731,23.61262,4.6736283,64.26678,1.7698307,33.64482,36.67353,8.469664,8.463338,26.816637,32.01972,3.4655342,8.7,50.57833,31.400906,3.5012648,1.5576751,10.545997,5.884101,1.62,48.076305,,1.58,6.244528,1.1245872,31.086887,29.355362,3.8100781,23.079351,29.820303,3.99,149.73535,13.615065,36.950512,8.823538,24.063831,6.5858107,3.238223,10.773867,3.889051,14.697983,2.0103192,8.008191,265.16202,20.670195,34.188236,2.9532044,4.0070395,0.415,15.63,173.29628,,3.32,2.505127,9.0,4.700207,,2.7346303,,23.659346,3.3888042,8.028174,4.4,4.22708,9.583445,5.23,6.7655106,2.15,22.218367,3.8311713,7.289478,9.21,6.84,9.86,12.971499,12.62986,3.36,1.9282434,15.520683,22.150728,33.16345,6.205364,12.72,7.3,31.461874,7.0821385,,5.388699,1.5816829,21.631298,1.3234193,4.365317,0.945,4.360889,97.97583,6.5805883,7.2977586,5.908,4.65,9.636201,8.88,6.9972515,3.8443937,4.9975324,2.6157868,3.598484,7.17,8.3919735,87.6736,1.81,35.7,,1.553088,6.413464,4.0951266,5.55,4.7561707,180.53,29.957033,,2.15,15.48,69.51,8.820914,1.9656806,0.46,59.78,29.52614,11.967502,4.602129,208.19762,2.64,3.227289,41.76394,4.05,24.976547,1.122388,168.73068,19.14,4.3476596,6.5205793,0.91,2.75,26.611586,2.34,5.5323486,25.430233,45.761864,17.36,1.74,12.7959,1.62,2.19863,10.669876,25.712633,0.79,11.11,4.68,202.34138,12.814463,17.79554,5.22,1.205,18.32475,2.957547,5.7803407,14.02,10.138775,18.850012,4.719063,187.09023,14.4456005,2.3106236,36.32984,142.4594,38.806976,4.5065355,7.5999517,1.285,4.0156956,4.109465,4.007578,5.191414,5.8,22.436218,19.15,46.546757,19.942282,5.2745,0.18,22.807425,2.8787546,8.678565,2.4,6.5,2.8642447,37.716908,1.9440508,,3.0949628,5.9813046,0.115,14.432909,16.188831,0.9711916,13.535024,5.0546975,4.7236004,11.48,27.187717,3.8426666,13.33,7.45,5.49,5.828723,2.4189184,1.9806,6.232513,,4.42,3.42,38.422935,23.037048,4.74,82.18222,6.65,8.834924,12.928039,29.97988,2.43311,66.884384,103.63,97.02,5.3025556,3.08
2026-01-19,27.04,4.81,7.90209,89.96707,4.6970687,4.31,8.274278,7.1334877,28.859594,1.555,56.296135,23.592825,4.6736283,62.19991,1.7649685,33.654713,36.526913,8.441432,8.550789,26.689634,31.783628,3.436412,8.55,51.35883,30.99554,3.5109637,1.5939001,10.565473,5.7863584,1.695,47.840782,,1.795,6.1876736,1.1196331,30.83851,29.94228,3.7809196,23.079351,29.05341,3.94,148.7261,13.702403,36.751637,8.842845,23.905582,6.3967915,3.2479475,10.803304,3.8794005,15.30542,1.9811842,8.01797,265.32986,20.817278,34.130222,2.9725697,4.0070395,0.42,15.54,174.25394,,3.27,2.4952643,9.64,4.6416984,,2.7248638,,23.71857,3.3394048,7.9592214,4.55,4.274469,9.681535,5.24,6.7170467,2.19,22.267305,3.8408952,7.192414,9.07,6.89,10.48,13.376859,12.472109,3.28,2.0209942,15.6690645,21.73334,32.994904,6.065694,12.9,7.57,31.093607,6.936415,,5.4277472,1.5529251,22.308521,1.3234193,4.365317,0.925,4.292444,97.75682,6.5223527,7.211565,5.9576473,4.65,9.626276,8.91,6.78823,3.8643131,4.9777403,2.60599,3.626968,7.1,8.31336,87.28359,1.875,34.35,,1.5727472,6.708562,4.0069547,5.73,4.784708,179.55,29.547197,,2.09,16.28,68.67,8.887957,1.9851428,0.455,60.0,29.12248,11.552164,4.5825033,207.16577,2.54,3.2175972,41.323498,3.98,25.045084,1.0937313,171.11334,18.42,4.387005,6.4814167,0.925,2.74,27.454666,2.4,5.384688,25.023745,44.98387,17.46,1.79,12.943544,1.67,2.19863,10.777161,25.209045,0.81,11.84,4.68,188.57939,12.804791,17.756279,5.44,1.2,18.16062,2.957547,5.988552,14.12,10.168077,18.850012,4.7487426,183.79504,14.166651,2.320332,36.31003,143.54527,38.18058,4.556167,7.806152,1.32,3.8273046,4.168736,4.007578,5.211041,5.65,22.279116,19.12,46.586483,19.932344,5.2648745,0.18,22.63085,2.8489742,8.6497,2.37,7.12,2.8356023,37.9938,1.9247069,,3.0455222,5.894897,0.115,14.247119,16.054724,0.9564019,13.456842,5.0251374,4.6844,11.28,26.798752,3.8231113,13.2,7.41,5.53,5.9766603,2.4284415,1.9462826,6.173808,,4.3,3.54,38.20724,23.105146,4.7,81.61926,6.94,8.75533,12.820468,30.088535,2.4234548,63.940357,100.89,96.27,5.3812575,3.06
2026-01-20,26.97,4.36,7.968734,88.25341,4.7667284,4.22,8.283756,7.202938,29.340424,1.61,55.64268,23.74127,4.6736283,61.869987,1.7503818,33.545956,36.106613,8.347324,8.589657,27.139023,27.957,3.4169972,8.05,51.339558,31.09441,3.4915662,1.5649201,10.555735,5.815681,1.78,46.88887,,1.78,6.159246,1.0899084,30.590134,29.903177,3.7712,22.37938,29.259882,3.85,146.02835,13.731515,37.238876,8.920074,23.905582,6.3072567,3.2090497,10.783679,3.898701,15.325336,1.9423375,7.8712997,266.3569,20.59175,33.579113,2.9435217,4.0070395,0.44,15.41,174.4514,,3.08,2.4854016,9.28,4.6612015,,2.7150972,,23.649475,3.3097649,7.949371,4.74,4.3029017,9.583445,5.15,6.7461247,2.23,22.1107,3.7922761,7.134176,9.25,7.03,10.73,13.357085,12.472109,3.34,2.0014677,15.461331,21.607153,33.10396,6.1455054,12.81,7.62,30.546185,6.9461303,,5.476558,1.5145813,21.870317,1.3185893,4.4683094,0.94,4.2337775,100.75324,6.5611763,7.2019873,5.908,4.65,9.566732,8.99,6.599115,3.8443937,4.987636,2.4884264,3.5605054,6.94,8.31336,85.85033,1.845,34.8,,1.5481731,6.7282352,4.0265484,5.83,4.813245,174.37,30.298561,,2.09,15.25,68.23,8.686829,1.9754118,0.475,60.17,28.561298,11.909547,4.5530653,203.39215,2.54,3.246672,40.97114,3.97,24.819893,1.0794029,171.74141,18.05,4.416514,6.5205793,0.915,2.74,27.752224,2.4,5.138587,25.588861,44.81431,17.75,1.815,12.973075,1.665,2.08137,11.06,25.475649,0.815,11.64,4.74,186.0364,12.756435,17.697386,5.52,1.125,18.093037,2.7708578,6.0182967,14.02,10.343895,18.897491,4.7586355,184.76773,14.086951,2.3300407,36.339745,140.624,37.723206,4.57602,7.786514,1.305,3.7876434,4.099587,4.007578,5.211041,5.6,22.60314,18.94,46.914207,20.03171,5.29375,0.175,22.827044,2.8986082,8.620836,2.39,7.14,2.8546972,37.548794,1.8908554,,3.00597,5.8756957,0.115,14.36446,16.275045,0.9268224,13.574114,5.0251374,4.6844,11.49,27.008194,3.8035557,12.7,7.39,5.52,5.9766603,2.447488,1.970795,6.144456,,4.16,3.64,37.83468,22.861935,4.7,82.30074,6.87,8.904568,12.67378,30.197195,2.4234548,63.39147,104.27,95.55,5.4894733,3.01
2026-01-21,26.68,4.44,7.7021575,92.26855,4.6970687,4.06,8.283756,7.113645,29.3993,1.64,55.108036,23.790752,4.6067257,60.171864,1.6774493,33.427315,35.353985,8.234396,8.677108,27.051098,26.796225,3.40729,7.96,51.484097,31.19328,3.4430723,1.5431851,10.477833,5.776584,1.93,47.575817,,1.775,6.0929155,1.1196331,29.924482,29.336199,3.7517605,22.192062,28.719124,3.72,142.86479,13.7412195,38.064198,8.9297285,23.727552,6.3967915,3.1993253,10.646308,3.821499,15.643991,1.9132025,7.900634,266.85068,20.5035,32.950653,2.8951087,3.9296088,0.43,15.32,173.86891,,2.99,2.4459507,9.26,4.6904554,,2.6174319,,23.688957,3.408564,7.9592214,4.32,4.3408127,9.671725,5.33,6.639505,2.28,22.061762,3.7339332,7.056525,9.65,7.96,10.09,14.622598,12.442531,3.29,2.0307574,15.283274,21.976007,32.89576,5.995859,13.57,7.85,29.978857,6.936415,,5.3691745,1.4906163,21.800604,1.2944394,4.4920774,0.94,3.9600003,100.93243,6.3961763,7.096639,5.898071,4.66,9.497264,9.21,6.599115,3.9240704,4.92826,2.4590356,3.4750533,7.39,8.333013,82.87652,1.835,34.75,,1.5629176,6.7675815,3.9971573,5.72,4.803733,169.79,29.469133,,2.17,16.27,69.24,8.552744,1.9559495,0.455,61.55,29.112635,11.890229,4.6119413,202.29152,2.5,3.246672,40.30558,3.92,24.721985,1.0650746,180.24524,18.17,4.564059,6.510789,0.925,2.75,28.357258,2.38,5.1779637,25.638433,44.684643,17.78,1.73,12.736842,1.66,2.071598,11.196543,25.722507,0.815,13.17,4.95,177.87892,12.3405695,17.157532,5.8,1.115,17.861322,2.8887668,6.2562523,14.09,10.246218,18.593613,4.768529,180.25175,13.877739,2.3106236,36.686405,144.23715,37.52435,4.794398,8.071267,1.335,3.6587446,4.129222,3.9503267,5.1816,5.53,21.748892,19.37,45.643032,20.101263,5.168625,0.17,22.8859,2.8986082,8.466892,2.4,6.72,2.8546972,37.627907,1.8763475,,2.9565299,5.818091,0.115,13.934211,15.776926,0.9071028,13.44707,4.946312,4.6452,10.61,26.190369,3.8231113,12.59,7.37,5.44,6.203497,2.3903484,1.970795,6.0466137,,4.45,3.8,37.364075,22.881392,4.69,80.11804,7.53,8.994111,12.595548,30.108294,2.4041445,61.894505,98.9,93.13,5.6665535,2.88
2026-01-22,26.53,4.13,8.121063,93.26486,4.7766805,4.2,8.369058,7.123566,30.037138,1.56,57.15751,23.830338,4.6449556,60.501785,1.6774493,33.71403,35.5788,8.413199,8.745125,28.428566,26.973291,3.4849489,7.85,51.86953,31.331697,3.452771,1.586655,10.847867,5.8743267,1.805,47.183277,,1.815,6.4150915,1.1840367,31.186237,29.736994,3.7420409,22.665283,29.122234,3.63,146.15451,13.721811,38.76025,9.006959,23.658318,6.3072567,3.2090497,10.734617,3.8311493,14.807521,1.8889233,7.9201903,272.54874,20.68,33.192368,2.9047914,3.9296088,0.435,15.47,176.13965,,3.29,2.475539,9.12,4.6807046,,2.5783658,,23.817272,3.4382036,7.949371,4.73,4.3029017,9.5049715,5.42,6.6879687,2.3,22.228153,3.714486,7.1438823,9.65,7.27,10.8,13.950294,12.600281,3.34,2.0307574,15.332734,20.850027,33.113876,5.636706,12.95,7.46,30.56609,7.0044193,,5.359412,1.5193743,22.348358,1.2944394,4.6901407,0.94,4.0675554,100.564095,6.493235,7.0583305,6.215812,4.66,9.43772,9.29,6.7583694,3.8842323,4.948052,2.5080202,3.57,7.79,8.31336,84.387794,1.89,35.42,,1.607151,6.7479086,4.1343145,5.74,4.8322697,168.47,30.220497,,2.18,16.75,70.0,8.744294,1.9559495,0.44,61.93,30.00856,11.996478,4.5236278,207.22473,2.67,3.246672,41.529037,3.97,25.084248,1.0794029,171.39249,18.13,4.5837317,6.510789,0.91,2.75,25.966877,2.38,5.276404,24.656916,44.545006,18.3,1.865,12.766372,1.54,2.0618265,11.508642,25.663261,0.82,13.36,5.04,176.96146,13.559154,17.559967,5.15,1.115,18.083382,2.8396382,6.008382,14.11,10.255986,18.963966,4.768529,184.50967,13.877739,2.300915,36.834972,145.12122,38.22035,4.546241,7.442847,1.29,3.708321,4.34655,3.9694104,5.2012277,5.48,22.171106,19.11,46.804966,20.250309,5.17825,0.18,23.072285,2.9978755,8.466892,2.38,6.79,2.931077,37.835575,1.8811835,,2.976306,6.1253166,0.115,14.325346,16.073883,0.9268224,13.495933,4.9955783,4.6256,10.92,26.379866,3.8524444,12.69,7.4,5.51,5.592024,2.3998718,2.0688443,5.792226,,4.52,3.7,38.148415,23.542929,4.87,82.09334,7.27,9.01401,12.556431,30.384878,2.4041445,61.59511,97.76,94.17,5.7354174,2.89
2026-01-23,33.79,4.05,7.787843,92.50767,4.6672144,4.6,8.35958,7.0938025,29.732937,1.61,56.890182,23.830338,4.616283,60.880226,1.6823115,33.4372,35.393085,8.243807,8.735408,27.324636,26.078117,3.4267046,7.64,51.859894,31.54921,3.4333735,1.659105,10.78944,5.9231977,1.845,47.52675,,1.87,6.424567,1.1741284,30.768963,29.785872,3.6351256,22.645565,29.200891,3.86,145.05794,13.857671,39.187828,8.891113,23.589085,6.1580315,3.1798766,10.636496,3.821499,15.295462,1.9326259,7.9397454,270.31693,20.59175,33.211704,2.885426,3.861857,0.49,14.95,177.33423,,3.46,2.4558134,9.45,4.700207,,2.6564982,,24.034422,3.4678433,7.6637063,4.47,4.293424,9.3186,5.36,6.571656,2.34,22.355396,3.6755908,7.0662317,9.59,7.51,10.35,14.691805,12.393233,3.36,2.0307574,15.352518,20.879148,33.0643,5.507012,13.94,7.86,30.854733,7.014134,,5.16417,1.5049953,23.204845,1.2799494,4.674296,0.95,4.224,100.653694,6.425294,7.0200224,6.0966587,4.67,9.269012,9.31,6.9275775,3.7547576,4.9084673,2.4590356,3.5605054,8.37,8.323187,83.14952,1.87,35.62,,1.6022363,6.7183986,4.08533,5.65,4.79422,163.0,30.415657,,2.19,16.86,70.39,8.638942,1.9462185,0.465,62.3,29.447376,11.996478,4.4647517,206.77269,2.68,3.2175972,41.450733,4.0,25.064665,1.0411941,177.94232,17.65,4.4853683,6.4814167,0.935,2.75,27.375317,2.4,5.3157797,25.668177,45.552402,18.3,1.97,13.110876,1.58,2.012968,11.440371,25.525023,0.845,13.31,5.08,180.4219,13.423755,17.147717,5.4,1.09,18.035109,2.8396382,6.2959113,14.13,10.099705,18.622103,4.719063,185.73048,13.668527,2.2717896,36.30013,142.91104,37.196236,4.8837347,8.198915,1.36,3.7678127,4.336671,3.9217014,5.2012277,5.5,22.50495,19.06,46.46731,20.011835,5.2071247,0.175,22.895712,3.0375824,8.457271,2.42,7.15,2.9215295,37.924576,1.8618397,,2.9664178,6.202123,0.115,14.247119,15.8535595,0.9317523,13.495933,4.9758716,4.6256,10.95,27.10793,3.8524444,13.62,7.64,5.42,5.769548,2.371302,2.0394297,5.7041683,,4.46,3.72,37.981743,23.426188,4.75,81.77729,7.67,8.954314,12.722676,30.009512,2.3751788,61.764767,101.22,95.09,5.5878506,3.04
2026-01-27,30.87,3.88,7.987776,84.31797,4.63736,4.58,8.473315,7.1037235,29.762377,1.66,56.058514,24.147018,4.6736283,62.743313,1.7017602,33.40754,35.76451,8.121467,8.735408,27.67633,25.320662,3.4558268,7.52,51.686447,,3.4818673,1.5576751,10.906294,5.8743267,1.855,48.82213,,1.8,6.5382767,1.193945,31.116692,30.303972,3.644845,22.428673,29.427025,3.95,145.6305,13.896487,39.24749,8.95869,23.786894,6.267463,3.1798766,10.656119,3.8311493,15.624075,1.9908959,7.949524,273.80292,20.876114,34.188236,2.856378,3.8134627,0.455,16.07,179.97026,,3.48,2.475539,9.52,4.7197104,,2.549066,,23.797533,3.5271225,7.7425103,4.18,4.3218575,9.377455,5.51,6.523193,2.34,22.42391,3.6950383,7.0662317,9.16,7.67,10.18,14.592937,12.412953,3.35,2.0600471,15.293165,21.228592,33.03456,5.636706,13.98,7.93,30.795013,7.023849,,5.105597,1.5193743,23.662968,1.2654593,4.6267605,0.935,4.0382223,102.913445,6.483529,7.0295997,5.987436,4.67,9.487341,9.37,6.609068,3.8045554,4.849091,2.4688325,3.5889893,8.05,8.43128,83.744286,1.865,34.55,,1.607151,6.787255,3.9971573,5.55,4.7371464,163.25,30.318077,,2.15,16.01,70.78,8.600631,1.9364874,0.48,63.98,30.589436,12.373179,4.474564,211.47006,2.69,3.2563636,41.969482,4.01,25.182156,1.0555223,180.38481,17.43,4.4558597,6.510789,0.95,2.75,27.474504,2.4,5.207495,25.866463,45.033745,17.7,2.04,13.494753,1.605,2.012968,11.528148,25.762005,0.84,13.23,4.96,189.64644,13.375398,17.275318,5.57,1.085,18.430954,2.9378955,6.2364225,13.92,9.99226,18.887997,4.768529,194.35548,13.907626,2.2717896,35.884136,145.29417,37.385147,4.8936605,8.218553,1.415,3.807474,4.445335,3.9026177,5.132532,5.41,22.39694,19.71,47.06317,20.478846,5.1974998,0.165,22.689707,3.0673625,8.399542,2.39,7.15,2.8642447,38.181694,1.8908554,,3.00597,6.355736,0.115,14.237341,15.958931,0.9218925,13.495933,5.133523,4.7334,11.86,27.038115,3.7742221,13.74,7.56,5.36,5.917485,2.380825,2.0296247,5.7433047,,4.45,3.71,38.197437,23.65967,4.76,83.69332,7.6,9.053807,12.967155,30.266342,2.384834,62.94238,99.83,96.14,5.5780134,2.99
2026-01-28,28.52,3.55,7.9401727,86.90839,4.627409,4.37,8.50175,7.044195,28.60446,1.62,54.464478,24.00847,4.654513,61.967026,1.6774493,32.94286,35.5788,7.961484,8.667391,27.217176,24.769785,3.4849489,7.52,51.532276,30.056282,3.4721684,1.572165,10.867343,5.884101,1.88,49.656277,,1.98,6.4150915,1.2038532,30.917992,30.303972,3.644845,22.586412,28.758451,3.68,145.91191,13.760629,39.26738,8.775269,23.272585,6.3072567,3.1798766,10.665932,3.8118489,15.902899,1.9326259,8.01797,264.3127,20.581944,33.202034,2.82733,3.8134627,0.43,16.78,177.89699,,3.31,2.475539,9.53,4.7294617,,2.6467316,,23.73831,3.497483,7.8016133,3.95,4.274469,9.720771,5.53,6.5134997,2.59,21.670248,3.6658669,7.0953503,7.9,7.88,9.89,15.176259,12.481968,3.35,2.1283903,15.451439,20.995628,32.866016,5.616753,13.89,8.13,30.456608,7.0432787,,5.0958347,1.5337533,23.453825,1.2654593,4.515845,0.915,4.0773335,101.26094,6.2894115,7.0295997,5.908,4.67,9.398025,9.1,6.429907,3.8344343,4.858987,2.5080202,3.5605054,8.04,8.274054,80.94598,1.865,33.91,,1.6513846,6.787255,3.9187818,5.54,4.7276335,163.19,29.761871,,2.14,16.2,69.46,8.389925,1.9267564,0.49,63.41,30.067633,11.967502,4.543253,209.16068,2.7,3.2369804,41.959694,4.01,24.624075,1.0459702,183.22606,17.1,4.475532,6.4716263,0.955,2.75,28.367176,2.37,5.355156,24.775887,44.215855,18.52,1.95,13.130563,1.675,1.9934247,11.528148,25.68301,0.865,13.94,4.81,185.76715,12.882162,17.0103,5.73,1.035,18.150965,2.9477212,6.37523,13.99,10.129007,18.660088,4.738849,189.33333,13.778114,2.262081,35.695953,148.77278,36.609608,4.933366,8.346201,1.445,3.807474,4.5046062,3.8644505,5.1423454,5.28,21.807806,20.25,46.68579,20.578209,5.149375,0.165,22.36599,3.0673625,8.159005,2.36,7.68,2.7974124,37.77624,1.8570037,,2.996082,6.5477524,0.115,14.129779,15.8822975,0.9268224,13.476387,5.1138167,4.7138,11.65,26.39981,3.793778,12.83,7.31,5.27,6.09501,2.3522553,2.0002098,5.762873,,4.32,3.84,38.109196,24.30175,4.66,83.150116,7.69,9.14335,12.898701,30.039146,2.3558686,60.577175,97.91,92.33,5.6173644,2.87
2026-01-29,28.97,3.43,8.044899,87.416504,4.5776515,4.29,8.50175,6.964824,28.09419,1.67,53.890232,23.919405,4.6927433,61.054886,1.5996546,33.002182,35.617893,7.9332523,8.667391,27.353945,25.300987,3.40729,7.31,55.37696,29.95741,3.5885541,1.586655,10.760227,5.9720693,1.99,50.549305,,2.05,6.424567,1.2038532,31.484291,29.96183,3.6351256,21.994886,28.44383,3.47,144.26219,13.847967,39.366814,8.891113,22.807726,6.0386515,3.1507034,10.56781,3.7539475,15.982562,1.835509,7.9788575,260.56012,20.640778,32.080475,2.8370128,3.7457108,0.425,17.54,177.11703,,3.2,2.4558134,9.37,4.700207,,2.5392995,,23.304012,3.5172427,7.7622113,3.59,4.170213,9.583445,5.57,6.532885,2.91,21.239584,3.6366956,7.056525,7.47,8.0,9.05,15.542071,12.166469,3.22,2.2260227,15.451439,20.956802,32.955246,5.4970355,13.73,8.42,30.615856,7.023849,,5.105597,1.5385462,22.3384,1.2413094,4.5792255,0.9,4.126222,100.653694,6.2311764,7.269027,5.9179296,4.64,9.318633,8.57,5.524146,3.8742726,4.75013,2.4492385,3.5889893,7.67,8.067694,79.46395,1.83,33.73,,1.6759588,6.5905223,3.8208122,5.67,4.7181215,166.25,30.074127,,2.05,15.6,68.98,8.40908,1.9218907,0.5,61.02,30.13655,11.542505,4.53344,208.47278,2.58,3.2369804,42.14566,3.89,24.614285,1.0411941,187.89171,16.85,4.475532,6.53037,0.97,2.77,29.249931,2.38,5.3453116,24.270256,43.278275,19.52,1.835,12.99276,1.45,1.9934247,11.508642,25.781754,0.895,14.14,4.59,181.18979,12.9015045,16.696203,5.46,1.035,18.334406,2.9182441,6.3454857,13.72,9.91412,18.622103,4.778422,187.58649,14.7644,2.2329555,35.854424,150.90605,36.19201,5.00285,8.365839,1.45,3.7479823,4.623148,3.8835342,5.161973,5.21,21.159758,21.31,47.361103,20.35961,5.1108747,0.16,22.297321,3.0673625,8.0724125,2.33,7.73,2.892887,37.974026,1.8715115,,2.9664178,6.566954,0.115,14.335125,16.083462,0.9071028,13.535024,5.0842566,4.7138,11.08,25.79143,3.7742221,12.3,7.11,5.39,6.1640472,2.3236854,1.8384281,5.6552477,,4.17,3.91,37.74644,24.476864,4.6,82.09334,7.76,9.41198,12.869364,30.216951,2.3558686,59.309746,94.9,91.28,5.7059045,2.76
2026-01-30,27.42,3.17,8.06394,83.9593,4.49804,4.34,8.577574,7.064038,28.300262,1.635,53.028862,24.384531,4.750088,60.637638,1.6482763,32.270557,35.872032,7.8956094,8.60909,26.210941,25.38952,3.4461193,6.98,55.19388,29.86843,3.5788555,1.55043,10.682325,5.9720693,1.885,49.626835,,1.95,6.434043,1.2187157,31.99098,29.561035,3.6351256,22.083616,27.13618,3.5,144.94148,13.7412195,37.82555,8.891113,22.758274,5.8496323,3.1604278,10.4795,3.7635977,14.727857,1.8792115,8.01797,265.74466,20.866308,31.62605,2.8176477,3.803784,0.405,16.55,179.11133,,3.07,2.436088,8.62,4.739213,,2.51,,22.553864,3.4678433,7.9296703,3.32,4.0090914,9.593253,5.27,6.5134997,2.84,21.631098,3.5978005,7.153589,6.7,7.45,8.68,14.543503,12.373515,3.25,2.050284,16.02518,20.384106,33.361736,5.367341,13.15,7.59,30.585997,6.9947042,,5.16417,1.5049953,22.08942,1.2461394,4.6267605,0.9,4.1066666,101.031975,6.2894115,7.2786045,6.265459,4.65,9.457568,8.32,5.335031,3.7746768,4.680857,2.4492385,3.5510106,7.35,8.018559,79.122696,1.815,33.13,,1.6661291,6.413464,3.8208122,5.56,4.6039734,167.06,30.240013,,1.855,14.9,70.02,8.361192,1.9462185,0.445,57.15,30.658352,11.194781,4.53344,208.51208,2.53,3.2175972,42.449078,3.88,24.046413,1.0937313,172.7483,16.69,4.436187,6.589114,0.915,2.76,28.704409,2.36,5.128743,24.270256,43.737087,18.68,1.725,13.110876,1.28,2.0031962,11.508642,25.396656,0.85,13.84,4.29,183.61308,12.949862,16.666756,5.09,1.015,17.484787,2.761032,5.849745,13.76,9.8359785,18.745552,4.719063,188.33089,14.744475,2.2426639,36.012897,145.63051,37.325493,4.685209,7.914162,1.36,3.7281516,4.563877,3.8930757,5.132532,5.08,20.590261,19.85,46.09986,20.150946,5.187875,0.135,22.513136,3.0673625,8.110898,2.3,6.98,2.8737922,38.161915,1.8956913,,2.986194,6.730168,0.11,14.374238,16.284624,0.8725934,13.632749,5.074404,4.7824,10.55,25.123205,3.784,12.05,7.09,5.36,5.7991357,2.342732,1.764891,5.6552477,,4.02,3.69,38.060177,24.681162,4.62,82.33037,7.36,8.785177,13.113842,30.562683,2.3655236,57.88264,93.75,87.64,5.6862288,2.65
2026-02-02,27.52,3.21,8.187708,81.26926,4.4781375,4.31,8.653398,7.1334877,27.976439,1.52,51.919964,23.978783,4.616283,61.59829,1.6239654,32.092594,35.920902,7.8956094,8.706258,25.634554,25.901049,3.4849489,6.96,54.952984,29.166458,3.5012648,1.514205,10.711538,6.030715,1.73,48.498283,,1.785,6.4529943,1.1988991,31.573708,29.12114,3.625406,22.142767,27.244331,3.53,146.99876,13.857671,37.417862,8.88146,22.797834,5.760097,3.111806,10.607059,3.7346466,13.592647,1.8986349,8.16464,262.83142,20.974167,31.394005,2.7982824,3.75539,0.385,15.92,174.82657,,3.08,2.4262254,7.93,4.739213,,2.5002334,,22.543991,3.4283237,7.8902683,3.45,3.9427469,9.661917,5.04,6.474729,2.61,21.934519,3.568629,7.270065,6.48,6.76,8.13,13.722898,12.294641,3.23,1.894072,15.965827,20.558826,33.26259,5.1478586,12.31,6.97,30.546185,6.013503,,5.0958347,1.5097884,21.8504,1.2413094,4.642606,0.925,4.096889,97.139626,6.3670588,7.25945,5.9576473,4.66,9.487341,8.43,5.0364285,3.6750813,4.690753,2.4884264,3.5035372,6.76,8.018559,79.94171,1.85,32.67,,1.6415548,5.695392,3.8012185,5.6,4.537387,167.41,30.679123,,1.78,14.77,68.51,8.236685,1.9316219,0.445,56.32,30.313766,10.982283,4.562878,208.10918,2.47,3.2563636,42.047783,3.85,24.271605,1.1653731,155.48146,16.25,4.5542226,6.6380677,0.895,2.77,26.38346,2.33,5.089367,23.913342,44.684643,17.76,1.68,12.805743,1.165,1.9396805,11.411111,25.327536,0.82,13.11,4.39,177.65952,12.86282,16.63731,4.77,0.99,17.069632,2.7119036,5.5820446,13.81,9.933655,18.565125,4.6695967,186.16719,14.595037,2.2426639,35.804905,144.12183,36.848236,4.377494,7.41339,1.285,3.708321,4.366307,3.8549085,5.0834637,5.0,20.41352,19.07,45.464275,19.763428,5.17825,0.135,22.356182,3.0673625,8.110898,2.36,6.49,2.8069599,37.173008,1.8860195,,2.9268656,6.5093493,0.1,14.42313,16.140936,0.8725934,13.515477,5.044844,4.8118,10.48,24.893814,3.8426666,12.33,7.21,5.3,5.325737,2.3332086,1.7550861,5.674816,,3.9,3.49,38.15822,24.23365,4.64,82.43901,6.95,9.073706,13.016051,30.533049,2.3655236,56.295856,93.69,85.1,5.6665535,2.72
2026-02-03,28.64,3.7,8.168667,83.251915,4.4283805,4.28,8.615486,7.083881,28.025501,1.52,52.78134,24.404324,4.597168,61.210148,1.6677251,32.389194,35.950226,7.9426622,8.618807,25.468477,25.438707,3.4655342,6.88,54.885532,28.533695,3.4624698,1.46349,10.92577,6.0502634,1.74,49.195045,,1.75,6.547752,1.2088073,32.030724,28.954956,3.6642842,22.231497,27.254164,3.51,148.55144,11.538355,37.775833,8.977998,23.0451,5.700407,3.1215303,10.4696865,3.7249963,13.67231,1.9714725,8.105972,263.43384,21.258532,31.780748,2.856378,3.7747474,0.395,16.73,175.84346,,2.96,2.3769119,7.86,4.846479,,2.4318676,,22.741402,3.3789244,7.8804173,3.72,3.9332693,9.926761,5.33,6.474729,2.63,21.386402,3.568629,7.308891,6.78,6.68,8.18,14.296332,12.324219,3.23,1.9282434,16.272482,20.655895,33.827705,5.1079526,12.65,7.1,31.213045,5.7997756,,5.154408,1.5193743,22.009747,1.2461394,4.6267605,0.935,4.1555557,98.16498,6.3185296,7.288182,5.908,4.65,9.378177,8.52,5.145916,3.724879,4.670961,2.4688325,3.4750533,6.79,8.067694,82.47675,1.91,33.17,,1.607151,5.6265354,3.8110154,5.62,4.518362,173.49,31.586615,,1.83,15.25,68.27,8.447391,1.941353,0.445,55.56,30.569744,11.020919,4.562878,213.09154,2.49,3.2369804,42.126087,3.92,24.438047,1.1653731,164.24448,14.63,4.5148773,6.5793233,0.92,2.75,26.671097,2.29,5.335468,24.349571,44.804333,17.71,1.7,13.051819,1.18,1.9396805,11.255062,25.465776,0.8,13.08,4.41,177.07115,13.085259,16.882698,4.84,0.99,17.16618,2.7119036,5.502726,13.65,9.962957,18.698072,4.6992764,190.16705,14.674737,2.2329555,35.705856,146.89894,36.082634,4.4370513,7.5704947,1.325,3.7479823,4.4552135,3.8549085,5.044209,4.91,20.60008,19.84,46.28855,20.230436,5.13975,0.145,22.34637,3.1169965,8.101276,2.41,6.58,2.8356023,37.57846,1.8715115,,2.9565299,6.5381513,0.105,14.55025,16.169672,0.8775233,13.564341,5.133523,4.7922,10.21,25.232912,3.8622222,12.48,7.15,5.3,5.375049,2.3903484,1.7697935,5.4302115,,3.89,3.5,38.550392,24.379578,4.61,82.893326,6.96,9.232893,13.084505,30.63183,2.3944893,57.263893,96.1,85.97,5.6862288,2.77
2026-02-04,26.94,3.38,8.149626,86.7689,4.328866,4.24,8.558618,7.1037235,28.300262,1.575,51.296215,24.255878,4.5015926,63.374043,1.6288276,32.13214,36.233685,7.8203235,8.618807,24.76509,24.533695,3.436412,6.46,54.201393,27.633984,3.5109637,1.4019074,10.974459,6.060037,1.805,51.422707,,1.745,6.6046066,1.2434863,31.613447,28.612814,3.6740038,22.014605,25.248447,3.28,152.4137,11.218115,36.821243,8.813884,22.847288,5.7203035,3.1312547,10.371564,3.6960456,14.100504,1.9811842,8.11575,256.768,21.268337,30.572172,2.7692342,3.7457108,0.415,17.29,179.38777,,2.79,2.3769119,7.96,4.865982,,2.3537354,,21.7741,3.2504857,7.8607163,3.48,4.0375247,9.298981,5.49,6.387495,2.67,21.357037,3.5589054,7.1244698,6.99,6.84,7.56,14.849995,12.521406,3.22,2.0014677,15.144785,21.005335,33.817795,4.968282,13.37,7.31,30.615856,5.6249084,,5.0665483,1.5481322,20.595547,1.2461394,4.5792255,0.94,3.9404447,87.612816,6.2797055,7.345644,5.500894,4.65,9.298784,8.76,5.2056365,3.7647173,4.6313763,2.4590356,3.361117,6.82,7.7434134,80.92648,1.9,33.02,,1.6464697,5.597026,3.8991878,5.5,4.4993377,171.32,30.054611,,1.77,16.01,63.43,8.3707695,1.9218907,0.485,55.65,30.43191,10.480016,4.53344,210.13358,2.47,3.2079058,42.997185,3.85,23.361052,1.1510448,171.35262,,4.770622,6.452045,0.945,2.75,28.317583,2.3,5.1681194,22.455936,40.565277,18.2,1.515,12.648255,1.18,1.9494522,10.845432,25.416405,0.855,13.58,4.33,165.89203,12.737093,17.422552,4.82,0.97,16.789642,2.731555,5.6415334,13.25,10.011796,18.755049,4.70917,176.42062,14.365901,2.2329555,35.220535,153.2027,35.505947,4.65543,8.012352,1.335,3.6984057,4.731812,3.826283,4.9068184,4.52,18.911228,20.08,45.97076,20.290054,5.0916247,0.145,22.140368,3.1368499,8.014684,2.26,7.02,2.892887,37.301567,1.8521677,,2.996082,6.7589703,0.115,14.256898,15.997249,0.8627336,13.603431,5.1039634,4.8314,10.12,22.589941,3.832889,11.67,7.02,5.16,5.5427113,2.3998718,1.7795986,5.3617225,,3.82,3.49,39.109234,25.138401,4.2,83.3674,7.16,9.511473,13.104063,30.819513,2.4041445,51.146297,80.82,79.77,6.1977925,2.52
2026-02-05,25.87,3.15,8.121063,81.43863,4.328866,4.32,8.662876,7.1434093,28.653526,1.505,51.70215,23.63241,4.539823,67.585396,1.6434141,32.003613,36.732178,7.9238415,8.638241,24.78463,24.258255,3.4849489,6.09,54.692818,28.049234,3.5109637,1.4055301,11.0718355,6.011166,1.74,49.420753,,1.59,6.680413,1.188991,31.871761,28.446632,3.6545646,22.399096,25.140295,3.44,154.56802,11.237523,35.7175,8.833191,23.005539,5.531285,3.140979,10.293066,3.6960456,13.313823,2.020031,8.125528,255.51381,21.32717,31.01693,2.8660607,3.7166743,0.385,16.05,178.93362,,2.89,2.4262254,7.72,4.8757334,,2.3146691,,22.178787,3.220846,7.8311644,3.19,3.9522247,8.994901,5.15,6.348724,2.5,21.680035,3.617248,6.8332787,6.75,6.59,7.17,14.375427,12.521406,3.15,1.8794271,15.223921,20.850027,33.57985,4.818635,12.65,6.87,30.605904,5.6054783,,5.0958347,1.6439917,20.386402,1.2557994,4.547535,0.92,3.9404447,88.2997,6.3476467,7.518032,5.490965,4.64,9.229317,8.48,5.076242,3.5555663,4.670961,2.4590356,3.389601,6.37,7.674627,81.189735,1.88,33.81,,1.6366401,5.233072,3.8991878,5.57,4.4422636,168.49,31.313393,,1.69,14.74,64.15,8.437814,1.9462185,0.445,54.34,29.398151,10.547628,4.513815,208.7676,2.39,3.2175972,43.114635,3.91,23.89955,1.1414926,162.33038,13.2,4.672259,6.500998,0.91,2.75,27.018248,2.23,5.158275,23.794369,40.395714,16.53,1.62,13.012446,1.11,2.0520546,10.835679,25.386782,0.805,12.36,4.17,164.47592,13.491453,17.97222,4.66,0.995,16.74137,2.6332977,5.4630666,13.59,10.060634,19.144394,4.7487426,181.02592,14.435637,2.2426639,35.676144,150.99255,37.24595,4.407273,7.7177806,1.285,3.7281516,4.5441203,3.7976573,4.9362593,4.41,19.274527,18.91,47.04331,19.972092,5.13975,0.135,22.140368,3.1368499,8.178248,2.34,6.57,2.8451498,37.321346,1.8618397,,2.9070895,6.7109656,0.11,14.55025,16.265465,0.8676635,13.681612,5.2123485,4.8314,10.13,22.95896,3.8817778,11.67,6.86,5.52,5.266562,2.437965,1.7943059,5.1953917,,3.74,3.31,39.12884,25.19677,4.2,85.12541,6.92,9.203046,12.976934,31.224514,2.43311,49.81899,82.09,81.5,6.001037,2.46
2026-02-06,24.98,3.1,7.854487,79.77479,4.338818,4.04,8.482794,7.083881,28.182507,1.41,50.28633,22.712053,4.377345,66.78,1.6045167,31.212667,36.175034,7.876787,8.482771,24.589243,23.609009,3.358753,5.73,54.239937,27.574661,3.4333735,1.3149675,10.828391,5.854778,1.655,47.880035,,1.43,6.4908977,1.1344954,31.007406,28.260897,3.5962472,23.177938,24.068611,3.41,154.20897,10.917283,34.37511,8.611155,22.421993,5.282576,3.063184,10.214568,3.5705926,12.905546,1.8840674,7.7637415,247.05067,21.238918,30.040398,2.807965,3.6586013,0.38,15.26,178.20305,,2.73,2.3769119,7.14,4.826976,,2.2170038,,21.833324,3.1516867,7.4371443,2.9,3.8953583,8.69082,4.85,6.2033334,2.2,20.955736,3.5394578,6.600326,6.42,6.37,6.0,14.177691,12.363656,3.03,1.7329782,13.660972,20.60736,32.538845,4.599153,11.87,6.65,28.75462,5.450041,,4.949403,1.6248199,20.217096,1.2219894,4.515845,0.9,3.832889,82.914116,6.2311764,7.4031067,5.3916707,4.55,8.832356,8.11,4.9169874,3.4061728,4.5126233,2.4198477,3.3231382,5.78,7.3208666,78.60594,1.835,32.46,,1.5924066,4.751078,3.7620304,5.55,4.3471403,157.8,30.454689,,1.67,14.27,61.73,8.054711,1.887832,0.39,51.81,28.265936,9.9487705,4.4843774,204.23729,2.23,3.1012988,42.43929,3.83,23.175024,1.0937313,154.32501,12.52,4.495205,6.3247666,0.89,2.75,26.552074,2.13,4.9220185,22.981396,38.22133,15.6,1.495,12.510453,1.065,2.012968,10.640617,24.843697,0.745,11.01,4.12,157.18605,13.423755,17.167347,4.46,0.915,16.384142,2.505563,5.2945147,13.74,9.91412,19.163387,4.689383,166.8428,14.276238,2.20383,35.53748,150.9445,37.70332,4.30801,7.5213995,1.26,3.6091683,4.356428,3.7022388,4.789055,4.06,17.97843,18.55,45.732414,19.365973,4.9857497,0.135,21.600838,3.1070697,8.18787,2.3,6.08,2.6542,36.59944,1.83766,,2.8279848,6.614958,0.1,14.149336,15.98767,0.8380841,13.329799,5.1630826,4.7824,9.85,21.802036,3.8035557,11.1,6.52,5.08,5.0101376,2.3903484,1.7354761,5.048629,,3.54,3.2,38.658237,24.788174,2.96,83.98962,6.68,8.824974,12.429302,31.066465,2.3944893,47.50368,81.76,76.6,5.8829837,2.38
2026-02-09,25.74,3.46,8.025858,84.12868,4.328866,4.41,8.435404,7.202938,28.94791,1.5,51.49423,23.216764,4.5111504,66.90614,1.6288276,31.825647,36.78105,7.9426622,8.550789,25.15586,24.199234,3.40729,6.18,54.018314,27.327488,3.4818673,1.383795,11.01341,5.9916177,1.735,48.8025,,1.565,6.595131,1.1344954,32.090332,28.603039,3.6156864,22.832882,26.457775,3.48,155.15997,11.431608,35.896484,8.302235,23.02532,5.521337,3.111806,10.293066,3.6188438,13.522941,1.9374816,7.7637415,249.96388,21.376198,31.026596,2.807965,3.794105,0.39,16.02,178.07469,,2.9,2.3769119,7.66,4.826976,,2.236537,,22.149176,3.3394048,7.7622113,3.15,4.0564804,9.043946,5.18,6.2517967,2.38,21.435339,3.617248,6.7750406,7.19,6.66,,14.810447,12.541125,3.1,1.894072,14.501799,21.141232,33.26259,4.788706,12.39,6.87,30.615856,5.4597554,,4.9982133,1.596062,20.784771,1.2413094,4.515845,0.88,3.6373334,85.43269,6.2894115,7.4318385,5.610118,4.62,9.318633,8.23,5.165823,3.585445,4.6016884,2.4100509,3.3421276,6.16,7.4584403,78.38168,1.895,33.63,,1.6022363,5.252745,3.9579694,5.61,4.309091,160.5,31.313393,,1.685,14.82,64.83,8.274995,1.9121597,0.445,52.15,29.112635,10.470356,4.5040026,209.22948,2.37,3.1691396,43.055912,3.79,23.605824,1.1032835,164.41396,13.31,4.564059,6.422673,0.93,2.76,27.494339,2.13,5.128743,23.457283,37.602924,15.83,1.52,13.120719,1.195,2.1009133,10.8551855,25.702759,0.825,11.5,4.17,160.72627,13.655866,18.099823,4.8,0.945,16.712404,2.5252144,5.591959,13.98,10.19738,19.353312,4.7487426,165.87012,14.694662,2.2523725,35.834618,154.10599,38.230293,4.546241,8.218553,1.425,3.7678127,4.4947276,3.7690318,4.877377,4.34,17.742777,19.37,47.44055,20.488783,5.0242496,0.14,21.5616,3.0971427,8.245599,2.33,6.68,2.8260548,36.688442,1.8134801,,2.9565299,6.6725626,0.105,14.335125,16.054724,0.8380841,13.466615,5.1827893,4.7824,9.86,22.569992,3.8133335,11.34,6.58,5.17,5.286287,2.3903484,1.7697935,5.234528,,3.71,3.49,39.226883,25.138401,3.51,85.155045,7.04,9.1135025,12.849806,31.254147,2.4137995,49.20024,82.94,81.51,6.001037,2.47
2026-02-10,26.51,3.55,7.9972954,86.161156,4.5079923,4.59,8.388015,7.212859,28.908657,1.53,52.07838,23.89961,4.492035,66.37245,1.6677251,32.5375,35.881805,7.641519,8.531355,25.331707,24.327116,3.3975825,6.52,54.29775,25.656597,3.5109637,1.3475701,10.974459,5.9329724,1.745,49.322617,,1.735,6.5761795,1.1493578,32.676502,28.554161,3.6351256,22.645565,26.73307,3.5,154.044,11.810074,35.59818,8.504964,22.995647,5.6307683,3.1020815,10.145883,3.589893,13.493067,1.9520491,7.5779595,253.69676,21.287947,31.229637,2.807965,3.8231416,0.385,16.43,169.20897,,3.27,2.3867745,7.81,4.924491,,2.197471,,22.060343,3.3097649,7.8016133,3.38,4.065958,9.240128,5.08,6.242104,2.55,21.503855,3.6658669,6.930342,7.63,6.56,6.71,14.810447,12.541125,3.15,1.9135985,14.709533,20.93739,33.47079,4.798682,12.82,7.06,30.97417,5.556904,,4.9689274,1.5816829,20.754892,1.2557994,4.4445424,0.865,3.656889,86.23904,6.299117,6.972137,5.5108237,4.6,9.43772,8.38,5.2952175,3.6651216,4.5818963,2.4002538,3.361117,6.18,7.54688,77.22141,1.905,33.24,,1.6562994,5.4494767,3.9579694,5.89,4.337628,164.07,32.367252,,1.745,15.14,64.96,8.303727,1.8975631,0.44,52.15,29.398151,10.740808,4.474564,210.79199,2.5,3.1691396,43.046124,3.82,23.742895,1.0937313,166.9661,13.51,4.672259,6.344348,0.96,2.76,28.000189,2.13,5.3256235,24.091799,37.2638,16.43,1.53,13.563654,1.255,2.110685,10.718642,25.06093,0.845,12.13,4.21,167.19841,13.472112,18.315763,4.76,1.005,17.282036,2.5841691,5.6217036,13.82,10.119239,18.698072,4.847675,173.56216,14.903874,2.262081,36.775547,156.23927,38.389378,4.5859456,8.169457,1.41,3.9066272,4.5342417,3.7785735,4.4161363,4.33,18.381004,19.38,48.811035,20.985601,4.9857497,0.145,21.404644,3.0673625,8.207112,2.46,7.24,2.7974124,37.48946,1.8086443,,2.986194,6.662962,0.1,14.139557,15.3746,0.8676635,13.417751,5.09411,4.7726,10.06,22.968933,3.784,11.3,6.68,5.35,5.424361,2.409395,1.7599885,5.371506,,3.71,3.51,38.511173,25.225956,3.58,86.20195,7.14,9.033908,13.172518,31.303537,2.4137995,50.487633,84.76,80.65,5.971524,2.62
2026-02-11,26.71,3.85,8.244831,86.90839,5.1747365,4.52,9.373724,7.2227807,29.0166,1.585,52.504116,24.36474,4.492035,66.139565,1.696898,32.923084,36.360752,7.5944653,8.60909,25.888556,24.937016,3.4169972,6.5,53.36308,25.597273,3.5303614,1.3149675,11.0815735,6.0209403,1.855,50.11751,,1.735,6.6330338,1.1196331,33.22293,28.3,3.625406,22.77373,26.546263,3.53,164.54391,11.984751,36.4235,8.813884,23.05499,5.779994,3.1507034,10.234193,3.628494,14.050714,1.9714725,7.6072936,251.61307,21.336975,30.253107,2.807965,3.852178,0.38,16.68,161.36014,,3.26,2.3867745,7.95,4.9634967,,2.25607,,22.701918,3.3097649,7.8902683,3.29,4.0943913,9.3186,5.49,6.242104,2.52,20.955736,3.704762,6.98858,7.88,6.89,6.66,16.095734,12.600281,3.2,1.9184802,14.808454,21.413017,33.322075,4.858541,13.08,7.24,30.675575,5.673483,,4.978689,1.5529251,21.352442,1.2509694,4.404929,0.855,3.52,87.03543,6.3476467,6.981714,5.6001883,4.62,9.546885,8.68,5.504239,3.7647173,4.591792,2.38066,3.4275796,6.05,7.69428,78.245186,1.915,36.87,,1.6366401,5.5084963,3.9383757,6.0,4.3947015,164.2,32.230644,,1.725,15.76,65.2,8.294149,1.9072942,0.43,52.87,29.595057,11.185122,4.4941897,216.49173,2.57,3.2175972,44.524063,3.84,24.203066,1.0985074,170.9638,13.43,4.6427493,6.403092,0.975,2.75,28.029945,2.09,5.365,23.784454,39.099064,16.59,1.565,13.68177,1.275,2.1497717,10.796666,25.317661,0.895,12.25,4.27,169.00343,13.46244,18.394287,4.92,1.0,17.117905,2.5939949,5.790256,14.47,10.19738,18.963966,4.867461,171.55728,15.182824,2.2135384,37.62734,158.13234,36.63597,4.6752825,8.306924,1.43,4.0256104,4.603391,3.75949,4.4848323,4.41,18.214083,19.54,50.558895,21.17439,4.9857497,0.145,21.551788,3.0772893,8.197492,2.38,7.23,2.7019374,37.835575,1.8086443,,2.986194,6.653361,0.105,14.256898,15.470392,0.8775233,13.535024,5.153229,4.7824,9.75,23.24819,3.7253332,11.34,6.64,5.3,5.680786,2.4284415,1.7599885,5.459564,,3.74,3.61,39.481796,25.352427,3.7,87.05132,7.31,8.795127,13.211634,31.362804,2.4137995,50.836926,84.0,81.12,5.9026594,2.76
2026-02-12,24.49,3.68,8.159145,88.19363,5.035417,3.93,9.629629,7.2227807,28.751652,1.585,50.48435,24.275673,4.43469,67.779465,1.244716,31.983837,39.439682,7.876787,8.725691,25.15586,24.445162,3.3684604,6.31,52.45731,25.073267,3.5109637,1.2425175,11.227639,5.893875,1.855,51.11849,,1.72,6.7372675,1.0948625,33.78923,28.358652,3.5962472,22.665283,25.150127,3.31,173.45235,12.023568,35.200436,8.282927,22.738491,5.6009235,3.0729084,10.234193,3.589893,14.000924,1.9083467,7.5877376,242.57716,21.533087,29.421606,2.807965,3.8134627,0.34,16.8,150.25331,,3.03,2.3670492,7.69,4.9537454,,2.2072372,,21.626045,3.2307258,7.7622113,3.07,4.0564804,9.357836,5.42,6.1257915,2.47,20.642527,3.714486,6.930342,7.81,6.85,6.14,15.848563,12.442531,3.15,1.8891903,14.106115,20.995628,32.935417,4.3996234,13.07,7.2,30.158012,5.5860486,,4.8810678,1.5433391,20.266893,1.2413094,4.294014,0.8,3.2462223,79.50955,6.3185296,6.5124354,4.9150586,4.62,9.497264,8.71,5.5141926,3.7149196,4.463143,2.3316753,3.3990955,5.8,7.360173,77.474915,1.85,37.25,,1.5924066,5.4789867,3.850203,6.01,4.3851895,151.95,28.678734,,1.745,16.0,64.04,7.9493585,1.8781008,0.415,53.59,29.811655,10.644218,4.3960633,214.37889,2.45,3.2369804,45.551765,3.7,23.292517,1.0794029,171.92085,13.57,4.6427493,6.2464414,1.0,2.75,29.150745,2.05,5.384688,22.108934,37.223904,16.6,1.45,13.307736,1.28,2.1595435,11.216049,25.446028,0.915,12.34,4.43,128.64485,13.259342,17.22624,4.82,0.925,16.538618,2.6038206,5.8001704,14.22,10.23645,18.584116,4.798208,165.91975,14.873987,2.20383,37.181633,162.20673,35.67999,4.65543,8.228372,1.445,3.9859493,4.465092,3.6414125,4.288559,3.84,17.094728,19.57,48.890484,21.363182,4.918375,0.135,21.208452,3.0276556,7.995441,2.36,7.04,2.530083,37.627907,1.7941364,,2.9268656,6.5477524,0.1,14.266676,15.250072,0.8578037,13.544795,5.0645504,4.7824,9.08,21.64246,3.7155554,7.64,6.48,5.29,5.7399607,2.4189184,1.7305738,5.3030176,,3.7,3.63,40.19751,25.615095,3.61,86.745155,7.34,8.536447,13.358321,31.817194,2.3944893,47.473743,76.92,75.54,6.0108747,2.6
2026-02-13,22.02,3.52,8.111544,86.26079,4.8761945,3.68,9.876058,7.123566,28.368952,1.575,47.959633,23.77096,4.39646,67.98324,1.3565459,30.925951,39.967503,7.5944653,8.813143,24.10078,23.953306,3.4752414,4.87,52.765656,24.193329,3.4818673,1.21716,11.149737,5.8743267,1.775,50.17639,,1.63,6.623558,1.0651377,31.613447,28.505283,3.5962472,22.970903,24.648697,3.32,170.98747,11.722735,34.02709,8.196043,22.03626,5.143299,3.1215303,9.8417015,3.6188438,13.194327,1.8792115,7.5584035,196.73596,21.621336,29.170221,2.7595515,3.8134627,0.34,15.98,148.10104,,2.86,2.337461,7.53,4.9537454,,2.1486382,,21.162136,3.210966,7.5750513,3.03,3.9996133,8.563302,5.32,6.0191717,2.42,19.869287,3.7242095,6.8526917,7.38,6.37,5.86,15.26524,12.393233,3.09,1.7720313,13.898381,20.587946,30.853407,4.110306,12.47,6.87,30.87464,5.50833,,4.9103546,1.6631637,19.23114,1.2654593,4.4207745,0.775,3.0408888,76.22444,6.017647,6.579475,4.8058357,4.58,9.507189,8.38,5.3748446,3.7149196,4.3839736,2.3022842,3.247181,5.55,6.89832,74.764366,1.8,36.54,,1.4990246,5.3117647,3.7914212,5.72,4.204455,138.03,27.693176,,1.655,15.97,63.75,7.7194977,1.8537731,0.395,52.2,28.699131,10.354448,4.3960633,212.43312,2.38,3.1691396,45.033016,3.57,18.093555,1.0459702,168.60107,12.75,4.6427493,6.2464414,0.975,2.75,28.13905,1.92,5.335468,21.186905,36.266376,16.05,1.38,13.799887,1.245,2.1497717,11.781729,25.475649,0.885,11.68,4.23,117.89452,13.123944,16.009115,4.83,0.92,16.403452,2.5939949,5.661363,13.72,10.119239,18.498652,4.798208,156.90765,14.485451,2.20383,36.577457,163.11002,34.026936,4.486683,8.100724,1.43,3.9066272,4.366307,3.6999874,4.1707954,3.46,15.553159,18.88,47.569656,20.985601,4.976125,0.13,20.796448,3.0078022,7.822254,2.34,6.65,2.415513,37.479572,1.7602848,,2.8774254,6.4325423,0.097,13.787536,15.26923,0.843014,13.681612,5.0645504,4.8412004,8.76,20.116516,3.7155554,7.6,6.45,5.24,5.532849,2.447488,1.6717441,5.136687,,3.51,3.51,39.726902,25.08003,3.48,86.60689,7.16,8.556345,12.742234,31.55049,2.4041445,42.53376,73.49,69.55,5.971524,2.38
2026-02-16,23.51,3.8,8.663737,84.098785,4.866243,3.3,9.942403,7.0938025,28.12363,1.755,49.01902,23.573032,4.386903,68.66249,1.3468217,32.112366,38.735928,7.7356267,8.842294,24.647858,24.622229,3.4461193,5.82,52.45731,24.766771,3.7243373,1.2280276,10.906294,5.9036493,1.775,49.420753,,1.65,6.5667033,1.075046,32.120136,27.733023,3.693443,23.286385,25.31727,3.49,173.00595,11.829482,34.06686,8.128467,22.669258,5.103506,3.111806,9.83189,3.667095,13.383529,1.9326259,7.6561832,198.0,21.631144,30.639853,2.8370128,3.8812149,0.32,16.13,150.23355,,3.57,2.3670492,7.55,5.002503,,2.197471,,20.856153,3.2307258,7.5947523,3.16,3.9332693,8.857574,5.07,6.106406,2.37,19.918228,3.7242095,6.872104,7.49,6.44,6.3,15.018069,12.580563,3.03,1.7915578,13.848921,19.617275,30.833578,4.24,12.63,7.38,31.053795,5.6054783,,4.949403,1.7542303,19.041918,1.2702894,4.4366193,0.795,3.0604446,79.718605,6.095294,6.6369376,5.0044236,4.6,9.239241,8.27,5.3748446,3.7647173,4.423558,2.3512692,3.2566755,5.71,6.9769335,80.34147,1.85,36.27,,1.5235988,5.5281696,3.8404062,5.64,4.2710414,143.0,28.151804,,1.7,15.93,62.55,7.74823,1.887832,0.41,51.6,29.289852,10.547628,4.4156885,213.25859,2.42,3.1497564,44.573,3.58,18.044601,1.036418,173.0773,12.9,4.6919312,6.2464414,0.975,2.76,28.228315,1.99,5.394532,21.98005,37.104214,16.18,1.385,13.7408285,1.31,2.14,11.547655,25.386782,0.875,11.84,4.31,116.647964,13.162629,15.655757,4.98,0.925,16.403452,2.6627748,5.6712775,13.87,10.177845,18.584116,4.9565,161.51295,14.495413,2.2329555,36.943924,156.39304,34.76384,4.556167,8.130181,1.44,3.8173892,4.356428,3.7195125,4.180609,3.66,16.790342,18.9,46.904274,21.144583,5.0916247,0.125,21.051497,2.9879487,7.9377117,2.4,6.67,2.4441555,37.03456,1.7699567,,2.9070895,6.4325423,0.1,13.953768,15.278809,0.843014,13.750019,5.0546975,4.851,8.63,21.243519,3.7253332,7.64,6.38,4.97,5.453949,2.447488,1.6962564,5.293233,,3.62,3.67,39.815144,25.138401,3.41,87.61429,7.26,8.546396,12.859584,31.570244,2.4234548,48.012653,79.06,70.68,5.9813614,2.51
2026-02-17,23.36,3.76,9.206411,82.70395,4.925951,3.53,9.895013,7.113645,27.80962,1.785,49.038822,23.602722,4.406018,68.40049,1.3565459,31.76633,38.47202,7.8109126,8.871444,24.481781,24.691088,3.4267046,5.84,52.640392,25.06338,3.8213253,1.2425175,11.0718355,5.913424,1.755,51.756367,,1.595,6.585655,1.0700918,31.265718,27.371328,3.693443,23.296242,25.179623,3.41,172.76334,11.907117,34.11658,7.9353914,22.55057,4.994074,3.0729084,9.861326,3.5995433,13.403445,1.9374816,7.636627,197.3186,21.621336,30.098684,2.807965,3.852178,0.32,15.63,149.63132,,3.58,2.3670492,7.48,4.992751,,2.197471,,20.984468,3.2702453,7.6144533,3.25,4.0849133,8.828147,4.88,6.116099,2.3,19.888863,3.7339332,6.8818107,7.57,6.39,7.16,14.74124,12.787609,3.01,1.7427415,13.7401085,19.510502,30.308119,4.3796706,12.52,7.17,30.615856,5.6929126,,4.9103546,1.6871285,19.420364,1.2654593,4.4207745,0.815,2.9919999,81.46071,6.153529,6.685667,5.0143533,4.59,9.159848,8.15,5.2753105,3.7846365,4.4136624,2.361066,3.2092023,5.68,6.937627,86.87409,1.895,35.99,,1.4793653,5.705229,3.869797,5.62,4.2329917,140.19,29.19591,,1.7,15.05,63.29,7.78654,1.8781008,0.42,52.02,29.112635,10.547628,4.4353137,214.58527,2.41,3.1691396,44.377247,3.6,18.465609,1.0268657,172.09033,12.8,4.6132407,6.2464414,0.96,2.77,28.000189,2.07,5.4339085,22.128763,36.665344,15.98,1.395,13.68177,1.28,2.1204567,11.518395,25.564518,0.89,11.88,4.32,125.61321,13.201314,15.802991,4.85,0.955,16.403452,2.5841691,5.5721297,14.53,10.314592,18.821522,4.9466066,161.20528,13.857814,2.2135384,36.6765,156.6621,34.923172,4.476757,8.169457,1.41,3.470354,4.386064,3.690225,4.2787457,3.76,16.240484,18.82,46.497105,20.290054,4.928,0.115,21.02207,2.9978755,7.966576,2.42,6.47,2.453703,36.87634,1.7796286,,2.7587686,6.4037404,0.098,14.247119,15.307547,0.8528738,13.701158,5.0842566,4.851,8.84,21.662405,3.7448888,8.0,6.38,4.74,5.3651867,2.447488,1.6913539,5.381291,,3.6,3.61,39.9426,25.128672,3.46,87.88096,7.08,8.466802,12.879143,31.570244,2.3944893,47.24421,78.5,70.47,5.961686,2.61
2026-02-18,23.73,3.97,9.225451,81.54822,5.1448827,3.49,9.951881,7.193016,28.31989,1.67,50.15762,23.69179,4.47292,67.90562,1.3565459,32.57705,38.34495,7.8391447,8.968612,25.009321,24.966526,3.4169972,5.84,52.794567,25.537952,3.8601205,1.2425175,11.0718355,5.9329724,1.76,51.31476,,1.65,6.595131,1.0899084,32.159874,28.094713,3.712882,23.16808,25.592566,3.66,173.94342,12.149723,34.444717,8.591846,23.312147,5.143299,3.1020815,9.998697,3.628494,13.353655,1.9908959,7.6952953,195.39291,21.719393,30.452904,2.8176477,3.8908935,0.31,13.44,150.79631,,3.4,2.3867745,7.61,4.943994,,2.1681712,,21.320063,3.2702453,7.6144533,3.28,4.103869,9.043946,4.87,6.532885,2.4,20.427195,3.7631047,6.949755,7.88,6.36,7.39,14.424861,12.965077,3.0,1.8501372,13.710431,19.607569,30.823664,4.649035,12.3,6.96,30.904497,5.6929126,,4.959165,1.6584843,20.137423,1.2702894,4.5554576,0.76,3.0800002,85.8508,6.192353,6.6466837,4.9944944,4.61,9.28886,8.3,5.544053,3.8443937,4.5522075,2.390457,3.2092023,5.83,6.98676,85.49932,1.81,35.45,,1.5088544,5.7544117,3.8991878,5.74,4.309091,140.24,30.25953,,1.805,15.51,64.48,8.734716,1.9851428,0.425,53.75,29.309544,10.798762,4.700255,215.80383,2.44,3.1982143,46.139023,3.6,19.111807,1.0459702,173.31657,13.01,4.5738955,6.559742,1.015,2.76,27.791899,2.11,5.542193,25.132803,37.184006,16.37,1.48,13.701456,1.27,2.1888585,11.635432,25.732382,0.91,12.54,4.42,122.66136,13.452768,16.411552,4.85,0.975,16.876535,2.6627748,5.4729815,14.37,10.412268,18.72656,4.9960732,162.50548,13.728301,2.2329555,36.577457,158.73773,35.809444,4.3675675,8.24801,1.435,3.3513706,4.336671,3.7390375,4.3572545,3.81,15.808451,18.95,47.192276,21.542036,4.9857497,0.125,20.835686,2.9680953,8.18787,2.86,6.93,2.5014403,37.568573,1.736105,,2.8477612,6.365337,0.098,14.374238,14.637003,0.8824532,13.8672905,5.4389725,4.8608003,8.88,23.437687,3.793778,8.53,6.52,4.72,5.3060117,2.4284415,1.7256713,5.4204273,,3.79,3.61,40.001423,25.235685,3.54,88.15749,7.04,8.397157,12.752014,31.55049,2.4524205,47.95277,79.88,72.13,5.9026594,2.82
2026-02-19,24.24,3.74,9.168328,84.67664,5.2145424,3.4,10.027705,7.2723875,28.653526,1.68,49.830894,24.374634,4.492035,68.749825,1.3322351,33.130707,39.166,7.8485556,8.754842,25.722479,24.897667,3.3781679,5.97,52.91983,25.439083,3.9377108,,11.139999,6.069812,1.77,52.237225,,1.68,6.6330338,1.1196331,32.16981,28.3,3.7226017,24.03565,25.228783,3.63,175.23167,12.324399,34.355225,8.784923,22.23407,5.1234026,3.0923572,10.204755,3.628494,13.532899,1.9811842,7.910412,197.44699,21.444838,30.718565,2.807965,3.8715358,0.325,14.12,152.22786,,3.47,2.4065,7.99,4.983,,2.2267704,,21.576693,3.2702453,7.6932573,3.16,4.122824,9.1028,4.86,6.4359584,2.56,21.141706,3.7825525,7.007993,7.8,6.45,7.38,14.7709,12.984797,3.07,1.8891903,13.987411,19.714342,31.507753,4.838588,12.8,7.09,29.680262,5.654053,,4.8517814,1.6780534,20.286812,1.2557994,4.5316896,0.735,3.0604446,98.0057,6.192353,6.783126,5.1136475,4.64,9.368252,7.9,5.6137266,3.9041514,4.492831,2.390457,3.6174734,5.98,6.967107,83.67603,1.82,35.59,,1.6562994,5.7347383,3.8991878,5.33,4.318603,140.0,26.385609,,1.73,15.61,67.16,8.993311,1.9462185,0.42,54.09,30.254694,10.566946,4.4353137,219.14505,2.42,3.1982143,47.254818,3.77,19.092226,1.0411941,175.7092,13.08,4.672259,6.422673,1.035,2.77,28.129131,2.11,6.0245504,26.649693,37.12416,16.88,1.43,13.790044,1.235,2.2474885,11.840247,25.070805,0.93,13.23,4.38,128.80441,13.520467,16.598047,4.87,1.005,17.040667,2.7217293,5.6117887,14.74,10.490408,19.049433,5.005966,161.8008,13.827927,2.20383,37.142014,161.96649,36.35714,4.476757,8.287286,1.425,3.3612857,4.356428,3.6999874,4.3474407,3.8,16.152113,18.97,47.480278,21.631464,4.841375,0.12,22.895712,2.9581685,8.303328,2.85,7.17,2.5969152,37.58835,1.7747927,,2.8477612,6.7205667,0.097,14.286233,14.608266,0.9021729,13.564341,5.4980917,5.0372,9.13,24.62453,3.8524444,8.69,6.52,4.72,5.3651867,2.447488,1.7501836,5.6356792,,3.81,3.6,41.070087,26.36419,3.63,83.19949,7.12,7.9892383,13.035609,31.570244,2.4041445,48.86093,80.55,75.99,6.0207124,1.85
2026-02-20,23.84,3.88,9.006478,84.49731,5.204591,3.28,10.046661,7.4807367,28.437641,1.685,47.524,24.315256,4.5684958,68.70131,1.3225108,32.9132,39.781788,7.8391447,8.881161,24.980013,24.622229,3.358753,6.3,52.299347,25.271006,3.8892171,,11.05,6.392362,1.805,52.33536,,1.715,6.6898885,1.1295413,32.388382,28.25,3.7517605,23.877909,25.01248,3.51,176.6871,12.304991,34.494434,8.678731,21.996696,5.0438156,3.1020815,10.194943,3.628494,13.244118,1.9714725,7.9201903,196.2817,21.10164,30.95471,2.7692342,3.861857,0.305,14.07,151.31956,,3.51,2.3571866,7.92,4.9634967,,2.1388717,,21.7741,3.2900052,7.6834073,3.22,4.0564804,8.926238,4.77,6.4844217,2.65,20.162924,3.7631047,7.056525,7.29,6.45,7.32,14.879655,13.034094,2.98,1.8257291,13.858813,19.452263,31.38878,4.649035,13.0,6.87,30.177917,5.673483,,4.89083,1.687838,17.45841,1.2654593,4.6029925,0.69,2.9919999,97.05998,6.172941,6.900076,4.9349174,4.64,9.199545,7.9,5.4743786,3.8842323,4.5126233,2.0671573,3.5035372,5.93,6.9278,82.67176,1.78,35.01,,1.7054478,5.724902,3.8306093,5.2,4.3566523,136.32,25.575693,,1.62,15.68,67.19,8.955001,1.9462185,0.42,51.25,30.028252,9.320934,4.3862505,215.59746,2.41,3.1691396,47.29397,3.74,18.318745,1.0220896,167.08574,13.07,4.682095,6.3933015,1.015,2.76,28.099375,2.08,6.231275,25.648348,37.154083,17.64,1.36,13.701456,1.23,2.2181735,11.898766,24.43885,0.895,13.95,4.18,126.161705,13.607509,16.35266,4.89,0.92,16.818607,2.7708578,5.82,14.65,10.363429,20.397896,5.005966,160.78842,13.887701,2.20383,38.25132,156.92155,36.14802,4.476757,8.316744,1.435,3.3811164,4.336671,3.7195125,4.396509,3.62,15.975372,18.84,47.371037,21.56191,4.8702497,0.125,22.92514,2.9184616,8.341813,2.76,7.01,2.510988,37.519123,1.7941364,,2.7785447,6.662962,0.099,14.227563,14.866904,0.8725934,13.916153,5.4980917,5.0078,10.43,24.684372,3.8133335,8.47,6.51,4.85,5.394774,2.4284415,1.7354761,5.56719,,3.71,3.57,41.707367,26.685228,3.52,82.95258,7.27,7.770355,13.094284,30.849146,2.4137995,47.004692,77.54,74.0,6.001037,1.78
2026-02-23,22.75,3.93,8.987437,84.3379,5.0652714,3.09,9.7718,7.5105014,27.829247,1.695,46.50421,24.048056,4.5015926,68.74011,1.2836134,32.29,38.87277,7.660341,8.861727,24.608782,24.169722,3.300509,5.61,51.62192,24.826094,3.9183133,,10.86,6.1675544,1.79,53.012493,,1.66,6.6140823,1.0948625,31.345198,28.28,3.693443,24.173674,24.442226,3.4,175.56602,11.810074,34.494434,8.920074,20.770262,5.2129374,3.0826328,9.998697,3.589893,13.941176,1.9180583,8.008191,192.9636,21.278143,30.521778,2.7789168,3.8231416,0.285,14.12,145.50452,,3.82,2.347324,8.28,4.973248,,2.0314395,,21.675396,3.220846,8.047876,3.05,4.14178,7.6412516,4.93,6.445651,2.64,20.30974,3.7242095,6.9400487,7.26,6.66,7.75,15.403656,12.77775,2.96,1.8599005,13.591726,19.39402,32.62807,4.369694,13.83,7.24,29.10298,5.7123423,,4.822495,1.653592,18.962244,1.2461394,4.547535,0.685,2.8942223,91.07711,6.095294,6.783126,4.6668234,4.66,9.209468,8.04,5.2753105,3.9838278,4.463143,2.1161423,3.4845479,5.85,6.829533,81.13123,1.745,34.81,,1.6562994,6.226568,3.7914212,5.07,4.042745,135.11,25.21465,,1.67,15.86,63.92,8.42,1.941353,0.53,53.8,30.146397,7.6885643,4.3666253,210.42839,2.35,3.1885228,46.853523,3.64,18.044601,1.0125372,175.30045,12.6,4.6427493,6.3835106,0.955,2.77,29.061478,2.05,6.201743,24.59743,37.024418,17.36,1.565,13.140406,1.265,2.208402,11.7719755,24.142622,0.94,13.42,4.37,114.98257,13.075588,15.400554,5.31,0.905,16.577238,2.3876543,5.9786377,14.37,10.265754,21.110113,4.9861794,157.8307,15.820423,2.20383,37.60753,154.8075,36.088272,4.8440294,8.738962,1.445,3.3612857,4.386064,3.6999874,4.3572545,3.33,15.896821,19.67,47.14262,21.989172,4.8702497,0.12,22.581802,2.9482417,8.197492,2.73,6.84,2.6828425,36.817,1.7893004,,2.8180969,6.6483045,0.097,14.002659,14.334213,0.8479439,14.023652,5.4291196,5.0372,9.61,23.407766,3.7742221,7.87,6.36,4.68,5.6216106,2.4108725,1.6962564,5.6846,,3.78,3.52,41.21715,26.36419,3.32,81.560005,7.57,7.730558,12.820468,30.928171,2.4137995,44.539696,75.28,73.32,5.922335,1.71
2026-02-24,21.76,3.6,8.996958,85.991776,5.085174,3.0,9.84943,7.5204225,28.12363,1.685,45.573532,24.681421,4.539823,69.40874,1.215543,32.24,38.599087,7.472126,8.890877,24.139856,21.012018,3.3102162,4.91,51.09176,23.491358,3.9668074,,10.78,6.1181345,1.78,53.728878,,1.615,6.585655,1.0998166,30.629873,28.4,3.7226017,24.489153,23.527855,3.28,175.53653,11.402495,34.395,8.81698,20.661465,5.2527313,3.1312547,9.939825,3.5802429,13.7221,1.8792115,7.988636,190.59352,21.444838,30.15772,2.7982824,3.9005725,0.315,14.22,143.1548,,3.59,2.3571866,8.27,5.2950463,,2.0119066,,21.389154,3.2900052,8.205484,3.01,4.233473,7.0134726,5.14,6.3681097,2.62,19.673532,3.743657,6.920636,7.82,6.89,7.33,15.532185,12.797468,2.97,1.894072,13.13669,19.607569,32.925503,4.090353,13.47,7.2,28.356495,5.7706313,,4.8420196,1.653592,17.986244,1.2509694,4.262324,0.67,2.7573333,92.14228,6.0079412,6.5589705,4.567529,4.66,9.209468,8.35,5.6933537,4.262696,4.304805,2.0475633,3.4655585,6.11,6.652653,81.24824,1.695,34.99,,1.6268104,6.265915,4.08533,4.99,3.9951832,137.11,24.287638,,1.815,15.78,63.07,8.32,1.9754118,0.595,57.29,31.9284,7.128342,4.3371873,202.92046,2.3,3.178831,47.342907,3.28,17.643175,1.0173135,172.51901,12.24,4.8198037,6.22686,0.985,2.78,29.517733,2.03,6.3395596,23.992657,36.2963,17.41,1.73,13.071504,1.225,2.2572603,11.810987,23.708155,0.915,13.41,4.72,107.85225,12.824135,14.791991,5.4,0.93,16.393797,2.3483515,5.829915,14.24,10.177845,20.76825,4.9861794,151.75647,16.577572,2.1941216,37.48867,153.09702,36.377056,4.834103,8.817514,1.395,3.3017938,4.4552135,3.6609375,4.121727,2.94,15.54334,20.04,47.668964,22.21771,4.83175,0.125,22.40523,2.978022,7.92809,2.72,6.76,2.6446526,36.579666,1.8231521,,2.8180969,6.6777215,0.099,13.650638,14.208304,0.8380841,14.023652,5.37,5.145,9.03,22.5301,3.8231113,7.35,6.15,4.5,5.661061,2.401112,1.8335258,5.73,,3.9,3.53,41.815216,26.99654,3.23,81.09,7.7,7.8996954,12.664001,31.155367,2.4041445,42.90301,71.84,70.88,6.0207124,1.6
2026-02-25,23.06,3.69,9.054082,86.93828,5.0652714,3.05,9.684464,7.5105014,27.230661,1.755,46.3458,25.037687,4.6258407,68.72046,1.2349917,32.02,38.7848,7.4533043,8.803427,23.573238,23.963144,3.300509,4.93,51.278297,23.352942,3.976506,,10.81,6.147786,1.83,55.45605,,1.725,6.6046066,1.08,30.381496,28.37,3.7323213,24.745481,24.176764,3.41,175.71353,11.674214,34.36,8.728616,21.235119,5.3124213,3.1020815,9.61602,3.5802429,13.742017,1.8646439,7.685518,194.54364,21.39581,29.892057,2.7692342,3.8715358,0.315,14.68,143.2634,,3.76,2.3670492,8.61,5.0610113,,2.0119066,,19.02026,3.299885,8.382794,3.39,4.223718,6.925191,5.48,6.4165726,2.76,19.585442,3.7922761,6.98858,8.12,7.0,8.3,16.036411,12.77775,2.96,2.0307574,12.711331,20.519999,33.54019,4.24,13.42,7.29,28.286823,5.8289204,,4.8517814,1.7074071,17.92649,1.2461394,4.959507,0.675,2.7475555,94.96947,6.0758824,6.4322743,4.5576005,4.67,9.070533,8.72,6.1313043,4.2228575,4.3938704,2.0377665,3.57,6.59,7.2913866,81.96,1.715,35.7,,1.607151,6.4528103,4.349848,5.05,3.957134,133.32,24.4828,,1.985,17.03,65.01,8.45,1.9559495,0.635,58.13,30.205467,7.8237906,4.3469996,203.53955,2.35,3.2079058,48.057404,3.38,17.848783,1.0173135,174.42316,12.71,4.741113,6.138744,1.005,2.77,30.142605,2.1,6.3494034,25.162544,36.685295,18.06,1.82,13.7802,1.235,2.2865753,11.781729,23.885891,0.95,13.95,4.85,115.91,12.911177,15.1944275,5.69,0.94,16.557928,2.4171314,5.998467,14.26,10.402499,20.787241,4.966393,154.51569,15.820423,2.20383,37.80562,156.31616,35.381245,4.724914,9.249554,1.47,3.3216245,4.524363,3.6707,4.21005,3.25,15.778994,20.48,47.460415,22.5158,4.841375,0.125,22.699518,2.9680953,7.9858193,2.82,7.28,2.6351051,36.668667,1.83766,,2.8675373,6.6875277,0.105,13.7582,14.324528,1.0352803,13.886836,5.4,5.09,9.2,23.367872,3.8231113,7.59,6.15,4.64,5.670923,2.3913515,1.7060614,5.82,,4.02,3.56,42.10934,27.473236,3.21,79.99,7.81,7.8399997,12.752014,35.195488,2.3944893,47.643402,75.76,72.39,6.0600634,1.75
2026-02-26,24.01,3.72,9.17785,90.09659,5.085174,3.03,9.519499,7.5700297,27.230661,1.72,46.642822,25.215822,4.702301,67.11774,1.2836134,32.33,39.078033,7.434483,8.803427,23.661161,24.494347,3.3199236,5.12,51.769188,24.143894,3.9862049,,10.93,6.187322,1.795,56.672924,,1.7,6.6519856,1.08,31.494226,27.71,3.7517605,24.568024,24.894495,3.57,174.32695,11.742145,36.24,8.718797,21.541729,5.3124213,3.111806,9.645456,3.628494,13.941176,1.835509,7.7735195,196.19283,21.758615,29.842861,2.7789168,3.8908935,0.325,14.84,144.16182,,3.6,2.5445778,8.48,5.0805144,,2.0509727,,20.569912,3.3097649,8.363092,3.69,4.252982,6.9938545,5.67,6.474729,2.64,19.653955,3.802,7.182708,8.2,6.94,8.54,16.214375,13.004515,2.95,2.1088636,12.553058,20.238506,34.19454,4.668988,13.49,7.21,28.625229,5.9260693,,4.9005923,1.7465453,19.320772,1.2557994,4.808979,0.69,2.8355556,95.81563,6.143823,6.451766,4.9051294,4.68,9.179697,8.93,6.1611648,4.202938,4.572,2.0279696,3.54,6.72,7.42896,81.94,1.705,34.51,,1.5580027,6.698725,4.467411,5.02,3.9190845,135.38,24.102238,,1.815,17.24,66.84,8.54,1.9754118,0.665,60.46,31.948092,8.809008,4.38,205.92755,2.42,3.246672,47.99868,3.25,18.211046,1.0125372,175.0612,13.44,4.623077,6.2464414,1.015,2.78,29.378874,2.05,6.4281564,25.588861,36.74514,17.61,2.03,14.114862,1.235,2.14,11.674445,23.846394,0.95,13.36,5.25,127.6,12.949862,15.626311,5.75,0.98,17.93856,2.39748,5.7605114,14.31,9.445274,20.578325,4.9565,159.35919,15.69091,2.20383,41.71791,162.04337,35.431038,4.5660934,9.092449,1.49,3.2918785,4.5441203,3.7390375,4.3866954,3.49,16.33867,20.45,46.159447,22.058727,4.879875,0.125,23.297907,2.9184616,8.438028,2.9,6.91,2.57,37.192787,1.8424958,,2.8576493,6.628693,0.095,14.91205,14.285787,1.0106308,13.877063,5.46,5.14,10.2,24.863895,3.9600003,8.05,6.38,4.6,5.720236,2.4108725,1.7060614,5.84,,3.99,3.53,41.883842,27.181381,3.24,80.06,7.63,7.75,11.451386,35.906708,2.4717307,48.900852,82.3,73.65,5.5484996,1.845
2026-02-27,24.57,4.0,9.263534,88.60212,5.05532,3.04,9.59713,7.6196365,27.642801,1.75,47.603207,25.354372,4.5876107,66.70476,1.2836133,32.46,39.13668,7.434483,8.939461,23.44624,25.281313,3.3199236,5.17,51.994995,25.053493,4.025,0.87,10.71,6.20709,1.825,57.320614,,1.635,6.6330338,1.095,31.702862,28.0,3.7517605,24.725763,26.074331,3.56,171.72093,11.819778,35.51,8.767889,21.828556,5.342266,3.1215303,9.861326,3.628494,14.658151,1.8306531,7.8321877,196.52858,20.160303,30.49226,2.7885997,3.9199302,0.315,14.7,144.8924,,3.61,2.5149896,8.51,5.0978036,,2.0119066,,20.06652,3.2801251,8.461598,3.62,4.213964,6.8369093,5.8,6.503807,2.63,19.59523,3.802,7.0468187,8.16,7.08,8.98,16.392338,13.112968,2.95,2.0991004,12.760791,20.519999,34.164795,4.639059,13.81,7.43,28.804386,5.9843583,,4.9396405,1.7954682,19.22118,1.2606293,4.769366,0.685,2.7182221,97.358635,5.590588,6.4907494,4.6271057,4.67,9.308709,8.62,6.718556,4.232817,4.56,2.0181725,3.58,6.72,7.3306932,82.13,1.725,34.22,,1.518684,6.934804,4.4380207,4.96,4.056269,134.21,23.350872,,1.705,18.98,67.89,8.46,1.9948739,0.69,60.98,31.908709,8.490261,4.38,209.78961,2.24,3.1982143,47.979107,3.42,18.26,1.0077611,176.65628,13.05,4.6132407,6.275813,1.01,2.78,30.0335,2.06,6.4379997,25.55912,37.742565,18.03,1.915,13.662085,1.29,2.14,11.849999,24.112999,0.98,13.39,5.19,130.0,12.998218,15.43,5.75,0.965,17.899942,2.3090482,5.9488926,14.98,9.718767,20.635302,4.9565,165.14558,15.601249,2.2426639,42.65884,160.79414,35.918983,4.556167,9.269192,1.485,3.3017938,4.5441203,3.729275,4.3180003,3.6,16.26012,20.19,46.377934,21.820253,4.918375,0.125,23.376383,2.819194,8.4861355,2.95,6.9,2.64,37.825687,1.8570037,,2.8675373,6.628693,0.097,15.185844,14.169563,1.0550001,14.01388,5.51,5.18,10.0,26.000872,3.8524444,8.24,6.44,4.54,5.7991357,2.3913515,1.7354761,5.86,,3.74,3.49,41.707367,27.541334,3.23,79.62,7.75,7.81,11.089559,35.560974,2.4620755,47.443806,83.14,94.15,5.7649307,1.91
2026-03-02,24.72,4.22,9.35874,90.21615,4.965757,2.94,9.538906,7.6196365,28.516144,1.785,46.76163,25.770018,4.578053,66.96041,1.2589285,32.26,38.4427,7.347586,9.104647,22.860083,24.533695,3.3102162,5.36,52.279713,25.033718,4.09,0.765,10.59,6.276277,1.84,58.144947,,1.815,6.557228,1.145,31.166368,27.54,3.76148,24.91308,25.07147,3.53,170.60971,11.635397,37.13,8.50279,21.719759,5.411905,3.1215303,9.802452,3.6188438,15.464747,1.8403648,7.7832975,193.25986,20.915335,30.393866,2.7789168,3.9586456,0.3,14.47,145.42554,,3.39,2.4952643,8.73,5.0286474,,1.982607,,19.04,3.408564,8.501,3.86,4.3310184,6.6407285,5.73,6.474729,2.64,19.399471,3.928409,7.1244698,8.1,7.09,9.21,17.47,12.974937,2.91,2.1283903,12.03867,20.5,34.40274,4.639059,14.45,8.06,28.734715,6.091222,,4.9005923,1.8101451,19.061834,1.2606293,4.7931337,0.67,2.64,95.477165,5.512941,6.5297327,4.438447,4.68,9.33848,8.3,6.708602,4.262696,4.49,2.0377665,3.58,6.84,7.1734667,81.58,1.665,33.69,,1.7496812,7.2102284,4.624162,4.87,3.8920875,124.85,22.902004,,1.72,20.0,61.98,,1.9559495,0.72,59.7,32.105618,8.026629,4.4,196.40506,2.07,3.227289,46.60883,3.39,17.95,0.98865664,186.91466,13.77,4.672259,6.275813,1.015,2.78,31.471695,2.17,6.300184,24.647001,37.363544,18.01,1.835,13.140406,1.39,2.17,11.95,24.38948,1.005,13.56,5.15,125.62,12.920847,15.27,5.89,0.935,17.75512,2.3778286,6.226508,15.58,9.191317,20.644798,4.9565,164.56,15.581324,2.223247,42.71827,162.82173,35.590366,4.754693,9.583403,1.64,3.26,4.692298,3.7585623,4.33,3.32,15.828089,20.53,46.119724,21.86,4.8125,0.12,23.405813,2.7298534,8.736294,2.93,6.91,2.84,37.50924,1.8715115,,2.8279848,7.069952,0.1,15.469419,14.121137,1.07,14.199558,5.51,5.23,9.76,24.893814,3.911111,7.97,6.35,4.59,5.8780355,2.3913515,1.7943059,5.85,,3.67,3.63,40.98185,29.418932,3.02,80.08,8.05,7.94,11.050442,36.232685,2.4427652,45.198357,79.97,89.16,6.089577,1.75
2026-03-03,20.36,4.41,9.292096,89.179985,4.896097,2.9,9.500091,7.4807367,29.418926,1.725,45.603237,25.324682,4.549381,65.6625,1.2046218,31.87,38.51112,7.048276,9.026913,21.57054,23.638521,3.2713866,5.16,52.024452,23.629774,4.12,0.715,10.68,6.216974,1.815,56.62386,,1.9,6.623558,1.155,29.954287,26.9,3.712882,24.646893,24.570042,3.29,171.09157,11.538355,37.58,8.286783,21.24501,5.2527313,3.0923572,9.302027,3.5609424,15.175965,1.7869506,7.8126316,190.21825,20.944752,30.059326,2.7305038,3.9102511,0.3,13.3,143.39175,,3.41,2.505127,8.36,4.949612,,1.8898249,,18.04,3.4480836,8.33,3.62,4.252982,6.7192006,5.43,6.377802,2.7,19.399471,3.8700664,7.1730013,7.6,6.88,9.42,16.87,12.62,2.92,2.0698104,11.821043,19.58,33.877277,4.489412,13.75,8.13,28.037994,5.9649286,,4.744398,1.790576,18.663467,1.2268194,4.808979,0.66,2.56,94.94955,5.3867645,6.4420204,4.2200003,4.69,9.130076,7.8,6.549348,4.282615,4.51,2.0181725,3.59,6.97,7.2422533,78.94,1.61,32.63,,1.7791703,7.0626793,4.516396,4.85,3.853456,129.3,21.935963,,1.565,19.04,62.6,10.31,1.9267564,0.73,56.04,31.790565,7.804472,4.4,193.07367,2.01,3.1885228,46.628407,3.24,17.24,0.95044774,183.14082,12.56,5.01653,6.197488,0.985,2.78,30.46,2.21,6.418312,24.300001,36.81496,18.32,1.865,13.288051,1.375,2.07,11.99,23.520542,0.99,13.61,4.8,114.28,12.64038,15.35,5.71,0.905,17.349619,2.3286996,6.0182967,15.63,9.025268,20.511852,4.96,161.58,15.362149,2.1941216,42.183426,158.91069,35.83932,4.476757,9.367383,1.625,3.16,4.514485,3.690225,4.25,3.23,15.4844265,19.46,46.08,21.27,4.706625,0.12,23.19,2.71,8.6497,2.89,6.72,2.83,37.647682,1.832824,,2.7488806,7.1385922,0.1,15.136952,13.937117,1.05,14.1409235,5.45,5.21,9.87,24.704319,3.9600003,7.41,6.24,4.51,5.670923,2.352309,1.8482331,5.83,,3.64,3.52,40.98185,29.652416,2.96,77.24,7.98,8.19,11.07,36.45,2.4041445,44.17044,78.86,89.64,6.38471,1.695
2026-03-04,20.38,4.05,9.139767,90.43533,4.8861456,2.78,9.32542,7.4708157,28.987164,1.65,45.55373,24.315256,4.5111504,65.446175,1.2144958,30.42,37.084053,6.7682757,8.988046,21.17,23.215525,3.232557,5.05,51.75937,23.026672,4.07,0.705,10.34,5.9599924,1.74,54.641533,,1.74,6.4624705,1.145,28.940908,27.79,3.7031627,24.548306,24.579874,3.3,169.05594,11.2278185,36.5,7.913683,20.770262,4.924435,3.0923572,9.037096,3.541642,14.628277,1.7578154,7.7832975,183.51292,20.83689,29.54768,2.7111385,3.861857,0.33,13.01,141.04204,,3.11,2.505127,8.11,4.9594913,,1.9337744,,17.58,3.299885,8.19,3.36,4.0481367,6.6211104,5.42,6.2517967,2.52,19.379896,3.7339332,7.202121,7.38,6.65,9.78,16.07,12.73,2.89,1.972178,11.692446,19.0,33.956593,4.1701646,13.25,7.57,27.01282,5.9260693,,4.695587,1.7758992,18.922407,1.2171594,4.7455983,0.635,2.41,92.85903,5.3479414,6.2763405,4.15,4.68,9.010988,7.74,6.41,4.2925744,4.32,1.9691879,3.42,6.66,7.13416,77.6,1.57,31.23,,1.789,6.8659477,4.4380207,4.71,3.7568784,129.59,21.369999,,1.515,18.91,60.5,9.57,1.887832,0.705,55.71,31.19,7.418112,4.34,188.21906,2.02,3.1206818,45.688793,3.3,16.88,0.95044774,171.5797,12.0,4.9968576,6.08,0.955,2.77,29.93,2.08,6.201743,24.31,37.642822,17.31,1.785,12.7959,1.355,2.07,11.83,22.997206,0.975,12.58,4.74,116.19,12.446954,14.81,5.52,0.88,17.069632,2.2304423,5.82,15.22,8.781077,20.473866,4.97,164.25,15.451812,2.1649961,42.3518,156.34499,36.187855,4.4966097,9.053173,1.525,3.09,4.484849,3.6023626,4.18,3.02,15.769175,18.89,45.06,20.34,4.6392503,0.12,23.01,2.76,8.515,2.89,6.04,2.96,36.975227,1.8521677,,2.6697762,7.109175,0.1,14.814266,13.5497055,1.03,14.023652,5.4,5.18,9.47,25.123205,3.9600003,7.26,6.18,4.24,5.513124,2.293745,1.8139158,5.67,,3.46,3.26,40.324966,29.915085,2.86,76.07,7.41,8.34,10.72,35.94,2.4234548,44.31016,80.46,88.61,6.168279,1.62
2026-03-05,21.54,4.17,9.434905,88.82131,4.916,2.8,9.529202,7.3517585,31.460001,1.65,45.890358,24.216293,4.5111504,63.14534,1.2194327,30.62,36.917892,6.8744826,8.968612,21.59,23.274548,3.281094,5.13,51.74955,23.432035,4.04,0.71,10.37,6.1280184,1.705,55.15,,1.74,6.6046066,1.14,28.970713,27.6,3.7226017,24.213108,25.31727,3.64,169.79349,11.402495,37.18,7.933319,20.918621,4.944332,3.0729084,9.037096,3.541642,14.180167,1.7189686,7.7246294,182.69327,20.856503,30.00029,2.7498689,3.8424993,0.35,13.27,144.62584,,3.47,2.505127,7.94,4.8804555,,2.0216732,,17.79,3.3690445,8.09,3.7,4.0286274,6.8271003,5.37,6.2808747,2.46,19.35,3.8408952,7.1147633,7.39,6.6,9.48,15.73,12.58,2.93,2.0014677,12.018885,19.39,33.986336,4.279906,13.11,7.25,27.659775,6.013503,,4.783447,1.8884215,19.041918,1.2123294,4.7614436,0.635,2.46,93.95406,5.357647,6.393291,4.28,4.69,9.100305,7.89,6.44,4.3423724,4.32,1.9544924,3.41,7.29,7.3012133,77.3,1.575,31.42,,1.81,6.8856206,4.349848,4.73,3.7375627,132.72,21.47,,1.55,19.0,61.76,10.57,1.8975631,0.675,56.06,30.22,7.659587,4.32,195.42235,2.18,3.1109903,46.324993,3.43,17.15,0.9695522,169.40324,12.32,4.9083304,6.08,0.94,2.77,29.36,2.09,6.201743,24.81,38.20138,17.86,1.82,13.2289915,1.42,2.06,11.85,23.421799,0.98,12.86,4.81,121.49,12.456625,15.52,5.43,0.925,17.204798,2.2009652,5.78,15.55,8.868986,20.49357,4.96,165.9,15.501624,2.1552875,43.579964,161.8021,36.47664,4.4171987,8.896069,1.53,3.13,4.61,3.5828376,4.3,3.14,16.08338,18.9,44.63,20.5,4.6488748,0.12,23.2,2.8,8.29,2.9,6.28,2.92,37.3609,1.8618397,,2.630224,7.1778154,0.11,15.048948,13.811209,1.015,13.818428,5.36,5.18,10.09,26.23026,3.95,7.26,6.28,4.36,5.4046364,2.2742238,2.0296247,5.76,,3.56,3.32,40.560265,30.45,2.91,75.57,7.22,8.7,11.03,35.92,2.4137995,47.473743,83.89,91.81,6.2371435,1.78
2026-03-06,21.87,4.33,9.482508,87.09769,4.97,2.85,9.364236,7.2227807,30.96,1.6,46.65272,23.751167,4.5111504,60.795334,1.2194327,30.49,36.790825,6.903448,8.968612,21.75,23.520473,3.2228496,5.27,51.83791,23.847288,4.01,0.81,10.4,5.989644,1.615,52.81,,1.62,6.5667033,1.15,29.29857,27.08,3.693443,24.055367,26.17265,3.99,169.60664,11.480129,36.54,7.844953,20.75048,4.7652617,3.0437353,9.194092,3.5319917,13.333739,1.7578154,7.6659617,177.81487,20.738834,30.118364,2.6820905,3.8231416,0.355,12.53,144.40865,,3.58,2.505127,7.04,4.781661,,1.982607,,19.07,3.3492846,7.88,4.07,3.931082,6.9742365,5.04,6.2033334,2.17,19.18,3.8214476,7.1050572,7.56,6.25,9.91,14.79,12.69,2.91,1.8452556,12.03867,19.25,33.22293,4.3996234,12.41,6.73,27.649822,6.0232177,,4.6663013,1.8884215,19.669344,1.1978395,4.729753,0.63,2.53,93.07804,5.299412,6.403037,4.64,4.68,9.030837,7.75,6.37,4.232817,4.28,1.9887817,3.44,6.91,7.4191337,78.04,1.59,31.6,,1.815,6.5905223,4.291066,4.78,3.6989315,129.97,21.96,,1.56,18.33,63.01,11.55,1.8489076,0.645,55.2,30.04,8.055606,4.29,196.83746,2.3,3.0140746,45.82582,3.44,17.18,0.96,164.87067,12.35,4.9575124,6.05,0.905,2.77,26.98,2.12,5.896578,24.97,39.15891,17.7,1.83,13.475067,1.32,2.03,11.94,22.799719,0.915,12.16,4.76,132.7,12.659722,16.07,5.14,0.94,17.088942,2.0830562,5.58,15.92,8.712705,20.621656,4.96,174.01,15.551435,2.1552875,44.095,155.99184,35.98869,4.1988206,8.326562,1.445,3.12,4.5,3.5437875,4.35,3.55,16.62342,17.09,44.56,19.63,4.610375,0.125,22.8,2.85,8.2,2.93,5.97,2.8,37.69713,1.8666755,,2.6697762,7.315096,0.115,15.02939,13.937117,1.015,13.877063,5.43,5.24,10.75,27.25753,4.04,7.61,6.23,4.31,5.158075,2.2547026,2.0590396,5.67,,3.61,3.15,40.19751,30.75,2.9,75.82,6.63,8.48,10.96,35.99,2.4041445,52.613323,87.63,95.81,6.2273054,1.845
2026-03-09,20.4,4.06,9.073122,85.550354,4.85,2.8,9.276902,6.964824,31.35,1.535,45.504227,22.39537,4.47292,59.507256,1.1848739,29.39,35.950226,6.8165517,8.900594,20.75,22.979435,3.1354833,4.99,49.658363,23.362825,3.93,0.69,10.09,5.8216176,1.61,50.1,,1.515,6.405616,1.165,28.930975,25.88,3.6156864,22.901892,25.405758,3.72,166.63676,10.965804,34.43,7.462033,19.711967,4.5066047,2.9951131,9.213717,3.4740899,12.805965,1.6898336,7.5779595,177.9235,20.68,29.04587,2.6239948,3.7457108,0.375,11.53,140.41017,,3.29,2.3867745,6.67,4.6729865,,1.8361089,,18.86,3.023248,7.39,3.71,3.7262363,6.984045,4.62,6.0288644,2.01,18.82,3.7242095,6.7847466,6.98,5.97,9.9,13.92,12.32,2.81,1.6597538,11.771583,19.05,31.507753,4.24,11.91,6.51,27.102398,5.9163547,,4.5589175,1.8590679,18.862652,1.1833495,4.6029925,0.61,2.42,88.07074,5.202353,6.3055778,4.39,4.66,8.862129,7.44,6.01,4.073464,4.16,1.9691879,3.31,6.55,7.37,78.11,1.55,29.48,,2.0,6.177386,4.114721,4.62,3.583038,124.92,21.92,,1.5,17.18,61.21,10.73,1.7953866,0.58,54.31,28.17,7.640269,4.18,192.07129,2.11,2.9268506,45.101536,3.57,16.97,0.935,159.48946,11.68,5.095221,5.91,0.88,2.76,25.31,2.05,5.4437523,23.73,38.77989,16.59,1.78,12.608884,1.215,1.95,11.76,21.387697,0.835,11.2,4.44,131.5,12.301885,15.27,4.89,0.875,16.442072,2.0044503,5.39,15.32,8.3220005,20.306372,4.95,168.88,14.6847,2.0873282,41.76,150.10294,34.843506,4.1094837,7.7472377,1.335,2.93,4.27,3.416875,4.22,3.38,16.112837,15.69,41.58,18.22,4.5622497,0.12,21.97,2.71,7.98,2.86,5.49,2.75,37.370792,1.8424958,,2.610448,7.4915996,0.125,14.384017,13.656244,0.98,13.769565,5.32,5.17,10.2,26.250208,3.91,7.38,6.15,4.13,5.02,2.2351813,2.0198197,5.4,,3.38,2.96,39.31512,31.36,2.8,74.37,6.25,8.85,10.52,34.99,2.3558686,50.55749,83.42,91.51,7.053678,1.695
2026-03-10,22.51,4.43,9.101685,84.911995,4.94,2.88,9.267199,6.9251385,29.93,1.56,46.00917,22.672468,4.4442477,58.779636,1.1848739,29.64,36.458492,6.7393103,8.881161,21.11,22.969599,3.1840203,5.15,49.079117,23.738531,3.98,0.74,10.12,5.9006886,1.7,51.23,,1.545,6.443519,1.115,29.08,25.92,3.6837234,22.8526,25.592566,3.9,168.94777,10.810536,35.33,7.3834853,19.880108,4.5961394,2.9756644,9.302027,3.4933903,13.144537,1.6946895,7.6072936,180.2442,20.49,29.2033,2.6336775,3.7747474,0.35,11.78,144.56,,3.51,2.4065,6.78,4.682866,,1.8214592,,19.1,3.003488,7.55,4.02,3.7945185,7.2881255,4.81,6.077328,2.03,19.04,3.7825525,6.8332787,7.6,6.17,10.76,14.15,12.45,2.78,1.7280966,11.860611,19.27,31.54741,4.34,12.0,6.77,27.351227,5.9357843,,4.5784416,1.8688525,19.01204,1.1833495,4.371919,0.635,2.47,88.429115,5.250882,6.461512,4.4,4.67,8.84228,7.68,6.09,4.1631,4.18,1.9495939,3.35,6.79,7.46,79.91,1.56,29.92,,1.865,6.383954,4.114721,4.67,3.5347493,126.35,22.59,,1.58,17.72,62.75,10.63,1.8245798,0.595,57.45,27.79,7.7368593,4.1,195.09805,2.18,2.9268506,45.845394,3.7,17.4,0.92,162.73415,12.75,4.9575124,5.91,0.905,2.77,25.96,2.02,5.7292295,23.52,38.91,17.61,1.805,12.549826,1.165,1.94,11.79,20.657,0.88,11.95,4.67,139.69,12.446954,15.45,3.79,0.9,16.596548,2.053579,5.5,15.58,8.56,20.188139,4.96,171.16,15.142974,2.0970366,42.47,151.01726,35.261745,4.208747,7.9436193,1.415,3.03,4.26,3.455925,4.23,3.51,15.54334,16.6,42.04,18.2,4.5622497,0.12,21.92,2.75,8.02,2.97,5.73,2.77,37.67735,1.8134801,,2.6697762,7.226844,0.115,14.413352,14.033969,0.995,13.789109,5.32,5.17,11.0,27.367239,3.94,7.35,6.31,4.13,5.11,2.2254207,1.9609901,5.49,,3.49,3.0,40.04064,30.18,2.85,75.46,6.45,8.74,10.4,35.29,2.384834,50.976643,83.72,93.14,6.837247,1.685
2026-03-11,21.42,4.38,9.19689,86.507904,4.93,2.98,8.752893,6.9945884,29.42,1.6,45.1676,22.603193,4.367788,58.170013,1.165126,29.79,37.123154,6.662069,8.861727,21.16,22.438395,3.1548982,4.93,48.607857,23.609999,3.99,0.7,10.02,5.8413854,1.735,51.96,,1.61,6.4529943,1.115,28.59,26.2,3.693443,22.61,25.258278,3.72,169.80331,10.878466,36.2,7.462033,19.77131,4.914487,2.9756644,9.252966,3.4644396,13.015083,1.5975726,7.4801793,181.1231,20.35,28.829403,2.5852642,3.7650685,0.36,11.94,142.58,,3.96,2.42,6.74,4.623589,,1.8116926,,18.87,2.9540887,7.54,4.08,3.8823092,7.1115627,4.96,6.057943,2.01,18.72,3.802,6.862398,7.97,6.16,10.71,14.15,12.39,2.83,1.7671496,11.811151,19.98,31.606895,4.21,12.25,6.8,26.943148,5.9260693,,4.5589175,1.7661145,19.101671,1.1833495,4.205546,0.615,2.42,86.94583,5.182941,6.7051587,4.29,4.6,8.951446,7.94,6.66,4.24,4.23,1.9300001,3.39,7.14,7.29,78.71,1.58,29.46,,1.89,6.5708494,4.0657363,4.66,3.5154338,126.78,22.36,,1.63,20.59,67.15,10.14,1.844042,0.63,60.33,27.6,7.5919743,4.14,197.65312,2.19,2.9268506,46.324993,3.6,16.9,0.905,165.40977,12.55,4.967349,5.95,0.93,2.76,26.75,2.03,5.7489176,23.1,38.11,18.29,1.8,12.7959,1.415,1.965,11.63,19.955925,0.845,12.4,4.9,136.79,12.3405695,15.1,3.87,0.95,16.5,2.0339277,5.5,15.28,8.82,20.513277,4.96,169.49,15.04335,2.0776196,42.21,152.67873,34.06677,4.2881575,8.14,1.46,2.98,4.36,3.455925,4.19,3.44,15.229135,16.95,41.95,18.49,4.5622497,0.125,21.51,2.72,8.0,2.97,5.9,2.8,37.9938,1.8134801,,2.65,7.23665,0.11,14.12,14.537604,0.985,14.01388,5.38,5.13,10.76,27.068033,3.94,7.4,6.29,4.07,5.17,2.2254207,1.9806,5.54,,3.46,2.96,40.22692,30.42,2.8,75.81,6.4,8.71,10.18,35.82,2.384834,49.140366,81.85,92.88,6.8667603,1.71
2026-03-12,20.39,4.22,9.025519,90.338066,4.82,2.78,8.684965,6.8556886,30.27,1.595,45.197304,22.306305,4.3104424,58.582985,1.1453781,29.8,36.18481,6.468965,8.871444,21.0,21.710451,3.0869465,4.85,48.352596,22.78,3.98,0.665,9.88,5.693127,1.7,50.98,,1.58,6.405616,1.155,27.44,26.57,3.6545646,22.49,24.865002,3.43,168.75108,10.577634,34.97,7.255845,18.792143,4.795107,2.917318,9.733767,3.3679373,12.367815,1.5538701,7.421511,176.92609,20.42,28.524382,2.4884377,3.6586013,0.345,11.56,141.04,,3.79,2.39,6.49,4.593951,,1.7482101,,18.34,2.9244492,7.53,3.92,3.8530457,6.895764,4.81,5.922245,1.98,18.28,3.76,6.600326,7.43,5.99,9.92,13.96,12.43,2.8,1.6841619,11.484712,19.68,31.596983,4.01,11.86,6.66,26.05732,5.9260693,,4.4808207,1.7171917,18.046001,1.1688595,4.1223593,0.595,2.31,82.04804,5.008235,6.841601,4.09,4.62,8.812509,7.55,6.72,3.99,4.1,1.88,3.19,6.12,6.98,78.35,1.53,28.97,,1.98,6.4233007,3.9971573,4.53,3.3995402,122.15,20.79,,1.62,21.17,64.82,9.79,1.790521,0.605,58.25,27.43,7.253909,4.11,192.36612,2.14,2.8687015,45.414738,3.51,16.13,0.86,160.6875,11.95,5.173912,5.81,0.92,2.76,26.77,1.985,5.6800094,21.84,38.0,17.36,1.725,12.50061,1.435,1.91,11.59,19.511583,0.8,11.82,4.78,133.55,11.934376,14.35,3.68,0.94,16.22,1.9651475,5.39,14.69,8.67,20.089611,4.95,167.93,14.435637,2.0484939,41.8,150.50603,33.00125,4.178968,7.94,1.4,2.92,4.35,3.4071126,4.17,3.16,14.90511,16.69,42.22,18.13,4.456375,0.12,21.11,2.67,7.78,2.96,5.82,2.82,37.57846,1.8134801,,2.57,7.344513,0.11,13.67,14.75068,0.97,13.877063,5.39,5.12,11.23,26.33997,3.89,6.83,6.03,4.03,5.07,2.2058995,2.07,5.44,,3.27,2.89,39.746513,31.05,2.75,75.29,6.21,9.29,9.95,35.87,2.3462133,47.862953,78.48,89.04,7.5849175,1.605
2026-03-13,19.78,4.07,9.120726,93.46005,4.79,2.73,8.665558,6.8556886,30.85,1.55,45.731945,21.405739,4.3104424,56.00683,1.155252,29.75,36.360752,6.411034,8.920028,21.0,21.454685,3.1354833,4.86,48.38205,23.27,4.0,0.65,9.91,5.7524304,1.64,49.8,,1.58,6.443519,1.16,27.5,26.25,3.644845,22.33,24.65,3.37,170.87521,10.461183,34.41,7.246027,18.93061,4.9045386,2.9270425,9.674893,3.4065382,11.849999,1.5684376,7.411733,172.2452,20.38,28.396471,2.5174856,3.7457108,0.33,11.7,141.03,,3.83,2.35,6.3,4.870576,,1.7726265,,18.6,2.9639688,7.51,4.17,3.8823092,6.935,4.63,5.9028597,2.0,18.3,3.73,6.4256115,7.57,5.81,11.74,13.51,12.32,2.82,1.7134517,11.197842,20.48,31.676298,3.84,11.54,6.26,25.589521,5.9163547,,4.519869,1.7074071,18.05,1.1736895,4.159331,0.595,2.35,79.409996,4.9888234,7.065756,4.1,4.66,8.772813,7.69,6.55,3.92,4.17,1.875,3.27,5.26,6.9,76.54,1.505,28.28,,1.84,6.0199995,3.879594,5.31,3.3898823,118.2,20.84,,1.685,20.7,65.2,10.12,1.78079,0.62,57.48,26.89,7.3987937,4.25,191.95337,2.11,2.878393,46.10966,3.46,15.95,0.86,161.43626,11.76,5.262439,6.14,0.955,2.77,21.75,1.975,5.5717244,21.5,38.01,17.61,1.64,12.982917,1.35,1.905,11.63,19.442465,0.82,11.71,4.89,133.0,12.040759,13.73,3.46,0.94,16.24,1.9504089,5.28,14.84,8.61,20.217697,4.95,170.22,14.465526,2.0484939,42.23,155.225,32.831963,4.04,7.68,1.4,2.92,4.41,3.4461625,4.22,3.19,14.797102,16.83,42.01,18.36,4.4659996,0.125,21.2,2.64,7.66,3.05,5.82,2.86,38.13225,1.7989724,,2.52,7.3837366,0.11,13.24,15.128406,0.98,13.945472,5.38,5.19,11.29,26.369892,3.91,7.0,6.0,3.94,4.94,2.2547026,2.14,5.46,,3.28,2.83,40.187706,31.04,2.66,75.92,6.21,9.35,9.84,35.73,2.3655236,47.57,80.53,85.76,7.9292397,1.62
2026-03-16,19.39,3.83,9.025519,90.487686,4.76,2.67,8.811116,6.806082,30.86,1.535,45.41512,20.792168,4.35823,56.990093,1.2046218,29.84,36.60511,6.468965,8.958896,20.95,21.503872,3.1451907,4.81,49.393284,23.42,4.0,0.64,10.04,5.653591,1.52,49.19,,1.5,6.4908977,1.175,27.85,26.51,3.6642842,22.41,24.21,3.36,172.61583,10.5,33.65,7.5405807,19.167984,4.695623,2.9367669,9.625833,3.3872378,11.41,1.5587258,7.55,170.91203,20.83,28.307917,2.4981203,3.7457108,0.305,11.51,140.66,,3.62,2.38,6.15,4.8903346,,1.8409922,,18.66,2.9738486,7.48,4.12,3.8140275,6.93,4.26,5.873781,1.775,18.63,3.71,6.464437,7.32,5.64,10.72,13.1,12.33,2.81,1.5962926,11.13849,19.69,31.47801,3.83,11.51,5.99,25.30088,5.9649286,,4.5393934,1.653592,18.63,1.1785195,4.3164616,0.575,2.37,80.97,4.95,7.05601,4.03,4.66,8.862129,7.36,6.44,3.87,4.12,1.855,3.27,4.09,6.95,76.1,1.47,28.13,,1.925,5.83,3.850203,5.47,3.3415935,113.71,21.01,,1.585,20.99,65.0,10.29,1.7856555,0.64,54.75,27.38,7.215273,4.27,190.61688,2.05,2.8493183,46.060726,3.4,15.87,0.85,154.69728,11.57,5.2132573,6.07,0.935,2.76,20.58,1.93,5.5028167,21.56,38.58,17.14,1.575,13.061662,1.375,1.915,11.72,19.106739,0.85,11.09,4.76,131.65,11.886019,13.55,3.41,0.955,16.53,1.9454961,5.13,15.11,8.56,20.257107,4.95,168.24,14.4456005,2.0776196,41.39,152.08885,32.69255,3.96,7.04,1.345,3.12,4.16,3.4949749,4.16,3.21,14.639999,16.58,41.48,18.62,4.340875,0.12,20.94,2.69,7.62,3.1,5.23,2.67,38.55748,1.832824,,2.39,7.5406284,0.105,13.29,15.157461,1.005,13.994334,5.37,5.24,10.98,25.68172,3.95,6.98,6.02,3.83,4.67,2.2839844,2.08,5.37,,3.0,2.78,40.119072,31.63,2.68,76.65,5.95,8.85,9.92,36.05,2.3655236,46.63,78.98,86.15,7.8308616,1.595
2026-03-17,18.94,3.79,9.101685,93.56977,4.73,2.77,8.908155,6.8457675,30.79,1.585,44.514145,20.901028,4.406018,56.35097,1.2046218,29.75,36.683304,6.4206896,9.06578,21.02,21.503872,3.2228496,4.76,48.931847,23.83,3.99,0.625,10.03,5.673359,1.585,49.73,,1.6,6.557228,1.205,27.17,26.62,3.6740038,22.31,23.56,3.29,173.19603,10.47,34.06,7.8056793,19.286673,4.685675,2.9562156,9.871139,3.4258387,11.73,1.5587258,7.61,171.53416,21.05,28.209522,2.536851,3.803784,0.3,11.52,141.15,,3.4,2.4,6.62,4.910094,,1.8165759,,18.43,3.0133681,7.51,4.02,3.8628001,6.87,4.33,5.9028597,1.72,18.36,3.73,6.5323815,7.23,5.78,8.9,13.58,12.35,2.81,1.6255823,11.346223,19.95,31.150837,3.87,11.96,6.21,25.609426,6.003788,,4.5296307,1.6095614,18.82,1.1881795,4.2979755,0.59,2.34,82.25,5.017941,7.065756,4.06,4.67,8.921673,7.29,6.33,3.93,4.15,1.84,3.28,4.25,7.02,76.57,1.485,28.03,,1.915,6.38,3.8306093,5.28,3.3802247,114.43,20.8,,1.58,20.02,63.2,10.29,1.8002521,0.64,55.16,27.34,7.128342,4.27,192.28749,2.02,2.8590097,46.45223,3.43,15.74,0.85,156.12495,11.4,4.878822,6.1,0.94,2.77,20.66,1.89,5.453596,21.22,38.97,16.61,1.545,13.032132,1.5,1.935,11.7,19.659697,0.855,11.25,4.67,128.11,11.866677,13.35,3.82,0.94,16.11,1.9356703,5.22,15.33,8.6,20.355635,4.95,166.09,14.08,2.0970366,40.99,152.56075,32.49339,4.09,7.06,1.4,3.16,4.18,3.534025,4.15,3.11,14.6,16.61,41.2,18.82,4.3505,0.12,20.71,2.66,7.65,3.11,5.26,2.72,38.715706,1.827988,,2.37,7.56024,0.1,13.43,15.215573,0.995,14.05297,5.37,5.25,11.7,25.591959,3.98,6.45,6.1,3.84,4.66,2.3327878,2.03,5.47,,3.07,2.94,40.677917,31.42,2.65,75.44,6.24,8.69,10.05,35.83,2.384834,45.23,77.62,84.0,7.447189,1.54
2026-03-18,19.48,3.98,9.19689,91.89407,4.85,2.7,9.014897,6.91,31.52,1.615,44.44484,21.306776,4.453805,56.478794,1.2342436,29.76,36.29233,6.382069,9.201816,20.78,21.661266,3.281094,4.98,48.87294,23.57,4.0,0.635,10.09,5.663475,1.605,50.09,,1.63,6.5667033,1.235,27.97,26.94,3.6837234,22.35,23.65,3.39,174.14993,10.6,34.81,7.933319,19.415249,4.815004,3.0048375,9.998697,3.4644396,11.56,1.5781492,7.82,170.28,21.11,28.199682,2.5271683,3.8328204,0.31,11.41,138.0,,3.6,2.43,6.66,4.949612,,1.9142413,,18.06,3.0924075,7.57,4.44,3.8920639,7.02,4.45,5.912552,1.73,18.39,3.73,6.571207,6.76,5.73,9.7,13.5,12.41,2.79,1.6890435,11.702338,19.7,31.656467,3.94,12.11,6.17,26.15685,6.1203666,,4.5589175,1.6389151,19.0,1.1978395,4.4273767,0.59,2.4,82.94,5.076176,6.987789,4.03,4.67,8.981216,7.36,6.62,3.98,4.16,1.855,3.39,4.05,7.04,76.58,1.505,29.03,,1.905,6.41,3.8600001,5.12,3.360909,114.38,20.76,,1.55,20.39,64.7,10.45,1.8051177,0.67,54.3,28.02,7.3698173,4.29,193.96794,2.09,2.8396268,46.22711,3.46,15.82,0.865,154.96684,11.48,5.1640754,6.07,0.925,2.76,20.95,1.935,5.5323486,21.31,38.64,17.04,1.525,13.494753,1.49,1.97,11.75,19.837435,0.85,11.39,4.59,125.31,12.369583,13.45,3.89,0.935,16.24,1.9651475,5.18,15.47,8.73,20.45416,4.95,162.34,14.22,2.126162,40.95,153.7405,32.74234,4.04,7.05,1.41,3.16,4.18,3.5145,4.12,3.09,14.52,16.72,41.29,20.68,4.312,0.125,20.79,2.68,7.66,3.19,5.32,2.73,38.695927,1.827988,,2.38,7.6190743,0.1,13.53,15.09935,1.005,13.974789,5.41,5.28,12.39,25.871218,4.0,6.66,6.25,3.86,4.62,2.3327878,2.11,5.67,,3.06,3.03,40.717133,31.44,2.82,75.21,6.17,8.75,10.17,36.02,2.4041445,44.6,79.39,84.79,7.398,1.56
2026-03-19,18.97,4.12,9.083152,89.22093,4.78,2.6,8.99549,6.7,32.97,1.445,44.286423,20.228077,4.367788,55.367706,1.2046218,28.63,36.18481,6.217931,9.298983,20.09,21.228434,3.1937275,4.79,48.88276,22.85,3.94,0.62,10.07,5.5448685,1.47,48.35,,1.52,6.5667033,1.285,27.21,26.17,3.557369,22.43,23.21,3.34,174.41545,10.19,34.51,7.786042,19.138313,4.725468,2.8784206,9.606208,3.358287,10.48,1.524735,7.78,166.83,21.43,27.579802,2.5271683,3.6876378,0.29,10.48,134.62,,3.47,2.32,6.07,4.8409376,,1.8312256,,17.62,3.0331278,7.59,4.21,3.7945185,6.98,4.21,5.7865467,1.655,17.83,3.69,6.445024,6.47,5.12,9.65,12.21,12.27,2.74,1.5279498,11.415467,19.04,30.486576,3.82,10.9,5.51,25.470083,6.1106515,,4.4905825,1.6144537,17.72,1.1591995,4.464349,0.57,2.33,81.17,4.9694114,7.007281,3.94,4.67,8.891901,7.01,6.29,3.78,3.97,1.85,3.31,3.56,6.95,74.78,1.495,28.37,,2.01,5.68,3.89,4.95,3.2450156,113.16,20.27,,1.445,19.97,64.13,10.26,1.7515966,0.6,51.42,27.4,7.186296,4.33,192.70023,2.07,2.7814772,45.630066,3.41,15.53,0.855,146.01147,11.28,5.4394927,6.03,0.885,2.76,18.96,1.91,5.355156,20.94,38.76,16.4,1.445,13.169934,1.28,1.92,11.76,19.314096,0.8,10.87,4.13,122.62,12.108459,12.72,3.45,0.91,15.88,1.8570644,4.76,15.14,8.43,20.503424,4.89,158.68,14.02,2.106745,40.01,148.7954,32.14485,3.61,6.36,1.31,3.15,4.05,3.4071126,4.1,2.97,14.08,15.72,40.5,21.22,4.21575,0.115,20.56,2.66,7.52,3.13,5.13,2.56,38.4487,1.78,,2.43,7.8642187,0.099,13.0,15.205888,0.98,13.583885,5.36,5.3,12.41,25.691694,4.01,6.51,6.08,3.73,4.13,2.3230271,2.43,5.71,,2.98,2.89,40.324966,33.7,2.8,73.64,5.38,8.95,10.47,36.74,2.3655236,41.47,76.98,81.84,8.03,1.48
2026-03-20,18.08,4.3,9.092754,82.817375,4.73,2.41,8.956674,6.71,33.11,1.54,44.82107,19.65409,4.339115,53.224186,1.2144958,28.08,35.774284,6.0248275,9.201816,20.19,20.579185,3.1743128,4.67,48.048244,22.58,3.88,0.605,10.05,5.6239395,1.38,47.47,,1.56,6.547752,1.27,26.21,27.3,3.5379298,22.35,23.26,3.38,172.72401,9.93,33.56,7.815498,18.653675,4.7055717,2.8784206,9.468836,3.310036,10.27,1.5198791,8.15,164.62,21.59,27.225584,2.45939,3.6682801,0.275,10.2,138.5,,3.42,2.31,6.58,4.8508167,,1.7384435,,17.22,2.9540887,7.55,4.15,3.6384456,6.92,4.22,5.776854,1.7,18.16,3.66,6.6973896,6.82,4.97,9.9,12.41,12.66,2.71,1.537713,11.346223,18.96,29.743002,3.8,10.11,5.63,25.380505,6.003788,,4.451534,1.653592,16.93,1.1543695,4.455106,0.57,2.25,79.26,4.9014707,7.075502,3.91,4.69,8.961369,6.81,6.24,3.6,3.87,1.825,3.26,3.52,6.86,71.7,1.535,27.43,,1.97,5.14,3.85,4.85,3.187069,110.9,20.32,,1.455,19.54,63.5,10.03,1.746731,0.615,51.69,27.4,7.186296,4.21,191.61926,2.06,2.7814772,44.602364,3.47,15.47,0.88,142.22766,11.47,5.6165466,6.12,0.885,2.76,18.5,1.865,5.365,20.59,38.68,16.2,1.35,12.658098,1.18,1.9,12.01,19.175858,0.78,10.78,4.23,120.06,11.586208,12.76,3.36,0.91,16.12,1.837413,4.81,15.07,8.34,20.276814,4.92,156.91,13.69,2.106745,39.81,144.44017,31.995481,3.49,6.19,1.315,2.97,3.98,3.39735,4.09,2.85,14.44,15.6,39.51,20.36,4.1195,0.125,20.07,2.78,7.41,3.18,5.23,2.71,38.072914,1.745,,2.5,7.8249955,0.098,12.78,15.312427,0.96,13.437297,5.3,5.29,12.75,26.70899,4.07,6.38,6.15,3.64,3.88,2.3230271,2.36,5.53,,2.99,2.93,39.90338,34.04,2.88,73.03,5.29,9.3,10.63,36.42,2.3655236,42.84,77.0,82.86,8.31,1.445
2026-03-23,18.81,4.37,8.987135,79.635544,4.76,2.53,9.131344,6.72,33.44,1.325,45.969566,19.080105,4.2817698,54.315613,1.2441176,27.99,35.451733,5.995862,9.298983,21.42,20.903809,3.203435,4.68,48.20533,23.8,3.87,0.59,10.09,5.6338234,1.255,47.11,,1.465,6.4529943,1.295,26.05,26.85,3.5379298,22.02,23.24,3.33,171.35709,9.63,32.8,7.825316,18.376738,4.874694,2.8589718,9.302027,3.310036,9.41,1.5538701,7.95,164.24,21.65,27.806108,2.4884377,3.6295648,0.295,9.6,139.79,,3.13,2.29,5.63,4.761902,,1.7042607,,17.24,2.8750496,7.54,3.83,3.6579547,6.84,3.98,5.7574687,1.615,18.34,3.63,6.7265086,6.49,4.57,8.94,11.5,12.49,2.65,1.3961458,11.178058,19.05,30.288288,3.9,9.12,5.35,24.902756,5.955214,,4.412485,1.6633766,17.29,1.1495395,4.445863,0.555,2.26,79.32,4.8723526,7.2509274,3.98,4.75,9.010988,6.91,5.86,3.41,3.84,1.8,3.24,3.21,6.84,73.18,1.535,27.14,,2.06,4.3,3.74,4.82,3.13878,114.62,21.07,,1.455,18.95,62.3,10.21,1.737,0.615,50.62,27.18,7.215273,4.31,191.09842,2.05,2.7717857,43.78999,3.43,15.57,0.875,131.62497,11.49,5.5870376,6.2,0.85,2.77,17.21,1.83,5.21,20.64,39.48,15.57,1.305,12.274221,1.05,1.89,12.2,18.692019,0.72,10.12,4.26,121.91,12.243856,13.02,3.09,0.895,16.1,1.7931972,4.56,15.11,8.15,20.513277,4.92,158.07,13.66,2.1164536,39.8,141.97253,32.224518,3.31,5.79,1.22,3.03,3.85,3.3290126,4.24,2.88,14.67,14.72,39.59,20.23,4.1002502,0.12,19.96,2.67,7.37,3.17,5.06,2.74,37.410347,1.76,,2.47,7.8936357,0.098,12.9,15.612671,0.975,13.40798,5.39,5.3,12.8,27.606604,4.03,6.63,6.06,3.57,3.61,2.293745,2.38,5.51,,2.89,2.76,39.56023,34.79,2.84,73.04,5.02,9.39,10.57,36.48,2.4041445,40.69,76.65,84.85,8.63,1.51
2026-03-24,19.42,4.63,8.699087,78.588234,4.82,2.72,9.189568,6.63,33.83,1.36,45.1577,19.297823,4.3199997,55.584023,1.2391807,28.12,35.62767,5.947586,9.269833,21.63,20.913647,3.1063612,4.64,48.755127,23.83,3.88,0.6,10.05,5.712895,1.265,48.52,,1.485,6.405616,1.32,26.03,27.09,3.557369,21.97,22.94,3.34,168.27904,9.81,32.54,7.776224,18.58444,5.0438156,2.8784206,8.938973,3.3003857,9.73,1.5538701,7.94,161.38,21.86,27.93402,2.4690726,3.6489224,0.285,10.02,139.39,,3.07,2.31,5.86,4.831058,,1.655428,,17.38,2.8948095,7.71,3.57,3.7262363,6.8,4.08,5.7865467,1.63,18.04,3.6,6.7168026,7.09,4.71,8.34,11.89,12.53,2.64,1.459607,11.0,19.69,29.951202,3.9,9.39,5.72,25.241161,5.9357843,,4.4320097,1.6389151,16.45,1.1398795,4.538292,0.54,2.2,80.35,4.823823,7.153469,3.92,4.75,8.991141,7.32,5.89,3.34,3.78,1.81,3.2,3.33,6.88,73.67,1.475,27.79,,2.06,4.36,3.8,4.94,3.1484377,117.0,21.12,,1.55,19.56,61.92,9.91,1.737,0.605,52.93,27.59,7.2925453,4.4,191.67822,2.06,2.7814772,41.842243,3.51,15.54,0.875,136.76659,11.3,5.744419,6.29,0.885,2.78,17.57,1.815,5.33,21.24,39.29,15.83,1.26,12.037989,1.05,1.895,12.48,18.534029,0.705,10.34,4.54,119.53,11.915032,13.35,3.11,0.88,15.8,1.8325001,4.71,15.05,8.34,20.81871,4.92,153.78,13.95,2.1358705,39.51,145.06937,32.31414,3.43,5.95,1.25,3.11,3.93,3.3485374,4.15,2.8,14.29,15.21,39.6,20.45,4.1002502,0.12,19.65,2.6,7.67,3.21,4.89,2.75,37.410347,1.76,,2.51,7.687715,0.096,12.67,15.96134,0.98,13.427525,5.41,5.34,12.5,27.357265,4.03,6.46,5.99,3.55,3.64,2.3132663,2.45,5.54,,2.94,2.87,38.942562,34.73,2.73,73.13,5.16,9.31,10.63,36.38,2.384834,39.17,74.95,86.63,8.3,1.52
2026-03-25,19.6,6.23,8.89112,82.966995,4.91,2.65,9.412756,6.71,33.0,1.47,46.11808,20.287455,4.32,56.341137,1.2589285,28.65,36.057743,6.0731034,9.367002,22.83,21.51371,3.1937275,4.9,50.600872,24.28,3.97,0.64,10.17,5.772198,1.405,50.12,,1.605,6.4624705,1.25,27.13,27.37,3.557369,22.23,23.66,3.55,169.31161,9.82,34.58,8.06096,19.148205,5.2427826,2.8686962,9.00766,3.3679373,10.75,1.5635817,7.89,165.63,21.74,27.579802,2.536851,3.677959,0.315,10.67,140.99,,3.44,2.34,6.26,4.900214,,1.6944941,,17.26,3.0133681,7.75,4.26,3.7750092,6.92,4.36,5.854396,1.795,18.78,3.43,6.7847466,7.92,5.22,9.03,12.9,12.84,2.63,1.6451088,11.46,20.05,30.754265,4.11,10.41,6.11,25.798538,6.0523624,,4.5003448,1.6633766,16.55,1.1591995,4.6769366,0.575,2.33,84.85,4.8335295,7.289911,3.93,4.75,9.169772,7.83,6.44,3.68,3.95,1.825,3.24,3.43,7.15,75.59,1.495,28.45,,1.91,4.62,3.92,4.95,3.2353578,123.38,22.47,,1.73,20.03,62.43,10.19,1.7613276,0.665,56.85,28.58,7.669246,4.48,201.4562,2.19,2.878393,41.793304,3.63,16.01,0.885,148.9866,11.93,5.4591656,6.36,0.945,2.78,18.8,1.84,5.61,22.84,39.32,16.94,1.295,12.3431225,1.14,1.95,12.31,19.284475,0.765,11.48,4.92,120.79,12.427611,14.68,3.27,0.895,16.16,1.965,5.02,15.54,8.7,20.976355,4.93,157.92,14.34,2.126162,40.21,147.3797,32.85188,3.68,6.4,1.345,3.13,4.11,3.3485374,4.18,3.0,14.27,16.39,41.67,21.08,4.148375,0.125,20.15,2.65,7.94,3.34,5.55,2.82,37.855354,1.74,,2.65,7.511211,0.099,13.06,15.932285,0.995,13.515477,5.46,5.32,12.73,27.367239,4.06,6.73,6.2,3.54,4.02,2.3425484,2.38,5.53,,3.29,3.15,39.589645,33.62,2.87,73.56,5.62,8.88,10.93,36.38,2.3269029,39.61,74.77,88.11,7.98,1.645
2026-03-26,18.98,6.28,8.871916,83.54551,4.8,2.57,9.47098,6.71,33.13,1.435,46.217087,19.941084,4.37,57.245743,1.2539915,28.63,35.82316,6.2468963,9.376718,22.35,21.110388,3.203435,4.85,50.07071,24.08,3.98,0.635,10.19,5.791966,1.405,50.23,,1.535,6.5288005,1.28,26.54,26.84,3.5476494,22.22,22.95,3.66,170.30484,9.83,34.41,8.080596,18.821814,5.173144,2.8784206,8.997848,3.3293364,10.56,1.5732934,7.84,165.88,21.88,27.579802,2.536851,3.6876378,0.315,10.5,144.35,,3.33,2.33,6.0,5.0088887,,1.6407782,,17.0,3.0825272,7.85,4.48,3.7555,6.78,4.3,5.844703,1.745,18.44,3.4,6.9691677,7.75,5.02,9.45,12.64,12.62,2.63,1.6011742,11.14,19.85,30.873236,4.08,10.11,5.85,25.629333,6.2175155,,4.461296,1.6291305,16.76,1.1543695,4.732394,0.585,2.25,83.38,4.843235,7.2509274,3.88,4.75,9.527037,7.63,6.46,3.76,3.86,1.8,3.19,3.33,7.08,74.72,1.48,27.78,,1.98,4.31,3.91,4.85,3.1484377,124.42,22.8,,1.71,20.0,62.11,10.1,1.7515966,0.58,55.36,28.63,7.080047,4.43,202.2817,2.19,2.9074676,41.656277,3.74,15.92,0.89,144.6437,11.85,5.350966,6.32,0.865,2.77,18.76,1.97,5.56,22.17,39.48,16.69,1.265,12.225006,1.13,1.945,12.36,20.341024,0.74,11.14,4.97,119.5,12.166487,14.51,3.24,0.895,16.19,1.965,5.02,15.65,8.51,20.867973,4.89,153.62,14.25,2.1358705,40.47,148.47098,32.36393,3.56,6.35,1.265,3.15,4.08,3.2899623,4.15,2.94,13.85,15.93,41.89,20.4,4.1195,0.125,20.38,2.62,7.99,3.26,5.29,2.8,37.91469,1.74,,2.54,7.6975203,0.1,12.86,15.883858,0.955,13.642521,5.44,5.31,12.92,27.028141,4.02,6.88,6.18,3.37,3.99,2.3035057,2.44,5.48,,3.16,3.03,39.668076,34.38,2.77,73.4,5.54,8.8,11.17,36.37,2.2979374,38.33,72.4,86.2,8.07,1.64
2026-03-27,19.29,6.28,9.063949,85.7299,4.74,2.55,9.509795,6.67,33.79,1.39,45.55373,19.792639,4.39,57.08842,1.2342436,28.67,35.66677,6.391724,9.33785,22.18,20.913647,3.1743128,4.81,49.677998,24.2,3.98,0.635,10.4,5.8216176,1.43,50.37,,1.495,6.595131,1.275,26.28,26.73,3.5962472,22.24,22.59,3.41,170.74738,10.07,32.37,8.051141,18.475643,5.342266,2.8492475,8.889913,3.3003857,10.22,1.524735,7.83,170.23,21.96,27.481407,2.536851,3.7166743,0.32,10.14,143.19,,3.27,2.31,6.0,5.018768,,1.6163619,,16.87,3.0825272,7.73,3.88,3.8823092,6.69,4.11,5.805932,1.685,18.98,3.38,7.0759377,8.0,5.04,8.46,12.46,12.77,2.6,1.6011742,10.97,20.19,30.684864,4.04,9.76,5.62,25.290928,6.4118123,,4.422248,1.6389151,16.52,1.1495395,4.667694,0.56,2.27,81.16,4.911176,7.2411814,3.86,4.76,9.735441,7.93,6.68,3.8,3.86,1.88,3.24,3.21,6.94,75.57,1.445,27.1,,2.02,4.1,3.82,4.75,3.2353578,123.96,22.06,,1.765,20.08,61.54,9.69,1.7224033,0.6,56.69,28.06,7.128342,4.41,197.9381,2.11,2.9462337,41.09838,3.7,15.77,0.9,146.6105,11.78,5.5673647,6.33,0.9,2.77,18.55,1.99,5.5,21.29,39.9,16.27,1.235,11.260392,1.115,1.9,12.46,20.044794,0.695,11.0,5.15,117.7,12.108459,13.85,3.18,0.895,16.02,1.91,4.94,15.47,8.45,20.92709,4.89,152.23,14.24,2.126162,40.21,150.64366,32.194645,3.52,6.26,1.255,3.11,4.03,3.2801998,4.17,2.8,13.73,15.88,41.77,19.75,4.1002502,0.125,20.63,2.62,8.03,3.22,5.3,2.8,39.81339,1.73,,2.47,7.795578,0.1,12.94,15.903229,0.96,13.750019,5.4,5.33,13.65,27.22761,4.03,7.11,6.03,3.62,3.96,2.293745,2.48,5.48,,3.27,3.01,39.9426,34.47,2.7,73.38,5.42,9.23,11.09,36.25,2.3075926,38.36,72.84,86.43,8.36,1.58
2026-03-30,18.14,5.64,9.054347,93.091,4.65,2.5,9.694168,6.6,34.0,1.39,44.375534,19.990566,4.37,55.800343,1.2737395,28.01,35.09008,6.449655,9.5516205,21.73,20.107006,3.211875,4.82,49.952896,24.01,4.03,0.61,9.97,5.772198,1.435,50.43,,1.49,6.3677125,1.3,25.95,26.32,3.5962472,22.46,22.04,2.99,165.9189,10.15,31.9,7.982412,18.267939,5.362163,2.8512204,8.615169,3.2942395,10.45,1.5004557,7.86,166.92,22.19,27.28462,2.5102718,3.7299602,0.33,10.27,140.82,,3.03,2.25,5.95,5.0286474,,1.6358949,,16.15,3.0726473,7.68,3.91,3.9213274,6.68,4.17,5.7380834,1.705,18.24,3.31,6.9109297,8.24,5.19,8.05,12.52,13.25,2.5,1.591411,10.49,20.55,29.85206,3.91,10.84,5.57,24.962473,6.4118123,,4.4320097,1.6438074,16.0,1.155934,4.6861796,0.535,2.2,79.8,4.794706,7.1924524,3.77,4.75,9.457568,8.09,6.58,3.8,3.91,1.91,3.21,3.38,6.81,72.99,1.355,26.13,,2.14,4.27,3.8,4.56,3.1194644,117.77,21.51,,1.765,19.72,59.87,9.55,1.7175378,0.66,55.67,27.61,6.790277,4.38,196.06111,2.14,2.9462337,40.374092,3.68,15.29,0.925,147.98824,11.63,6.01,6.34,0.875,2.77,19.51,1.985,5.31,20.59,40.17,16.19,1.2,11.102904,1.105,1.89,12.55,20.044794,0.715,11.18,5.27,114.6,11.750621,13.6,3.18,0.89,15.83,1.915,4.99,15.36,8.28,21.025618,4.83,151.0,13.81,2.1649961,39.85,158.06622,31.895897,3.59,6.36,1.285,2.99,4.41,3.24115,4.11,2.71,13.37,15.93,40.68,19.35,4.1291246,0.12,20.5,2.66,7.96,3.21,5.0,2.83,39.744164,1.72,,2.46,7.8936357,0.105,12.56,15.612671,0.93,13.701158,5.37,5.34,13.04,26.39981,3.99,6.65,6.03,3.59,3.99,2.3132663,2.53,5.39,,3.28,3.05,38.324894,35.22,2.6,72.92,5.61,9.84,11.27,36.68,2.3297098,36.53,70.5,81.5,8.7,1.485
2026-03-31,18.77,5.56,9.18877,93.609665,4.78,2.56,9.568018,6.62,33.68,1.42,44.880478,20.584343,4.28,55.34804,1.2934873,28.23,35.1585,6.4882755,9.668221,22.5,20.53,3.2217274,4.77,51.347023,24.3,3.97,0.6,9.89,5.9006886,1.49,50.39,,1.525,6.3392854,1.295,26.34,25.72,3.6156864,22.6,22.8,3.22,164.91583,10.67,31.26,8.129688,18.42619,5.2527313,2.8413546,8.5857315,3.2942395,11.0,1.5393025,7.8,169.1,21.96,27.93402,2.5496485,3.7496433,0.36,10.32,140.78,,3.1,2.27,6.3,4.9891295,,1.689611,,16.2,3.0825272,7.66,3.81,3.9213274,6.65,4.21,5.7380834,1.745,18.54,3.26,6.98858,8.36,5.37,8.01,12.62,13.2,2.47,1.6988068,10.66,20.31,30.387432,4.2,11.34,5.89,25.420319,6.440957,,4.422248,1.7074071,15.99,1.1608528,4.861796,0.56,2.34,82.19,4.785,7.153469,4.06,4.75,9.546885,7.85,6.6,3.84,3.98,1.98,3.26,3.51,6.97,72.42,1.345,26.1,,2.06,4.4,3.9,4.67,3.177411,119.01,21.16,,1.7,18.96,59.63,9.81,1.7224033,0.685,53.61,27.26,7.002775,4.36,198.43927,2.16,2.8687015,40.56006,3.75,15.68,0.95,151.30283,11.81,5.87,6.36,0.885,2.77,20.36,2.04,5.27,21.58,41.61,16.11,1.225,11.142276,1.165,1.885,12.38,19.807812,0.745,11.05,5.12,116.9,12.108459,14.13,3.32,0.935,15.86,1.95,5.15,15.21,8.37,20.917236,4.86,156.42,13.26,2.20383,39.01,158.70525,32.025352,3.67,6.65,1.395,3.05,4.27,3.24115,4.25,2.86,13.95,16.03,40.41,17.9,4.148375,0.115,20.45,2.65,8.21,3.25,5.29,2.74,39.95184,1.725,,2.46,7.8053837,0.105,12.82,15.641726,0.94,13.691384,5.38,5.33,13.66,26.768831,4.02,7.1,6.09,3.71,4.17,2.2839844,2.57,5.23,,3.19,3.2,38.697456,35.05,2.61,72.91,5.89,9.25,11.21,36.41,2.3100498,38.02,75.12,84.51,8.29,1.55
2026-04-01,19.87,5.95,8.967933,97.54956,4.98,2.7,9.626242,6.66,33.6,1.54,46.217087,21.326569,4.27,57.11792,1.2984244,28.67,35.549473,6.6234484,9.5224695,24.63,20.78,3.2512844,4.7,52.377888,24.22,4.02,0.63,10.05,5.97976,1.61,52.56,,1.62,6.434043,1.29,27.73,26.38,3.557369,22.91,23.39,3.44,169.0461,10.67,32.55,8.139507,18.366846,5.421853,2.8413546,8.291364,3.2942395,11.7,1.5150232,7.79,175.04,22.05,28.337433,2.569337,3.6610692,0.35,11.23,142.17,,3.32,2.32,6.72,4.9298525,,1.8263425,,16.34,3.1418068,7.8,3.98,4.0383816,6.74,4.66,5.709005,1.905,18.58,3.23,7.182708,8.97,5.82,9.03,13.65,13.21,2.45,1.7915578,11.17,21.09,30.744349,4.39,13.03,6.25,26.007553,6.382668,,4.373437,1.7612222,15.69,1.1657716,4.9542255,0.55,2.72,85.52,4.87,7.1144853,4.29,4.75,9.4079485,8.16,6.78,3.91,4.01,2.01,3.38,3.84,6.97,73.4,1.375,28.14,,1.99,4.58,3.86,4.64,3.1677535,125.63,21.76,,1.805,19.65,60.77,10.02,1.6834791,0.69,56.39,28.74,7.157319,4.41,204.92519,2.27,2.8880844,41.029865,3.86,16.24,0.97,158.16162,12.34,5.88,6.39,0.925,2.77,22.1,2.08,5.45,22.66,42.18,17.19,1.315,11.526154,1.245,1.88,12.42,20.489138,0.82,11.81,5.3,123.97,12.27287,14.77,3.66,1.0,16.04,2.03,5.43,12.97,8.67,21.074879,4.9,160.27,13.45,2.184413,39.07,164.26971,32.592968,3.88,7.13,1.49,3.03,4.48,3.299725,4.25,3.04,14.44,16.93,41.06,18.94,4.081,0.125,20.37,2.73,8.32,3.22,5.55,2.8,40.446293,1.715,,2.55,7.8151894,0.105,12.86,15.506132,0.95,13.52525,5.36,5.34,13.2,27.82602,4.03,7.42,6.21,3.76,4.38,2.3132663,2.58,5.28,,3.39,3.4,39.27591,35.09,2.78,73.43,6.29,9.24,11.38,36.55,2.3100498,39.58,76.99,88.11,8.2,1.715
2026-04-02,18.7,5.64,9.015941,101.47946,4.82,2.56,9.626242,6.69,33.27,1.49,45.692345,20.73279,4.24,57.550552,1.2688024,28.51,35.80361,6.5365515,9.5807705,23.69,20.08,3.3005462,4.52,51.808456,23.92,4.06,0.625,10.12,5.9501085,1.53,51.23,,1.575,6.443519,1.305,26.88,26.07,3.5282102,22.83,22.54,3.22,169.93117,10.29,32.02,8.110052,18.347065,5.292525,2.8314886,8.124556,3.2942395,10.94,1.4810324,7.82,172.36,22.62,27.874983,2.5496485,3.621703,0.325,11.0,138.93,,3.15,2.31,6.12,4.9594913,,1.6993774,,15.98,3.1615665,7.77,3.93,3.931082,6.57,4.52,5.6605415,1.79,19.21,3.2,7.1244698,8.39,5.66,9.0,13.02,13.19,2.36,1.6548722,10.74,20.25,30.020603,3.9,12.85,5.87,25.957788,6.4506717,,4.34415,1.7465453,15.2,1.1854472,4.871039,0.52,2.52,79.34,4.73,7.0949936,4.14,4.75,9.358329,7.95,6.75,3.71,3.92,2.02,3.29,3.79,6.8,72.05,1.33,27.42,,2.12,4.37,3.79,4.7,3.1098068,120.0,21.0,,1.695,19.41,60.67,9.53,1.6591513,0.675,52.68,28.05,6.66471,4.44,202.03601,2.13,2.878393,40.912415,3.7,15.54,0.965,159.07014,12.03,5.84,6.4,0.91,2.77,21.91,2.03,5.37,21.22,40.6,16.34,1.2,11.083219,1.12,1.87,12.59,20.054668,0.835,11.38,5.09,118.84,12.002074,13.78,3.5,0.935,15.8,1.925,5.28,12.09,8.55,21.232521,4.95,154.41,13.15,2.184413,38.92,158.89204,32.075146,3.68,6.72,1.395,2.9,4.42,3.2899623,4.19,2.76,13.84,16.37,40.67,18.4,3.9654999,0.115,19.98,2.66,8.44,3.12,5.17,2.59,40.88141,1.73,,2.54,7.923053,0.115,12.74,15.302741,0.93,13.544795,5.4,5.42,12.95,26.838644,4.08,6.86,5.79,3.73,4.12,2.3230271,2.57,5.22,,3.28,3.24,39.070015,34.93,2.6,73.34,6.01,9.08,11.23,37.01,2.33954,37.88,74.06,84.52,8.27,1.575
2026-04-07,19.36,5.7,8.843111,101.98816,4.96,2.51,9.548611,6.61,33.43,1.555,46.286392,21.197916,4.24,56.71478,1.2490546,29.04,36.419395,6.5751724,9.716805,23.73,20.37,3.2808416,4.51,51.83791,24.17,4.14,0.64,10.31,5.989644,1.565,52.92,,1.545,6.88888,1.3,27.53,27.07,3.5282102,22.9,23.08,3.15,174.00243,10.41,33.14,7.933319,18.525095,5.471595,2.8413546,8.261928,3.2647388,11.21,1.4810324,7.86,173.1,22.28,28.052092,2.5102718,3.6020198,0.33,11.41,140.31,,3.05,2.32,6.27,4.939732,,1.6700778,,17.06,3.2307258,7.86,3.99,3.9993637,6.72,4.76,5.7380834,1.78,18.96,3.2,7.153589,8.91,5.78,9.44,12.81,13.56,2.42,1.6743987,11.09,20.68,30.665035,4.08,13.36,6.03,26.126991,6.440957,,4.3343883,1.7367607,18.02,1.1805284,4.9542255,0.51,2.44,81.99,4.75,7.075502,4.17,4.75,9.457568,8.21,6.94,3.85,3.94,2.03,3.35,4.01,6.88,72.3,1.35,27.44,,2.18,4.5,3.78,4.58,3.0615177,122.42,21.42,,1.725,20.3,64.43,9.57,1.6786134,0.685,54.49,28.37,6.867549,4.44,208.52193,1.985,2.878393,41.969482,3.68,15.78,0.99,163.70258,12.3,5.85,6.4,0.925,2.78,22.35,2.23,5.56,21.81,40.77,16.36,1.215,12.402181,1.155,1.915,12.79,20.19291,0.855,11.47,5.19,121.98,11.973061,14.2,3.57,0.925,16.08,2.0,5.38,12.23,8.49,21.597073,4.95,158.4,13.69,2.184413,39.29,163.59137,32.30418,3.74,6.85,1.435,2.99,4.55,3.299725,4.23,2.8,14.16,16.52,41.43,18.44,3.83075,0.115,19.48,2.67,8.51,3.19,5.23,2.67,41.60331,1.765,,2.57,7.932859,0.11,12.83,15.138091,0.945,13.378661,5.44,5.4,13.58,27.486921,4.05,6.75,5.75,3.78,4.21,2.3327878,2.64,5.2,,3.45,3.28,40.001423,35.8,2.67,74.32,6.16,9.05,11.47,37.52,2.3198798,39.16,75.35,87.32,8.25,1.67
2026-04-08,21.66,6.13,8.939128,105.379456,5.07,2.77,9.296309,6.82,32.12,1.72,47.870525,22.69226,4.28,58.514153,1.2934873,29.91,37.475033,6.5655174,9.4933195,24.0,21.35,3.290694,4.78,52.89823,24.33,4.14,0.68,10.46,6.1082506,1.86,54.53,,1.665,6.8415008,1.205,28.84,27.58,3.6059668,23.3,24.66,3.48,177.21814,10.69,35.41,8.129688,19.257,5.521337,2.8709521,8.791789,3.304073,12.25,1.5053115,7.88,176.98,21.99,28.917957,2.5299602,3.6512277,0.345,12.45,142.18,,3.25,2.39,6.96,5.038527,,1.7677431,,18.0,3.299885,8.1,3.45,4.0676455,7.09,5.28,5.7380834,1.885,18.85,3.28,7.3477163,9.29,6.25,9.9,14.09,13.55,2.54,1.9819412,11.9,21.04,31.656467,4.51,15.23,6.62,27.968323,6.4603868,,4.4808207,1.7514377,20.25,1.1854472,4.898768,0.525,2.46,91.0,4.91,6.9975348,4.18,4.78,9.745364,8.28,7.22,4.01,4.06,2.03,3.46,4.42,7.12,76.23,1.465,29.14,,1.895,5.2,3.98,4.82,3.187069,126.54,24.04,,1.87,21.43,68.32,9.95,1.7175378,0.73,58.2,29.54,7.1766367,4.42,220.22604,2.02,2.9074676,43.584446,3.87,16.57,1.01,171.17036,13.0,5.3,6.46,0.965,2.79,23.93,2.33,6.03,24.0,41.03,17.12,1.33,12.99276,1.325,1.975,12.06,21.150715,0.955,12.45,5.28,132.08,12.611366,15.21,3.91,0.975,16.47,2.14,5.66,12.39,9.29,21.8828,5.0,165.08,14.62,2.1747046,40.42,170.70917,32.87179,4.1,7.37,1.505,3.1,4.57,3.377825,4.27,3.15,15.25,18.14,43.42,19.87,3.8885,0.125,20.14,2.7,8.69,3.2,5.87,2.7,42.47355,1.8,,2.75,7.6092687,0.115,13.16,15.351168,0.98,13.583885,5.52,5.34,13.95,29.351963,4.04,7.65,6.1,3.99,4.54,2.401112,2.42,5.29,,3.74,3.38,41.128914,32.06,2.89,76.77,6.79,8.57,11.76,36.78,2.33954,43.35,80.28,91.12,7.49,1.995
2026-04-09,20.14,6.29,8.843111,102.067955,5.03,2.53,9.393349,6.85,33.23,1.79,46.93985,22.256823,4.3,58.445328,1.2934873,29.59,37.875782,6.662069,9.639071,23.52,20.57,3.339956,4.65,56.403183,24.2,4.15,0.695,11.34,6.147786,1.87,54.56,,1.635,7.0120645,1.23,28.17,28.01,3.5962472,23.52,23.41,3.19,179.49962,10.45,34.76,8.051141,19.741638,5.411905,2.8906837,8.605357,3.3434074,12.21,1.5004557,7.91,173.44,22.25,28.72117,2.5594926,3.6807525,0.345,12.1,140.23,,3.14,2.37,6.96,5.1274424,,1.7823931,,17.9,3.2801251,8.18,3.5,4.1554365,6.76,5.51,5.72839,1.835,18.94,3.27,7.4641924,9.03,6.21,9.42,13.92,13.49,2.55,1.972178,11.42,20.53,31.834927,4.21,14.54,6.53,27.689634,6.4992466,,4.4905825,1.7269763,20.33,1.190366,4.9727116,0.51,2.36,87.6,4.81,6.9682975,3.97,4.77,9.8843,8.14,7.44,3.98,4.06,2.05,3.4,4.42,6.95,75.72,1.475,28.91,,1.975,5.03,4.09,4.65,3.0808334,126.19,23.07,,1.91,21.86,66.72,9.34,1.6688824,0.745,58.22,29.62,6.616415,4.45,220.01967,2.03,2.965617,44.533848,3.68,16.05,1.02,168.44482,12.58,5.32,6.49,0.97,2.79,24.47,2.34,5.99,22.65,40.8,16.62,1.18,12.69747,1.355,1.62,12.35,21.130966,0.95,12.34,5.3,127.38,12.601694,14.31,3.87,0.94,16.3,2.05,5.59,12.01,9.09,22.237495,4.99,159.28,14.6,2.1941216,40.39,168.8609,32.54318,4.07,7.51,1.505,3.12,4.58,3.4071126,4.27,2.94,14.83,17.41,42.68,20.45,3.917375,0.12,19.87,2.7,8.76,3.25,5.63,2.65,43.037228,1.8,,2.74,7.795578,0.115,13.09,15.486761,0.97,13.613204,5.53,5.41,13.64,27.816046,4.1,7.53,5.98,3.95,4.6,2.420633,2.5,5.22,,3.76,3.31,41.815216,33.33,2.73,76.52,6.73,8.39,12.02,37.18,2.33954,38.62,73.41,88.64,7.44,1.79
2026-04-10,19.48,6.8,8.871916,102.73624,5.06,2.43,9.383644,6.85,33.0,1.8,46.999256,22.39537,4.33,57.304737,1.347794,29.81,37.963753,6.6331034,9.707088,23.44,20.43,3.3498082,4.7,57.64022,24.49,4.18,0.66,11.49,6.088483,1.81,53.98,,1.68,7.0404916,1.215,28.25,28.56,3.6740038,23.27,23.36,3.12,180.33551,10.61,34.0,7.9235005,19.949343,5.2029896,2.9005494,8.66423,3.372908,12.23,1.5150232,7.86,172.1,22.4,28.809725,2.5594926,3.6709108,0.33,12.21,139.19,,3.18,2.36,6.81,5.1965985,,1.8068093,,17.8,3.2406056,8.21,3.47,4.0773997,6.73,5.59,5.7865467,1.865,18.41,3.25,7.4156604,8.73,6.16,9.28,13.55,13.59,2.51,2.0405207,11.4,20.26,31.745697,4.26,14.54,6.54,27.83893,6.4603868,,4.5393934,1.7416531,20.68,1.2051227,5.028169,0.5,2.32,88.03,4.7,7.0267725,3.99,4.77,9.963693,8.15,7.43,3.9,4.04,2.07,3.46,4.47,6.85,75.21,1.49,29.09,,1.99,5.22,4.0,4.62,3.0808334,125.5,23.32,,1.955,21.77,66.6,9.45,1.6834791,0.785,57.98,29.24,6.4811893,4.52,221.11047,2.12,2.9462337,44.396824,3.72,16.19,1.015,167.52632,12.52,5.18,6.58,0.965,2.79,24.48,2.3,6.1,23.16,40.36,16.31,1.14,12.618726,1.34,1.485,12.38,21.219833,0.93,12.59,5.36,126.92,12.563009,14.63,3.87,0.965,15.99,2.08,5.67,11.74,9.19,22.129116,5.0,158.36,14.19,2.223247,39.77,168.33984,32.14485,3.94,7.43,1.5,3.13,4.63,3.4364,4.27,2.94,14.65,17.37,42.37,20.48,3.9654999,0.115,19.77,2.69,8.79,3.23,5.71,2.56,42.503216,1.795,,2.76,7.7465496,0.115,12.56,15.670782,0.98,13.359117,5.56,5.41,14.64,27.616577,4.23,7.36,6.01,3.98,4.62,2.498718,2.51,5.23,,3.72,3.35,41.932865,33.28,2.69,76.32,6.66,8.12,12.07,36.83,2.36903,37.63,71.46,89.07,7.22,1.845
2026-04-13,17.91,6.79,7.719719,102.606575,4.99,2.32,9.519499,6.76,33.87,1.785,46.15768,21.771902,4.32,56.557457,1.372479,29.31,37.963753,6.613793,9.755673,23.18,20.39,3.3498082,4.51,57.365326,24.26,4.17,0.655,11.31,6.0291796,1.735,54.35,,1.6,7.031016,1.26,27.86,27.88,3.6642842,22.82,23.41,3.0,180.1585,10.51,33.77,7.9627743,19.721859,5.083609,2.8906837,8.536671,3.353241,11.86,1.4664648,7.86,172.31,22.76,28.967155,2.5496485,3.6709108,0.295,11.9,137.29,,3.13,2.33,6.59,5.2459955,,1.7677431,,17.75,3.1714466,8.11,3.37,4.0188727,6.65,5.4,5.7671614,1.77,18.32,3.22,7.376835,8.56,6.07,9.03,13.22,13.33,2.48,1.972178,11.3,20.28,30.79392,4.14,14.35,6.5,27.490572,6.3923826,,4.441772,1.7318685,19.9,1.1854472,4.9542255,0.51,2.33,85.0,4.66,7.065756,3.63,4.79,9.894224,8.21,7.43,3.83,4.01,2.08,3.42,4.38,6.83,74.85,1.51,28.75,,2.09,5.13,3.97,4.62,3.0711756,124.18,23.26,,1.875,21.49,66.08,9.41,1.6834791,0.765,57.56,28.82,6.6260743,4.52,219.87227,2.02,2.9074676,43.99553,3.54,15.83,1.005,167.18689,12.23,5.42,6.61,0.935,2.78,24.0,2.28,5.91,22.67,39.94,15.89,1.08,12.362808,1.22,1.39,12.37,20.60763,0.925,12.42,5.34,132.38,12.282542,14.5,3.72,1.055,15.91,2.04,5.58,11.64,9.01,22.257202,4.99,156.04,13.78,2.2135384,39.51,169.16568,31.975565,3.84,7.21,1.445,3.11,4.62,3.39735,4.22,2.92,14.68,16.99,42.0,20.32,3.994375,0.115,19.72,2.67,8.54,3.23,5.53,2.55,42.2461,1.795,,2.72,7.874024,0.12,12.5,15.8063755,0.965,13.320026,5.55,5.44,15.77,27.157795,4.28,7.04,5.96,3.92,4.52,2.4596756,2.6,5.09,,3.69,3.37,41.756386,34.15,2.65,75.66,6.47,8.33,11.93,37.16,2.36903,37.16,70.42,86.73,7.3,1.77
2026-04-14,18.58,6.31,7.479678,103.394554,5.08,2.37,9.461275,6.79,33.95,1.825,46.316093,21.682837,4.29,55.849503,1.372479,28.77,37.592323,6.6234484,9.677938,23.5,20.39,3.369513,4.67,57.502773,24.65,4.1,0.645,11.35,5.930341,1.725,56.1,,1.725,7.0120645,1.265,27.79,28.32,3.6837234,22.43,23.87,3.13,180.47319,10.69,34.06,8.178781,20.048248,5.1234026,2.9005494,8.4483595,3.3827417,11.85,1.5004557,7.8,175.06,22.77,29.21314,2.5594926,3.7299602,0.29,12.66,138.08,,2.91,2.27,6.74,5.1274424,,1.7921596,,17.61,3.1615665,7.84,3.41,4.0773997,6.75,5.46,5.7865467,1.93,18.15,3.23,7.3283033,8.89,6.14,9.72,13.19,13.37,2.49,2.0209942,11.28,20.6,31.131008,4.19,14.54,6.41,27.918556,6.3923826,,4.4905825,1.6633766,19.96,1.195285,4.9172535,0.51,2.35,86.47,4.61,7.1632147,3.59,4.79,9.834681,8.28,7.58,3.86,4.05,2.02,3.42,4.83,6.84,73.51,1.49,29.37,,2.17,5.38,3.95,4.5,3.05186,122.77,22.8,,1.905,22.07,66.96,9.36,1.6980757,0.75,58.23,28.84,6.9255033,4.55,227.98947,2.01,2.9268506,43.741047,3.58,15.9,1.005,164.3515,12.36,5.53,6.69,0.975,2.79,23.97,2.22,5.98,23.27,40.71,16.63,1.105,12.894331,1.255,1.38,12.35,20.528635,0.945,13.2,5.4,132.02,12.243856,14.66,3.74,1.03,16.05,2.06,5.59,11.92,8.98,22.493666,4.97,161.5,13.75,2.2135384,39.65,171.34819,32.075146,3.8,7.25,1.45,3.08,4.67,3.4461625,4.24,2.99,14.49,17.55,42.01,20.64,4.090625,0.115,20.09,2.71,8.54,3.26,5.76,2.57,42.522995,1.785,,2.68,7.8053837,0.12,12.52,15.816061,0.945,13.192983,5.58,5.41,15.45,27.935728,4.27,6.79,5.96,3.89,4.52,2.4694362,2.65,5.02,,3.56,3.43,40.668114,33.96,2.66,75.05,6.47,8.51,11.79,37.07,2.38869,38.56,73.18,91.53,7.23,1.77
2026-04-15,18.95,6.33,7.402865,101.10044,5.11,2.38,9.296309,6.74,33.13,1.875,47.207172,21.900555,4.27,56.262478,1.3774159,28.77,37.35774,6.6813793,9.4933195,23.22,20.72,3.3498082,4.5,57.345688,24.52,4.11,0.665,11.2,5.890805,1.77,56.11,,1.565,6.945734,1.23,27.71,28.49,3.693443,22.25,24.03,3.11,180.14867,10.76,33.42,8.1689625,20.315296,5.0935574,2.930147,8.379674,3.4122422,12.12,1.490744,7.83,172.0,22.66,29.341051,2.5594926,3.739802,0.3,12.81,139.44,,3.14,2.28,6.64,5.0582857,,1.8800583,,17.67,3.1615665,7.64,3.72,4.0188727,6.98,5.58,5.844703,1.985,19.02,3.23,7.211827,8.96,6.37,10.28,14.45,13.43,2.48,2.118627,11.54,20.77,31.33921,4.31,15.1,6.73,28.266916,6.382668,,4.519869,1.6633766,19.49,1.190366,4.963468,0.515,2.29,89.55,4.64,7.270419,3.61,4.79,9.864452,8.38,7.47,3.85,4.06,2.04,3.42,4.73,6.9,74.34,1.515,29.25,,2.15,5.75,3.97,4.56,3.0808334,123.06,22.64,,1.9,20.56,67.68,9.35,1.7029412,0.8,58.32,28.38,7.3118634,4.65,231.06537,2.17,2.9074676,43.574657,3.55,15.67,0.985,165.1502,12.49,5.39,6.75,0.975,2.79,24.69,2.47,5.97,23.82,40.41,16.73,1.145,13.179777,1.315,1.46,12.19,20.38052,0.93,13.79,5.39,137.42,12.214843,15.39,3.89,1.025,16.13,2.06,5.64,12.21,9.09,22.533077,5.0,161.83,13.86,2.20383,40.53,170.88614,32.563095,4.06,7.62,1.445,3.04,4.63,3.4754498,4.27,3.09,14.35,18.11,41.41,20.17,4.06175,0.115,20.46,2.7,8.54,3.3,5.76,2.53,42.859222,1.775,,2.71,7.5798516,0.115,12.46,16.000082,0.935,13.232073,5.58,5.39,14.8,28.733606,4.33,6.52,5.95,3.91,4.67,2.4791968,2.53,4.98,,3.42,3.51,39.893574,33.16,2.8,74.38,6.56,8.5,11.54,36.75,2.38869,39.96,75.1,93.0,7.06,1.84
2026-04-16,21.31,6.4,7.249239,99.73395,5.18,2.63,9.218678,6.74,33.18,1.855,48.64279,22.009415,4.27,54.90557,1.4267857,27.72,36.87879,6.6524134,9.464169,23.69,20.75,3.4089224,4.63,58.003483,24.7,4.09,0.655,11.05,5.8512692,1.74,55.92,,1.635,6.88888,1.22,27.9,28.45,3.7420409,22.2,25.66,3.23,175.153,10.71,33.67,8.296602,20.671356,5.0438156,2.9202812,8.458173,3.4319093,11.83,1.5150232,7.96,169.79,22.7,29.606716,2.5890255,3.7693267,0.315,13.13,137.55,,3.2,2.26,6.77,5.0681653,,2.00214,,18.19,3.1516867,7.45,3.63,4.0676455,7.27,5.55,5.9028597,2.03,18.54,3.25,7.202121,9.22,6.35,10.7,13.85,13.51,2.42,2.0600471,11.9,20.98,31.359037,4.42,14.49,6.67,29.39162,6.304949,,4.5686793,1.653592,19.98,1.2051227,4.963468,0.55,2.45,93.13,4.71,7.289911,3.79,4.8,9.914072,8.73,7.77,3.86,4.14,2.02,3.5,4.66,7.03,76.45,1.52,28.0,,2.2,5.85,3.88,4.63,3.1677535,122.02,23.43,,2.07,20.78,67.6,9.48,1.7078067,0.795,59.34,28.49,7.881744,4.66,235.85117,2.24,2.917159,42.488228,3.52,15.78,1.005,156.79385,12.48,5.48,6.66,0.99,2.79,24.3,2.46,5.97,25.22,40.77,17.13,1.255,13.68177,1.45,1.47,12.38,20.064543,0.92,14.15,5.71,148.88,12.398597,16.47,3.8,1.0,16.1,2.08,5.62,12.58,9.16,22.572487,5.0,171.56,13.13,2.223247,42.3,169.68672,31.88594,4.09,7.54,1.43,2.98,4.62,3.4364,4.31,3.31,15.37,18.13,41.25,20.11,4.1195,0.115,20.53,2.74,8.6,3.43,5.91,2.5,43.4229,1.74,,2.86,7.5014052,0.12,12.66,16.067879,0.935,13.065939,5.6,5.34,15.0,30.498913,4.28,7.12,6.06,3.97,4.67,2.4791968,,5.13,,3.46,3.46,39.23669,32.81,2.98,74.06,6.47,8.42,11.66,36.77,2.40835,44.9,81.86,95.16,6.92,2.05
2026-04-17,21.35,5.84,7.1724253,96.242905,5.34,2.77,9.218678,6.73,32.93,1.81,48.59329,21.91045,4.27,55.102222,1.4070377,27.13,37.064507,6.5944824,9.6585045,23.65,20.69,3.4384797,4.63,57.96421,25.07,4.09,0.645,11.11,5.8315015,1.705,55.92,,1.71,6.9267826,1.2,28.79,28.59,3.76148,22.39,26.23,3.2,175.271,10.66,33.97,8.24751,20.542778,4.914487,2.9202812,8.418923,3.4220757,11.61,1.5101674,8.01,168.46,22.54,30.295473,2.6284022,3.739802,0.3,13.01,137.13,,3.13,2.31,6.43,5.0681653,,2.0314395,,17.93,3.1912062,7.35,3.61,4.0676455,7.4,5.56,5.931937,2.03,18.35,3.26,7.289478,10.38,6.48,10.31,13.58,13.57,2.36,2.050284,11.82,21.23,30.962463,4.42,14.27,6.58,29.242323,6.1689405,,4.5589175,1.6633766,20.32,1.195285,4.9727116,0.54,2.47,95.74,4.57,7.2801647,3.78,4.79,9.8446045,9.25,7.69,4.02,4.12,1.99,3.49,4.55,7.09,76.07,1.505,28.04,,2.14,5.59,3.93,4.8,3.1580956,121.5,23.81,,2.2,20.7,67.66,9.58,1.7321345,0.775,63.54,28.33,8.200491,4.67,235.73325,2.25,2.8105521,41.64649,3.54,15.63,0.99,156.085,12.49,5.28,6.63,0.99,2.79,23.76,2.41,6.1,25.42,41.63,17.57,1.265,13.898316,1.49,1.465,12.47,20.17316,0.93,14.54,6.04,148.74,12.3405695,17.09,3.73,1.01,16.47,2.09,5.61,12.61,9.08,22.43455,5.01,174.65,12.71,2.2135384,41.21,170.8173,31.388035,3.95,7.55,1.415,2.97,4.53,3.4461625,4.33,3.33,15.47,18.22,40.81,19.55,4.158,0.115,20.56,2.8,8.77,3.4,5.96,2.33,42.79,1.75,,2.95,7.5014052,0.12,12.49,16.164732,1.005,13.251618,5.63,5.33,14.64,30.748251,4.32,6.66,6.05,4.01,4.63,2.4791968,,5.18,,3.52,3.44,38.952366,32.73,2.9,72.85,6.3,8.0,11.82,36.79,2.40835,46.18,81.98,96.67,6.73,2.33
2026-04-20,22.48,5.69,7.1244173,93.21069,5.44,2.66,9.034306,6.74,31.88,1.765,48.43487,22.147963,4.28,56.9311,1.4119747,27.53,37.07428,6.6234484,9.6585045,23.96,20.01,3.4286273,4.59,57.69913,25.39,4.1,0.64,11.08,5.8413854,1.74,55.69,,1.675,6.9267826,1.18,29.31,28.91,3.8003585,22.66,25.87,3.28,177.15912,10.8,34.88,8.237692,20.90873,4.874694,2.9498785,8.369862,3.4712434,11.8,1.5344467,7.97,170.7,22.82,30.039648,2.6185582,3.7988513,0.285,12.97,137.42,,3.0,2.32,6.63,5.1175623,,2.0607393,,18.16,3.1615665,7.35,3.61,4.0676455,7.34,5.49,5.9513226,1.97,18.23,3.32,7.2797713,10.55,6.54,10.0,13.82,13.5,2.41,2.0405207,11.83,21.17,30.784006,4.55,14.57,6.74,29.680262,6.1203666,,4.607728,1.6731611,21.04,1.2149605,5.009683,0.535,2.44,95.45,4.61,7.270419,3.73,,9.993464,8.94,7.55,4.07,4.13,2.01,3.48,4.39,7.1,76.49,1.495,30.02,,2.0,5.74,3.99,4.85,3.2643313,123.57,24.85,,2.23,20.39,70.69,9.56,1.746731,0.76,62.25,28.71,8.277762,4.66,235.52687,2.3,2.791169,40.14898,3.71,15.75,0.98,159.41956,12.48,5.01,6.7,0.995,2.79,23.84,2.36,6.2,25.39,41.81,17.33,1.27,,1.56,1.48,12.34,20.242281,0.95,13.75,6.04,144.8,12.504982,16.77,3.82,1.015,16.48,2.1,5.67,12.61,9.2,22.306463,5.01,174.35,12.97,2.223247,41.49,169.59824,31.646946,4.0,7.68,1.425,3.07,4.39,3.4754498,4.38,3.32,15.44,18.2,41.6,20.05,4.1291246,0.115,20.33,2.78,8.8,3.4,6.02,2.2,42.17,1.74,,2.93,7.403348,0.115,12.67,16.058193,1.065,13.417751,5.67,5.34,14.76,30.409151,4.32,6.67,6.02,4.1,4.71,2.498718,2.3,5.22,,3.53,,39.23669,31.77,2.88,74.63,6.35,7.65,11.13,37.49,2.42801,45.49,82.15,98.86,6.6,2.51
2026-04-21,22.29,5.34,7.0572057,94.03857,5.42,2.67,9.111937,6.73,31.61,1.695,47.454693,22.078688,4.24,56.86227,1.4514706,27.55,36.438946,6.546207,9.6293545,24.63,20.29,3.448332,4.6,58.514004,25.69,4.09,0.605,11.07,5.890805,1.735,55.51,,1.68,6.88888,1.15,29.45,29.27,3.839237,22.69,25.91,3.21,176.5986,10.79,36.47,8.237692,20.987854,5.0139704,2.9498785,8.438548,3.4909105,11.89,1.587861,7.94,167.94,22.98,30.236435,2.6382465,3.7890098,0.275,12.76,137.0,,3.08,2.38,6.56,5.226237,,2.0412061,,18.38,3.1714466,7.44,3.81,4.0481367,7.44,5.39,5.9900937,2.02,18.25,3.37,7.308891,10.39,6.49,10.51,13.6,13.55,2.37,2.0991004,11.57,21.18,30.88315,4.6,14.55,6.68,29.889278,6.2466598,,4.656539,1.6829457,20.5,1.2198793,5.009683,0.565,2.47,87.5,4.61,7.2801647,3.67,,10.023236,8.89,7.66,4.11,4.15,2.02,3.51,4.28,7.16,77.11,1.48,30.65,,2.01,5.74,4.02,4.83,3.2353578,126.18,24.71,,2.3,19.97,72.85,9.65,1.7321345,0.79,62.77,28.89,8.470943,4.67,237.09923,2.3,2.8105521,40.33494,3.75,15.86,0.985,158.34134,12.45,5.12,6.68,0.995,2.79,23.66,2.37,6.32,25.43,41.78,17.67,1.33,,1.58,1.485,12.4,20.44964,0.925,13.61,5.89,142.23,12.533996,16.72,3.9,1.025,16.6,2.1,5.64,12.42,9.08,22.20794,4.98,176.44,13.17,2.223247,41.35,170.92546,31.407951,4.0,7.68,1.445,3.12,4.41,3.4949749,4.39,3.31,15.33,18.01,41.7,20.59,4.081,0.115,20.14,2.84,8.89,3.31,6.26,2.23,42.32,1.73,,2.93,7.2954845,0.115,12.56,16.048508,1.1,13.495933,5.68,5.33,14.48,29.930426,4.33,6.71,6.1,4.05,4.74,2.5279999,2.32,5.28,,3.76,3.42,39.46219,31.21,2.8,74.97,6.43,7.94,11.43,37.82,2.43784,45.59,82.98,102.41,6.85,2.58
2026-04-22,21.68,5.12,7.0956125,95.49483,5.45,2.65,9.0634165,6.75,32.8,1.65,47.395287,22.098482,4.25,56.37064,1.4218488,27.07,35.588573,6.411034,9.677938,24.4,20.04,3.4581845,4.64,58.101658,25.6,4.12,0.575,10.61,5.693127,1.725,56.17,,1.615,6.263479,1.15,29.63,29.51,3.8489566,22.53,25.74,3.14,172.13396,10.67,35.94,8.159144,20.374638,5.103506,2.9498785,8.379674,3.5204113,11.91,1.5975726,8.0,99.58,23.07,29.636234,2.6185582,3.8283763,0.28,12.23,129.19,,2.93,2.45,6.58,5.2657547,,2.0705056,,18.31,3.2307258,7.64,3.83,4.0481367,7.42,5.62,6.009479,1.965,17.38,3.38,7.2215333,10.45,6.42,10.7,13.2,13.59,2.33,2.089337,11.19,21.2,30.367603,3.56,14.41,6.61,29.4812,6.304949,,4.676063,1.653592,19.92,1.2198793,4.9449825,0.535,2.38,85.76,4.53,7.2801647,3.54,,10.142324,8.87,7.93,4.05,4.11,1.99,3.49,4.24,7.16,77.12,1.36,30.73,,2.04,6.08,3.95,4.69,3.2933047,125.03,24.27,,2.32,19.71,72.0,9.73,1.7321345,0.785,63.01,29.02,8.470943,4.71,228.01895,2.21,2.8105521,39.365967,3.55,15.29,0.97,155.6058,12.14,5.4,6.65,1.015,,22.8,2.33,6.29,25.23,42.44,17.09,1.3,14.3,1.62,1.435,12.41,20.716246,0.965,12.87,5.92,140.58,12.321227,16.58,3.76,1.015,16.37,2.07,5.59,12.42,8.87,22.227642,4.98,175.93,13.4,2.223247,40.75,170.12914,30.631216,3.93,7.52,1.44,2.94,4.5,3.55355,4.37,3.18,15.0,17.87,40.9,20.7,4.06175,0.115,20.08,2.82,8.96,3.36,6.17,2.19,42.25,1.715,,2.94,7.2954845,0.115,12.35,16.058193,1.09,13.515477,5.61,5.33,14.32,30.229628,4.33,6.6,6.12,4.72,4.88,2.5377605,2.31,5.34,,3.64,3.39,38.628826,30.79,2.8,74.32,6.24,7.88,11.62,38.15,2.43784,45.79,82.74,100.91,6.85,2.53
2026-04-23,21.76,5.27,7.134019,94.73678,5.42,2.63,8.9857855,6.75,33.48,1.69,46.93985,21.29688,4.28,54.75808,1.4169117,26.9,35.324665,6.353103,9.716805,23.86,19.79,3.4680367,4.43,58.16057,25.44,4.13,0.565,10.54,5.722779,1.67,56.03,,1.645,6.206625,1.215,30.64,29.47,3.8489566,22.26,25.75,3.23,170.50153,10.74,36.0,8.178781,19.870218,5.0338674,2.9597445,8.153993,3.4909105,11.89,1.6315634,8.03,95.0,22.84,29.833021,2.6185582,3.808693,0.27,12.16,129.0,,2.96,2.38,6.54,5.334911,,2.1095722,,17.96,3.1615665,7.56,3.72,3.9896092,7.57,5.76,5.980401,2.07,17.37,3.38,7.1730013,10.89,6.6,10.33,13.04,13.79,2.28,2.118627,10.74,20.97,29.683516,3.6,14.22,6.58,29.172651,6.256375,,4.6663013,1.6046691,19.31,1.229717,4.9172535,0.54,2.36,85.43,4.59,7.1924524,3.48,,10.102629,8.54,7.67,4.02,4.09,2.02,3.51,4.33,7.08,76.16,1.38,30.49,,2.2,6.21,3.96,4.59,3.3415935,122.23,24.0,,2.2,18.39,71.65,9.84,1.7029412,0.75,60.42,28.97,8.50958,4.57,226.61368,2.18,2.7717857,39.30724,3.6,15.18,0.945,154.22804,12.18,5.46,6.42,0.99,,22.65,2.28,6.19,24.83,42.93,18.04,1.335,14.75,1.55,1.445,12.45,20.63725,0.985,12.95,5.68,141.63,12.185829,16.42,3.84,1.02,16.22,1.94,5.58,12.45,8.55,22.040443,5.01,173.45,13.49,2.223247,39.49,169.04768,30.830378,3.86,7.45,1.435,2.95,4.38,3.5926,4.33,3.1,14.8,17.22,41.03,20.44,4.06175,0.115,20.19,2.81,8.88,3.37,6.54,2.16,42.29,1.71,,2.94,7.56024,0.11,12.33,15.8063755,1.085,13.535024,5.56,5.34,14.43,29.701035,4.26,6.06,6.15,4.55,4.99,2.5084786,2.35,5.43,,3.54,3.26,38.354305,31.77,2.74,74.19,6.19,7.94,11.73,37.89,2.43784,44.38,81.27,100.69,7.17,2.51
2026-04-24,20.85,4.76,7.105214,91.32553,5.4,2.61,9.24779,6.73,34.2,1.6,47.42499,21.138538,4.33,53.99113,1.4218488,26.76,35.412632,6.343448,9.833407,23.26,19.54,3.4286273,4.62,58.53364,25.66,4.18,0.56,10.61,5.80185,1.64,56.1,,1.605,6.329809,1.22,30.67,29.46,3.8197978,22.02,25.79,3.4,171.59311,10.61,35.64,8.345695,19.781202,4.924435,2.9696102,8.0951185,3.5302448,11.45,1.6315634,8.11,97.35,23.06,29.567356,2.667779,3.7988513,0.265,11.96,130.0,,2.94,2.34,6.28,5.364549,,2.25607,,17.87,3.201086,7.48,3.72,3.9408364,8.01,5.56,6.009479,1.995,17.45,3.5,7.134176,12.04,6.33,10.01,12.76,12.79,2.3,2.089337,10.6,19.78,29.16797,3.61,13.89,6.32,29.003448,6.2175155,,4.6663013,1.5997769,19.28,1.229717,4.8895245,0.53,2.4,83.44,4.53,7.05601,3.51,,10.013312,7.01,7.62,4.06,4.08,1.98,3.56,4.08,6.88,76.2,1.4,30.88,,2.24,6.08,3.9,4.62,3.2836468,121.07,23.71,,2.24,18.22,71.0,9.83,1.6834791,0.745,59.37,28.9,8.586851,4.65,228.26463,2.19,2.7330194,39.22894,3.7,14.93,0.935,155.33623,12.33,5.33,6.5,0.995,,21.86,2.34,6.16,24.12,42.59,17.81,1.535,14.95,1.475,1.425,12.77,20.953228,0.955,12.61,5.77,138.34,12.243856,15.97,3.77,1.005,16.35,1.9,5.56,12.37,8.41,22.040443,5.03,170.91,13.69,2.2426639,39.99,168.69377,30.760672,3.72,7.35,1.405,3.05,4.32,3.6023626,4.28,3.1,14.66,17.06,40.14,20.45,4.032875,0.115,20.33,2.79,8.84,3.41,6.33,2.21,42.25,1.72,,2.94,7.6386857,0.115,12.19,16.513401,1.11,13.583885,5.53,5.38,14.9,29.012865,4.34,5.86,6.11,4.5,4.74,2.498718,2.4,5.37,,3.65,3.22,38.246456,32.61,2.76,74.2,6.07,7.93,11.88,37.89,2.44767,44.44,81.51,98.73,7.18,2.5
2026-04-27,21.09,4.97,7.0668077,92.063644,5.36,2.64,9.121639,6.7,33.83,1.585,47.751717,21.168226,4.91,53.71582,1.4218488,26.52,35.129173,6.3627586,9.852841,23.4,19.55,3.4187748,4.5,57.77767,25.51,4.16,0.57,10.57,5.772198,1.66,56.16,,1.575,6.263479,1.195,31.39,29.6,3.76148,21.98,25.27,3.4,170.20651,10.63,35.67,8.267147,19.682295,4.944332,2.9696102,8.124556,3.481077,11.45,1.61214,8.03,95.25,22.95,29.183622,2.667779,3.7988513,0.27,11.92,131.82,,3.11,2.3,6.29,5.315152,,2.25607,,17.75,3.1912062,7.4,3.78,3.9408364,8.02,5.67,5.980401,1.935,17.28,3.41,7.0662317,12.88,6.37,10.24,13.08,12.45,2.26,2.1381536,10.65,19.77,28.979597,3.66,14.17,6.42,29.282137,6.2660894,,4.607728,1.5899923,18.92,1.2198793,4.824824,0.535,2.46,83.71,4.54,7.05601,3.51,,9.973617,7.32,7.5,4.11,4.03,1.98,3.59,4.27,6.83,75.95,1.43,30.77,,2.18,6.28,3.82,4.72,3.2450156,120.25,23.79,,2.28,18.08,71.08,9.79,1.6737479,0.755,59.01,28.75,9.021506,4.6,228.00912,2.14,2.7330194,39.34639,3.68,15.07,0.935,165.889,12.2,5.17,6.44,1.015,,22.14,2.37,6.08,23.91,42.16,17.17,1.485,14.67,1.54,1.41,12.13,20.943354,0.955,12.17,5.93,138.12,12.147144,15.7,3.81,1.0,16.19,1.935,5.59,12.3,8.44,21.991179,5.04,169.5,13.56,2.2329555,39.36,170.01114,30.352386,3.74,7.41,1.29,3.04,4.39,3.573075,4.28,3.1,14.49,17.22,39.41,20.55,4.0039997,0.115,20.2,2.77,8.83,3.35,6.29,2.23,41.62,1.7,,2.93,7.5014052,0.115,12.14,16.242214,1.11,13.613204,5.55,5.32,14.69,28.843315,4.3,5.94,5.99,4.47,4.79,2.4596756,2.31,5.24,,3.8,3.2,38.217045,32.13,2.71,73.86,6.17,7.7,11.82,37.69,2.42801,43.04,81.02,99.63,7.03,2.41
2026-04-28,20.15,4.71,6.9899945,93.21069,5.28,2.5,8.9857855,6.72,34.26,1.55,45.741848,20.950508,4.89,53.24385,1.4119747,26.17,35.217144,6.198621,9.843124,23.3,19.18,3.369513,4.29,57.041336,24.35,4.16,0.545,10.61,5.5251007,1.61,55.43,,1.565,6.235052,1.185,30.7,30.0,3.7420409,21.78,24.96,3.3,171.7111,10.6,36.38,8.227874,19.59328,4.944332,2.930147,8.05587,3.4319093,11.49,1.6315634,8.06,93.0,22.97,28.819565,2.6087139,3.7791681,0.26,11.75,128.9,,2.95,2.21,6.04,5.35467,,2.3342025,,15.85,3.1516867,7.33,3.62,3.9701002,8.06,5.58,5.931937,2.01,17.29,3.4,6.813866,13.69,6.2,9.7,12.69,12.02,2.26,2.0600471,10.5,20.11,29.138226,3.67,14.11,6.27,28.764572,5.9649286,,4.5882034,1.619346,18.33,1.2149605,4.834067,0.515,2.46,83.85,4.46,7.05601,3.38,,9.973617,7.49,7.75,4.02,3.98,1.955,3.56,4.42,6.71,76.12,1.455,30.71,,2.15,6.34,3.84,4.81,3.2257,116.32,23.39,,2.37,18.71,70.32,9.83,1.6591513,0.73,61.37,28.88,8.625487,4.54,227.85188,2.15,2.6942532,39.317024,3.5,14.91,0.93,158.43118,11.93,5.25,6.5,1.015,,21.5,2.4,6.04,23.71,42.5,17.19,1.545,14.42,1.475,1.415,11.66,20.686625,0.985,12.24,6.11,136.0,12.021418,15.48,3.38,0.985,16.5,1.895,5.51,12.2,8.37,21.735008,5.02,166.36,13.64,2.223247,39.36,169.21481,30.56151,3.67,7.2,1.215,3.15,4.31,3.5437875,4.19,3.02,14.06,16.72,38.67,20.48,3.917375,0.115,20.18,2.75,8.94,3.37,6.28,2.24,41.61,1.7,,2.85,7.589657,0.115,12.0,16.242214,1.105,13.544795,5.48,5.27,14.74,28.584003,4.28,5.83,5.83,4.36,4.65,2.4303937,2.39,5.18,,3.86,2.98,37.86409,32.4,2.69,72.31,6.1,8.0,11.72,37.5,2.39852,42.22,79.44,99.45,7.28,2.41
2026-04-29,20.34,4.24,6.84597,89.49025,5.31,2.45,9.19927,6.67,34.58,1.545,46.425003,20.910923,4.82,53.34218,1.4070377,26.32,35.36376,6.285517,9.901424,23.78,19.09,3.290694,4.27,56.79589,24.73,4.15,0.55,10.61,5.5349846,1.595,54.95,,1.535,6.348761,1.165,30.2,30.49,3.7323213,22.07,24.86,3.21,169.32144,10.72,42.0,8.306421,19.672405,4.924435,2.930147,8.05587,3.441743,11.8,1.6364193,7.94,90.0,22.94,29.22298,2.5594926,3.7890098,0.275,11.43,125.78,,2.96,2.2,5.65,5.305272,,2.3146691,,16.24,3.1912062,7.31,3.63,4.0383816,8.12,5.5,5.9900937,1.965,17.06,3.39,6.930342,13.55,6.13,9.53,12.57,11.99,2.3,2.0795739,10.26,20.22,29.286943,3.72,13.99,6.35,28.804386,5.9649286,,4.6467767,1.5899923,18.52,1.229717,4.871039,0.515,2.48,83.22,4.5,7.0949936,3.18,,9.943845,7.57,8.03,4.09,3.95,1.96,3.61,4.18,6.7,77.49,1.425,30.59,,2.14,6.42,3.87,4.87,3.2063844,114.61,23.47,,2.43,19.68,69.77,10.04,1.6640168,0.75,61.88,28.7,8.751055,4.61,229.09995,2.22,2.6942532,38.82764,3.48,14.99,0.95,153.32951,12.27,5.43,6.61,1.06,,21.59,2.43,6.01,23.63,42.25,16.71,1.54,14.0,1.415,1.425,12.03,20.666874,1.015,12.09,5.98,134.84,12.11813,15.17,3.27,1.01,16.79,1.905,5.59,12.21,8.38,21.833536,5.02,167.27,13.49,2.2329555,38.94,167.91711,30.222933,3.59,7.14,1.215,3.24,4.26,3.5633125,4.24,3.04,13.64,16.7,38.1,20.71,3.936625,0.105,19.93,2.78,8.94,3.31,6.13,2.26,41.1,1.675,,2.85,7.6190743,0.11,11.98,16.445604,1.11,13.495933,5.46,5.25,15.0,28.534138,4.22,5.84,5.79,4.35,4.72,2.4303937,2.39,5.27,,3.95,3.02,37.471924,33.05,2.69,72.34,5.9,8.23,11.71,37.29,2.40835,41.31,79.3,97.95,7.5,2.43
2026-04-30,20.19,4.01,6.7979617,87.25598,5.32,2.53,9.296309,6.72,35.17,1.5,46.811134,21.059368,4.8,52.437572,1.4415966,26.42,35.82316,6.208276,10.047177,24.0,18.6,3.2611368,4.12,59.69214,25.7,4.17,0.565,10.69,5.4361453,1.485,53.72,,1.39,6.358237,1.175,29.94,29.79,3.8003585,22.63,25.37,3.26,170.77689,10.7,41.68,8.384969,19.929562,4.6458817,2.9597445,8.05587,3.441743,11.33,1.6364193,8.01,94.0,22.11,29.69527,2.5594926,3.8480594,0.275,11.65,124.37,,2.83,2.22,5.17,5.35467,,2.324436,,16.47,3.2307258,7.41,3.54,4.0188727,8.03,5.27,6.038557,1.785,17.3,3.35,6.930342,13.58,5.78,9.06,11.9,11.97,2.29,1.933125,10.19,19.65,29.564543,3.88,13.37,5.81,29.441387,6.003788,,4.6370144,1.6046691,18.31,1.2493924,4.9542255,0.505,2.49,83.33,4.5,7.3191485,3.29,,10.122476,7.43,8.08,4.01,3.97,1.885,3.63,4.1,6.71,76.98,1.425,29.1,,2.19,6.15,3.84,4.7,3.2353578,115.16,23.65,,2.35,19.01,70.0,10.2,1.6542858,0.7,63.71,27.96,8.847644,4.69,231.01622,2.12,2.6361039,39.033184,3.47,14.89,0.95,150.07484,12.46,5.48,6.65,1.035,,21.0,2.44,6.12,23.56,42.45,16.32,1.505,14.24,1.32,1.31,12.1,20.745869,0.925,11.52,6.02,134.4,11.886019,14.82,3.25,1.0,16.57,1.85,5.43,12.55,8.41,22.010885,5.04,169.85,13.71,2.2426639,38.98,164.57448,29.65532,3.36,6.92,1.16,3.25,4.03,3.6218874,4.24,3.04,13.84,16.31,38.74,20.68,3.8981252,0.11,19.77,2.79,9.02,3.36,5.57,2.33,42.17,1.7,,2.88,7.844607,0.11,11.83,16.571514,1.125,13.681612,5.52,5.32,15.0,27.915781,4.19,5.64,5.91,4.33,4.49,2.449915,2.46,5.3,,3.87,2.95,37.74644,33.55,2.65,72.92,5.35,8.41,11.82,34.39,2.42801,42.72,80.04,97.38,7.64,2.43
2026-05-01,20.0,4.02,6.980393,89.3905,5.31,2.47,9.403051,6.83,35.82,1.475,47.276478,21.138538,4.8,52.57523,1.4465336,26.31,34.80662,6.0731034,10.202646,24.89,18.7,3.3301036,4.21,60.457928,25.5,4.27,0.575,10.78,5.515217,1.5,54.94,,1.425,6.3013825,1.17,29.67,30.0,3.8295174,22.93,25.26,3.2,170.16716,10.72,43.33,8.581338,19.870218,4.8249516,2.9696102,8.212866,3.4909105,11.77,1.7141129,8.27,98.77,22.92,30.236435,2.569337,3.8775842,0.28,11.86,124.84,,2.9,2.26,5.21,5.483103,,2.3146691,,16.31,3.299885,7.42,3.61,4.116418,8.08,5.35,6.0676355,1.815,17.42,3.42,6.9691677,13.52,5.85,9.3,12.15,12.08,2.39,1.805,10.15,20.01,29.356342,3.85,13.5,5.74,29.819605,6.130081,,4.695587,1.6291305,19.26,1.2543113,4.963468,0.495,2.5,82.71,4.49,7.4653363,3.28,,10.370576,7.68,8.36,4.09,4.03,1.82,3.73,4.5,6.68,78.05,1.45,29.38,,2.17,6.33,3.89,4.7,3.2160423,114.66,24.06,,2.64,19.14,69.8,10.27,1.6591513,0.72,66.7,29.05,8.635145,4.72,234.07246,2.2,2.616721,38.98425,3.36,14.9,0.935,153.43935,12.47,5.53,6.78,1.065,,21.17,2.49,6.44,23.44,42.7,17.35,1.49,14.25,1.345,1.375,12.07,20.913733,0.91,11.97,6.14,136.16,11.886019,14.88,3.21,0.995,16.65,1.89,5.4,12.47,8.48,22.13897,5.02,170.33,13.8,2.262081,38.27,169.06735,28.609715,3.4,7.06,1.185,3.3,4.12,3.6804624,4.2,2.96,13.84,16.78,40.0,21.3,3.8981252,0.115,19.96,2.81,9.15,3.4,5.7,2.32,42.54,1.705,,2.96,7.8642187,0.12,12.06,16.590883,1.165,13.740248,5.53,5.37,15.57,27.875887,4.2,5.54,6.03,4.29,4.52,2.4791968,2.5,5.42,,3.88,3.02,37.69742,33.12,2.68,73.44,5.36,8.63,12.07,34.15,2.44767,43.73,80.57,97.97,7.68,2.41
2026-05-04,21.23,4.09,6.289075,88.103806,5.23,2.44,9.111937,6.89,35.28,1.475,47.118065,21.247396,4.77,51.90661,1.4514706,26.23,35.471283,6.16,10.124911,24.57,18.25,3.2611368,4.21,60.693554,25.52,4.22,0.555,10.69,5.3175387,1.55,54.95,,1.415,6.2720737,1.145,29.5,29.53,3.839237,22.66,25.55,3.37,169.35095,10.62,43.92,8.542064,19.800983,4.874694,2.9597445,8.14418,3.441743,11.9,1.680122,8.27,100.26,22.02,30.35451,2.5496485,3.8480594,0.275,11.61,124.4,,3.1,2.23,5.4,5.404067,,2.3049026,,16.06,3.2801251,7.63,3.75,4.145682,8.12,5.4,6.0676355,1.835,17.48,3.29,6.9594617,12.99,5.85,9.89,12.18,11.98,2.39,1.805,10.16,19.93,29.643858,3.75,13.67,5.81,29.7997,5.955214,,4.6467767,1.6438074,19.24,1.2444736,4.9357395,0.5,2.51,82.14,4.47,7.367878,3.12,,10.43012,7.64,8.28,4.29,3.97,1.74,3.68,4.67,6.73,78.6,1.43,28.7,,2.08,6.11,3.87,4.74,3.1580956,113.85,22.7,,2.42,18.9,69.73,10.34,1.6640168,0.775,66.98,29.3,8.702759,4.73,233.76782,2.2,2.568263,38.367622,3.32,14.53,0.935,150.9534,12.6,5.51,6.79,1.06,,21.1,2.45,6.49,23.24,42.4,17.22,1.495,14.08,1.305,1.375,11.84,20.745869,0.895,12.34,6.05,138.67,11.711935,15.44,3.21,1.0,16.6,1.9,5.44,12.7,8.46,22.306463,5.01,175.07,13.65,2.2523725,38.31,167.97609,28.83875,3.39,7.17,1.19,3.25,4.09,3.651175,4.19,3.05,13.87,16.75,39.74,21.12,3.8692498,0.11,19.97,2.83,9.24,3.45,5.67,2.29,42.65,1.7,,3.01,7.756355,0.12,11.73,16.47466,1.165,13.837973,5.46,5.36,15.6,27.965649,4.21,5.46,6.0,4.27,4.5,2.4694362,2.42,5.57,,3.79,2.99,37.74644,32.11,2.7,72.66,5.45,8.5,12.09,33.89,2.43784,43.48,82.92,99.55,7.46,2.46
2026-05-05,21.08,4.02,6.4330993,87.37567,5.23,2.39,9.150752,6.89,35.46,1.475,47.40519,21.29688,4.79,51.316647,1.4564075,25.71,35.13895,6.102069,10.163779,23.81,17.99,3.2512844,4.05,60.929184,25.3,4.17,0.565,10.57,5.1495123,1.545,54.72,,1.35,6.1939173,1.16,28.56,29.56,3.8295174,22.66,25.67,3.27,169.99016,10.76,39.8,8.650067,19.91967,4.8349004,2.9696102,7.92831,3.4712434,13.01,1.6704103,8.26,99.47,21.96,30.757923,2.5398042,3.8382177,0.26,11.22,124.41,,2.97,2.2,5.04,5.3744287,,2.3049026,,15.79,3.201086,7.69,3.77,4.145682,7.98,5.3,5.9028597,1.8,17.58,3.27,6.862398,12.56,5.73,10.01,12.06,11.85,2.36,1.74,10.59,20.02,29.69343,3.63,13.57,5.85,29.630497,5.9649286,,4.7053494,1.6095614,18.02,1.2543113,4.7416377,0.48,2.52,80.2,4.45,7.426353,2.9,,10.420197,7.58,8.08,4.29,3.98,1.72,3.73,4.65,6.66,77.87,1.41,27.96,,2.12,6.09,3.81,4.7,3.1291223,112.81,22.24,,2.39,18.57,70.17,9.63,1.7078067,0.8,66.66,29.24,8.664124,4.65,232.89322,2.18,2.6361039,38.122932,3.25,14.47,0.92,152.34113,12.45,5.51,6.72,1.035,,20.82,2.44,6.41,22.72,41.99,17.24,1.52,13.99,1.27,1.355,11.95,20.38052,0.88,12.13,6.04,136.28,11.5475235,16.21,3.16,0.995,16.66,1.875,5.37,12.79,8.39,22.198086,5.0,175.71,13.4,2.262081,37.37,167.79912,29.446198,3.35,6.75,1.215,3.18,4.06,3.6999874,4.22,2.97,13.9,16.59,40.05,20.28,4.013625,0.11,19.28,2.92,9.85,3.44,5.74,2.31,42.48,1.725,,2.96,7.756355,0.115,11.67,16.590883,1.135,13.965016,5.57,5.42,15.43,28.08533,4.2,5.35,5.99,4.23,4.64,2.498718,2.45,5.89,,3.66,2.95,36.89347,32.71,2.7,72.22,5.38,8.51,11.98,34.17,2.44767,45.75,86.17,100.53,7.34,2.42
2026-05-06,19.84,3.8,6.279473,88.5726,5.26,2.41,9.189568,6.88,35.02,1.445,46.96955,21.91045,4.82,51.818115,1.5057772,25.8,36.233685,6.14069,10.173496,23.46,17.61,3.241432,4.2,61.64588,24.51,4.14,0.565,10.73,5.1297445,1.555,56.39,,1.335,6.203686,1.125,27.79,30.31,,22.7,25.43,3.26,175.02516,10.94,40.05,8.75807,19.702078,4.924435,2.9597445,8.14418,3.481077,13.06,1.6169959,8.23,97.08,21.73,30.944872,2.579181,3.7988513,0.245,11.7,124.59,,2.93,2.18,5.15,5.364549,,2.8811285,,16.38,3.1912062,8.05,3.82,4.174946,7.98,5.43,5.980401,1.725,17.61,3.25,6.8235726,13.52,5.99,9.97,12.32,11.83,2.38,1.73,10.68,20.65,28.900282,3.6,14.07,5.9,30.496418,5.955214,,4.656539,1.6486996,18.19,1.2346358,4.806338,0.495,2.95,81.06,4.42,7.4555907,2.89,,11.978263,8.08,8.13,4.43,3.96,1.705,3.83,4.78,6.55,72.98,1.46,28.13,,2.07,6.48,3.87,4.81,3.0615177,112.0,22.13,,2.54,19.24,73.42,8.77,1.6883446,0.76,69.3,30.12,8.857303,4.66,236.40149,2.09,2.655487,39.179996,3.26,14.3,0.955,155.47601,12.32,5.32,6.79,1.05,,20.79,2.41,6.67,22.54,40.78,16.62,1.51,14.31,1.275,1.385,11.96,20.657,0.895,11.93,6.24,132.79,11.721607,16.36,3.25,1.025,16.52,1.925,5.43,13.23,8.56,22.089706,5.02,174.12,13.59,2.2329555,37.47,171.65297,28.659506,3.42,6.51,1.245,3.17,4.14,3.6609375,4.13,2.96,13.69,16.95,41.13,21.39,3.936625,0.115,18.93,2.92,9.79,3.46,5.8,2.32,42.47,1.705,,3.0,7.7367435,0.115,11.66,16.610254,1.15,14.111605,5.29,5.36,15.21,27.865913,4.14,5.54,5.94,4.29,4.45,2.4791968,2.37,5.91,,3.77,3.04,38.177826,31.84,2.81,72.71,5.45,8.38,12.31,33.85,2.42801,44.74,85.82,98.42,7.1,2.52
2026-05-07,19.3,3.4,6.308278,86.517876,5.29,2.4,8.888747,6.91,34.22,1.525,46.920048,22.553713,4.8,53.814144,1.5057772,26.34,36.507366,6.333793,10.231796,23.89,18.47,3.2512844,4.11,59.044167,24.62,4.08,0.575,10.85,5.1198606,1.585,58.52,,1.45,6.242765,1.095,27.8,30.96,3.8519483,22.6,25.49,3.31,176.2544,11.81,40.91,8.708978,19.810875,4.994074,2.979476,8.203053,3.500744,13.57,1.6072843,8.29,98.22,21.81,30.48242,2.5890255,3.8382177,0.255,12.5,122.0,,2.96,2.25,5.36,5.2064776,,2.802996,,16.6,3.2900052,7.91,3.76,4.223718,8.17,5.88,6.038557,1.815,17.83,3.25,6.8235726,13.69,6.1,9.54,13.1,12.0,2.41,1.85,10.89,21.42,29.019255,3.7,14.73,6.16,30.705435,6.0426474,,4.7151113,1.6633766,18.58,1.2346358,4.787852,0.53,2.95,84.45,4.52,7.3191485,2.88,,12.345451,8.44,8.53,3.93,4.01,1.755,3.83,5.27,6.62,74.47,1.52,29.08,,2.0,6.9,4.05,4.88,3.090491,102.66,23.2,,2.51,19.93,75.3,9.08,1.6932101,0.745,71.34,30.19,9.687977,4.6,237.68884,2.09,2.6845617,39.51,3.35,14.72,0.955,159.79895,13.05,5.09,6.75,1.1,,21.7,2.46,7.14,23.16,42.07,17.66,1.485,14.87,1.345,1.41,11.65,22.217136,0.95,12.94,6.37,129.92,11.992403,16.5,3.43,1.04,16.87,1.975,5.57,13.12,9.0,22.316317,5.04,174.48,13.95,2.2329555,37.61,177.19777,28.699337,3.55,6.83,1.31,3.19,4.19,3.70975,4.1,3.11,13.94,17.92,41.59,21.89,3.936625,0.11,18.73,2.89,10.19,3.45,6.26,2.38,42.95,1.71,,3.02,7.481794,0.11,11.32,16.503717,0.88,14.121377,5.35,5.33,15.09,27.367239,4.14,5.99,5.95,4.34,4.86,2.4889574,2.25,5.8,,3.83,3.17,38.57,30.49,2.86,73.69,5.74,8.11,12.29,34.16,2.41818,44.32,84.09,98.34,6.82,2.64
2026-05-08,19.86,3.21,6.279473,87.036545,5.26,2.37,8.791709,6.86,34.2,1.52,46.3656,22.098482,4.78,53.94197,1.5008403,26.42,35.96,6.2565517,10.027743,23.78,18.66,3.2315798,4.15,57.16897,24.03,4.06,0.57,10.67,5.0605574,1.58,57.95,,1.39,6.1939173,1.075,27.88,30.13,3.764182,22.45,26.22,3.32,172.98953,11.81,40.34,8.6795225,19.553719,4.994074,2.9498785,8.075494,3.441743,13.63,1.5975726,8.34,99.89,21.63,30.236435,2.579181,3.7299602,0.255,12.37,119.88,,2.91,2.25,5.45,5.16696,,2.7053306,,16.08,3.2801251,7.71,3.63,4.272491,8.19,6.03,5.922245,1.73,17.49,3.25,6.6973896,13.51,6.1,8.94,13.05,11.67,2.35,1.925,10.74,21.27,28.751568,3.57,14.9,6.22,30.1182,5.9260693,,4.5686793,1.5948845,18.5,1.2198793,4.7786093,0.495,2.99,81.83,4.48,7.0949936,2.83,,12.305755,8.34,8.36,4.04,3.91,1.695,3.74,5.65,6.54,73.29,1.475,28.67,,1.96,6.94,4.0,4.87,3.0325446,114.64,22.76,,2.45,19.44,75.57,8.9,1.6542858,0.795,69.55,29.75,9.523774,4.59,235.09448,2.02,2.655487,38.36,3.4,14.64,0.97,160.08849,12.8,5.03,6.64,1.09,,21.16,2.4,7.03,22.58,43.17,17.06,1.475,14.79,1.35,1.4,11.38,21.456816,0.945,12.49,6.26,129.49,11.944047,16.26,3.39,1.01,16.59,1.955,5.52,12.84,8.9,21.971474,5.02,176.89,13.51,2.2135384,36.83,175.70343,28.440426,3.52,6.85,1.29,3.18,4.14,3.6218874,4.05,3.12,14.0,18.01,40.82,21.65,3.8114998,0.11,18.94,2.85,10.67,3.49,5.84,2.34,43.54,1.73,,3.06,7.3739305,0.11,11.6,16.12599,0.755,14.09206,5.3,5.31,14.75,27.915781,4.14,5.93,5.84,4.34,4.7,2.3718302,2.22,5.72,,3.73,3.17,37.44,30.05,2.75,72.25,5.6,7.89,12.15,33.6,2.38869,42.27,83.56,103.06,6.66,2.51
2026-05-11,20.11,3.44,6.2602696,86.378235,5.28,2.31,8.714077,6.77,34.07,1.51,45.920063,21.959934,4.79,54.05013,1.5008403,26.25,35.9,6.2468963,10.06661,24.21,18.71,3.2315798,4.21,57.100243,24.19,3.98,0.555,10.63,5.090209,1.605,58.33,,1.48,6.1939173,1.06,28.3,30.44,3.6959198,22.13,26.37,3.34,171.12106,11.94,39.19,8.689342,19.43503,5.113454,2.9005494,8.075494,3.4024086,13.41,1.5927167,8.45,101.06,21.53,30.069166,2.5594926,3.690594,0.25,13.02,100.75,,2.94,2.23,5.38,5.2361164,,2.6662645,,15.45,3.497483,7.75,3.53,4.311509,8.28,6.19,5.873781,1.81,17.35,3.26,6.707096,13.74,5.78,8.57,12.96,11.58,2.41,1.925,10.57,21.42,28.692083,3.62,14.51,6.14,30.735294,5.9746437,,4.5393934,1.5361773,17.78,1.2051227,4.6769366,0.505,3.11,81.68,4.47,7.1339774,2.83,,12.762259,8.43,8.55,4.02,3.86,1.82,3.77,5.77,6.37,71.51,1.465,28.76,,1.98,6.82,4.1,4.97,3.0325446,114.7,22.93,,2.46,19.68,75.63,8.87,1.6250924,0.805,69.0,29.41,9.75559,4.57,235.20258,2.0,2.829935,38.22,3.31,14.65,0.97,158.59093,13.39,5.04,6.6,1.095,,20.75,2.47,7.17,22.83,43.28,17.49,1.49,14.84,1.345,1.395,11.31,21.62468,0.98,13.21,6.28,129.6,11.827991,16.33,3.41,1.02,16.72,2.02,5.47,12.92,8.74,22.020737,5.02,177.56,13.43,2.184413,36.74,176.75536,28.500175,3.45,6.62,1.3,3.17,4.2,3.573075,4.07,3.15,13.85,18.53,40.02,22.11,3.744125,0.11,18.95,2.84,11.02,3.45,6.15,2.37,44.18,1.735,,3.07,7.3739305,0.115,11.32,16.213158,0.755,14.150695,5.21,5.29,14.95,27.985594,4.16,5.66,5.89,4.36,4.61,2.420633,2.19,5.82,,3.76,3.2,37.12,30.51,2.6,72.63,5.58,7.9,12.09,33.5,2.34937,42.28,83.05,103.51,6.64,2.6
2026-05-12,17.92,3.39,6.116245,89.72963,5.29,2.2,8.888747,6.88,33.61,1.53,45.395317,21.118746,4.78,54.325443,1.4810925,25.59,35.14,5.9765515,10.202646,23.9,18.4,3.1921701,4.17,56.334457,24.06,4.0,0.55,10.4,5.0605574,1.685,59.78,,1.45,6.0473733,1.055,27.91,30.29,3.6569128,21.64,26.02,3.17,168.72159,11.59,38.96,8.640249,19.197657,5.113454,2.9202812,7.771314,3.3827417,13.98,1.5732934,8.29,101.05,20.97,29.262337,2.4905834,3.690594,0.25,13.24,98.55,,2.85,2.19,5.55,5.255875,,2.5685992,,15.28,3.4777231,7.62,3.18,4.3407726,8.08,6.18,5.805932,1.785,17.09,3.22,6.842985,,6.14,8.6,13.32,11.42,2.41,1.97,10.42,21.91,27.898935,3.96,15.04,6.52,30.725342,5.9357843,,4.519869,1.5215002,16.93,1.195285,4.556778,0.485,2.93,79.85,4.36,7.270419,2.74,,12.494311,8.8,8.36,4.05,3.81,1.955,3.58,5.74,6.13,70.0,1.385,28.23,,1.995,6.62,4.09,4.9,2.9263086,110.3,21.83,,2.59,19.51,74.5,8.58,1.6104958,0.845,69.87,29.57,9.514115,4.53,230.15143,1.99,2.8493183,37.42,3.26,14.44,0.96,165.51959,12.87,4.96,6.54,1.095,,21.42,2.43,7.27,22.14,43.08,17.22,1.395,14.5,1.4,1.37,11.62,21.88141,1.015,12.7,6.5,125.93,11.615223,15.91,3.43,0.945,16.19,2.03,5.53,12.4,8.61,21.92221,5.01,172.77,13.0,2.1747046,36.83,182.29033,27.544195,3.58,6.69,1.365,3.05,4.35,3.534025,3.98,2.96,13.3,19.1,39.71,22.28,3.686375,0.105,18.91,2.85,11.18,3.52,5.96,2.32,43.3,1.7,,3.1,7.4131536,0.135,11.21,16.106619,0.725,14.219104,5.18,5.26,14.43,27.776152,4.08,5.32,5.78,4.22,4.75,2.3815908,2.19,5.87,,3.8,3.25,36.61,30.74,2.59,71.3,5.67,7.68,11.97,32.93,2.33954,39.8,80.13,100.3,6.51,2.46
2026-05-13,18.76,3.38,6.0778384,94.56721,5.3,2.17,9.044008,6.82,34.02,1.555,51.424923,21.554184,4.77,52.998035,1.5057772,25.54,34.57,6.1310344,10.22208,23.37,18.37,3.2020226,4.18,56.295185,24.02,4.05,0.515,10.27,5.1495123,1.675,61.52,,1.405,5.998525,1.075,29.08,30.1,3.6569128,21.81,26.91,3.19,151.11876,11.41,38.55,8.738433,19.22733,5.113454,2.9005494,7.908686,3.372908,14.16,1.5635817,8.17,100.06,21.13,29.409927,2.5201159,3.6512277,0.255,13.92,98.79,,2.85,2.23,5.69,5.226237,,2.6271985,,15.25,3.576522,7.59,3.22,4.3895454,7.89,6.21,5.815625,1.75,17.07,3.26,7.037112,12.69,6.26,8.8,13.4,11.34,2.38,2.14,10.56,22.52,27.948507,4.17,14.89,6.64,31.153326,6.0426474,,4.5686793,1.5948845,16.88,1.190366,4.5475354,0.375,2.83,81.17,4.37,7.4068613,2.71,,12.305755,9.01,8.47,4.06,3.8,1.935,3.55,5.67,6.04,71.43,1.37,27.87,,2.06,6.87,4.03,4.9,2.9649398,115.73,21.53,,2.57,19.9,75.5,8.51,1.6737479,0.85,70.62,29.79,9.514115,4.56,232.7065,2.03,2.878393,36.86,3.33,14.08,0.96,165.92892,12.71,5.04,6.53,1.1,,21.64,2.4,7.36,22.46,42.14,16.91,1.39,14.66,1.385,1.35,11.59,22.049274,1.03,11.17,6.44,125.5,11.286399,15.53,3.37,1.01,15.91,2.2,5.65,11.9,8.67,22.079853,5.01,171.0,12.72,2.1747046,36.67,185.8099,28.151094,3.58,6.87,1.385,3.07,4.49,3.5633125,3.95,3.0,13.47,19.96,39.83,22.0,3.85,0.105,18.9,2.86,11.08,3.49,5.86,2.36,42.59,1.645,,3.11,7.5308223,0.14,11.27,16.213158,0.715,14.121377,5.28,5.3,14.52,28.244905,4.07,4.98,5.76,4.18,4.82,2.401112,2.23,5.85,,3.75,3.31,35.57,30.87,2.65,71.55,5.67,7.85,11.97,32.96,2.3297098,38.53,81.0,100.21,6.56,2.44
2026-05-14,18.39,3.83,5.885806,94.34777,5.29,2.17,9.082824,6.85,34.07,1.575,50.88038,22.039104,4.77,53.234016,1.5255251,25.71,34.84,6.0248275,10.358115,23.38,17.79,3.1626132,4.01,57.453686,24.03,4.12,0.42,10.27,5.2285833,1.635,62.06,,1.35,6.027834,1.09,28.35,29.7,3.6569128,21.82,26.17,3.1,153.8231,11.4,40.22,8.75807,19.365797,5.053764,2.880818,7.8988733,3.3827417,13.95,1.61214,8.23,95.42,20.66,29.55752,2.470895,3.7004356,0.235,13.91,97.26,,2.88,2.2,5.86,5.2064776,,2.6662645,,15.68,3.616042,7.64,3.18,4.3993,7.97,6.03,5.805932,1.73,16.84,3.18,6.9691677,12.07,6.19,8.47,13.23,11.34,2.37,2.19,10.46,22.99,27.660992,4.05,14.75,6.47,31.252857,5.2265987,,4.597966,1.5704231,16.56,1.2051227,4.556778,0.37,3.01,80.71,4.37,7.6797457,2.64,,12.424844,8.76,8.28,4.0,3.8,1.92,3.47,5.73,5.86,71.26,1.38,27.03,,2.04,6.82,3.99,4.81,3.0228868,113.35,21.52,,2.5,17.95,77.2,8.47,1.6640168,0.91,70.16,29.79,12.151022,4.59,240.30286,2.05,2.8202436,36.42,3.34,13.58,0.94,163.91222,12.85,5.04,6.57,1.095,,21.13,2.38,7.48,22.25,42.24,16.74,1.355,14.8,1.415,1.295,11.65,22.651606,1.005,10.75,6.38,121.6,11.063959,15.54,3.29,1.16,15.84,2.05,5.64,12.25,8.59,22.28676,5.04,161.24,12.87,2.184413,36.3,188.72978,27.941534,3.49,6.8,1.3975,3.04,4.44,3.573075,3.91,2.94,13.17,19.75,39.61,22.43,3.8114998,0.105,18.51,2.86,11.0,3.5,5.73,2.27,42.22,1.645,,3.11,7.521017,0.13,11.04,16.581198,0.695,14.267966,5.27,5.32,14.85,27.437054,4.11,4.86,5.79,4.17,4.71,2.4108725,2.2,5.9,,3.7,3.32,35.72,30.62,2.52,71.73,5.44,7.72,12.25,32.54,2.3198798,36.67,73.68,96.59,6.44,2.4
2026-05-15,18.44,4.17,5.885806,89.181046,5.39,2.14,8.82082,6.86,35.05,1.515,51.01899,21.96983,4.8,52.65389,1.5452731,25.75,35.21,6.0151725,10.260947,23.81,17.88,3.2020226,4.04,57.650043,24.34,4.22,0.395,10.4,5.307655,1.6,60.46,,1.32,6.066912,1.105,29.26,30.14,3.7154233,22.1,26.11,2.94,156.75362,11.53,40.3,9.032988,19.494373,4.9741774,2.930147,7.889061,3.4122422,13.56,1.6315634,8.29,96.33,20.81,30.570974,2.5102718,3.7496433,0.23,13.48,97.96,,2.9,2.25,5.93,5.2459955,,2.676031,,15.72,3.6456814,7.72,3.27,4.3895454,8.19,5.71,5.825318,1.71,17.09,3.1,6.98858,11.01,6.02,8.82,12.5,11.99,2.48,2.09,10.28,22.6,26.758787,4.07,14.11,6.31,31.23295,5.061446,,4.6370144,1.5704231,17.0,1.2247981,4.630722,0.345,2.89,80.54,4.4,7.8064423,2.76,,12.395071,8.51,7.9,3.99,3.84,1.955,3.52,5.21,5.84,71.33,1.395,26.94,,2.09,6.11,4.07,4.83,2.955282,114.0,22.21,,2.35,17.95,76.1,8.6,1.6786134,0.835,64.77,29.94,12.440792,4.66,238.76001,2.11,2.8590097,36.52,3.47,13.89,0.95,157.18323,12.79,5.23,6.62,1.04,,20.5,2.39,7.62,22.39,41.83,16.36,1.43,14.87,1.355,1.285,11.49,22.750349,0.93,10.65,6.01,122.11,10.899548,15.56,3.33,1.195,16.2,2.09,5.53,12.22,8.54,22.700573,5.02,162.01,13.31,2.20383,37.56,182.61476,28.270845,3.35,6.65,1.315,3.11,4.21,3.5828376,4.01,2.89,13.36,18.93,39.97,22.48,3.821125,0.105,18.73,2.86,11.14,3.48,5.58,2.31,42.61,1.645,,3.15,7.726938,0.135,11.09,16.939552,0.68,14.267966,5.36,5.38,14.72,28.2848,4.17,4.87,6.1,4.25,4.64,2.449915,2.28,6.03,,3.61,3.27,35.84,31.25,2.44,71.67,5.29,7.97,12.5,32.98,2.38869,38.01,79.67,98.25,6.71,2.36
2026-05-18,18.21,4.0,5.578553,86.302635,5.26,2.21,8.733485,6.77,35.57,1.47,50.89028,21.603666,4.82,50.579197,1.5304621,25.05,35.06,5.822069,9.988876,22.31,17.7,3.1429083,3.87,57.178787,24.09,4.17,0.37,10.32,5.2088156,1.51,58.77,,1.27,6.105991,1.135,29.0,29.53,3.6764164,17.63,25.75,2.9,158.07138,11.19,39.74,9.023169,18.821814,4.7752104,2.8906837,7.7909384,3.372908,13.05,1.5830051,8.25,93.52,20.85,31.574593,2.4413624,3.7004356,0.22,13.03,96.22,,2.6,2.16,5.46,5.186719,,2.5783658,,15.56,3.566642,7.57,3.13,4.321264,8.17,5.53,5.7865467,1.655,16.49,3.02,5.387031,11.54,5.89,,11.93,11.8,2.44,1.91,10.17,21.95,26.441528,3.95,13.28,6.04,29.978857,4.7894297,,4.549155,1.5508541,17.21,1.2051227,4.575264,0.355,2.78,79.66,4.37,7.78695,2.79,,12.285908,8.36,7.7,3.87,3.77,1.92,3.53,4.94,5.7,70.62,1.35,26.02,,2.08,5.87,4.0,4.78,2.8973355,113.03,21.21,,2.32,18.93,74.8,8.53,1.6250924,0.815,64.1,29.33,12.431133,4.69,236.55,2.04,2.829935,36.32,3.33,13.75,0.94,150.54407,12.35,5.32,6.68,1.015,,20.0,2.37,7.2,21.98,41.75,15.57,1.33,14.58,1.325,1.255,11.44,22.236885,0.905,10.38,6.0,125.52,10.91889,15.08,3.11,1.06,15.95,2.04,5.37,12.07,8.44,22.917332,5.01,164.6,13.21,2.184413,37.11,175.98853,28.131138,3.21,6.4,1.26,3.04,4.03,3.5047374,4.0,2.84,13.51,18.14,38.81,22.03,3.686375,0.105,18.39,2.82,11.28,3.51,5.47,2.36,41.9,1.63,,3.05,7.932859,0.13,10.94,16.920181,0.675,14.150695,5.25,5.41,14.26,28.564056,4.16,4.77,2.27,4.2,4.38,2.449915,2.31,5.95,,3.55,3.07,35.71,32.15,2.39,71.26,5.14,8.04,12.22,32.98,2.36903,38.2,78.07,97.65,6.67,2.23
2026-05-19,18.0,3.65,5.6361628,86.70205,5.39,2.27,8.859635,6.75,35.69,1.53,51.22691,23.078217,4.87,51.62146,1.5748949,25.45,35.52,5.841379,10.056894,22.18,17.53,3.2020226,3.92,58.209656,25.3,4.25,0.39,10.51,5.2285833,1.54,58.7,,1.255,6.2329955,1.145,29.24,29.6,3.7251751,17.53,26.7,2.88,160.17586,11.53,40.07,9.199902,19.237219,4.785158,2.9400127,7.947935,3.4515765,12.83,1.6072843,8.39,95.37,21.41,32.588047,2.5102718,3.7791681,0.225,13.11,98.69,,2.67,2.18,5.47,5.2657547,,2.5588326,,16.33,3.6061618,7.73,2.94,4.321264,8.27,5.39,5.8931665,1.65,16.69,3.09,5.503507,11.41,5.87,,11.95,12.21,2.49,1.835,9.98,21.88,27.264418,3.97,13.12,6.08,30.506372,4.73114,,4.656539,1.565,17.48,1.2346358,4.6954226,0.37,2.86,81.01,4.37,7.962376,2.76,,12.355375,8.25,7.67,3.92,3.86,1.96,3.63,4.87,5.78,69.84,1.355,26.78,,2.06,5.93,4.03,4.77,2.9359665,114.58,21.18,,2.23,18.12,74.52,8.68,1.639689,0.79,65.74,29.82,12.170341,4.79,240.98,2.04,2.9074676,37.04,3.33,14.03,0.94,153.17975,12.63,5.51,6.8,1.015,,19.86,2.4,7.22,22.2,42.34,15.52,1.33,14.55,1.405,1.27,11.57,22.77997,0.835,10.63,5.92,130.26,11.180015,15.5,3.15,1.06,16.29,2.07,5.38,12.14,8.55,23.577461,5.02,167.8,13.71,2.2135384,38.15,175.64444,28.689968,3.22,6.46,1.245,3.14,4.06,3.55355,4.15,2.77,13.97,18.08,40.2,22.41,3.8018749,0.105,18.43,2.85,11.45,3.55,5.54,2.5,42.61,1.655,,3.05,7.932859,0.13,11.18,17.268852,0.685,14.1409235,5.33,5.55,14.21,27.726284,4.22,4.95,2.67,4.34,4.49,2.4889574,2.31,6.03,,3.43,3.07,36.39,32.28,2.38,72.98,5.21,8.15,12.41,34.21,2.40835,38.12,78.62,98.6,6.85,2.25
2026-05-20,17.91,3.28,5.415325,89.06855,5.26,2.16,8.82082,6.57,35.2,1.455,50.454643,22.909979,4.81,50.569366,1.5502101,25.54,34.77,5.7448273,10.056894,21.32,17.01,3.1823177,3.77,58.39619,24.83,4.21,0.37,10.41,5.268119,1.44,57.33,,1.205,6.12553,1.16,28.82,29.32,3.7056715,16.4,25.81,3.39,159.93983,11.19,39.0,9.091898,18.59433,4.785158,2.8906837,7.8988733,3.4024086,12.31,1.6267077,8.22,94.77,21.51,32.95211,2.4610507,3.710277,0.225,12.67,98.47,,2.52,2.18,5.19,5.4238257,,2.5588326,,16.16,3.5567622,7.56,2.83,4.3505273,8.25,5.23,5.8350105,1.545,16.47,3.05,5.3482056,11.18,5.65,7.91,11.37,12.03,2.41,1.78,9.62,21.62,27.125618,3.96,12.3,5.8,29.859419,4.5951324,,4.5784416,1.6,16.0,1.2149605,4.7046657,0.345,2.77,80.5,4.34,7.933139,2.65,,12.484387,8.44,7.6,3.8,3.76,1.945,3.62,4.66,5.66,69.62,1.315,26.55,,2.08,5.85,4.01,4.77,2.9359665,113.85,20.88,,2.16,18.37,72.35,8.51,1.6202269,0.775,67.31,29.02,11.957842,4.79,236.09,1.99,2.897776,36.8,3.35,13.77,0.93,146.3509,12.42,5.44,6.76,1.0,,19.35,2.35,7.06,21.91,42.21,14.9,1.295,14.22,1.31,1.265,11.21,22.385,0.76,10.15,6.03,128.7,10.9865885,15.17,3.01,1.045,15.98,2.03,5.15,11.74,8.45,23.331144,5.02,164.5,13.57,2.2135384,38.29,173.09816,29.198904,3.07,6.18,1.19,3.09,4.04,3.55355,4.09,2.66,13.54,17.58,41.45,22.14,3.75375,0.1,18.44,2.84,11.54,3.47,5.39,2.61,41.83,1.61,,2.98,7.932859,0.12,11.05,17.104202,0.68,13.965016,5.17,5.49,14.0,29.760876,4.18,4.75,2.22,4.37,4.27,2.4401543,2.34,5.97,,3.36,2.91,35.51,32.5,2.23,73.72,4.95,8.19,12.15,34.43,2.3592,37.82,78.35,97.04,6.96,2.2
2026-05-21,18.41,3.28,5.3865204,89.767525,5.32,2.17,8.752893,6.59,35.18,1.485,50.37544,23.563137,4.82,52.38841,1.5748949,26.09,35.32,5.88,10.03746,21.7,17.72,3.211875,3.84,58.98526,24.77,4.24,0.38,10.48,5.2187,1.485,59.1,,1.205,6.213456,1.135,28.83,30.0,3.734927,16.97,25.54,3.76,161.4051,11.48,39.61,9.26863,19.049297,4.8349004,2.9202812,8.104931,3.46141,12.82,1.6655544,8.4,96.89,21.45,33.266968,2.4905834,3.7890098,0.22,13.34,100.05,,2.72,2.2,5.37,5.5720177,,2.6076655,,16.86,3.596282,7.64,3.0,4.4090548,8.33,5.42,5.9416304,1.55,16.65,3.09,5.454975,12.22,5.74,8.02,11.8,12.0,2.46,1.9,9.88,21.72,27.373476,4.01,12.91,5.84,30.705435,4.5757027,,4.6467767,1.575,18.08,1.2346358,4.6399646,0.355,2.82,83.06,4.43,7.942884,2.65,,13.059979,9.07,7.65,4.03,3.85,1.98,3.76,4.9,5.67,71.95,1.4,27.99,,2.08,6.0,4.1,4.9,2.8876777,116.46,21.58,,2.25,18.57,74.01,8.64,1.6591513,0.795,69.26,29.36,12.392497,4.85,240.19,2.07,2.897776,37.66,3.36,13.69,0.94,149.54568,13.04,5.47,6.83,1.015,,18.94,2.35,7.17,22.54,41.7,14.86,1.325,14.59,1.295,1.29,11.1,22.92,0.725,10.45,6.16,128.46,11.2187,15.57,3.1,1.135,16.27,2.09,5.25,11.8,8.71,23.53805,5.01,158.47,13.61,2.223247,37.71,178.61345,29.538193,3.17,6.26,1.22,3.11,4.14,3.612125,4.09,2.78,13.5,18.01,41.12,22.97,3.859625,0.1,18.61,2.86,11.59,3.52,5.62,2.41,42.16,1.625,,3.03,7.9720817,0.125,11.17,17.065462,0.68,14.150695,5.18,5.46,14.14,29.082678,4.17,5.01,2.31,4.53,4.35,2.4889574,2.3,6.13,,3.47,2.97,36.28,31.83,2.34,74.75,5.03,8.2,12.19,34.49,2.37886,37.63,76.54,99.23,6.72,2.26
2026-05-22,18.31,3.62,5.4345284,93.17249,5.31,2.21,8.704373,6.67,35.44,1.46,49.92,23.800648,4.86,52.781715,1.579832,26.25,35.5,5.937931,10.00831,21.45,18.05,3.2020226,3.84,58.41583,24.71,4.23,0.36,10.46,5.3274226,1.53,59.75,,1.26,6.203686,1.13,29.0,30.15,3.7154233,17.11,24.82,3.57,162.91953,11.09,39.96,9.288267,19.118532,4.9045386,2.9104154,8.350238,3.4319093,13.27,1.6218518,8.34,97.53,21.47,33.22761,2.4905834,3.759485,0.215,13.75,99.76,,2.74,2.24,5.31,5.5325003,,2.597899,,17.04,3.6358016,7.72,3.03,4.4285636,8.43,5.6,5.8931665,1.62,16.56,3.08,5.7073407,13.73,5.88,8.88,12.17,11.97,2.51,1.98,10.02,21.5,27.413132,4.07,13.04,5.9,30.138107,4.624277,,4.6663013,1.54,19.81,1.2247981,4.5660214,0.36,2.77,82.84,4.39,7.6699996,2.67,,12.980587,9.21,8.03,4.26,3.83,1.96,3.81,5.13,5.73,72.71,1.38,28.45,,2.11,5.97,4.15,4.88,2.7234952,114.8,21.89,,2.32,18.86,74.94,8.63,1.639689,0.845,69.66,30.03,12.604995,4.81,240.2,2.12,2.9559252,37.85,3.29,13.38,0.94,150.7737,13.67,5.5,6.81,1.01,,18.83,2.42,7.13,22.32,42.13,14.91,1.315,14.95,1.33,1.3,10.9,22.93,0.72,11.07,6.34,127.95,11.325084,15.48,3.13,1.135,16.27,2.1,5.24,11.75,8.68,23.222763,5.01,152.02,13.65,2.2135384,38.06,181.69063,29.308674,3.2,6.35,1.225,3.15,4.35,3.6218874,4.13,2.78,12.71,18.64,41.4,23.23,3.821125,0.1,18.68,2.88,11.64,3.51,5.96,2.42,42.41,1.64,,3.04,8.079945,0.13,11.09,16.958923,0.675,14.189786,5.19,5.38,13.32,29.421778,4.13,5.04,2.31,4.5,4.4,2.5084786,2.31,6.12,,3.49,3.01,36.55,32.1,2.32,74.68,4.96,8.16,12.48,34.68,2.36903,37.09,75.84,96.94,6.55,2.2
2026-05-25,18.97,3.46,5.3097076,98.94398,5.2,2.2,8.684965,6.75,33.95,1.52,50.36,24.03816,4.84,54.030464,1.5748949,26.78,35.77,5.889655,10.00831,21.87,18.34,3.1823177,3.78,57.738403,25.2,4.17,0.385,10.33,5.376842,1.6,60.12,,1.3,6.1157603,1.115,29.14,30.67,3.734927,17.25,24.17,3.35,161.8673,11.12,40.42,9.180264,20.39442,4.9741774,2.9104154,8.418923,3.46141,14.06,1.680122,8.19,97.04,21.33,32.76516,2.480739,3.7299602,0.26,13.95,98.47,,2.71,2.28,5.53,5.5,,2.5588326,,17.28,3.6654413,7.88,3.13,4.526109,8.37,5.85,5.873781,1.675,16.67,3.11,5.95,13.8,6.16,8.8,12.68,12.0,2.56,2.06,10.28,21.86,27.29416,4.08,13.92,6.4,29.909184,4.7602854,,4.724874,1.5,19.86,1.2247981,4.5475354,0.35,2.81,84.85,4.44,7.514066,2.7,,12.96074,9.22,7.99,4.2,3.75,1.99,3.86,5.56,5.78,73.66,1.385,29.39,,1.99,6.24,4.08,5.1,2.694522,116.24,22.19,,2.26,19.0,73.49,8.52,1.6542858,0.86,71.53,30.05,13.068626,4.84,237.6,2.12,2.9753084,38.28,3.09,13.58,0.925,158.40123,14.5,5.76,6.85,1.02,,19.91,2.5,7.2,22.49,41.54,15.26,1.255,14.84,1.39,1.31,10.89,23.09,0.73,11.48,6.43,127.1,11.209028,15.08,3.26,1.27,16.06,2.12,5.41,11.48,9.18,22.73013,5.01,151.59,13.85,2.1941216,37.93,184.64,28.949425,3.41,6.54,1.34,3.15,4.42,3.6414125,4.1,2.91,12.08,19.04,41.3,24.12,3.8981252,0.1,18.92,2.85,11.47,3.47,6.14,2.5,42.55,1.625,,3.06,7.7857723,0.125,11.16,16.82333,0.68,14.160468,5.17,5.33,13.43,29.960346,4.08,5.1,2.22,4.61,4.51,2.5084786,2.18,6.15,,3.59,3.12,36.77,30.74,2.42,75.8,5.24,8.87,12.74,34.75,2.3592,37.37,76.59,96.76,7.04,2.25
2026-05-26,18.81,3.32,5.338512,100.95102,5.36,2.18,8.4423685,6.74,33.7,1.515,48.72,23.751167,4.88,53.47,1.569958,26.77,35.66,5.9572415,9.833407,22.35,18.66,3.1626132,3.95,50.100163,25.45,4.14,0.4,10.36,5.287887,1.59,60.35,,1.275,6.12553,1.095,29.57,30.6,3.7251751,17.22,24.21,3.46,161.57228,11.2,41.26,8.689342,20.008686,4.9542804,2.9005494,8.526858,3.441743,14.16,1.7141129,8.03,96.91,21.21,32.6766,2.470895,3.7299602,0.255,14.33,96.9,,2.66,2.3,5.44,5.39,,2.5685992,,17.58,3.695081,7.85,3.19,4.5651274,8.33,6.14,5.854396,1.62,16.15,3.08,5.8,12.71,6.02,8.89,12.61,12.05,2.58,2.09,9.92,21.95,29.792572,4.15,13.54,6.26,29.869371,4.925438,,4.734636,1.46,19.42,1.2247981,4.575264,0.35,2.88,84.19,4.45,7.3483863,2.76,,12.3256035,9.47,7.97,4.14,3.77,1.99,3.81,5.27,5.7,73.09,1.39,29.11,,1.975,6.46,4.2,5.1,2.684864,112.1,22.49,,2.32,18.91,71.3,8.52,1.6445547,0.855,71.5,30.09,13.319761,4.8,233.83,2.08,2.9559252,37.99,3.1,13.79,0.935,155.16,14.43,5.67,6.78,1.025,,19.68,2.56,7.48,21.85,41.54,15.03,1.275,14.65,1.38,1.315,10.64,22.97,0.74,11.09,6.4,127.32,11.412126,14.88,3.21,1.235,15.95,2.13,5.38,10.8,9.18,22.69072,5.01,150.51,13.68,2.1941216,37.36,185.13156,29.188925,3.39,6.42,1.32,3.15,4.63,3.6218874,4.09,2.85,12.05,19.47,40.66,24.4,3.878875,0.1,19.02,2.85,11.59,3.55,6.21,2.52,42.31,1.605,,3.06,7.717132,0.125,11.22,16.774902,0.695,14.180014,5.17,5.28,13.23,29.910477,4.06,5.09,2.17,4.43,4.43,2.4889574,2.16,6.16,,3.56,3.09,36.61,30.72,2.38,76.48,5.2,8.54,12.71,34.49,2.34937,36.41,76.48,96.04,6.81,2.23
2026-05-27,18.9,3.49,5.367317,104.59564,5.4,2.27,8.5199995,6.81,33.68,1.525,50.28,23.949095,4.92,53.84,1.579832,27.21,35.57,5.947586,9.852841,22.76,19.08,3.1527607,4.25,45.220726,26.21,4.18,0.4,10.41,5.297771,1.58,61.28,,1.3,6.12553,1.095,30.19,30.93,3.6959198,16.98,24.67,3.53,162.0738,11.32,41.64,8.81698,19.514156,4.9841256,2.9400127,8.487609,3.4220757,14.62,1.7529596,8.1,97.97,21.36,33.3752,2.4512064,3.690594,0.265,14.9,99.26,,2.61,2.32,5.37,5.48,,2.6467316,,17.82,3.7444804,7.98,3.16,4.545618,8.75,6.08,5.805932,1.65,16.25,2.93,5.64,12.43,6.04,9.19,12.63,12.08,2.64,2.05,9.88,22.04,31.021952,4.06,13.55,6.2,30.984121,4.9060082,,4.744398,1.46,19.32,1.229717,4.6122355,0.35,2.96,85.93,4.56,7.494574,2.65,,13.040132,9.25,7.96,4.1,3.85,2.02,3.86,5.44,5.78,73.95,1.395,29.96,,1.95,6.55,4.27,5.29,2.7138374,111.3,22.89,,2.27,19.44,73.01,8.62,1.6542858,0.835,70.97,30.73,14.469182,4.87,236.21,2.05,2.9946914,37.75,3.24,14.27,0.935,157.11,13.84,5.82,6.87,1.03,,19.67,2.91,7.57,22.05,41.73,15.46,1.34,15.2,1.385,1.3,10.96,23.15,0.745,11.36,6.28,130.6,11.847334,15.04,3.15,1.205,16.0,2.12,5.38,10.71,9.29,22.749836,5.02,150.4,13.76,2.2135384,37.49,185.04308,29.298695,3.38,6.37,1.29,3.22,4.79,3.6609375,4.17,3.02,12.3,19.77,41.49,25.07,3.90775,0.105,18.88,2.86,11.52,3.69,6.49,2.58,42.85,1.58,,3.1,7.7367435,0.125,11.51,17.055777,0.73,14.180014,5.34,5.23,13.58,30.09,3.99,5.24,2.11,4.38,4.36,2.4889574,2.15,6.2,,3.56,3.17,36.39,30.71,2.43,77.56,5.22,8.73,12.94,34.62,2.3592,36.93,76.45,97.12,6.95,2.25
2026-05-28,19.03,3.34,5.2136908,101.22063,5.37,2.19,8.374442,6.78,33.84,1.4,49.81,23.187077,4.91,54.4,1.5502101,27.07,34.89,5.8993106,9.813974,20.55,18.86,3.133056,3.92,44.48439,26.13,4.17,0.41,10.19,5.3471904,1.465,60.55,,1.27,6.0376034,1.095,28.94,31.4,3.6764164,16.55,24.31,3.4,158.73026,10.98,41.03,8.63043,19.237219,4.7553134,2.9202812,8.379674,3.3827417,13.43,1.8646439,8.07,97.4,21.52,33.650703,2.431518,3.6709108,0.26,14.53,97.59,,2.43,2.28,4.96,5.51,,2.6174319,,17.61,3.7049608,8.0,3.19,4.448073,8.77,5.97,5.747776,1.605,16.12,2.86,5.51,12.35,5.6,9.58,11.65,12.09,2.59,1.94,10.1,21.78,30.784006,4.01,12.79,5.57,30.62581,4.779715,,4.7151113,1.455,19.39,1.2198793,4.602993,0.35,2.99,82.99,4.49,7.377624,2.66,,12.940891,9.25,7.79,4.01,3.81,2.02,3.81,5.32,5.89,73.63,1.39,30.95,,2.0,5.86,4.28,5.18,2.6655486,111.99,22.61,,2.33,18.95,72.19,8.44,1.6348234,0.815,70.81,30.86,14.227707,4.81,236.06,2.03,2.9753084,37.1,3.19,14.13,0.935,145.77,13.8,5.78,6.79,1.05,,18.2,2.9,7.48,21.28,42.39,15.42,1.355,14.98,1.27,1.285,10.89,22.72,0.71,11.17,6.3,130.18,11.915032,14.95,2.91,1.255,15.69,2.06,4.86,10.63,9.15,22.119265,5.01,148.77,13.6,2.2135384,37.0,180.36342,28.899529,3.11,5.87,1.19,3.15,4.67,3.63165,4.07,3.28,11.82,18.98,41.43,25.89,3.878875,0.1,18.82,2.86,11.49,3.59,6.05,2.63,42.68,1.615,,3.07,7.6975203,0.12,11.53,16.745848,0.73,14.209331,5.36,5.23,13.03,29.25,3.97,5.28,2.09,4.26,4.05,2.4596756,2.16,6.17,,3.64,2.94,35.92,30.65,2.54,78.48,4.87,8.72,12.86,34.94,2.33954,36.37,74.49,98.91,6.89,2.2
2026-05-29,19.33,3.97,5.1560807,105.89373,5.37,2.16,8.306515,6.85,33.56,1.48,50.1,23.345417,4.93,54.94,1.5748949,27.85,35.2,6.14069,9.79454,20.89,19.26,3.1527607,4.02,45.387627,26.13,4.19,0.425,10.34,5.455913,1.52,62.31,,1.28,6.1157603,1.08,28.94,31.72,3.6861682,16.57,24.84,3.37,162.28032,11.28,42.65,8.69916,20.157043,4.4270177,2.9400127,8.654417,3.4024086,14.11,1.8986349,8.07,100.5,21.72,34.03444,2.480739,3.710277,0.27,15.14,96.61,,2.49,2.29,5.2,5.54,,2.5783658,,17.99,3.7148407,8.13,3.39,4.3895454,9.02,6.12,5.4376097,1.58,16.29,2.88,5.56,12.89,5.92,11.13,12.14,12.57,2.62,2.04,10.93,22.31,30.902979,4.08,13.65,5.86,31.521593,4.7894297,,4.734636,1.445,19.66,1.2198793,4.464349,0.34,3.06,83.1,4.61,7.4653363,2.23,,13.040132,9.58,7.9,4.07,3.82,2.09,3.78,5.83,6.01,74.49,1.56,31.92,,1.955,6.08,4.5,5.23,2.6269174,116.73,23.22,,2.42,19.19,74.7,8.45,1.6445547,0.845,73.47,31.06,14.990768,4.8,238.55,2.14,2.9753084,37.33,3.16,14.43,0.955,151.27,14.54,5.84,6.68,1.06,,18.81,3.0,7.63,21.37,42.3,15.85,1.385,15.24,1.365,1.305,10.87,22.89,0.74,11.32,6.46,132.26,12.11813,15.4,3.0,1.22,15.9,2.11,5.17,10.71,9.44,22.306463,5.01,149.0,13.8,2.20383,37.09,182.4968,28.689968,3.22,6.12,1.285,3.16,4.81,3.7390375,4.08,3.5,12.41,19.63,41.2,26.82,3.9462497,0.1,19.52,2.94,11.39,3.47,6.17,2.75,43.5,1.625,,3.14,7.6582975,0.125,11.73,16.833014,0.77,14.639324,5.42,5.21,13.03,29.84,3.9,5.41,2.07,4.24,4.2,2.4694362,2.12,6.21,,3.99,3.17,36.0,30.66,2.61,79.79,5.13,8.75,12.94,35.23,2.33954,36.01,75.17,103.47,6.77,2.3
2026-06-01,20.37,4.09,5.108073,108.23028,5.64,2.13,8.325922,6.82,33.72,1.525,50.26,23.563137,5.04,54.2,1.579832,27.75,35.05,6.053793,9.804257,20.55,19.54,3.1232038,3.96,46.44795,26.19,4.2,0.46,10.41,5.39661,1.53,62.48,,1.3,6.0571427,1.095,28.85,31.51,3.6764164,16.8,25.69,3.71,160.58888,11.35,42.82,8.81698,20.038359,4.327534,2.9104154,8.27174,3.3630745,14.29,1.8403648,7.94,101.07,21.71,34.3493,2.4512064,3.6315446,0.275,15.18,94.2,,2.36,2.33,5.35,5.48,,2.4807003,,17.58,3.6456814,8.15,3.1,4.379791,9.39,6.26,5.3697605,1.595,16.0,2.89,5.48,12.53,5.92,11.83,12.43,12.07,2.64,2.14,10.88,22.51,30.318033,4.1,13.82,5.91,31.561403,4.857434,,4.695587,1.43,20.19,1.2100415,4.2979755,0.335,2.99,84.63,4.59,7.5043197,2.37,,12.911119,10.03,7.93,4.12,3.81,2.07,3.85,5.87,6.17,75.13,1.48,32.27,,1.995,6.32,4.25,5.14,2.4820507,115.56,23.1,,2.5,18.67,76.34,8.57,1.6202269,0.82,74.33,30.76,16.0436,4.71,238.39,2.11,2.9753084,37.37,3.26,14.33,0.96,150.5,14.21,5.92,6.5,1.06,,18.51,2.94,7.6,21.58,41.58,15.9,1.51,15.52,1.405,1.285,10.8,22.7,0.75,11.3,6.74,144.46,12.27287,15.71,3.04,1.165,16.04,2.12,5.18,10.55,9.4,22.050295,4.99,151.24,13.74,2.2135384,36.54,185.32817,26.514519,3.24,6.15,1.255,3.16,4.74,3.6804624,4.05,3.88,12.31,19.52,41.08,27.38,3.8114998,0.1,19.25,2.92,11.6,3.5,6.05,2.87,42.93,1.61,,3.14,7.648492,0.12,11.57,16.949238,0.78,14.375464,5.27,5.16,13.02,31.75,4.0,5.19,2.0,4.22,4.25,2.4596756,2.13,6.32,,4.13,3.2,36.15,30.67,2.54,79.75,5.17,9.01,12.94,35.06,2.3198798,39.15,80.95,105.54,6.9,2.42
2026-06-02,23.07,3.85,5.261699,110.107506,5.53,2.15,8.190067,6.79,33.8,1.545,50.91,23.295937,5.06,52.88,1.5107142,27.24,34.0,6.082759,9.843124,19.95,19.3,3.0936465,3.98,45.94724,26.3,4.22,0.44,10.21,5.3274226,1.535,63.37,,1.255,5.969217,1.105,28.55,31.78,3.6179059,16.53,27.01,3.95,160.29385,11.53,43.93,8.787525,19.840546,4.456863,2.880818,8.173616,3.3335738,14.19,1.9034908,7.89,96.74,21.55,34.319782,2.431518,3.5823367,0.275,15.74,92.56,,2.36,2.3,5.52,5.53,,2.4318676,,16.55,3.6358016,7.85,3.21,4.321264,9.51,6.47,5.2243695,1.51,16.15,2.84,5.37,12.46,6.04,12.26,12.41,11.87,2.6,2.32,11.06,22.33,30.318033,4.12,13.72,5.95,31.451921,4.77,,4.5686793,1.415,19.79,1.1854472,4.18706,0.32,2.93,84.6,4.5,7.3386407,2.25,,12.633246,9.55,7.93,4.11,3.74,2.06,3.88,6.01,6.11,71.05,1.445,31.46,,1.975,5.99,4.24,5.11,2.597944,116.65,22.48,,2.5,18.96,76.11,8.6,1.5813025,0.865,72.77,30.5,,4.69,237.77,2.05,2.917159,37.02,3.2,13.88,0.935,152.3,13.76,5.86,6.44,1.085,,21.03,2.84,7.55,21.78,42.78,15.69,1.54,15.73,1.37,1.265,10.73,22.78,0.78,10.63,6.55,160.08,12.292213,15.6,3.0,1.105,15.67,2.08,5.19,10.55,9.21,21.77442,5.01,157.99,13.67,2.184413,36.24,188.13991,25.96567,3.32,6.32,1.22,3.18,4.82,3.5926,4.01,3.88,13.17,20.0,41.1,27.15,3.6478748,0.099,18.71,2.87,11.52,3.58,5.87,2.77,43.03,1.565,,3.66,7.599463,0.12,11.44,16.65868,0.815,14.610006,5.24,5.16,12.63,32.81,3.7,5.06,2.0,4.11,4.38,2.3620696,2.14,6.3,,4.06,3.2,35.59,31.21,2.53,79.15,5.26,9.0,12.94,34.41,2.2903898,42.23,87.0,106.0,6.85,2.42
2026-06-03,22.57,3.79,5.1368775,116.67781,5.72,2.06,8.160956,6.79,34.96,1.54,51.0,23.493862,5.06,53.72,1.4810925,27.6,34.66,6.1213794,9.843124,20.33,18.64,3.0246797,3.9,45.937424,26.3,4.28,0.42,10.26,5.287887,1.51,64.91,,1.35,5.9399076,1.09,28.43,33.33,3.647161,16.4,26.91,3.69,162.02463,11.69,42.97,8.866074,19.909779,4.456863,2.8512204,8.104931,3.2942395,13.8,1.9132025,7.83,95.1,21.78,34.231228,2.421674,3.5823367,0.27,15.72,92.24,,2.31,2.32,5.39,5.52,,2.5197666,,15.95,3.7049608,7.8,3.07,4.3700366,9.32,6.5,5.1662135,1.63,15.83,2.87,5.32,12.55,6.08,11.9,12.48,11.95,2.63,2.28,10.96,21.92,30.010689,4.13,13.62,5.9,31.591265,4.8477187,,4.549155,1.395,19.2,1.1854472,4.224032,0.325,2.97,83.88,4.4,7.3581324,2.16,,12.553855,9.57,8.08,4.1,3.94,1.985,3.89,5.92,5.96,68.89,1.43,32.02,,2.01,5.45,4.29,5.12,2.462735,116.61,20.91,,2.42,19.49,77.6,8.59,1.576437,0.855,72.84,30.68,,4.67,239.0,2.02,2.8493183,37.24,3.16,13.86,0.925,151.44,13.59,6.04,6.4,1.08,,21.71,2.85,7.47,21.41,42.39,17.16,1.52,16.37,1.355,1.27,10.75,23.07,0.765,11.85,6.43,159.63,12.224515,15.58,3.05,1.075,15.54,2.12,5.14,10.55,9.16,21.803978,5.0,158.3,13.78,2.1552875,36.4,191.18759,25.786045,3.28,6.31,1.22,3.2,4.91,3.55355,3.97,3.75,13.15,20.27,41.96,28.39,3.5805,0.098,18.79,2.89,11.44,3.59,6.32,2.86,43.19,1.555,,3.75,7.6582975,0.12,11.27,16.726477,0.8,14.69796,5.16,5.12,12.2,32.98,3.68,4.81,2.21,4.12,4.41,2.3620696,2.24,6.24,,3.84,3.17,35.85,31.25,2.44,79.03,5.25,9.25,13.01,35.09,2.2903898,41.35,83.92,104.44,7.02,2.43
2026-06-04,21.66,3.92,5.0696664,113.7022,5.66,2.1,8.248291,6.79,36.38,1.465,51.02,23.47407,5.07,53.14,1.4613445,27.56,34.48,6.1503444,10.03746,21.0,18.37,3.0443845,4.01,46.104324,26.02,4.33,0.42,10.28,5.386726,1.465,62.8,,1.3,5.9496775,1.11,28.4,32.68,3.6666646,16.99,26.42,3.56,161.01173,11.55,42.9,9.003532,19.949343,4.317586,2.8314886,8.114743,3.3237405,13.35,1.92777,7.81,95.1,21.8,33.995083,2.421674,3.6020198,0.31,15.05,92.59,,2.31,2.34,5.25,5.62,,2.4807003,,16.03,3.784,7.83,2.96,4.321264,9.32,6.39,5.1952915,1.545,16.06,2.98,5.32,11.57,5.93,10.8,12.1,11.84,2.58,2.08,11.12,21.02,30.139574,4.02,13.35,5.61,31.0737,4.9448676,,4.5686793,1.405,18.96,1.190366,4.334947,0.32,2.95,83.77,4.4,7.3483863,2.06,,12.484387,9.26,7.9,4.05,3.78,2.06,3.96,5.65,6.18,71.35,1.455,32.05,,2.01,5.3,4.29,5.05,2.3951306,115.71,20.63,,2.28,18.71,78.3,8.57,1.6007646,0.855,71.19,30.71,,4.72,236.46,2.02,2.9365423,37.01,3.1,13.82,0.925,150.53,13.53,6.17,6.43,1.03,,20.39,2.89,7.48,21.19,42.22,15.97,1.48,16.37,1.33,1.255,10.85,22.77,0.785,10.88,6.14,159.23,12.282542,14.96,2.8,1.07,15.51,2.12,5.07,10.62,9.15,22.07,5.0,157.96,13.78,2.1649961,36.07,184.90544,26.444666,3.15,6.15,1.195,3.16,4.75,3.5828376,4.0,3.84,12.99,19.51,41.65,27.89,3.6478748,0.098,19.06,2.91,11.72,3.48,5.95,2.95,42.81,1.52,,3.81,7.717132,0.115,11.21,16.833014,0.8,14.65887,5.21,4.97,12.89,32.37,3.6,4.75,2.22,4.66,4.24,2.3815908,2.29,6.22,,3.51,3.09,35.24,31.33,2.41,78.61,5.1,9.53,13.1,35.26,2.3297098,40.14,80.4,97.74,7.21,2.34
2026-06-05,22.0,3.97,4.9832516,109.14892,5.64,2.09,8.277403,6.83,36.02,1.445,51.31,23.444382,5.07,52.87,1.5008403,27.71,34.12,5.995862,10.095761,20.82,18.4,3.0640893,3.98,46.811207,25.45,4.3,0.42,10.12,5.386726,1.385,61.24,,1.275,5.8812904,1.09,28.85,33.19,3.647161,16.92,26.46,3.65,158.22871,11.65,43.7,8.954439,20.166935,4.2280507,2.8610864,8.036244,3.353241,12.76,1.9374816,7.73,100.45,22.21,34.36898,2.4610507,3.6315446,0.3,14.87,97.91,,2.25,2.37,5.19,5.72,,2.402568,,16.01,3.8037596,7.89,2.86,4.2920003,9.51,6.39,5.311604,1.575,16.72,2.97,5.31,11.03,5.87,10.97,11.73,12.0,2.58,1.98,11.03,20.53,30.417177,3.95,13.16,5.36,30.954264,4.974012,,4.627252,1.39,18.72,1.195285,4.325704,0.325,2.92,83.85,4.44,7.367878,1.995,,12.543932,8.98,7.75,3.98,3.73,2.08,4.04,5.43,6.16,72.08,1.43,32.09,,1.945,5.01,4.2,5.0,2.3758152,115.9,20.43,,2.14,18.16,77.87,8.67,1.6250924,0.775,67.57,30.52,18.48,4.78,236.42,2.05,2.9462337,36.59,3.18,13.84,0.92,148.76,13.65,6.08,6.59,1.015,,19.88,2.82,7.16,21.26,43.23,15.94,1.48,15.86,1.28,1.25,10.89,22.95,0.775,11.05,5.91,165.64,12.475967,14.98,2.64,1.055,15.73,2.15,5.01,10.76,9.19,22.336023,5.0,158.81,13.89,2.1747046,36.62,181.46452,27.582285,3.05,5.97,1.135,3.17,4.63,3.573075,3.96,3.85,12.95,19.28,41.92,27.5,3.686375,0.097,19.34,2.92,11.92,3.57,6.04,2.88,42.91,1.53,,3.82,7.668103,0.115,11.32,17.007349,0.79,14.73705,5.22,4.97,13.31,32.33,3.63,4.66,2.49,4.69,4.14,2.3718302,2.24,6.23,,3.39,3.09,34.81,30.91,2.38,78.93,4.89,9.37,12.99,35.69,2.34937,39.81,79.27,98.36,6.97,2.38
2026-06-09,22.36,4.01,5.0120564,105.85378,5.73,2.07,8.248291,6.83,36.55,1.42,51.71,23.305832,5.08,53.85,1.5304621,28.38,34.27,5.831724,10.047177,21.72,18.26,3.1232038,4.01,47.0272,26.13,4.33,0.44,10.3,5.366958,1.335,60.08,,1.205,6.0180645,1.075,29.48,33.19,3.7056715,17.51,27.05,3.52,157.81569,11.74,43.85,9.08208,20.86917,4.04898,2.9202812,8.036244,3.4220757,12.22,1.9520491,8.02,102.64,22.61,35.09709,2.4905834,3.6807525,0.275,13.97,99.47,,2.15,2.37,4.89,5.88,,2.4123347,,15.61,3.77412,8.0,2.78,4.223718,9.53,6.39,5.3988385,1.455,17.04,2.97,5.31,10.66,5.34,10.69,11.3,12.25,2.64,1.915,11.19,19.75,31.101267,4.04,12.45,5.21,31.053795,4.9060082,,4.7053494,1.455,18.95,1.2149605,4.538292,0.315,3.04,82.93,4.56,7.514066,2.1,,12.48,8.98,7.45,3.91,3.79,2.04,4.02,5.24,6.11,73.45,1.435,31.32,,1.955,4.9,4.2,5.23,2.4337618,116.35,20.92,,2.07,17.28,77.9,8.91,1.6348234,0.765,65.84,30.04,19.04,4.84,238.04,2.04,2.878393,35.96,3.3,14.28,0.92,141.68,13.43,6.11,6.68,0.985,,19.22,2.83,7.07,21.69,44.23,14.95,1.455,15.79,1.21,1.31,10.92,22.92,0.78,10.08,5.86,165.79,12.959532,15.28,2.57,1.04,16.28,2.14,4.8,10.67,9.22,22.533077,5.02,152.58,14.24,2.20383,37.64,178.17105,27.941534,2.93,5.76,1.075,3.28,4.53,3.63165,3.95,3.64,13.33,18.67,41.6,28.11,3.7152498,0.1,19.75,2.92,11.83,3.66,5.79,2.76,43.24,1.525,,3.93,7.717132,0.105,11.63,17.259167,0.8,14.785913,5.29,5.08,13.39,32.56,3.67,4.9,2.51,4.63,4.01,2.4401543,2.28,6.3,,3.23,3.0,34.71,31.09,2.42,79.99,4.67,9.18,13.03,36.48,2.36903,38.0,78.42,99.08,6.83,2.52
2026-06-10,21.56,3.65,5.232894,102.28905,5.76,1.995,8.335627,6.8,36.66,1.4,52.82,22.50423,5.08,55.35,1.5156512,28.96,34.56,5.9186206,10.25123,21.77,18.85,3.1527607,3.93,47.32173,28.7,4.38,0.46,10.3,5.5251007,1.25,60.2,,1.155,6.0766816,1.065,30.6,32.79,3.734927,18.0,26.93,3.25,157.57968,11.79,43.08,9.170446,21.235119,3.9296,2.9597445,8.330613,3.5204113,11.5,1.9132025,8.13,104.93,23.73,35.648098,2.5594926,3.7496433,0.255,13.47,102.95,,2.11,2.39,4.72,5.79,,2.4514008,,15.94,3.784,8.08,2.77,4.2432275,9.62,6.1,5.5054584,1.38,17.2,3.13,5.23,10.46,5.09,9.8,10.73,12.49,2.59,1.815,11.32,19.66,31.428438,3.99,11.76,4.88,31.5415,4.983727,,4.832257,1.45,19.3,1.2444736,4.621479,0.315,3.03,81.51,4.76,7.6699996,2.23,,12.44,8.44,7.14,3.72,3.93,2.1,4.17,5.06,6.28,76.02,1.43,32.51,,1.96,4.75,4.25,5.24,2.5303395,121.76,21.46,,1.905,16.87,75.5,9.22,1.6640168,0.74,64.18,29.36,18.05,4.84,237.47,2.01,3.0431495,36.33,3.37,15.22,0.93,137.3,13.24,5.95,6.89,0.96,,18.54,2.9,6.93,21.66,44.11,14.03,1.395,15.14,1.09,1.37,11.0,23.04,0.76,9.38,5.76,161.58,13.433426,15.55,2.4,1.04,16.35,2.09,4.67,10.85,9.32,23.074974,5.04,149.43,15.46,2.2523725,38.43,176.41127,28.151094,2.82,5.58,1.02,3.43,4.48,3.690225,5.38,3.58,13.49,18.3,42.0,28.01,3.821125,0.1,20.28,2.76,12.15,3.76,5.21,2.69,43.57,1.56,,3.82,7.756355,0.11,12.26,17.695005,0.815,15.186589,5.46,5.18,13.53,31.82,3.63,5.08,2.55,4.73,3.8,2.498718,2.31,6.42,,3.15,2.82,35.41,31.04,2.41,83.39,4.52,8.78,12.75,37.63,2.40835,38.05,76.82,97.4,6.33,2.4
2026-06-11,21.31,3.63,5.2809024,93.76163,5.69,1.965,8.374442,6.68,36.77,1.375,53.38,22.049,5.07,55.0,1.5156512,28.99,33.83,6.0731034,10.503867,21.74,18.13,3.1823177,3.85,47.93043,28.93,4.37,0.435,10.33,5.564636,1.23,60.8,,1.115,6.105991,1.09,29.88,33.16,3.8031895,18.31,26.35,3.13,153.8231,11.9,42.56,9.20972,21.828556,3.96,2.9893417,8.291364,3.5990798,11.28,1.9617609,8.25,102.89,24.1,36.30734,2.5988698,3.8283763,0.26,13.42,107.23,,2.06,2.39,4.79,5.91,,2.4611673,,15.71,3.784,8.12,2.79,4.2432275,9.68,6.27,5.6314635,1.36,17.2,3.16,5.21,10.65,4.93,9.47,10.95,12.4,2.56,1.8,10.98,19.6,31.497839,3.9,11.55,4.8,30.68553,4.974012,,4.949403,1.46,19.09,1.2690679,4.575264,0.34,2.95,80.01,4.71,7.7187295,2.28,,12.26,8.53,7.08,3.69,4.04,2.1,4.24,5.03,6.19,76.21,1.415,31.65,,2.05,4.83,4.2,5.21,2.646233,123.56,21.43,,1.985,16.89,75.53,9.05,1.6980757,0.75,65.19,28.49,18.7,4.96,235.84,1.97,3.0625327,35.68,3.32,15.05,0.905,132.55,13.31,6.02,6.98,0.92,,18.32,2.9,6.88,21.32,44.18,13.58,1.35,14.5,1.02,1.35,10.92,23.0,0.735,9.37,5.94,162.79,13.578495,15.46,2.3,1.01,16.24,2.06,4.66,10.54,9.01,23.922304,5.09,147.13,15.44,2.3106236,38.12,176.96182,27.911596,2.87,5.58,0.995,3.45,4.37,3.729275,5.23,3.47,13.54,18.35,41.22,27.95,3.9462497,0.1,20.28,2.69,12.32,3.6,5.11,2.7,43.94,1.575,,3.71,7.913247,0.105,12.35,17.801542,0.85,15.118181,5.54,5.2,13.47,31.32,3.7,5.09,2.7,4.84,3.84,2.5182393,2.33,6.4,,3.24,2.82,34.5,31.52,2.36,84.31,4.49,8.92,12.72,38.09,2.43784,36.99,74.07,96.72,6.58,2.43
2026-06-12,21.78,3.68,5.818594,96.68731,5.57,1.935,8.432665,6.81,36.45,1.415,53.91,22.54,5.08,56.87,1.4959033,29.27,34.17,6.14069,10.562168,22.29,18.25,3.1921701,4.1,48.30351,28.42,4.36,0.44,10.34,5.594288,1.345,62.93,,1.12,6.096221,1.075,30.02,33.48,3.8324447,19.01,26.37,3.08,156.8618,12.08,43.14,9.39627,22.491226,4.1,3.0090733,8.438548,3.6777482,12.02,2.0588777,8.15,103.75,24.01,36.25814,2.6087139,3.857901,0.26,14.23,107.51,,2.15,2.42,5.02,5.89,,2.3830352,,15.9,3.86,8.15,2.96,4.379791,9.7,6.92,5.72839,1.415,17.59,3.22,5.3,11.98,5.36,9.33,11.75,12.5,2.61,1.905,11.07,20.21,31.953897,3.82,12.24,5.32,31.372295,5.032301,,4.9884515,1.47,19.4,1.2838244,4.556778,0.36,2.88,80.2,4.79,7.796696,2.13,,12.3,8.86,7.33,4.02,4.12,2.12,4.24,5.12,6.17,77.24,1.435,33.58,,2.03,5.12,4.22,5.03,2.771784,127.26,22.2,,2.18,17.77,75.0,9.52,1.7224033,0.86,68.18,28.98,18.88,4.97,242.44,1.95,3.1109903,36.5,3.32,15.46,0.91,137.79,13.39,6.04,6.99,0.955,,19.26,2.9,6.96,21.63,42.3,13.76,1.385,14.56,1.105,1.38,11.09,23.18,0.785,9.71,6.52,164.0,13.665537,15.7,2.52,0.965,16.1,2.07,4.88,10.6,9.35,23.705545,5.07,143.0,15.69,2.339749,38.82,181.20891,27.662119,3.01,5.85,1.045,3.62,4.52,3.7683249,5.15,3.74,13.68,19.83,41.51,29.12,4.071375,0.11,20.2,2.64,12.18,3.64,5.11,2.69,44.36,1.6,,3.8,7.913247,0.105,12.27,18.140528,0.835,15.254996,5.68,5.2,13.6,31.3,3.71,5.27,2.64,4.86,4.01,2.5182393,2.25,6.5,,3.31,3.0,35.0,31.23,2.45,86.47,4.76,8.88,12.73,38.33,2.42801,37.5,73.5,99.21,6.55,2.66
2026-06-15,22.08,3.76,5.7801876,96.93694,5.27,1.99,8.422961,6.93,33.8,1.51,53.09,23.5,5.11,58.29,1.5353991,29.78,34.51,6.208276,10.513583,22.79,18.69,3.1921701,4.27,49.54055,28.41,4.28,0.455,10.54,5.6338234,1.52,65.18,,1.215,6.1352997,1.035,30.98,33.96,3.8226929,18.91,26.51,3.15,159.10394,12.26,43.08,9.415908,23.20335,4.25,3.0090733,8.4483595,3.697415,13.36,2.1268597,8.06,104.45,23.51,35.42179,2.6382465,3.8874257,0.25,15.72,105.53,,2.24,2.4,5.63,5.74,,2.4904668,,15.97,3.84,8.23,2.92,4.4773364,9.81,7.5,5.7865467,1.595,17.24,3.23,5.3,12.29,5.91,8.91,12.93,12.7,2.65,2.07,11.88,20.82,31.458181,3.92,13.7,5.77,31.909767,5.1003056,,5.056786,1.44,19.82,1.2789056,4.5660214,0.395,2.98,83.22,4.82,7.6310163,2.37,,12.3,9.0,7.71,4.27,4.21,2.1,4.24,5.44,6.3,78.52,1.49,34.98,,1.86,5.53,4.36,5.05,2.7814422,130.0,22.76,,2.24,17.88,76.74,9.55,1.746731,0.925,71.43,30.59,19.29,4.84,247.25,1.955,3.091607,37.46,3.24,16.0,0.945,147.18,12.95,5.56,6.92,1.005,,20.79,2.8,7.25,22.28,41.74,14.3,1.385,14.81,1.285,1.42,10.73,23.37,0.865,10.46,6.48,164.55,13.597838,16.59,2.74,0.97,16.21,2.21,5.31,10.58,9.94,23.104532,5.04,143.75,15.71,2.3591661,39.04,186.11467,27.692057,3.19,6.63,1.11,3.61,4.47,3.7976127,5.12,3.91,13.79,20.87,42.59,29.81,4.206125,0.1,19.94,2.8,12.13,3.62,5.54,2.68,43.6,1.6,,3.88,7.2464557,0.105,12.69,17.801542,0.85,15.00091,5.64,5.1,13.79,31.38,3.64,5.37,2.62,4.89,4.6,2.5279999,2.12,6.65,,3.47,3.15,35.32,29.46,2.67,86.23,5.15,8.45,13.06,38.23,2.43784,38.41,73.35,102.7,6.07,2.83
2026-06-16,23.05,3.72,5.6745696,89.63771,5.2,1.85,8.422961,6.99,33.92,1.575,52.24,23.18,5.11,58.32,1.569958,29.26,34.81,6.1889653,10.435849,22.27,18.41,3.1921701,4.32,50.031437,28.12,4.29,0.46,10.7,5.6338234,1.555,65.19,,1.21,6.213456,1.02,31.25,33.61,3.8031895,18.71,26.57,3.05,159.19246,12.69,42.97,9.563184,23.371489,4.2,2.979476,8.350238,3.697415,13.4,2.2045531,7.96,106.86,23.43,35.60874,2.657935,3.9071088,0.24,15.38,106.25,,2.22,2.39,6.03,5.73,,2.4904668,,15.88,3.77,8.14,2.88,4.5066,9.88,7.5,5.6896195,1.6,16.36,3.23,5.19,13.1,6.0,8.74,13.08,12.89,2.68,2.03,11.81,20.54,31.487925,3.83,14.05,5.84,32.108826,5.1003056,,4.978689,1.445,19.31,1.2641491,4.6769366,0.39,2.98,81.84,4.81,7.660254,2.26,,12.36,8.77,7.91,4.28,4.23,2.13,4.18,4.69,6.21,78.25,1.5,35.31,,1.645,5.7,4.41,4.99,2.8490465,127.6,22.78,,2.05,17.98,76.36,9.55,1.7078067,0.92,70.79,30.0,19.43,4.84,249.06,1.95,3.140065,37.89,3.2,16.04,0.935,150.16,12.77,5.59,6.94,0.98,,21.3,2.81,7.27,22.03,41.33,14.64,1.35,14.87,1.32,1.41,10.94,23.21,0.935,10.28,6.19,164.11,13.655866,17.14,2.82,0.97,16.07,2.24,5.39,10.66,9.96,23.124237,5.05,143.86,15.82,2.3591661,38.83,185.53464,27.332808,3.2,6.69,1.105,3.73,4.27,3.7683249,5.19,3.86,13.71,20.88,41.96,29.44,4.1002502,0.098,19.66,2.81,12.34,3.55,5.59,2.65,43.83,1.56,,3.9,7.3052897,0.11,12.67,17.772488,0.85,14.727277,5.56,5.12,13.85,30.76,3.68,5.58,2.7,4.85,4.71,2.5377605,2.15,6.58,,3.48,3.16,35.75,30.04,2.71,85.26,5.17,8.55,12.91,38.26,2.43784,36.79,72.09,105.49,6.08,2.88
2026-06-17,22.97,3.71,5.7705865,88.91878,5.26,1.795,8.2871065,7.08,33.57,1.675,53.87,23.42,5.1,58.53,1.5897058,29.69,35.05,6.4206896,10.124911,22.61,19.6,3.1724656,4.5,51.05249,28.61,4.24,0.48,10.66,5.5547523,1.63,65.59,,1.265,6.2232256,0.99,31.77,34.02,3.812941,18.71,27.62,3.16,160.99208,12.83,43.12,9.494455,22.956083,4.17,3.0090733,8.536671,3.6875815,13.65,2.1268597,7.98,111.32,23.12,35.96296,2.657935,3.9366336,0.24,15.82,106.79,,2.21,2.41,6.44,5.77,,2.51,,16.31,3.84,8.18,2.83,4.526109,9.94,7.51,5.6993127,1.67,16.45,3.28,5.21,12.2,6.39,8.91,13.46,12.9,2.69,2.07,12.44,20.32,31.73578,3.75,14.46,6.2,32.54677,5.0905905,,4.949403,1.46,19.04,1.2838244,4.7416377,0.395,3.09,80.59,4.87,7.78695,2.4,,12.32,8.94,7.9,4.34,4.23,2.14,4.21,4.57,6.26,78.73,1.515,36.03,,1.425,5.93,4.47,5.02,2.829731,128.97,22.83,,2.13,18.1,77.69,9.59,1.7272689,0.93,71.97,30.4,19.83,4.85,251.93,1.975,3.140065,37.67,3.19,16.35,0.935,154.25,12.99,5.53,6.95,1.005,,21.85,2.82,7.34,22.25,41.77,15.06,1.405,14.99,1.395,1.45,10.86,23.2,0.965,10.65,6.36,168.9,13.607509,17.36,3.05,1.0,16.13,2.27,5.63,10.99,9.98,23.222763,5.09,145.48,15.9,2.3494577,38.63,183.75519,27.492474,3.32,7.05,1.2,3.7,4.29,3.7683249,5.25,4.25,13.94,21.5,42.47,29.96,4.13875,0.105,19.88,2.81,12.55,3.56,5.81,2.59,44.1,1.57,,4.01,7.2170386,0.105,13.06,18.043674,0.86,14.551372,5.59,5.08,14.15,31.17,3.65,5.92,2.62,4.83,4.99,2.5182393,2.16,6.59,,3.5,3.27,35.56,28.96,3.01,85.49,5.43,8.36,12.82,37.78,2.47716,38.3,74.58,106.5,5.85,2.9
2026-06-18,22.45,3.86,5.8666024,89.14844,5.18,1.75,8.296811,7.01,33.36,1.635,53.55,23.36,5.1,58.02,1.569958,29.76,35.14,6.3144827,10.124911,22.39,18.95,3.1133513,4.47,49.884174,28.52,4.22,0.465,10.48,5.5547523,1.54,65.04,,1.21,6.154839,0.99,31.7,33.71,3.7934377,18.81,27.79,3.2,159.53664,12.95,43.62,9.59264,22.965975,4.09,2.9498785,8.389487,3.638414,13.7,2.117148,7.94,114.29,23.37,36.553326,2.569337,3.8480594,0.22,15.62,108.08,,2.19,2.41,6.44,5.82,,2.4514008,,16.22,3.84,8.23,2.74,4.379791,9.88,7.0,5.621771,1.72,16.51,3.28,5.12,11.98,6.21,9.34,13.21,12.77,2.68,1.975,12.11,19.97,31.61681,3.56,14.23,6.22,32.158596,4.954582,,4.8420196,1.46,19.21,1.2592301,4.6954226,0.39,2.99,78.73,4.79,7.8064423,2.4,,12.39,8.64,7.59,4.26,4.16,2.1,4.16,4.5,6.16,78.51,1.48,35.31,,1.445,5.59,4.5,5.51,2.8490465,131.01,23.03,,2.04,17.82,76.74,9.79,1.7078067,0.89,70.77,29.3,20.74,4.9,252.78,2.06,3.1012988,37.34,3.22,15.97,0.915,153.71,13.25,5.42,6.99,0.965,,21.5,2.76,6.98,21.4,42.19,14.88,1.325,14.94,1.29,1.44,10.84,23.53,0.96,10.09,6.17,167.61,13.704222,17.12,2.85,1.02,15.91,2.24,5.54,11.1,9.99,23.656282,5.12,144.6,15.99,2.3300407,39.3,179.99966,26.444666,3.22,7.08,1.16,3.74,4.25,3.7390375,5.16,4.12,13.34,21.25,43.63,29.99,4.071375,0.1,19.84,2.81,12.45,3.43,5.77,2.52,44.44,1.545,,3.95,7.187621,0.105,12.87,18.082417,0.84,14.580688,5.55,5.07,14.32,30.79,3.68,5.7,2.58,4.81,5.06,2.4889574,2.15,6.63,,3.36,3.24,35.16,28.62,3.0,85.78,5.2,8.11,12.72,38.12,2.38869,37.0,71.64,105.81,5.8,2.84
2026-06-19,23.84,4.54,6.442701,83.01749,5.2,2.23,8.325922,6.95,33.16,1.6,54.95,22.6,5.1,58.69,1.540336,29.99,35.03,6.285517,9.998593,22.44,19.61,3.2020226,4.38,51.062305,28.47,4.21,0.465,10.55,5.6239395,1.47,61.4,,1.19,6.174378,0.965,31.31,33.24,3.783686,19.2,27.73,3.16,159.70381,13.07,43.14,9.65155,23.015429,4.0,2.9992075,8.379674,3.6777482,13.36,2.117148,7.97,118.14,23.66,36.120388,2.6087139,3.8874257,0.235,15.05,116.32,,2.17,2.37,6.29,5.8,,2.549066,,16.69,3.79,8.11,2.74,4.321264,9.65,6.87,5.641156,1.55,16.91,3.43,5.21,11.85,6.0,10.66,12.54,12.97,2.66,1.89,11.92,19.75,31.259895,3.73,13.59,5.96,31.352388,4.867149,,4.8615437,1.47,18.87,1.2838244,4.8895245,0.41,3.05,73.55,4.83,7.7772045,2.56,,12.34,8.17,7.82,4.19,4.2,2.1,4.19,4.36,6.2,77.96,1.485,34.46,,1.44,5.6,4.4,5.02,2.8780198,128.34,23.41,,1.98,18.18,76.0,10.12,1.7175378,0.93,69.15,28.66,20.94,4.85,249.82,2.13,3.0819156,37.74,3.31,16.43,0.915,143.47,12.74,5.49,6.93,0.955,,20.87,2.71,6.81,21.25,41.34,14.63,1.265,15.18,1.215,1.435,10.75,22.86,0.945,10.02,5.88,172.8,13.829949,16.81,2.74,1.0,15.75,2.29,5.45,11.32,10.06,23.705545,5.11,140.08,16.21,2.3494577,39.49,174.3762,26.62429,3.14,6.94,1.11,3.74,4.13,3.7195125,5.15,4.05,13.63,20.72,43.27,29.2,4.13875,0.097,20.05,2.76,12.57,3.48,5.74,2.46,44.16,1.505,,3.97,7.158204,0.105,13.12,18.03399,0.875,14.717505,5.56,5.05,14.5,29.97,3.8,5.67,2.56,4.76,4.8,2.5084786,2.18,6.59,,3.35,3.11,35.01,29.03,3.01,85.76,5.01,8.16,12.21,38.32,2.42801,36.88,71.88,105.04,5.99,2.92
2026-06-22,23.19,4.72,6.500311,83.79633,5.13,2.34,8.3647375,7.02,33.31,1.64,56.57,22.89,5.1,58.36,1.5748949,30.13,35.25,6.3724136,10.018027,22.36,19.59,3.1921701,4.46,51.101578,28.26,4.2,0.435,10.61,5.6041718,1.465,60.34,,1.155,6.1352997,0.95,31.15,33.5,3.7934377,19.14,26.83,2.95,160.69705,13.1,42.55,9.779191,22.600023,3.96,2.9992075,8.418923,3.6875815,13.67,,8.01,112.97,23.69,36.14991,2.6284022,3.926792,0.215,14.89,112.88,,2.03,2.37,6.1,5.9,,2.402568,,16.86,3.79,8.15,2.65,4.4188094,9.78,6.81,5.6023855,1.57,16.82,3.31,5.15,11.19,6.1,10.26,12.96,13.2,2.79,1.84,11.94,19.6,31.23,3.72,13.67,6.16,31.402155,4.925438,,4.9201164,1.49,18.76,1.2887434,5.0558977,0.375,3.0,73.43,4.84,8.011106,2.35,,12.31,7.94,8.13,4.32,4.23,2.0,4.15,4.35,6.15,77.75,1.515,34.89,,1.395,5.86,4.39,4.9,2.8780198,124.51,23.42,,1.9,18.62,73.99,10.15,1.7029412,0.985,66.63,29.55,21.35,4.91,247.92,2.16,3.023766,37.87,3.31,16.27,0.915,144.68,12.42,5.57,6.98,0.955,,21.2,2.68,6.97,21.3,41.03,14.91,1.215,14.78,1.295,1.385,10.79,22.86,0.97,9.83,5.53,174.64,14.149101,16.74,2.79,0.96,15.64,2.4,5.43,11.16,10.09,24.070095,5.12,135.77,16.22,2.3494577,39.78,173.0195,26.893726,3.19,7.04,1.145,3.67,4.15,3.7585623,5.11,4.03,12.89,20.71,44.57,29.15,4.0232496,0.098,19.81,2.76,12.33,3.41,5.7,2.47,44.29,1.49,,4.02,7.158204,0.1,13.06,18.40203,0.855,14.77614,5.56,5.04,14.21,29.85,3.68,5.66,2.37,4.69,4.87,2.5084786,2.13,6.69,,3.3,3.21,35.12,28.77,2.94,86.15,5.13,8.27,12.3,38.55,2.44767,30.08,68.62,105.74,5.94,2.9
2026-06-23,22.34,4.73,6.5099125,80.30149,5.06,2.55,8.325922,6.82,32.99,1.605,56.95,22.61,5.1,57.95,1.579832,29.9,35.74,6.169655,10.06661,21.76,19.18,3.1429083,4.35,50.30634,28.04,4.23,0.41,10.68,5.485565,1.41,59.92,,1.09,6.174378,0.94,30.88,32.92,3.783686,18.85,25.93,2.77,161.48378,12.59,42.14,9.631914,22.37254,3.82,3.0090733,7.967559,3.6679146,13.3,1.978,8.16,112.78,23.86,36.238464,2.6087139,3.8972673,0.225,14.14,112.04,,2.05,2.32,5.72,6.0,,2.3146691,,15.99,3.82,8.09,2.53,4.4285636,9.68,6.54,5.544229,1.495,16.72,3.31,5.08,10.61,6.04,9.75,12.64,13.12,2.71,1.725,11.71,19.27,30.86,3.56,13.3,5.82,31.402155,4.838004,,4.9005923,1.48,18.86,1.2789056,5.0558977,0.355,2.95,72.98,4.8,8.06958,2.29,,12.35,7.52,7.25,4.21,4.25,1.965,3.99,4.19,6.0,78.48,1.5,34.62,,1.41,5.8,4.34,5.05,2.829731,121.53,22.83,,1.88,18.59,72.72,9.7,1.6932101,0.955,64.95,30.12,20.26,4.9,249.61,2.17,2.9365423,38.33,3.25,15.9,0.915,141.7,12.38,5.47,6.91,0.935,,20.62,2.7,7.11,20.31,39.75,14.5,1.165,14.53,1.23,1.36,10.8,22.82,0.935,9.39,5.47,172.93,13.849291,16.94,2.62,0.95,15.71,2.29,5.3,10.92,10.13,24.030684,5.12,131.52,15.7,2.3494577,39.83,173.049,26.98354,3.1,6.76,1.08,3.56,4.14,3.7390375,5.05,3.79,12.55,19.93,44.11,27.56,4.0039997,0.096,19.83,2.74,12.18,3.34,5.51,2.43,45.15,1.48,,4.02,7.1680093,0.1,12.95,18.392345,0.82,14.844548,5.59,5.12,14.56,27.73,3.67,5.93,2.3,4.62,4.76,2.498718,2.08,6.76,,3.15,3.16,35.48,28.65,2.91,86.44,5.01,8.25,12.1,38.74,2.41818,28.76,65.0,102.65,5.83,2.81
2026-06-24,23.09,4.78,6.5771236,79.962,4.98,2.37,8.277403,6.85,32.69,1.515,57.99,22.93,5.1,58.58,1.5847689,30.24,35.64,6.198621,10.144345,21.58,18.8,3.1429083,4.22,50.345608,28.06,4.18,0.39,10.58,5.5448685,1.325,59.5,,1.12,6.145069,0.86,30.62,32.77,3.812941,19.07,26.19,2.86,162.05414,12.62,43.86,9.671188,22.906631,3.84,3.0386708,8.193242,3.7170823,12.68,1.9487685,8.09,113.45,23.77,36.572998,2.6480906,3.9169505,0.21,14.15,114.99,,2.11,2.35,5.6,5.89,,2.363502,,15.72,3.84,8.11,2.55,4.3993,9.8,6.53,5.466687,1.545,16.36,3.29,5.01,11.52,5.85,9.75,12.35,12.83,2.76,1.815,11.66,19.25,30.48,3.49,12.87,5.58,31.680843,4.838004,,4.9103546,1.5,19.0,1.2838244,4.981954,0.35,2.95,74.09,4.75,7.6699996,2.31,,12.39,7.93,7.59,4.2,4.28,1.945,3.86,4.23,6.02,78.4,1.535,35.02,,1.37,5.53,4.38,5.07,2.8104155,119.09,21.98,,1.9,19.34,74.27,9.71,1.6883446,0.945,65.86,30.04,20.86,4.86,250.12,2.23,2.9462337,38.75,3.24,15.9,0.9,138.6,12.9,5.41,6.9,0.95,,20.59,2.71,7.2,20.29,40.71,14.87,1.185,14.9,1.165,1.36,10.8,23.05,0.83,9.7,5.66,178.99,13.723564,16.89,2.55,0.935,15.56,2.32,5.18,10.8,10.29,24.19818,5.1,131.58,15.66,2.3688745,41.23,170.98444,27.871681,3.01,6.62,1.03,3.72,4.06,3.7585623,4.95,3.78,12.75,19.67,45.07,28.12,4.013625,0.097,19.86,2.73,12.34,3.34,5.61,2.44,45.15,1.45,,4.06,7.099369,0.098,12.81,18.334234,0.825,14.81523,5.56,5.11,15.73,28.41,3.68,5.72,2.31,4.64,4.6,2.5182393,2.03,6.69,,3.25,3.01,35.78,28.24,2.85,87.27,4.89,8.22,12.27,39.37,2.43784,32.86,70.31,105.25,5.73,2.86
2026-06-25,23.9,4.57,6.817165,76.357315,4.92,2.26,8.131845,6.87,32.58,1.45,59.38,22.48,5.09,60.6,1.569958,31.14,34.86,6.1310344,10.328964,21.8,19.0,3.1921701,4.11,50.944492,28.31,4.17,0.405,10.35,5.722779,1.295,58.52,,1.06,6.0864515,0.835,31.48,33.15,3.8519483,19.38,25.85,2.91,159.99884,12.72,43.99,9.641732,23.124224,3.88,3.0682683,8.114743,3.7269158,12.12,1.978,8.09,116.55,24.06,36.740273,2.6973116,3.9464755,0.2,13.17,117.65,,2.04,2.39,5.2,5.77,,2.3732686,,16.2,3.85,8.21,2.41,4.3895454,9.85,6.12,5.592693,1.455,16.71,3.3,5.0,10.51,5.57,9.6,11.88,13.0,2.74,1.74,12.06,18.94,31.53,3.5,11.94,5.32,32.039154,4.857434,,4.9884515,1.505,20.69,1.2887434,5.111356,0.36,2.92,73.38,4.86,8.00136,2.14,,12.38,7.64,7.18,4.09,4.36,1.975,3.86,3.83,5.97,81.6,0.915,36.85,,1.295,5.16,4.34,5.0,3.0615177,115.21,23.09,,1.76,18.7,70.62,9.93,1.7224033,0.83,64.14,30.11,20.95,4.99,249.99,2.08,2.9559252,37.45,3.28,15.99,0.885,134.37,12.76,5.37,7.0,0.89,,19.92,2.71,7.25,20.46,41.39,14.47,1.155,14.72,1.11,1.405,10.86,23.4,0.72,9.74,5.38,185.39,14.303843,16.94,2.35,0.945,15.25,2.29,4.97,10.45,10.71,24.513464,5.11,133.88,16.8,2.3882916,42.74,167.12079,29.139029,2.89,6.37,0.975,3.77,3.92,3.7683249,5.08,3.92,12.63,18.97,45.47,28.04,4.06175,0.095,20.58,2.8,12.49,3.3,5.47,2.4,45.03,1.515,,4.02,6.903254,0.098,13.21,18.469828,0.84,14.825004,5.57,5.14,15.68,29.19,3.65,6.04,2.27,4.73,4.43,2.5377605,2.05,6.5,,3.12,2.9,35.06,27.43,2.93,89.47,4.67,7.98,11.08,39.94,2.43784,31.39,67.85,109.88,5.51,2.93
2026-06-26,23.53,4.16,6.9035797,76.17758,4.9,2.25,8.17066,6.86,32.56,1.45,58.69,22.67,5.08,61.67,1.5304621,31.47,35.04,6.1503444,10.465,21.43,18.9,3.211875,4.11,50.846317,28.24,4.21,0.42,10.46,5.722779,1.29,58.99,,1.01,6.096221,0.85,31.43,33.46,3.8617,19.64,24.5,2.91,159.33014,12.84,43.49,9.573003,23.3616,3.86,3.088,8.163804,3.76625,12.25,1.98,8.16,118.03,24.41,36.28766,2.717,3.9759998,0.19,13.1,114.87,,1.815,2.38,5.35,5.82,,2.51,,16.03,3.86,8.18,2.28,4.4675817,9.8,6.22,5.583,1.42,16.76,3.3,5.02,9.57,5.63,9.44,12.23,12.93,2.76,1.67,11.99,19.07,31.57,3.37,12.12,5.39,31.859997,4.838004,,5.0275,1.46,20.27,1.3035,5.1668134,0.365,2.94,69.89,4.88,7.8454256,2.15,,12.37,7.31,6.9,4.11,4.38,1.98,3.8,3.65,6.0,81.84,0.88,37.47,,1.26,5.39,4.29,5.07,3.05186,110.78,23.25,,1.66,18.54,67.69,9.63,1.737,0.85,63.14,30.58,20.26,4.97,249.36,1.885,2.9074676,37.51,3.22,15.86,0.88,136.33,12.2,5.38,7.0,0.9,,20.59,2.78,7.25,19.89,40.93,13.94,1.125,14.06,1.13,1.405,10.96,23.64,0.72,9.35,5.04,188.88,14.168444,16.7,2.4,0.91,15.19,2.32,5.15,10.21,10.68,24.474054,5.11,133.54,16.73,2.398,43.1,170.70917,28.879572,3.0,6.59,1.01,3.81,3.91,3.8269,5.08,3.85,12.61,18.89,46.49,28.21,4.158,0.092,20.42,2.77,12.5,3.29,5.37,2.39,45.43,1.535,,4.02,7.0013113,0.098,13.12,18.34392,0.83,15.040001,5.63,5.15,15.33,28.87,3.64,6.16,2.23,4.71,4.55,2.5768032,2.02,6.46,,2.99,2.88,35.14,27.65,2.98,90.74,4.83,8.07,10.83,40.24,2.4575,31.55,69.05,107.78,5.53,2.88
2026-06-29,26.27,4.59,7.153222,78.40429,4.91,2.31,8.083325,7.01,32.69,1.405,60.51,22.85,5.09,62.31,1.5304621,31.57,35.2,6.1213794,10.21,21.6,18.92,3.19,4.0,52.0539,28.38,4.21,0.415,10.47,5.782082,1.26,59.82,,1.04,6.1157603,0.855,31.58,33.14,3.85,19.79,25.54,2.97,160.89374,12.65,43.45,9.65155,23.12,3.98,3.08,8.203053,3.72,12.57,1.975,8.14,121.08,24.36,36.228622,2.71,3.95,0.195,13.26,115.39,,2.1,2.38,5.17,5.72,,2.44,,16.45,3.86,8.18,2.33,4.535864,9.84,6.38,5.52,1.43,16.87,3.32,5.12,9.68,5.71,9.66,12.39,12.97,2.74,1.76,12.06,19.52,31.99,3.52,12.02,5.49,32.1,4.8865786,,4.97,1.445,20.9,1.3,5.1760564,0.39,3.01,72.49,4.87,7.8356795,2.31,,12.47,7.32,7.0,4.13,4.51,2.11,3.75,3.85,6.27,83.6,0.91,38.43,,1.375,5.22,4.38,5.26,3.100149,112.79,23.88,,1.66,18.52,69.81,9.7,1.765,0.815,62.15,30.6,20.29,4.97,250.01,1.95,2.897776,37.89,3.25,16.41,0.88,137.5,16.6,5.33,7.01,0.91,,20.12,2.73,7.22,20.5,41.7,14.03,1.205,14.58,1.125,1.38,10.85,23.75,0.71,9.42,5.08,197.45,14.468254,17.19,2.44,0.925,15.21,2.33,5.16,10.54,10.7,24.592285,5.1,138.63,16.99,2.38,44.12,171.1614,29.45836,3.07,6.48,1.03,3.89,3.98,3.8269,5.11,4.06,13.21,19.01,46.76,28.0,4.17,0.093,20.97,2.8,12.67,3.28,5.35,2.37,45.64,1.54,,4.01,7.0111175,0.099,13.21,18.460142,0.85,14.71,5.71,5.16,16.17,29.74,3.62,6.36,2.28,4.84,4.49,2.5572817,2.05,6.43,,3.01,2.8,35.24,27.97,3.0,90.79,4.86,7.97,10.94,40.55,2.46,33.82,72.18,113.08,5.51,3.13
2026-06-30,26.7,4.53,7.1820273,77.26597,4.93,2.43,8.102734,6.97,32.9,1.37,61.27,22.84,5.1,62.56,1.5847689,31.74,35.35,6.082759,10.14,21.26,18.92,3.11,4.05,52.348434,28.64,4.18,0.435,10.55,5.8117337,1.215,59.4,,1.015,6.164608,0.855,32.26,31.87,3.79,19.48,25.76,3.07,161.88696,12.9,44.14,9.818464,22.86,3.92,3.04,7.9969954,3.65,12.64,1.93,8.22,121.75,24.37,37.665173,2.68,3.92,0.19,13.38,114.74,,2.14,2.35,5.03,5.75,,2.44,,15.63,3.92,8.05,2.42,4.584636,9.85,6.39,5.4,1.395,17.07,3.25,5.14,9.6,5.49,10.3,11.75,12.88,2.77,1.76,11.96,19.15,32.05,3.58,11.45,5.21,31.13,4.77,,4.88,1.445,21.03,1.28,5.120599,0.39,2.97,72.72,4.82,7.884409,2.28,,12.61,7.37,7.07,4.1,4.42,2.06,3.86,4.08,6.18,80.48,0.94,38.19,,1.455,4.95,4.47,5.27,3.1194644,110.63,23.63,,1.685,18.06,70.12,9.69,1.72,0.73,62.07,30.99,21.58,4.97,250.29,1.955,2.8590097,37.86,3.33,16.32,0.885,134.52,17.75,5.34,7.06,0.95,,18.95,2.71,7.44,20.56,41.55,14.0,1.215,14.58,1.055,1.385,10.98,23.68,0.68,9.3,5.02,203.43,14.448911,17.11,2.31,0.92,15.5,2.25,4.8,10.3,10.62,24.8189,5.1,139.19,17.23,2.33,43.98,169.59824,28.819696,2.92,6.03,0.945,3.91,3.9,3.7683249,5.1,4.08,13.45,19.19,46.64,27.56,4.08,0.092,20.81,2.75,12.79,3.3,5.3,2.33,46.15,1.54,,3.98,7.069952,0.1,13.18,18.682905,0.835,14.38,5.76,5.08,16.58,29.47,3.6,6.2,2.27,4.76,4.17,2.5182393,2.07,6.19,,3.05,2.68,35.21,28.21,2.96,90.4,4.7,7.63,11.06,40.03,2.43,33.0,72.22,115.18,5.49,3.24
2026-07-01,26.16,4.04,7.0476046,71.6942,4.89,2.57,8.141549,7.06,32.88,1.32,59.98,23.03,5.1,63.0,1.6588234,32.11,34.47,6.2372413,10.14,22.15,19.21,3.1,4.24,52.132442,28.16,4.16,0.43,10.31,5.8315015,1.2,59.92,,1.155,6.0376034,0.85,32.1,31.34,3.79,19.46,25.6,3.14,158.06154,12.67,44.35,10.073745,22.25,3.94,3.0,7.8301873,3.61,12.48,1.965,8.1,118.45,23.35,38.05875,2.62,3.88,0.18,13.48,118.37,,2.12,2.35,4.81,5.73,,2.55,,15.7,3.93,7.98,2.39,4.594391,9.43,6.54,5.38,1.45,17.18,3.37,5.4,9.64,5.43,9.77,11.56,12.8,2.69,1.775,11.97,19.24,31.81,3.7,10.91,5.2,31.0,4.86,,4.83,1.445,21.3,1.27,5.25,0.37,3.13,76.64,4.79,7.8356795,2.27,,12.78,7.4,7.04,4.11,4.44,2.1,3.75,4.32,6.39,78.2,0.91,37.3,,1.42,4.73,4.44,5.34,3.003571,108.35,22.96,,1.725,18.09,69.23,10.85,1.71,0.69,63.23,31.18,20.77,4.92,247.18,2.04,2.8687015,36.99,3.26,15.97,0.91,131.98,17.65,5.27,7.01,0.96,,18.8,2.68,7.47,22.15,40.59,13.7,1.16,14.64,1.02,1.395,11.08,24.05,0.7,9.93,5.11,202.87,14.390884,17.65,2.23,0.935,18.1,2.3,4.8,10.65,10.54,24.582434,5.1,139.17,16.78,2.31,43.53,167.92693,28.350677,2.89,5.98,0.925,3.81,4.28,3.7585623,5.1,3.94,13.23,19.4,45.58,26.0,4.05,0.093,20.98,2.74,12.6,3.25,5.71,2.3,45.19,1.57,,3.88,7.0503407,0.1,13.1,18.595737,0.81,14.37,5.64,5.03,17.02,29.57,3.63,6.02,2.29,4.65,4.11,2.5572817,2.06,6.09,,3.09,2.67,34.7,28.4,2.88,90.5,4.69,7.48,10.99,39.31,2.39,32.88,70.2,110.16,5.51,3.15
2026-07-02,27.19,4.06,7.143621,70.39611,4.77,2.34,8.04451,7.12,33.53,1.35,61.53,22.85,5.1,62.47,1.6588234,31.82,34.79,6.227586,9.95,21.2,18.37,3.15,4.09,51.29793,28.1,4.07,0.415,10.33,5.782082,1.265,59.57,,1.19,6.027834,0.835,32.01,30.4,3.79,19.37,25.79,3.01,158.46474,12.57,44.04,9.985378,22.49,3.89,2.99,7.7909384,3.62,12.74,1.895,7.98,120.35,23.1,37.625816,2.6,3.85,0.175,13.45,117.75,,2.15,2.34,5.11,5.7,,2.5,,15.85,3.91,7.83,2.39,4.535864,9.5,6.24,5.45,1.465,16.94,3.39,5.36,10.07,5.36,10.01,11.78,12.64,2.72,1.825,12.0,18.96,31.98,3.72,11.31,5.39,30.9,4.83,,4.8,1.465,20.82,1.26,5.1945424,0.38,3.01,76.14,4.63,7.9916134,2.32,,12.61,7.42,7.0,4.04,4.41,2.07,3.76,4.19,6.34,76.85,0.9,36.87,,1.39,4.91,4.35,5.32,2.9842553,105.47,22.48,,1.67,17.83,69.5,10.84,1.7,0.735,63.76,28.53,19.75,4.99,250.26,2.05,2.8590097,38.41,3.27,16.0,0.89,135.43,17.0,5.3,7.04,0.95,,19.83,2.63,7.2,21.76,42.33,13.87,1.18,13.78,1.105,1.395,10.48,23.83,0.73,9.95,5.13,205.93,14.042718,17.85,2.29,0.95,18.73,2.27,4.87,10.85,10.62,24.710518,5.1,139.15,16.32,2.31,43.63,168.37918,29.258778,3.0,6.13,0.97,3.8,4.16,3.729275,5.07,3.89,13.05,18.61,43.31,25.1,3.99,0.093,20.92,2.73,12.59,3.11,5.51,2.29,44.8,1.53,,3.8,6.952283,0.1,12.73,18.741016,0.805,14.41,5.59,4.99,17.18,29.73,3.64,5.58,2.26,4.5,4.22,2.5182393,2.12,6.14,,3.06,2.78,35.46,28.03,2.86,86.85,4.75,7.53,10.77,39.35,2.4,32.36,71.23,111.38,5.53,3.09
2026-07-03,27.46,4.25,7.31645,72.98229,4.73,2.34,8.073622,7.09,33.88,1.44,61.4,23.42,5.1,64.55,1.6933824,32.46,35.26,6.2758617,9.93,21.87,18.17,3.17,4.19,50.581234,28.07,4.09,0.41,10.41,5.871037,1.33,60.5,,1.275,6.0376034,0.84,31.84,31.32,3.81,19.72,25.91,3.04,162.28032,12.5,44.0,10.142474,22.9,4.04,2.99,7.8007507,3.65,14.03,1.87,7.87,124.96,23.28,38.757343,2.63,3.85,0.175,13.48,121.81,,2.21,2.38,6.09,5.7,,2.41,,15.86,3.93,7.9,2.41,4.545618,9.42,6.29,5.46,1.475,17.47,3.37,5.3,10.56,5.7,10.15,12.82,12.73,2.76,1.92,12.18,18.36,32.74,4.06,11.77,6.29,30.78,4.75,,4.81,1.47,21.6,1.265,5.268486,0.375,3.06,81.04,4.64,7.9136467,2.27,,12.49,7.51,7.0,4.07,4.47,2.04,3.87,4.15,6.34,77.42,0.88,37.01,,1.395,5.24,4.33,5.4,3.003571,106.63,22.11,,1.705,18.22,65.31,10.63,1.71,0.76,65.07,28.75,19.19,5.0,251.65,2.06,2.9074676,38.57,3.35,16.0,0.915,142.17,16.74,5.37,7.09,0.94,,22.16,2.61,7.23,22.63,43.4,14.14,1.185,13.41,1.19,1.385,10.36,24.08,0.765,9.98,5.23,209.65,13.946005,18.19,2.39,0.98,18.98,2.32,5.22,8.54,10.61,24.464201,5.12,141.91,16.44,2.31,44.16,168.27103,30.436314,3.21,6.63,1.005,3.88,4.16,3.7878501,5.07,3.97,13.31,19.34,44.61,25.32,4.04,0.094,21.25,2.79,12.78,3.1,5.51,2.3,45.5,1.515,,3.79,6.9620886,0.105,12.84,18.043674,0.83,14.48,5.48,4.98,16.88,30.48,3.61,5.53,2.32,4.57,4.56,2.5768032,2.14,6.16,,3.09,2.91,35.69,27.87,2.84,88.25,5.08,7.59,10.78,39.78,2.41,32.96,72.25,113.89,5.56,3.23
2026-07-06,27.79,4.36,7.402865,72.67275,4.75,2.31,8.131845,7.11,33.55,1.45,61.61,23.31,5.1,64.37,1.6440126,32.55,35.0,6.3048277,9.87,21.33,18.15,3.22,4.04,51.631737,27.77,4.09,0.41,10.4,5.8117337,1.375,60.02,,1.355,6.0180645,0.845,31.74,31.46,3.79,19.84,26.05,3.1,161.9263,12.65,43.45,10.142474,22.73,3.94,3.02,7.820375,3.65,14.19,1.85,7.88,127.86,23.24,38.629433,2.67,3.91,0.175,13.25,124.23,,2.63,2.38,6.07,5.7,,2.44,,16.16,3.87,7.8,2.52,4.4675817,9.42,6.32,5.49,1.455,17.64,3.32,5.35,10.13,5.78,9.91,12.61,12.59,2.77,1.94,12.34,18.52,33.0,4.04,11.79,6.03,30.89,4.77,,4.82,1.45,21.74,1.26,5.1575704,0.385,3.02,83.36,4.62,7.874663,2.26,,12.66,7.44,6.88,3.99,4.51,2.03,3.9,4.17,6.32,75.89,0.895,37.09,,1.38,5.12,4.26,5.32,2.9359665,108.75,22.49,,1.655,18.06,63.82,10.54,1.695,,64.54,28.2,18.85,4.97,250.73,2.08,2.9365423,38.65,3.43,15.96,0.91,141.04,16.65,5.27,7.04,0.92,,21.77,2.73,7.02,22.89,43.37,13.9,1.25,13.32,1.175,1.385,10.22,23.81,0.75,9.92,5.14,213.77,13.762249,17.95,2.39,0.995,19.04,2.3,5.17,8.73,10.57,24.621843,5.11,143.67,16.33,2.31,43.67,168.28085,30.81552,3.11,6.7,0.995,3.88,4.18,3.8269,5.08,3.9,13.17,19.28,44.47,24.96,4.0,0.095,21.54,2.82,12.72,3.09,5.4,2.3,45.07,1.53,,3.74,7.060146,0.105,12.75,17.86934,0.815,14.53,5.43,4.99,17.38,30.3,3.61,5.6,2.28,4.48,5.09,2.5768032,2.15,5.95,,3.05,2.95,35.29,28.1,2.84,89.04,4.93,7.55,10.8,39.37,2.44,35.37,73.56,113.37,5.44,3.22
2026-07-07,27.01,4.42,7.076409,71.334724,4.75,2.36,8.073622,7.12,34.31,1.39,62.05,23.15,5.1,64.27,1.6242646,31.94,35.44,6.343448,9.84,20.94,18.72,3.2,4.09,52.51534,28.49,4.09,0.415,10.58,5.8512692,1.33,58.87,,1.235,6.164608,0.84,31.67,31.58,3.74,19.21,26.83,3.35,163.93243,12.83,43.69,10.211203,22.25,3.9,2.98,7.8988733,3.6,13.65,1.8,7.87,127.05,23.32,38.481842,2.6,3.84,0.165,12.81,123.97,,2.39,2.38,5.75,5.63,,2.51,,16.34,3.81,7.83,2.44,4.3895454,9.44,6.02,5.53,1.355,17.82,3.35,5.38,9.5,5.46,9.59,11.94,12.52,2.74,1.815,12.6,18.38,33.49,4.07,11.26,5.78,30.68,4.79,,4.77,1.44,21.47,1.25,5.1668134,0.385,2.95,84.01,4.66,7.9136467,2.23,,12.64,7.21,6.59,3.88,4.4,2.06,3.95,4.03,6.43,77.12,0.91,36.5,,1.355,5.07,4.32,5.31,2.8973355,109.38,22.68,,1.53,16.91,63.7,10.57,1.665,,60.95,27.81,18.95,5.0,253.34,2.04,2.9365423,39.22,3.37,15.85,0.915,137.61,16.34,4.94,7.08,0.88,,20.66,2.83,7.09,24.43,43.5,13.56,1.28,13.8,1.13,1.41,10.15,23.68,0.66,9.51,4.86,210.74,13.665537,17.85,2.31,1.0,19.22,2.22,4.97,8.44,10.6,24.621843,5.12,147.28,15.95,2.28,43.05,165.302,31.374352,2.99,6.67,0.935,3.84,4.0,3.7390375,5.12,3.94,13.44,18.51,44.64,24.81,3.89,0.096,21.86,2.82,12.72,3.07,5.12,2.28,44.19,1.525,,3.7,6.952283,0.1,12.85,18.140528,0.805,14.66,5.44,5.07,16.89,30.89,3.59,5.53,2.21,4.45,4.98,2.5182393,2.15,5.91,,2.99,2.79,36.13,27.97,2.84,89.76,4.82,7.11,10.78,39.42,2.42,37.37,74.85,112.29,5.24,3.18
2026-07-08,26.46,4.1,7.22,70.97526,4.66,2.29,8.141549,7.15,34.78,1.375,62.09,22.47,5.03,63.92,1.6440126,31.89,35.87,6.411034,9.9,21.11,17.87,3.23,3.83,53.359665,28.39,4.16,0.445,10.68,5.880921,1.3,57.51,,1.23,6.1841474,0.86,32.0,32.43,3.82,19.36,26.4,3.39,165.38785,12.88,43.0,10.23084,22.59,3.88,3.01,7.8301873,3.66,13.22,1.775,7.86,124.82,23.41,38.383446,2.66,3.91,0.16,12.43,124.3,,2.41,2.4,5.83,5.69,,2.5,,16.26,3.78,7.78,2.32,4.379791,9.43,5.87,5.65,1.34,17.95,3.41,5.45,9.18,5.43,8.88,11.44,12.69,2.78,1.75,12.45,18.4,32.99,3.9,10.94,5.52,30.19,4.77,,4.9,1.43,21.39,1.265,5.240757,0.385,2.92,82.03,4.77,8.011106,2.29,,12.39,6.95,6.56,3.8,4.41,2.08,3.97,3.46,6.33,78.59,0.89,35.96,,1.445,4.91,4.33,5.4,3.0132287,108.5,22.64,,1.465,17.08,63.57,10.53,1.72,0.635,58.87,27.55,19.08,5.05,252.04,2.02,2.9753084,39.59,3.3,16.28,0.935,136.18,16.74,4.95,7.2,0.86,,20.31,2.77,6.93,23.49,44.27,13.2,1.24,13.66,1.08,1.375,10.33,23.61,0.685,9.51,4.7,212.13,13.733235,17.65,2.21,0.995,19.29,2.14,4.91,8.25,10.55,25.025805,5.11,146.25,15.85,2.34,43.05,161.08441,31.124874,2.96,6.33,0.92,3.76,3.96,3.7683249,5.15,3.85,13.33,18.28,43.85,25.39,4.09,0.099,21.85,2.8,13.0,3.01,5.07,2.36,43.94,1.52,,3.52,7.354319,0.1,12.98,18.372974,0.815,14.66,5.47,4.92,16.58,30.62,3.56,5.4,2.21,4.51,4.82,2.5572817,2.22,5.82,,2.95,2.78,36.25,28.87,2.74,90.18,4.73,7.26,10.73,39.9,2.43,34.65,73.97,111.28,5.45,3.1
2026-07-09,25.92,4.06,7.03,69.40757,4.66,2.32,8.267699,7.28,35.29,1.365,62.4,22.24,4.95,61.35,1.6390755,31.57,35.76,6.324138,9.94,21.58,17.7,3.23,3.93,53.222218,28.56,4.2,0.455,10.65,5.930341,1.28,56.87,,1.265,6.145069,0.87,32.07,32.0,3.85,19.25,26.17,3.38,165.31902,12.93,44.49,10.309388,21.85,3.83,2.97,7.820375,3.62,13.14,1.795,7.94,123.68,23.67,38.796703,2.62,3.86,0.155,12.25,125.53,,2.37,2.37,5.54,5.64,,2.49,,16.39,3.79,7.85,2.29,4.1944547,9.47,5.76,5.61,1.345,18.2,3.45,5.55,9.03,5.31,8.97,11.25,12.77,2.99,1.74,12.18,18.11,33.01,3.82,10.88,5.46,29.92,4.85,,4.84,1.435,21.2,1.27,5.3054576,0.39,2.93,82.2,4.75,8.00136,2.31,,12.9,6.78,6.49,3.8,4.36,2.1,3.98,3.44,6.38,78.79,0.9,34.85,,1.465,4.78,4.31,5.27,2.955282,107.73,23.2,,1.475,16.86,64.93,9.93,1.695,0.6,58.49,27.94,20.14,5.04,252.2,2.1,2.9559252,39.28,3.35,16.24,0.955,133.76,16.78,5.22,7.22,0.865,,20.13,2.73,6.96,23.35,43.9,13.31,1.235,13.83,1.065,1.375,10.52,23.81,0.685,9.66,4.61,210.42,14.13943,17.62,1.985,1.035,19.28,2.16,4.84,8.13,10.39,25.203152,,148.35,15.79,2.35,42.94,155.84438,30.24671,2.97,6.33,0.9,3.76,3.82,3.7585623,5.19,3.89,13.36,18.15,44.35,25.07,3.94,0.099,21.36,2.87,12.54,3.05,5.21,2.39,44.06,1.53,,3.61,7.5014052,0.105,12.97,18.305178,0.82,14.69,5.5,4.98,16.94,30.56,3.57,5.68,2.29,4.54,4.72,2.5377605,2.24,5.87,,2.89,2.73,36.2,29.3,2.69,90.87,4.66,7.4,10.75,40.44,2.42,34.63,74.34,111.13,5.52,3.07
2026-07-10,25.68,3.96,6.92,70.89537,4.69,2.33,8.190067,7.31,35.28,1.415,61.74,22.54,5.03,61.83,1.6440126,31.27,36.05,6.227586,9.95,21.09,17.53,3.24,3.72,53.212402,28.46,4.16,0.445,10.63,5.9204564,1.315,58.28,,1.35,6.154839,0.875,31.5,32.0,3.86,18.74,26.37,3.38,166.05656,12.97,43.3,10.387936,22.34,3.95,2.99,7.8399997,3.64,13.31,1.75,7.9,121.62,23.56,38.885258,2.61,3.89,0.155,13.04,122.89,,2.41,2.33,5.76,5.65,,2.53,,16.09,3.71,7.88,2.29,4.2822456,9.49,6.03,5.61,1.445,17.98,3.46,5.58,8.86,5.34,8.41,11.63,12.47,2.96,1.8,12.18,18.47,32.93,3.79,11.15,5.67,29.97,4.86,,4.89,1.44,20.92,1.275,5.213028,0.385,2.95,82.89,4.73,7.9818673,2.3,,12.92,6.89,6.69,3.87,4.34,2.12,3.99,3.59,6.31,78.1,0.92,35.05,,1.415,4.99,4.34,5.11,2.955282,106.8,22.88,,1.49,16.63,65.68,9.93,1.705,0.62,59.7,28.31,20.08,5.04,254.49,2.24,2.965617,39.61,3.24,16.1,0.945,135.84,16.52,5.26,7.21,0.89,,20.48,2.72,7.12,23.86,45.1,13.83,1.29,13.94,1.12,1.39,10.47,23.65,0.705,10.06,4.63,197.07,13.849291,17.62,2.09,1.015,19.28,2.19,4.94,8.1,10.41,25.094772,,149.14,15.6,2.36,41.95,161.71361,29.967297,3.04,6.52,0.95,3.67,4.02,3.7878501,5.17,3.72,13.3,18.83,44.27,25.47,3.98,0.1,21.24,2.82,12.33,3.09,5.7,2.35,44.02,1.55,,3.58,7.4719877,0.1,12.91,18.169584,0.82,14.62,5.48,4.9,16.27,30.8,3.63,5.62,2.31,4.57,4.87,2.5768032,2.25,5.95,,2.87,2.85,36.54,29.05,2.63,89.7,4.76,7.42,10.8,40.16,2.43,34.0,73.4,111.68,5.44,3.13
2026-07-13,24.94,3.97,7.0,69.46748,4.69,2.26,7.8892484,7.32,36.75,1.385,61.34,22.32,5.04,62.02,1.6637604,31.15,36.46,6.3144827,9.93,20.91,18.03,3.27,3.54,53.57566,28.89,4.12,0.425,10.62,5.80185,1.285,58.34,,1.3,6.213456,0.875,31.23,32.0,3.9,18.76,25.96,3.33,167.17764,12.78,42.25,10.368299,22.18,3.95,3.03,7.83,3.66,12.87,1.775,7.99,121.3,23.12,39.101727,2.65,3.93,0.16,13.06,121.34,,2.42,2.27,5.77,5.67,,2.56,,15.96,3.65,7.87,2.27,4.2432275,9.43,5.77,5.66,1.395,18.62,3.48,5.55,8.83,5.26,8.04,11.42,12.56,3.0,1.72,12.32,18.77,33.15,3.72,10.81,5.88,29.92,4.94,,4.9,1.435,21.29,1.28,5.1945424,0.38,2.88,81.52,4.78,8.137802,2.15,,12.87,6.69,6.47,3.84,4.2,2.16,4.04,3.55,6.27,78.95,0.93,35.02,,1.445,4.35,4.28,5.24,2.8876777,103.35,22.6,,1.425,16.25,65.16,9.94,1.705,0.615,58.04,27.79,19.95,5.08,254.01,2.35,2.985,40.05,3.23,16.03,0.955,134.28,16.5,5.22,7.28,0.87,,19.9,2.72,6.9,23.68,44.64,13.64,1.23,13.5,1.115,1.385,10.25,23.09,0.675,9.69,4.48,198.98,13.810606,17.38,2.03,1.02,19.03,2.18,4.84,7.99,10.43,25.094772,,149.72,15.62,2.37,42.42,161.26137,28.510344,2.95,6.46,0.915,3.65,3.97,3.7976127,5.19,3.57,13.26,18.57,44.24,25.28,3.98,0.097,20.93,2.92,12.47,3.1,5.25,2.46,44.09,1.57,,3.49,7.4523764,0.1,13.1,18.334234,0.83,14.74,5.56,4.98,15.99,30.5,3.62,5.35,2.32,4.53,4.91,2.5865638,2.33,5.92,,2.74,2.84,36.9,29.32,2.56,91.32,4.67,7.54,10.6,39.84,2.43,33.32,70.24,110.26,5.41,3.04
2026-07-14,25.36,3.91,7.05,71.0851,4.7,2.18,7.937768,7.15,37.56,1.405,61.61,22.11,5.02,61.4,1.6736344,31.22,36.11,6.3048277,9.99,20.83,17.91,3.25,3.53,52.878597,28.81,4.24,0.435,10.58,5.8216176,1.315,58.71,,1.25,6.174378,0.895,31.28,32.04,3.85,18.89,25.47,3.35,166.48927,12.82,42.19,10.299569,21.9,3.98,2.98,7.96,3.63,12.74,1.75,8.02,123.2,22.88,38.69831,2.61,3.86,0.175,13.19,122.96,,2.4,2.26,5.74,5.69,,2.56,,16.75,3.74,7.87,2.29,4.2432275,9.56,5.86,5.64,1.32,18.8,3.45,5.61,8.89,5.36,7.99,11.78,12.53,3.01,1.745,12.33,19.02,33.08,3.58,10.63,6.0,29.11,4.91,,4.84,1.4,21.52,1.265,5.0651407,0.4,2.87,81.01,4.72,8.089072,2.22,,12.68,6.74,6.42,3.77,4.15,2.16,4.1,3.71,6.37,78.04,0.925,35.58,,1.5,3.65,4.22,5.18,2.9069932,111.6,22.59,,1.42,16.24,65.2,9.68,1.7,0.605,58.9,28.22,19.9,5.05,253.04,2.38,2.96,39.71,3.22,15.61,0.965,134.96,16.69,5.33,7.27,0.865,,19.88,2.78,6.88,23.17,45.2,13.2,1.275,13.07,1.115,1.375,10.47,23.34,0.665,9.11,4.53,194.84,13.800936,17.05,1.995,1.025,18.92,2.18,4.85,7.86,10.25,25.3805,,149.62,15.77,2.36,42.98,160.84846,28.55026,3.0,6.59,0.93,3.65,4.05,3.7585623,5.24,3.66,13.92,18.85,43.63,25.57,3.99,0.105,21.41,2.92,12.47,3.09,4.75,2.66,43.73,1.585,,3.54,7.550434,0.1,12.95,18.34392,0.84,14.62,5.62,4.99,15.78,30.1,3.62,5.33,2.3,4.7,4.98,2.5377605,2.38,5.82,,2.76,2.82,36.64,30.2,2.55,91.25,4.75,7.77,10.65,39.43,2.42,34.75,70.8,112.33,5.56,2.95
2026-07-15,25.25,3.9,6.93,70.495964,4.9,2.13,7.976583,7.11,37.14,1.39,61.92,22.24,5.07,61.38,1.7081933,31.78,35.95,6.2468963,9.98,21.23,17.31,3.27,3.53,54.262905,28.92,4.26,0.415,10.62,5.8216176,1.285,60.56,,1.31,6.164608,0.88,30.95,32.4,3.86,18.77,25.67,3.54,167.17764,12.89,43.5,10.55485,21.98,4.03,2.96,7.85,3.63,12.75,1.72,7.92,124.0,22.69,38.33425,2.61,3.85,0.19,13.8,121.75,,2.45,2.34,5.74,5.77,,2.65,,16.8,3.75,7.87,2.37,4.165191,9.48,6.01,5.63,1.355,18.68,3.41,5.56,9.25,5.24,8.26,11.34,12.38,3.02,1.84,12.34,19.08,32.83,3.58,10.64,5.9,29.25,4.91,,4.8,1.36,21.19,1.26,5.00044,0.39,2.86,82.76,4.72,8.059835,2.25,,12.79,7.0,6.46,3.8,4.15,2.15,4.11,3.66,6.36,77.62,0.925,37.15,,1.49,4.23,4.23,5.2,2.8393888,111.92,22.52,,1.435,16.48,66.06,9.77,1.685,0.625,60.32,29.09,20.4,5.06,258.16,2.59,2.92,39.27,3.21,15.34,0.965,136.11,17.54,5.31,7.28,0.875,,20.09,2.84,7.02,23.17,44.75,13.46,1.27,13.81,1.09,1.405,10.5,23.51,0.655,9.32,4.64,192.62,13.53981,17.48,1.985,1.0,18.91,2.17,4.82,7.61,10.28,24.858309,,148.87,15.98,2.33,43.36,162.67706,27.682077,2.99,6.25,0.93,3.7,4.06,3.7878501,5.23,3.65,14.04,19.02,43.84,26.21,4.0,0.105,21.48,2.93,12.96,3.1,4.88,2.73,44.03,1.55,,3.57,7.5308223,0.1,12.9,18.247066,0.865,14.49,5.54,4.89,16.03,29.45,3.55,5.25,2.27,4.69,4.89,2.5182393,2.33,5.9,,2.85,2.79,36.58,29.93,2.52,90.88,4.67,7.76,10.66,39.35,2.41,34.27,68.27,118.15,5.48,3.2
2026-07-16,26.52,3.79,6.96,69.77702,4.8,1.985,8.015399,7.05,36.93,1.39,62.1,21.92,5.07,62.01,1.8760504,31.91,36.21,6.3144827,10.06,21.93,17.5,3.3,3.55,55.578487,29.13,4.26,0.41,10.66,5.880921,1.26,59.14,,1.295,6.2232256,0.88,30.99,32.5,3.89,18.79,25.95,3.56,170.25568,13.4,43.02,10.466483,22.19,4.04,2.99,7.95,3.66,12.5,1.7,7.95,123.27,22.56,38.521202,2.65,3.88,0.19,13.24,121.95,,2.45,2.34,5.65,5.69,,2.65,,17.19,3.69,7.9,2.32,4.174946,9.44,5.83,5.67,1.305,18.85,3.44,5.59,8.82,5.22,7.62,11.0,12.53,3.13,1.755,12.32,18.87,33.19,3.48,10.62,5.99,29.12,4.97,,4.87,1.375,21.3,1.26,5.0558977,0.4,2.94,83.57,4.75,8.040343,2.25,,12.85,6.88,6.39,3.73,4.19,2.15,4.13,3.54,6.61,79.0,0.94,37.52,,1.495,4.1,4.26,5.39,2.8876777,111.99,23.63,,1.395,16.25,66.0,9.86,1.705,0.6,58.3,29.42,19.92,5.06,256.73,2.77,2.91,39.76,3.27,15.64,0.985,134.72,17.51,5.25,7.31,0.875,,20.07,2.82,6.97,23.5,45.62,13.09,1.295,13.45,1.08,1.425,10.38,23.25,0.64,9.18,4.47,193.81,13.936333,17.84,2.01,1.03,19.18,2.15,4.8,7.85,10.35,24.464201,,158.71,16.5,2.35,42.64,162.10686,28.280825,2.99,6.16,0.94,3.78,4.04,3.807375,5.27,3.61,14.22,18.65,43.84,25.83,4.08,0.115,21.74,2.94,12.93,3.11,4.71,2.73,45.49,1.555,,3.54,7.393542,0.098,13.05,18.353605,0.91,14.47,5.6,4.91,15.61,29.8,3.6,5.28,2.32,4.82,4.95,2.5572817,2.31,6.01,,2.78,2.81,36.63,29.49,2.48,91.98,4.68,7.54,10.78,39.08,2.43,34.98,69.08,116.15,5.42,3.14
2026-07-17,25.61,3.2,6.96,66.8813,4.75,1.86,8.141549,7.07,37.55,1.305,61.57,21.96,5.09,63.77,1.9945377,31.67,36.06,6.3048277,10.29,22.2,17.79,3.3,3.41,56.45227,29.13,4.26,0.405,10.59,6.0291796,1.195,57.54,,1.215,6.2525344,0.875,31.05,31.71,3.92,19.44,25.71,3.32,168.92809,13.17,41.73,10.476302,22.35,3.96,3.02,7.96,3.69,11.75,1.685,8.06,119.48,23.21,39.219795,2.62,3.89,0.175,12.52,123.32,,2.32,2.35,5.34,5.58,,2.62,,17.62,3.64,7.93,2.14,4.116418,9.48,5.54,5.76,1.23,18.99,3.44,5.58,8.37,4.97,7.03,10.53,12.44,3.16,1.655,12.18,18.87,33.31,3.56,9.93,5.56,29.41,5.02,,4.97,1.395,21.5,1.27,5.1390843,0.375,2.89,83.23,4.78,8.108563,2.2,,12.85,6.65,6.11,3.61,4.29,2.18,4.13,3.27,6.61,79.81,0.94,37.6,,1.5,3.92,4.28,5.41,2.8490465,112.42,23.35,,1.33,15.89,64.08,9.7,1.74,0.575,56.78,29.15,18.23,5.13,258.41,2.44,2.94,39.85,3.15,15.48,0.97,129.91,16.97,5.23,7.31,0.85,,19.24,2.8,6.83,23.48,46.6,12.56,1.215,13.12,1.0,1.435,10.53,22.95,0.61,8.42,4.33,187.11,13.9266615,17.66,1.915,0.98,19.21,2.09,4.65,7.9,10.24,24.621843,,160.86,16.31,2.37,43.12,158.23335,28.689968,2.87,5.64,0.895,3.74,3.9,3.8366625,5.27,3.46,14.11,17.64,43.8,24.7,4.15,0.11,21.88,2.93,12.99,3.12,4.5,2.69,46.15,1.53,,3.5,7.5308223,0.097,13.16,18.450457,0.875,14.69,5.69,5.04,14.91,29.66,3.58,5.16,2.31,4.76,4.62,2.5572817,2.34,5.96,,2.69,2.7,36.56,30.46,2.44,92.8,4.35,7.43,10.73,39.2,2.45,34.95,69.72,114.53,5.36,2.98
2026-07-20,25.25,3.43,7.05,65.05399,4.76,1.89,8.083325,7.18,37.93,1.32,62.29,21.8,5.09,62.8,2.0636554,31.68,36.13,6.2662067,10.18,22.0,17.41,3.27,3.39,56.09883,29.29,4.26,0.405,10.66,6.0983667,1.19,57.54,,1.24,6.242765,0.89,31.5,32.23,3.94,19.4,25.69,3.35,168.35771,13.22,41.48,10.476302,22.39,3.91,3.04,7.92,3.71,11.74,1.68,8.15,119.0,23.38,39.426422,2.63,3.91,0.185,12.44,122.61,,2.32,2.34,5.44,5.69,,2.61,,17.09,3.7,7.94,2.16,4.135927,9.49,5.53,5.78,1.305,18.82,3.37,5.63,8.19,4.98,6.89,10.31,12.51,3.14,1.64,11.83,18.77,33.22,3.48,10.04,5.52,29.16,5.23,,4.97,1.38,21.93,1.29,5.213028,0.36,2.88,84.9,4.82,8.206023,2.14,,12.7,6.6,5.96,3.62,4.26,2.21,4.15,3.3,6.56,79.33,0.955,36.59,,1.53,3.94,4.28,5.35,2.8683622,112.3,22.84,,1.275,15.62,64.46,9.66,1.735,0.585,54.59,29.62,18.03,5.16,256.3,2.43,2.98,39.69,3.09,15.37,0.98,128.5,16.95,5.38,7.44,0.865,,19.04,2.79,6.81,22.96,46.5,12.51,1.22,13.05,1.005,1.43,10.5,23.08,0.62,8.48,4.19,185.66,13.887977,17.38,1.995,0.97,19.21,2.12,4.64,7.51,10.09,25.075068,,161.23,16.04,2.36,43.02,155.284,28.131138,2.89,5.65,0.92,3.71,4.08,3.86595,5.25,3.34,14.04,17.86,43.99,25.12,4.11,0.12,21.68,2.93,13.3,3.11,4.47,2.78,45.62,1.56,,3.52,7.687715,0.097,13.17,18.54731,0.87,14.79,5.61,5.07,15.1,29.22,3.58,5.08,2.27,4.72,4.6,2.5865638,2.43,6.15,,2.69,2.77,36.66,30.9,2.35,92.96,4.44,7.63,10.77,39.33,2.46,33.71,68.27,114.13,5.68,2.87
2026-07-21,25.96,3.42,7.02,63.88572,4.69,1.93,7.986286,7.14,38.11,1.315,62.55,22.02,5.1,61.68,2.083403,31.84,35.7,6.208276,10.13,21.16,17.59,3.24,3.52,55.981018,28.8,4.25,0.39,10.59,6.068715,1.255,58.29,,1.275,6.1841474,0.87,31.01,32.0,3.86,19.33,26.12,3.63,167.65952,13.13,41.86,10.417391,22.87,3.87,2.97,7.86,3.7,12.06,1.675,8.07,118.0,23.3,39.082047,2.61,3.9,0.17,12.9,121.38,,2.23,2.3,5.62,5.63,,2.63,,17.07,3.74,7.9,2.17,4.126173,9.78,5.66,5.78,1.31,18.51,3.36,5.57,7.91,5.23,7.16,10.89,12.04,3.15,1.665,11.75,18.52,32.87,3.37,10.26,5.76,29.55,5.25,,4.97,1.345,22.21,1.26,4.6861796,0.36,2.85,81.35,4.81,8.225514,2.16,,12.91,6.51,6.05,3.58,4.28,2.21,4.09,3.23,6.74,79.29,0.91,35.68,,1.495,3.97,4.23,5.35,2.8200731,110.6,22.15,,1.21,15.96,64.39,9.71,1.73,0.63,52.69,29.74,18.95,5.14,254.75,2.32,2.96,39.3,3.05,15.37,0.98,131.12,16.76,5.36,7.37,0.875,,19.66,2.84,6.96,22.03,45.73,12.55,1.265,14.06,1.03,1.43,10.62,23.3,0.66,8.56,4.12,180.04,13.791264,17.0,2.02,0.95,19.3,2.14,4.79,7.53,10.14,25.035656,,164.07,16.0,2.35,43.56,155.32333,27.88166,3.02,5.9,0.94,3.68,4.35,3.86595,5.26,3.4,14.09,18.29,44.32,25.62,4.14,0.12,21.12,2.9,13.16,3.2,4.55,2.71,46.2,1.535,,3.57,7.6190743,0.096,13.13,18.624792,0.895,14.6,5.54,4.98,15.31,29.96,3.52,5.0,2.22,4.62,4.82,2.5963244,2.46,6.14,,2.62,2.87,36.22,31.25,2.36,91.84,4.57,7.53,10.7,39.48,2.46,34.0,69.67,113.83,5.81,2.8
2026-07-22,25.51,3.39,6.99,63.765896,4.79,1.9,8.034806,7.11,38.92,1.355,62.03,22.33,5.09,60.86,2.1031513,32.02,35.73,6.401379,10.16,21.28,17.71,3.2,3.72,55.225048,28.55,4.32,0.39,10.62,6.0192957,1.315,59.76,,1.305,6.1841474,0.875,30.64,32.34,3.85,19.07,25.39,3.59,168.83958,13.33,42.26,10.437028,22.49,3.91,2.95,7.79,3.67,12.65,1.655,8.01,112.19,23.4,39.249313,2.57,3.88,0.17,13.38,117.94,,2.34,2.31,5.92,5.68,,2.63,,16.89,3.72,7.93,2.16,4.1554365,10.0,5.79,5.72,1.35,18.51,3.45,5.51,8.09,5.46,7.14,11.36,12.08,3.19,1.78,11.84,18.57,33.07,3.34,10.48,6.1,28.97,5.25,,4.93,1.34,22.21,1.255,4.621479,0.355,2.91,85.31,4.71,8.225514,2.15,,13.1,6.7,6.13,3.7,4.24,2.21,4.04,3.51,6.61,78.14,0.905,34.85,,1.56,4.27,4.27,5.33,2.7621262,110.5,21.85,,1.235,15.38,65.7,9.79,1.725,0.625,53.63,28.96,19.11,5.11,254.93,2.34,2.95,39.27,3.03,15.34,0.97,135.66,17.29,5.49,7.39,0.875,,20.35,2.84,7.04,22.37,44.58,13.1,1.255,13.98,1.105,1.465,10.42,22.98,0.67,9.13,4.15,173.45,13.6461935,16.9,2.09,0.95,19.54,2.16,4.95,7.35,10.16,24.414938,,159.72,15.83,2.34,42.76,159.24597,27.692057,3.1,6.29,0.98,3.6,4.55,3.807375,5.25,3.3,13.78,18.69,44.05,26.2,4.06,0.12,20.8,2.89,13.05,3.26,4.77,2.75,45.92,1.545,,3.51,7.6975203,0.097,12.86,18.73133,0.895,14.6,5.53,4.96,14.86,29.28,3.54,4.95,2.2,4.65,5.06,2.5768032,2.5,5.98,,2.64,2.93,36.34,31.65,2.43,89.9,4.85,7.64,10.68,39.27,2.45,33.84,67.85,113.47,6.1,2.78
2026-07-23,24.12,3.24,6.93,66.01258,4.73,1.9,8.063918,7.09,38.98,1.4,61.4,22.14,5.06,61.31,2.1031513,32.23,35.96,6.468965,10.22,21.23,18.08,3.17,3.78,54.00764,28.33,4.28,0.39,10.81,5.9599924,1.325,60.63,,1.37,6.203686,0.885,30.31,32.35,3.86,18.67,24.89,3.49,169.43947,13.42,41.36,10.319206,22.54,3.94,3.0,7.77,3.67,12.67,1.59,7.96,112.11,23.43,38.83606,2.55,3.88,0.17,13.64,115.75,,2.56,2.34,6.01,5.61,,2.61,,16.87,3.79,7.95,2.21,4.174946,9.98,5.71,5.67,1.425,18.02,3.37,5.56,8.21,5.51,7.22,11.57,11.99,3.16,1.78,11.88,18.76,33.02,4.58,10.71,6.14,29.39,5.4,,4.92,1.36,22.3,1.255,4.5198064,0.35,2.87,83.92,4.68,8.215769,2.1,,13.05,6.91,6.16,3.74,4.25,2.2,3.99,3.33,6.51,76.71,0.925,36.99,,1.615,4.38,4.28,5.28,2.8007576,108.86,21.62,,1.28,15.11,65.01,9.81,1.695,0.66,54.82,29.38,19.09,5.11,253.75,2.32,2.97,39.81,3.02,15.31,0.95,136.85,16.46,5.56,7.47,0.885,,20.74,2.84,7.1,21.89,43.68,13.44,1.225,13.92,1.09,1.455,10.5,23.25,0.675,10.19,4.23,162.13,13.423755,16.58,2.13,0.925,19.12,2.2,5.04,7.45,10.19,24.148916,,157.61,15.65,2.35,42.33,159.99315,27.482496,3.16,6.35,0.995,3.58,4.66,3.846425,5.23,3.29,13.1,19.36,43.09,26.3,4.04,0.12,20.8,2.87,12.84,3.18,4.92,2.86,45.62,1.535,,3.52,7.6975203,0.099,12.73,18.372974,0.875,14.62,5.49,4.93,15.17,28.21,3.53,4.97,2.14,4.61,5.08,2.5670426,2.5,5.97,,2.69,2.95,36.64,31.8,2.54,88.11,4.74,7.81,10.73,38.92,2.45,31.48,64.45,108.98,6.19,2.65
2026-07-24,23.07,3.11,6.95,64.14533,4.59,1.825,8.073622,7.08,38.67,1.33,60.79,20.46,5.04,61.15,2.083403,31.82,36.47,6.4786205,10.28,21.19,17.98,3.18,3.87,53.340034,27.65,4.25,0.37,10.76,5.9599924,1.265,58.85,,1.3,6.2232256,0.905,29.64,32.12,3.85,18.71,23.92,3.41,171.14073,13.77,39.65,10.250477,22.26,3.9,3.0,7.7,3.68,11.9,1.455,7.87,111.61,23.43,38.85574,2.56,3.88,0.165,12.96,114.22,,2.35,2.36,5.63,5.72,,2.56,,16.6,3.73,7.84,2.04,4.165191,9.73,5.37,5.64,1.34,18.25,3.35,5.52,7.75,5.19,6.87,11.29,12.06,3.12,1.65,11.71,18.57,32.68,4.34,10.03,5.87,28.61,5.45,,4.95,1.35,21.64,1.25,4.5290494,0.35,2.77,81.36,4.69,8.332719,2.05,,12.9,6.56,5.89,3.59,4.2,2.22,4.01,3.07,6.32,76.02,0.91,36.92,,1.79,4.08,4.27,5.22,2.7138374,106.03,20.66,,1.185,14.79,63.87,9.68,1.695,0.625,53.54,29.1,18.47,5.12,255.04,2.22,2.97,40.39,2.98,15.05,0.94,134.76,16.46,5.59,7.46,0.835,,19.93,2.94,7.1,20.98,42.67,13.16,1.165,13.42,1.05,1.455,10.62,23.22,0.63,9.68,4.14,159.82,13.288356,15.71,2.0,0.855,18.92,2.14,4.76,7.19,9.99,24.483908,,151.84,15.83,2.35,42.3,157.28957,27.372725,3.0,5.97,0.925,3.61,4.49,3.7976127,5.2,3.13,12.89,18.52,42.52,26.07,4.13,0.12,21.22,2.84,12.71,3.09,4.66,2.85,45.47,1.535,,3.42,7.8151894,0.099,12.66,18.537624,0.875,14.53,5.44,4.89,14.66,27.11,3.51,4.93,2.11,4.73,4.85,2.5865638,2.5,5.95,,2.59,2.8,37.14,32.37,2.57,87.25,4.62,7.75,10.64,39.18,2.45,30.02,61.58,108.66,6.05,2.52
2026-07-27,24.33,3.28,7.11,64.53476,4.65,1.89,8.141549,7.21,38.04,1.375,62.0,21.26,5.09,63.32,2.083403,32.46,36.89,6.4786205,10.32,21.59,18.32,3.18,3.79,53.42839,27.5,4.2,0.4,11.01,6.1082506,1.38,60.1,,1.285,6.3306913,0.87,30.66,32.78,3.89,19.06,25.0,3.52,173.14688,13.65,40.74,10.28975,22.89,3.98,3.03,7.92,3.73,13.7,1.5,7.89,114.5,23.53,39.288673,2.57,3.93,0.16,13.37,116.39,,2.23,2.4,5.97,5.65,,2.63,,17.26,3.81,7.93,2.08,4.1847,9.88,5.62,5.73,1.345,18.09,3.41,5.45,7.91,5.51,7.45,11.51,12.3,3.13,1.755,12.03,18.8,33.12,4.25,10.51,6.15,29.52,5.52,,5.0,1.39,21.95,1.27,4.575264,0.345,2.87,82.52,4.72,8.361957,2.11,,12.91,6.75,5.83,3.75,4.27,2.25,4.18,3.21,6.59,75.65,0.925,38.55,,1.65,4.25,4.28,5.14,2.8007576,109.7,21.4,,1.225,14.87,62.95,9.79,1.72,0.665,54.7,29.3,18.96,5.14,257.93,2.14,2.97,40.94,2.99,15.43,0.945,136.77,16.7,5.38,7.47,0.775,,20.36,3.0,7.32,21.32,43.28,13.16,1.18,13.7,1.12,1.465,10.65,23.72,0.675,9.57,4.25,162.24,13.230329,16.0,2.13,0.815,19.5,2.2,4.97,7.24,10.35,24.8189,,156.19,16.15,2.37,42.54,160.81897,27.941534,3.11,6.15,0.965,3.65,4.5,3.7976127,5.21,3.27,13.16,19.24,43.94,26.5,4.12,0.115,21.4,2.86,12.83,3.04,4.91,2.72,45.88,1.615,,3.48,7.5308223,0.096,12.76,18.692589,0.86,14.62,5.43,4.93,14.28,28.68,3.51,5.02,2.16,4.71,5.09,2.5572817,2.44,5.97,,2.64,2.94,37.68,31.42,2.81,87.4,4.9,7.47,10.65,39.44,2.47,32.12,65.29,111.55,5.76,2.64
2026-07-28,25.15,3.25,7.19,63.0869,4.75,1.88,8.21918,7.33,38.9,1.305,63.79,21.82,5.07,64.79,2.1130252,32.68,37.22,6.7489653,10.28,22.59,18.94,3.2,3.66,54.253086,28.32,4.22,0.43,11.15,6.1082506,1.345,59.37,,1.225,6.408848,0.9,31.76,32.0,3.91,19.25,26.38,3.53,175.81187,13.73,39.44,10.348661,23.28,3.93,3.05,8.04,3.81,13.58,1.505,7.93,119.88,23.79,39.898712,2.6,3.99,0.165,12.92,119.52,,2.12,2.4,5.83,5.75,,2.66,,17.06,3.76,7.89,1.805,4.1944547,9.85,5.58,5.87,1.315,17.97,3.54,5.68,7.48,5.43,6.89,11.3,12.52,3.15,1.755,12.64,18.7,33.57,4.14,10.33,6.08,29.58,5.74,,5.11,1.385,23.68,1.27,4.7508802,0.35,2.88,83.97,4.83,8.391194,2.22,,12.64,6.99,6.13,3.65,4.34,2.29,4.23,3.25,6.76,78.15,0.935,38.06,,1.71,4.11,4.36,5.08,2.7910998,116.86,22.84,,1.2,14.68,62.39,9.76,1.755,0.635,53.1,29.22,17.85,5.18,256.47,2.06,3.05,41.21,3.05,15.6,0.975,132.78,17.05,5.29,7.58,0.78,,20.25,2.93,7.09,21.72,44.43,13.01,1.185,13.23,1.105,1.5,10.64,23.67,0.655,9.15,4.04,163.14,13.114274,15.73,2.07,0.85,20.18,2.16,4.88,7.41,10.39,25.144037,,162.99,16.28,2.4,43.4,156.83733,28.889551,3.08,6.14,0.97,3.61,4.52,3.8561876,5.24,3.33,14.06,18.43,44.12,25.83,4.23,0.13,22.01,2.9,12.99,3.11,4.5,2.4,45.38,1.655,,3.42,7.6190743,0.096,13.24,18.925035,0.87,14.72,5.58,5.01,14.47,29.63,3.54,5.38,2.21,4.85,5.03,2.5963244,2.65,6.02,,2.56,2.9,38.02,32.29,3.29,89.22,4.81,7.13,10.65,39.79,2.49,34.71,67.69,115.5,5.67,2.56
2026-07-29,26.07,3.26,7.27,63.41641,4.81,1.87,8.17066,7.4,39.4,1.355,65.81,21.24,5.12,66.24,2.162395,33.64,37.73,7.0,10.36,23.78,19.7,3.23,3.56,55.02869,29.04,4.23,0.445,11.28,6.147786,1.265,60.18,,1.215,6.496774,0.915,32.79,32.1,3.95,19.65,26.92,3.39,175.69388,13.84,38.67,9.91665,23.97,3.97,3.06,8.13,3.84,13.45,1.52,8.08,122.5,24.38,40.361164,2.61,4.08,0.195,12.92,128.07,,2.09,2.39,5.83,5.65,,2.54,,17.96,3.72,7.86,1.79,4.2822456,9.86,4.6,6.0,1.27,18.88,3.54,5.75,7.54,5.46,6.67,11.41,12.87,3.21,1.68,13.15,19.08,34.67,4.16,10.23,5.99,29.26,5.75,,5.23,1.375,24.6,1.28,4.7693663,0.375,2.93,86.21,5.03,8.498399,2.26,,12.65,6.92,6.02,3.63,4.41,2.33,4.19,3.09,6.98,81.8,0.955,38.47,,1.755,3.92,4.45,5.09,2.8876777,118.59,24.64,,1.105,14.1,61.49,9.79,1.815,0.64,55.62,28.96,16.35,5.24,254.95,2.04,3.11,41.2,3.14,16.35,0.99,132.83,17.13,5.35,7.66,0.79,,20.7,2.91,6.95,21.84,45.63,12.94,1.26,13.06,1.105,1.495,10.65,23.45,0.675,8.86,4.1,163.94,13.481782,15.52,2.04,0.88,19.77,2.12,4.95,7.37,10.42,25.213005,,166.97,16.33,2.42,44.26,162.59842,29.927378,3.18,6.2,0.97,3.59,4.57,3.8561876,5.25,3.28,14.68,18.62,45.02,24.93,4.44,0.125,22.72,2.98,12.98,3.12,4.38,2.43,46.09,1.66,,3.34,7.6190743,0.097,13.65,18.95409,0.91,14.88,5.68,5.06,14.5,30.65,3.6,5.83,2.15,5.05,4.95,2.635367,2.73,5.93,,2.57,2.89,37.94,32.74,3.31,90.61,4.75,7.26,10.65,40.55,2.52,35.52,70.47,118.01,5.72,2.47
2026-07-30,26.16,3.21,7.07,61.30952,4.79,1.86,8.015399,7.29,39.49,1.315,65.07,21.41,5.05,65.52,2.1228993,33.04,37.51,6.903448,10.18,23.81,19.8,3.2,3.53,54.390537,28.62,4.25,0.445,11.33,6.0983667,1.205,59.15,,1.185,6.447926,0.915,32.8,31.92,3.92,19.87,26.49,3.3,175.29068,13.7,38.52,9.494455,23.31,3.62,3.02,8.09,3.79,12.78,1.48,8.0,122.2,24.26,40.11518,2.58,4.03,0.175,12.78,127.93,,2.1,2.36,5.5,5.58,,2.49,,19.59,3.73,7.77,1.77,4.1944547,9.74,4.64,5.94,1.215,18.53,3.46,5.62,7.15,5.21,6.1,11.06,12.78,3.11,1.615,13.02,18.86,34.24,4.08,9.8,5.65,29.28,5.64,,5.16,1.36,25.25,1.27,4.7508802,0.365,2.83,85.34,4.94,8.40094,2.3,,12.43,6.76,5.77,3.62,4.31,2.28,4.12,2.83,6.85,80.51,0.97,37.27,,1.76,3.75,4.44,4.97,2.8780198,113.48,23.96,,0.985,13.81,61.17,9.43,1.79,0.59,57.79,28.49,16.23,5.19,250.0,2.04,3.1,41.55,3.13,16.0,0.975,130.45,17.48,5.35,7.53,0.79,,20.02,2.96,6.87,21.54,46.63,12.59,1.24,12.79,1.05,1.465,10.66,23.25,0.635,8.8,4.21,160.7,13.578495,15.15,1.985,0.845,18.66,2.06,4.86,7.25,10.11,24.986395,,165.14,16.09,2.39,44.19,165.56744,30.186836,3.07,5.91,0.9,3.51,4.53,3.807375,5.19,3.3,14.84,18.51,43.9,25.42,4.32,0.135,22.5,2.96,12.84,3.15,4.18,2.41,45.98,1.66,,3.25,7.677909,0.096,13.51,18.808813,0.9,14.8,5.62,5.03,14.07,30.99,3.61,5.49,2.16,4.97,4.7,2.5963244,2.79,5.76,,2.48,2.7,38.15,32.9,3.31,89.22,4.57,7.18,10.54,40.47,2.48,37.89,71.48,117.09,5.69,2.36
2026-07-31,25.64,3.63,6.89,64.165306,4.77,1.9,8.034806,7.24,39.9,1.33,64.09,21.61,5.03,64.5,2.1228993,32.79,37.31,6.7779307,10.19,23.52,19.8,3.19,3.61,53.880013,27.86,4.19,0.44,11.46,6.0192957,1.26,60.31,,1.22,6.4870043,0.91,32.86,32.72,3.89,19.59,25.99,3.34,174.58263,13.78,40.08,9.631914,23.33,3.41,3.01,8.21,3.81,12.75,1.465,7.89,119.94,24.09,40.282448,2.57,4.03,0.17,13.69,123.06,,2.37,2.34,5.4,5.6,,2.54,,18.57,3.78,7.78,1.695,4.2432275,9.76,4.84,5.99,1.32,18.61,3.48,5.63,7.46,5.39,6.69,11.27,12.86,3.05,1.75,13.2,18.51,34.02,4.11,9.95,5.71,29.77,5.59,,5.14,1.36,24.95,1.265,4.6399646,0.375,2.88,85.21,4.92,8.274243,2.31,,12.44,6.87,6.05,3.69,4.37,2.25,4.16,3.05,6.82,81.93,0.97,37.21,,1.74,4.04,4.43,5.09,2.9263086,114.28,23.86,,0.965,14.09,60.4,9.55,1.79,0.59,57.98,29.27,18.1,5.17,253.09,2.05,3.04,41.33,3.14,15.88,0.96,134.97,18.0,5.19,7.5,0.815,,19.9,3.0,7.0,21.58,45.42,13.27,1.28,13.36,1.135,1.46,10.76,23.32,0.665,9.42,4.15,162.21,13.24,15.98,2.04,0.865,18.96,2.12,4.85,7.42,9.95,24.365675,,160.71,16.09,2.38,44.34,167.691,29.727797,3.05,6.09,0.93,3.52,4.57,3.8269,5.11,3.35,14.69,18.95,44.23,25.59,4.27,0.14,21.86,2.94,12.81,3.2,4.61,2.31,46.23,1.63,,3.36,7.687715,0.099,13.31,18.586052,0.895,14.81,5.59,5.02,14.21,30.76,3.58,5.55,2.16,4.93,4.77,2.6158457,2.85,5.82,,2.55,2.84,37.87,32.95,3.42,89.36,4.73,6.98,10.57,39.77,2.49,36.3,70.0,117.69,5.57,2.55
2026-08-03,25.56,3.96,6.86,65.09394,4.79,1.91,8.190067,7.37,39.93,1.31,64.35,21.83,5.09,64.03,2.0932772,33.29,37.29,6.8744826,10.3,23.85,19.96,3.18,3.65,53.9291,28.27,4.24,0.44,11.37,6.068715,1.265,60.72,,1.22,6.4870043,0.905,33.19,33.45,3.89,19.64,25.98,3.31,174.94649,13.75,40.08,9.730098,23.27,3.31,3.01,8.28,3.78,12.79,1.465,7.95,120.74,24.27,41.22703,2.55,4.01,0.175,13.63,124.3,,2.36,2.34,5.76,5.69,,2.57,,19.73,3.76,7.86,1.815,4.2042093,9.73,4.76,6.0,1.33,18.18,3.52,5.64,7.23,5.4,6.94,11.46,13.12,3.04,1.86,13.33,17.8,34.48,4.02,10.06,5.83,29.87,5.66,,5.12,1.37,25.33,1.27,4.6399646,0.38,2.98,85.71,4.92,8.322973,2.28,,12.47,6.92,6.22,3.75,4.35,2.19,4.25,3.01,6.9,82.42,0.985,37.7,,1.735,4.09,4.43,5.18,2.8780198,115.97,24.75,,0.99,14.04,61.55,9.7,1.795,0.615,57.73,29.55,17.94,5.18,255.2,2.03,3.09,41.6,3.18,16.05,0.985,134.62,18.59,5.15,7.5,0.815,,19.91,3.05,7.12,22.43,44.92,13.0,1.3,13.48,1.165,1.465,11.07,23.32,0.665,9.41,4.08,164.69,13.47,16.52,2.02,0.875,18.67,2.12,4.84,7.42,10.32,24.572582,,160.0,16.36,2.4,43.88,166.63905,30.196815,3.1,6.15,0.935,3.57,4.58,3.8366625,5.26,3.36,14.68,19.15,44.43,25.63,4.24,0.135,21.84,2.97,12.99,3.15,4.73,2.31,45.62,1.655,,3.38,7.5406284,0.097,13.42,18.624792,0.9,14.96,5.6,5.02,14.28,31.02,3.58,5.55,2.14,5.22,4.86,2.5963244,2.79,5.88,,2.62,2.88,38.17,32.5,3.51,90.66,4.75,7.05,10.71,40.14,2.48,36.74,71.31,116.5,5.47,2.56
2026-08-04,28.47,4.3,6.84,65.36354,4.95,1.985,8.102734,7.39,38.76,1.32,65.23,22.21,5.05,65.34,2.1327732,33.86,38.17,6.913103,10.3,23.85,20.35,3.23,3.64,54.979603,28.76,4.23,0.43,11.51,6.009412,1.3,60.52,,1.3,6.5749307,0.915,33.82,33.79,3.88,20.01,26.9,3.51,177.71967,12.79,40.09,9.759553,23.78,3.41,3.04,8.38,3.85,13.05,1.485,7.97,122.32,24.33,41.955147,2.77,4.07,0.175,14.1,128.83,,2.52,2.37,5.82,5.62,,2.73,,19.92,3.73,7.95,2.08,4.2042093,9.88,4.86,6.07,1.355,18.21,3.48,5.58,7.61,5.46,7.56,11.78,13.8,3.09,1.695,13.18,18.08,35.13,4.18,10.34,5.95,30.2,5.53,,5.22,1.4,24.98,1.29,4.6954226,0.41,3.08,86.25,4.96,8.342465,2.35,,12.63,7.11,6.53,3.77,4.44,2.17,4.33,3.13,7.06,82.84,1.025,39.21,,1.745,4.09,4.53,5.26,2.9359665,113.5,25.31,,1.03,14.96,64.07,10.07,1.81,0.62,59.37,29.98,18.97,5.23,263.19,2.08,3.1,42.85,3.37,16.37,0.98,137.46,18.61,5.14,7.52,0.82,,20.32,3.06,7.16,23.24,45.5,13.26,1.37,14.04,1.155,1.525,11.01,23.65,0.655,9.59,4.28,172.82,13.27,17.76,2.1,0.87,18.58,2.2,4.9,7.63,10.29,24.562729,,163.56,16.76,2.42,43.94,169.48027,30.635897,3.14,6.24,0.955,3.7,4.68,3.8952374,5.26,3.53,15.01,19.9,45.53,26.18,4.3,0.145,22.09,2.97,13.3,3.22,4.82,2.36,46.15,1.645,,3.43,7.6092687,0.096,13.49,18.837868,0.875,14.9,5.4,5.08,14.41,32.04,3.57,5.52,2.19,5.34,4.92,2.654888,2.69,5.95,,2.74,3.01,38.82,32.95,3.38,90.99,4.85,7.1,10.87,40.22,2.51,37.86,73.8,117.24,5.46,2.69
2026-08-05,29.55,4.72,6.89,67.50038,5.06,2.05,7.986286,7.47,38.39,1.415,66.22,23.02,4.99,66.82,2.152521,34.67,38.01,7.01931,10.18,24.04,20.22,3.23,3.8,55.588303,29.16,4.26,0.445,11.47,5.9402246,1.405,62.54,,1.345,6.5065436,0.89,34.23,34.77,3.89,20.37,27.08,3.58,175.271,13.37,41.4,9.6908245,24.02,3.4,3.04,8.19,3.82,14.19,1.475,7.9,122.0,24.22,42.565186,2.77,4.07,0.185,14.79,130.66,,2.7,2.38,6.09,5.7,,2.72,,19.29,3.78,7.98,2.19,4.1944547,10.07,5.19,6.06,1.41,18.47,3.43,5.56,7.89,5.8,7.65,12.52,13.85,3.15,1.83,13.58,18.19,35.57,4.21,11.12,6.44,30.77,5.41,,5.24,1.41,24.8,1.29,4.6861796,0.41,3.15,89.03,4.97,8.361957,2.4,,12.72,7.2,6.71,3.87,4.48,2.1,4.36,3.41,7.25,82.22,1.035,40.21,,1.695,4.23,4.52,5.31,2.9745977,118.0,26.19,,1.06,15.59,65.0,10.36,1.82,0.66,60.73,30.3,19.53,5.23,267.09,2.13,3.1,42.53,3.47,16.75,0.995,143.52,21.64,5.12,7.47,0.835,,21.49,3.04,7.23,24.38,46.92,13.9,1.435,14.21,1.255,1.52,10.79,23.87,0.71,9.99,4.33,180.14,13.34,19.25,2.21,0.865,18.7,2.28,5.17,7.7,10.6,24.247442,,166.32,17.0,2.41,43.55,173.36359,31.324455,3.36,6.7,0.99,3.72,4.88,3.885475,5.3,3.69,15.07,20.65,46.32,26.7,4.29,0.135,22.25,2.98,13.49,3.25,5.09,2.38,46.57,1.64,,3.46,7.4425707,0.096,13.51,18.808813,0.89,14.7,5.4,5.0,14.72,32.46,3.58,6.14,2.2,5.23,5.3,2.654888,2.63,6.04,,2.75,3.18,38.53,31.78,3.46,91.28,5.16,7.11,11.01,40.22,2.49,39.91,75.14,120.83,5.49,2.9
2026-08-06,28.92,4.64,6.96,68.28922,4.94,1.98,8.025103,7.46,38.45,1.465,66.26,23.51,5.0,68.04,2.2808821,34.57,38.11,7.0965514,10.0,24.23,20.15,3.23,3.84,57.2966,29.68,4.21,0.445,11.58,6.068715,1.455,62.82,,1.33,6.5358524,0.885,34.67,35.11,3.89,20.3,27.31,3.58,176.88377,13.36,41.44,9.759553,23.72,3.52,3.02,8.14,3.81,14.74,1.48,7.92,125.99,24.36,42.594707,2.75,4.06,0.175,15.19,132.36,,2.68,2.39,6.3,5.69,,2.75,,19.95,3.81,7.93,2.28,4.2042093,10.03,5.31,6.07,1.375,18.55,3.5,5.59,7.86,5.99,7.74,13.0,14.41,3.16,1.87,13.69,18.45,35.28,4.13,11.53,6.72,30.24,5.45,,5.24,1.44,24.98,1.29,4.7508802,0.415,3.15,90.59,5.03,8.313227,2.27,,12.61,7.25,6.78,3.9,4.5,2.14,4.34,3.4,7.35,84.59,1.035,40.82,,1.68,4.32,4.52,5.39,3.0228868,118.08,26.9,,1.08,15.7,63.37,10.43,1.815,0.73,61.8,30.38,20.16,5.27,267.25,2.23,3.12,42.7,3.53,17.23,1.01,148.83,21.56,5.17,7.49,0.83,,22.19,3.01,7.2,24.91,48.5,14.09,1.39,14.32,1.315,1.525,10.83,23.52,0.725,9.83,4.3,177.99,13.39,19.25,2.43,0.875,18.75,2.31,5.25,7.63,10.69,24.001125,,172.03,17.0,2.41,44.32,173.32428,31.414267,3.48,7.05,1.02,3.73,4.84,3.8366625,5.28,3.75,15.37,20.86,46.45,26.76,4.32,0.135,22.24,2.99,13.41,3.21,4.82,2.4,46.65,1.64,,3.47,7.481794,0.095,13.69,18.779757,0.915,14.59,5.44,4.98,15.04,32.55,3.59,6.2,2.16,5.26,5.54,2.635367,2.64,6.04,,2.74,3.32,38.53,31.72,3.48,91.0,5.44,7.29,10.99,40.21,2.52,39.3,75.45,118.42,5.63,2.96
2026-08-07,28.56,4.22,6.83,68.23929,4.9,2.05,7.986286,7.33,38.78,1.535,65.56,23.38,4.97,67.16,2.3894958,34.67,37.73,7.077241,9.91,24.04,20.48,3.28,,56.550446,29.35,4.19,0.46,11.38,6.0390635,1.515,62.97,,1.335,6.447926,0.865,34.43,35.23,3.91,20.35,27.02,3.67,175.05466,13.35,41.06,9.808646,23.9,3.51,3.03,8.13,3.84,15.59,1.48,7.97,124.86,24.19,42.230648,2.74,4.23,0.18,15.27,132.19,,2.69,2.38,6.46,5.55,,2.76,,19.57,3.81,7.84,2.18,4.252982,9.94,5.24,6.06,1.39,18.36,3.62,5.56,8.38,6.25,7.74,13.4,14.44,3.14,1.9,13.65,18.02,34.94,4.12,11.86,7.13,29.95,5.48,,5.25,1.435,24.87,1.29,4.7046657,0.42,3.08,88.87,5.05,8.4106865,2.25,,12.5,7.45,7.08,3.87,4.48,2.13,4.32,3.44,7.31,84.36,1.02,43.18,,1.655,4.48,4.66,5.4,3.05186,124.3,27.1,,1.18,16.25,62.43,10.25,1.81,0.76,64.17,29.95,20.18,5.28,264.45,2.23,3.15,42.23,3.57,17.11,1.005,152.82,22.72,5.21,7.52,0.825,,22.7,2.98,7.2,24.49,47.85,14.4,1.385,14.29,1.34,1.535,10.82,23.53,0.76,10.15,4.58,176.08,13.5,18.83,2.52,0.875,18.72,2.35,5.44,7.81,10.57,24.060242,,173.51,17.3,2.41,44.9,174.69081,28.80972,3.62,7.29,1.06,3.69,4.96,3.885475,5.25,3.75,15.42,21.1,45.87,26.77,4.3,0.135,22.25,2.98,13.36,3.18,4.86,2.42,46.74,1.63,,3.4,7.511211,0.096,13.58,18.73133,0.89,14.51,5.46,4.98,16.19,32.75,3.62,6.05,2.16,5.43,5.84,2.6451273,2.65,6.04,,2.86,3.48,37.93,31.88,3.43,90.1,5.67,7.32,10.88,40.28,2.51,40.98,76.56,113.73,5.62,2.86
2026-08-10,29.48,4.4,6.87,71.53,4.88,1.98,7.947471,7.39,38.5,1.575,65.0,23.44,4.96,67.48,2.320378,34.56,37.09,7.1544824,9.89,24.21,20.31,2.56,,56.255913,29.37,4.19,0.445,11.27,6.197206,1.545,63.52,,1.41,6.6726265,0.825,34.16,34.79,3.89,20.43,29.7,3.58,171.37675,13.53,39.12,9.739917,23.8,3.5,3.03,8.22,3.82,16.03,1.49,7.93,127.11,23.9,41.797714,2.64,4.24,0.19,15.55,134.47,,2.84,2.37,6.54,5.38,,2.77,,19.84,3.8,7.8,2.18,4.2822456,10.05,5.1,6.06,1.44,18.46,3.63,5.63,8.52,6.5,7.51,13.72,14.2,3.12,1.905,13.74,17.99,35.0,4.06,12.42,7.33,29.93,5.47,,5.25,1.445,24.8,1.29,4.732394,0.41,3.08,88.97,4.95,8.137802,2.31,,12.66,7.72,7.35,4.02,4.43,2.15,4.38,3.6,7.55,84.27,0.985,42.98,,1.645,4.68,4.72,5.42,3.05186,126.2,26.37,,1.2,16.5,61.75,10.52,1.8,0.815,64.83,30.67,19.92,5.2,264.07,2.36,3.16,41.22,3.6,17.02,1.01,159.48,23.0,5.3,7.41,0.835,,23.01,2.94,7.25,24.46,46.11,14.6,1.43,14.4,1.365,1.55,10.8,23.39,0.77,10.38,4.72,176.61,13.4,18.75,2.58,0.945,18.82,2.39,5.6,8.01,10.45,23.557755,,175.34,17.22,2.43,44.82,176.02786,30.02717,3.7,7.44,1.125,3.69,5.09,3.8757124,5.2,3.86,16.48,21.15,46.34,26.61,4.32,0.135,22.4,2.96,13.26,3.19,5.07,2.47,46.71,1.615,,3.4,7.5014052,0.099,13.64,18.188955,0.915,14.62,5.44,5.0,16.63,33.13,3.61,5.81,2.14,5.66,6.02,2.6451273,2.63,5.97,,2.97,3.51,35.7,31.79,3.56,89.54,5.81,7.49,10.94,40.66,2.5,41.05,77.75,113.25,5.76,2.81
2026-08-11,23.75,4.08,6.87,73.2,4.94,2.04,7.986286,7.33,39.8,1.6,65.34,23.46,4.97,66.89,2.3401258,34.88,36.61,6.1889653,9.96,24.47,20.25,2.24,4.51,56.039925,29.1,4.21,0.42,11.2,6.1576705,1.55,63.93,,1.465,6.4674654,0.87,34.7,34.93,3.89,20.18,29.37,3.6,171.03256,13.4,40.75,9.700643,23.85,3.53,3.13,8.19,3.84,16.15,1.47,8.05,130.21,23.64,41.827232,2.55,4.23,0.17,15.89,138.33,,2.86,2.36,6.51,5.5,,2.74,,19.75,3.9,7.76,2.12,4.2920003,10.24,4.96,6.07,1.48,18.41,3.57,5.61,8.51,6.59,8.0,13.82,14.29,3.17,2.0,13.54,18.02,35.59,4.02,12.48,7.38,29.96,5.4,,5.24,1.44,24.84,1.29,5.213028,0.43,3.08,89.89,5.0,7.8161883,2.23,,12.78,7.8,7.38,3.99,4.31,2.12,4.27,3.72,7.63,83.61,0.955,43.17,,1.75,4.71,4.68,5.31,3.003571,129.9,26.18,,1.18,16.71,62.59,11.02,1.79,0.815,65.22,31.56,19.92,5.21,263.46,2.41,3.14,41.28,3.65,17.32,1.01,163.99,23.64,5.44,7.39,0.845,,22.81,2.94,7.32,24.75,46.6,14.81,1.4,14.46,1.36,1.54,10.94,23.1,0.775,10.65,4.68,182.33,13.44,18.73,2.5,0.95,19.2,2.33,5.64,7.96,10.12,23.311438,,177.08,17.27,2.42,45.07,176.82419,31.16479,3.67,7.44,1.145,3.75,5.14,3.8561876,5.28,3.81,16.07,21.32,41.58,26.41,4.34,0.13,22.6,2.97,13.63,3.23,5.15,2.54,46.92,1.645,,3.45,7.903442,0.1,13.87,17.975878,0.905,14.53,5.45,4.98,16.95,33.26,3.62,5.68,2.16,5.64,6.07,2.635367,2.69,6.02,,3.07,3.55,35.69,33.01,3.56,89.42,5.84,7.68,11.07,39.83,2.52,40.84,78.89,112.6,5.92,2.74
2026-08-12,23.5,4.12,6.88,78.97,4.96,2.07,8.461777,7.24,39.6,1.57,64.54,23.42,4.96,66.24,2.330252,34.59,36.39,6.411034,10.06,23.7,19.7,2.34,4.43,54.49853,29.28,4.17,0.43,11.09,6.0489473,1.55,63.45,,1.52,6.36,0.865,33.98,34.53,3.87,19.89,29.0,3.62,169.8525,13.14,44.54,9.563184,23.56,3.49,3.09,8.14,3.79,16.19,1.49,7.96,131.68,23.44,39.957752,2.53,4.17,0.16,15.99,138.44,,2.81,2.37,6.5,5.35,,2.72,,19.36,3.86,7.68,2.04,4.233473,10.02,5.11,6.02,1.525,18.21,3.62,5.66,8.72,6.56,8.59,13.84,14.12,3.09,1.99,13.2,17.96,35.28,3.98,12.44,7.5,29.73,5.43,,5.19,1.47,24.07,1.275,5.5827465,0.42,3.07,88.93,4.91,8.020851,2.17,,12.48,8.07,7.4,4.0,4.26,2.09,4.23,3.58,7.71,83.39,0.93,43.85,,1.73,4.74,4.68,5.27,3.0325446,127.59,25.01,,1.245,16.92,62.14,10.77,1.77,0.805,66.59,31.77,20.66,5.13,261.66,2.4,3.12,40.93,3.54,17.03,0.99,165.53,23.31,5.36,7.32,0.84,,22.96,2.96,7.4,24.44,46.55,15.08,1.43,14.44,1.355,1.515,11.26,22.96,0.79,10.79,4.88,181.67,11.96,18.6,2.51,0.945,19.03,2.29,5.61,7.92,10.14,23.311438,,179.31,17.49,2.4,44.9,176.40143,31.38433,3.7,7.49,1.155,3.68,4.96,3.7878501,5.25,3.84,13.77,21.57,41.63,26.39,4.27,0.14,22.3,2.96,13.4,3.22,5.29,2.49,46.31,1.62,,3.5,7.874024,0.105,13.11,18.576366,0.915,14.63,5.43,5.0,16.88,32.91,3.58,5.34,2.1,5.5,6.1,2.606085,2.71,5.97,,3.1,3.53,35.37,32.78,3.5,89.32,5.85,7.7,11.03,39.46,2.5,40.42,77.4,112.14,5.79,2.79
2026-08-13,23.46,3.91,6.93,73.19,4.88,2.05,8.452073,7.2,39.99,1.575,64.49,22.99,4.96,66.18,2.30063,35.05,38.04,6.411034,10.08,23.43,19.58,2.33,4.13,59.417244,29.15,4.19,0.4,11.13,6.0390635,1.52,63.45,,1.5,6.4,0.855,33.31,33.86,3.88,19.63,28.54,3.61,166.19424,13.17,44.29,9.641732,23.34,3.5,3.06,8.14,3.67,16.06,1.58,7.82,133.93,23.67,40.10534,2.47,4.16,0.155,15.85,137.52,,2.8,2.73,6.46,5.31,,2.75,,19.44,3.85,7.6,2.01,4.223718,9.99,5.07,5.96,1.485,18.04,3.55,5.71,9.09,6.53,8.51,13.68,14.14,3.1,1.95,13.12,17.88,35.26,3.84,12.35,7.37,30.05,5.43,,5.17,1.43,24.35,1.205,5.3147006,0.42,3.06,87.55,4.82,7.6115246,2.09,,12.46,7.88,7.21,3.99,4.33,2.23,4.18,3.46,8.02,82.42,0.92,43.64,,1.725,4.81,4.69,5.45,3.05186,130.67,24.56,,1.23,16.63,63.33,10.75,1.77,0.78,65.52,31.59,21.68,5.07,260.08,2.38,3.1,41.41,3.55,16.72,0.975,165.38,23.57,5.37,7.36,0.83,,23.04,2.95,7.36,24.09,46.55,14.94,1.43,14.68,1.35,1.485,11.86,22.76,0.805,10.61,4.86,183.71,12.27,18.46,2.48,0.945,19.15,2.29,5.62,7.88,10.07,23.124237,,177.42,17.14,2.39,44.89,173.03,31.733599,3.65,7.48,1.145,3.69,4.93,3.79,5.27,3.85,13.91,21.12,41.02,26.46,4.24,0.135,22.4,2.98,13.25,3.12,5.37,2.56,46.65,1.59,,3.52,7.88383,0.1,13.1,19.186537,0.905,14.56,5.41,4.84,17.36,32.77,3.57,5.24,2.09,5.77,6.06,2.606085,2.73,5.94,,2.96,3.48,35.7,32.55,3.46,88.48,5.82,7.73,10.85,39.72,2.49,41.1,77.2,111.01,5.75,2.77
2026-08-14,23.54,3.64,6.75,70.19,4.99,2.1,8.558815,7.24,39.85,1.535,64.4,22.36,4.92,65.44,2.30063,35.3,38.89,6.4882755,10.06,23.44,19.5,2.3,4.36,57.22788,28.9,4.16,0.425,11.18,5.989644,1.49,61.35,,1.45,6.46,0.865,33.54,33.69,3.86,19.56,30.1,3.73,164.39462,13.16,44.92,9.710462,23.24,3.43,3.04,8.16,3.58,15.82,1.5,7.9,133.6,23.54,39.810158,2.45,4.16,0.16,15.43,136.5,,2.63,2.71,6.18,5.35,,2.81,,19.41,3.71,7.53,1.96,4.126173,10.01,4.73,5.88,1.435,17.68,3.57,5.66,9.2,6.34,8.47,13.21,13.94,3.11,1.86,13.13,17.64,35.36,3.79,12.05,7.18,29.67,5.4,,5.13,1.445,24.58,1.155,5.259243,0.4,3.03,87.1,4.82,7.933139,2.15,,12.55,7.89,7.09,3.85,4.29,2.22,4.14,3.29,7.91,81.71,0.925,43.84,,1.75,4.78,4.73,5.57,3.1194644,135.77,24.71,,1.275,16.36,63.9,10.9,1.77,0.74,65.99,31.97,21.48,5.09,261.9,2.21,3.09,41.37,3.55,16.47,0.97,161.41,23.45,5.35,7.35,0.825,,22.52,2.9,7.49,23.99,46.52,14.51,1.48,14.88,1.31,1.505,12.07,22.2,0.8,10.13,4.87,178.86,12.52,18.36,2.42,0.965,19.31,2.27,5.5,7.86,10.0,22.749836,,177.0,17.24,2.38,44.83,167.59,31.963118,3.58,7.35,1.125,3.67,4.76,3.77,5.32,3.84,15.18,20.84,41.3,26.45,4.31,0.14,22.37,2.98,12.85,3.15,5.16,2.59,46.53,1.61,,3.64,7.8348007,0.105,13.26,19.08,0.915,13.96,5.38,4.78,16.73,33.82,3.55,5.19,2.22,5.91,5.91,2.606085,2.76,5.84,,2.93,3.39,35.37,32.6,3.51,88.7,5.65,7.69,10.75,40.0,2.47,43.38,81.48,117.75,5.78,2.73
2026-08-17,24.49,3.71,6.53,71.75,4.98,2.33,8.539408,7.25,39.7,1.595,64.5,22.5,4.85,64.95,2.2710083,35.0,37.88,6.5172415,9.98,22.79,19.09,2.34,4.34,56.56027,29.45,3.73,0.425,11.15,5.9402246,1.55,62.2,,1.52,6.43,0.875,34.11,32.94,3.82,19.6,29.59,3.6,162.26065,13.11,44.82,9.5140915,22.86,3.45,3.04,8.13,3.61,16.5,1.46,7.91,131.25,23.44,39.82,2.47,4.11,0.155,15.57,134.6,,2.59,2.67,6.55,5.32,,2.87,,19.24,3.77,7.44,1.96,4.116418,10.0,4.94,5.75,1.48,17.88,3.52,5.71,9.17,6.58,8.95,13.89,14.14,3.09,1.895,12.89,17.75,35.17,3.8,12.44,7.5,29.57,5.43,,5.0,1.45,24.28,1.15,5.1852994,0.455,3.02,86.19,4.6,7.923393,2.19,,12.46,8.15,7.18,3.69,4.24,2.2,4.2,3.54,6.99,71.65,0.915,43.74,,1.75,5.0,4.69,5.53,2.771784,137.9,24.18,,1.3,16.62,63.6,10.74,1.735,0.77,67.2,31.25,21.43,5.05,260.6,2.45,3.08,39.46,3.54,16.21,0.965,167.52,22.95,5.61,7.44,0.835,,23.19,2.95,7.24,24.02,46.89,14.78,1.5,14.81,1.375,1.445,11.99,22.32,0.85,10.55,5.09,175.86,11.93,18.31,2.51,1.01,19.44,2.37,5.66,7.85,9.93,22.336023,,177.38,17.2,2.36,44.81,168.33,31.563953,3.67,7.57,1.16,3.61,4.92,3.74,5.62,3.85,15.09,21.28,41.83,25.82,4.18,0.135,22.81,2.95,13.15,3.16,5.23,2.59,45.63,1.6,,3.62,7.8936357,0.105,12.38,18.7,0.9,14.07,5.36,4.81,16.45,33.42,3.6,5.14,2.21,5.76,6.13,2.5768032,2.75,5.84,,2.95,3.5,35.07,32.85,3.48,84.84,5.83,7.76,10.85,40.21,2.47,42.27,82.11,116.58,5.89,2.7
2026-08-18,22.49,3.76,7.09,72.34,4.92,2.45,8.704373,7.25,40.14,1.585,63.41,22.13,4.88,64.28,2.320378,35.48,37.68,6.6524134,10.01,22.74,19.46,2.35,4.23,56.678078,29.58,3.63,0.455,10.56,5.930341,1.525,63.85,,1.53,6.4,0.905,33.1,31.5,3.75,19.39,29.1,3.52,159.93001,13.18,43.43,10.132655,22.26,3.36,2.99,8.01,3.59,16.05,1.455,7.89,141.2,23.15,39.69,2.46,4.04,0.15,15.22,157.82,,2.57,2.65,6.4,5.35,,2.85,,18.91,3.77,7.45,1.875,4.2432275,9.92,4.85,5.76,1.495,18.23,3.43,5.74,8.67,6.51,8.57,13.65,14.1,3.08,1.88,12.75,17.68,34.99,3.79,12.37,7.33,30.47,5.51,,4.8,1.455,24.37,1.16,5.1852994,0.445,3.0,79.94,4.64,7.874663,2.16,,12.4,7.95,7.09,3.75,4.21,2.25,4.16,3.28,6.4,72.1,1.07,42.5,,1.795,4.84,4.6,5.44,2.7041798,133.25,23.89,,1.205,16.5,62.61,10.7,1.74,0.775,64.62,31.19,20.84,5.02,255.42,2.4,3.05,39.2,3.63,16.08,0.975,166.72,23.04,5.69,7.4,0.82,,22.47,3.0,7.09,23.31,46.22,15.3,1.49,14.73,1.37,1.45,12.11,22.32,0.85,10.74,4.93,196.75,11.64,18.31,2.43,1.055,19.18,2.29,5.57,7.88,9.69,22.32617,,178.62,17.25,2.31,44.65,167.4,31.04504,3.6,7.47,1.15,4.5,4.82,3.67,5.65,3.92,14.69,20.85,41.47,22.97,4.05,0.14,23.02,2.9,13.02,3.12,5.19,2.61,45.32,1.615,,3.96,7.95247,0.1,12.52,18.35,0.89,13.91,5.31,4.74,16.76,32.96,3.55,5.05,2.1,5.55,5.99,2.5182393,2.8,5.8,,2.76,3.46,34.66,33.16,3.54,84.22,5.83,7.76,10.9,39.48,2.42,43.35,82.75,112.75,5.86,2.52
2026-08-19,20.94,3.79,6.78,70.86,5.03,2.43,8.733485,7.39,40.12,1.595,62.67,22.01,4.84,65.06,2.3500001,35.62,37.62,6.5655174,10.1,22.29,19.02,2.37,4.29,56.23628,29.53,3.62,0.44,10.4,5.9402246,1.52,63.71,,1.49,6.38,0.905,31.72,32.15,3.8,19.47,29.0,3.61,160.71,13.27,43.48,9.622095,21.9,3.51,3.0,7.99,3.57,15.95,1.375,7.91,137.3,23.28,39.72,2.42,4.0,0.15,14.95,166.48,,2.49,2.59,6.51,5.33,,2.77,,18.88,3.77,7.45,1.89,4.3310184,9.43,4.84,5.8,1.495,19.74,3.41,5.78,8.5,6.48,8.7,13.68,14.02,3.35,1.825,12.69,18.06,35.4,3.77,12.17,7.26,29.22,5.66,,4.7,1.47,23.52,1.15,5.25,0.42,2.99,79.74,4.6,7.933139,2.17,,12.34,7.9,6.93,3.73,4.18,2.24,4.22,3.02,6.04,70.84,1.015,41.54,,1.81,4.86,4.54,5.25,2.6655486,130.13,22.88,,1.15,16.28,60.9,10.36,1.85,0.79,65.41,31.6,20.34,5.03,254.21,2.37,3.07,38.92,3.64,15.58,0.98,165.6,22.85,5.62,7.49,0.835,,22.54,3.09,7.21,23.1,47.12,14.52,1.42,13.9,1.39,1.47,12.11,22.12,0.85,10.34,4.76,198.85,11.52,17.99,2.42,1.04,19.66,2.34,5.63,7.91,9.53,22.336023,,179.0,17.25,2.26,44.9,169.97,31.25,3.58,7.42,1.17,4.4,4.76,3.64,5.68,3.76,14.37,20.9,40.29,22.67,4.55,0.13,23.56,2.9,13.08,3.33,5.15,2.61,45.18,1.68,,4.1,8.148586,0.105,12.56,18.35,0.89,14.01,5.36,4.74,16.84,32.71,3.53,4.15,2.09,5.6,5.95,2.4694362,2.84,5.81,,2.7,3.48,34.44,33.55,3.51,84.26,5.72,7.55,10.95,39.72,2.39,39.58,83.33,112.59,5.87,2.58
2026-08-20,21.12,4.02,6.7,72.91,5.06,2.68,8.704373,7.29,39.8,1.77,61.77,21.98,4.84,66.36,2.39,35.27,37.01,6.6524134,10.19,22.48,19.33,2.42,4.26,56.413,29.16,3.6,0.465,10.21,6.582678,1.63,65.75,,1.51,6.35,0.895,32.18,30.05,3.72,18.8,28.46,3.73,156.44,13.35,48.88,9.671188,22.11,3.51,2.99,7.99,3.58,17.59,1.405,7.9,136.82,22.99,39.39,2.45,4.01,0.17,15.5,171.2,,2.62,2.6,6.62,5.24,,2.79,,18.82,3.71,6.68,1.95,4.3310184,9.54,5.17,5.89,1.525,19.58,3.47,5.78,8.72,6.99,9.09,15.07,14.05,3.4,1.875,12.64,17.95,35.74,3.79,13.26,8.01,28.78,5.61,,4.74,1.49,23.97,1.145,5.05,0.465,3.0,76.48,4.58,7.601779,1.72,,12.53,8.04,7.05,3.85,4.25,2.22,3.75,2.89,6.24,70.21,0.995,42.8,,1.795,5.25,4.63,5.34,2.694522,128.41,23.53,,1.205,16.22,61.64,10.39,1.9,0.835,65.52,31.78,19.31,4.71,252.3,2.51,2.98,38.43,3.6,15.81,0.975,177.1,23.14,5.66,7.09,0.845,,23.94,3.12,7.59,22.11,47.24,14.75,1.495,13.9,1.585,1.52,12.04,22.16,0.92,10.4,4.83,206.01,11.7,18.13,2.59,1.11,19.7,2.45,6.13,8.04,9.36,21.459135,,178.74,17.18,2.27,44.65,173.04,32.13,3.92,8.23,1.265,4.4,4.89,3.64,5.65,3.91,14.4,21.47,40.94,23.24,4.66,0.135,21.38,2.9,12.97,3.13,5.18,2.66,44.35,1.82,,3.98,8.285866,0.105,14.45,17.93,0.91,13.96,5.2,4.71,17.38,32.46,3.53,4.51,2.06,5.59,6.49,2.547521,2.81,5.59,,2.73,3.75,33.82,33.61,3.56,84.34,6.23,7.63,10.93,38.99,2.4,43.19,85.29,115.02,5.78,3.05
2026-08-21,20.69,3.83,6.84,71.69,5.05,2.9,8.617039,7.2,39.85,1.795,60.9,22.14,4.82,66.81,2.39,34.9,37.13,6.468965,10.52,22.44,18.81,2.49,4.14,56.28,29.31,3.65,0.445,10.49,6.4146514,1.66,65.16,,1.52,6.34,0.905,32.19,30.41,3.7,19.08,28.74,3.55,157.99,13.99,49.02,9.5140915,20.71,3.52,2.97,8.0,3.56,17.5,1.37,7.97,135.48,22.82,39.18,2.42,3.99,0.18,15.57,168.3,,2.48,2.63,6.8,5.23,,2.53,,18.93,3.7,6.59,1.83,4.2627363,9.41,5.23,5.74,1.515,18.96,3.39,5.73,9.08,7.04,8.9,15.35,14.08,3.32,1.9,12.51,17.75,36.31,3.81,13.49,8.32,27.27,5.59,,4.73,1.425,26.7,1.155,5.22,0.455,2.94,76.21,4.53,7.6699996,1.76,,12.51,8.36,7.01,3.59,4.26,2.06,3.6,2.89,6.33,69.2,0.98,42.84,,1.82,5.33,4.68,5.5,2.77,126.67,23.1,,1.27,16.21,60.3,10.47,1.91,0.865,66.29,32.19,18.38,4.95,248.43,2.36,2.98,38.17,3.63,15.4,0.965,179.85,22.46,5.76,7.4,0.84,,23.97,3.08,8.2,21.86,47.34,14.47,1.425,13.67,1.615,1.485,11.89,22.16,0.89,10.58,5.07,191.6,11.55,17.95,2.68,1.07,19.51,2.44,6.11,8.1,9.25,22.07,,176.07,16.54,2.26,45.0,175.38,31.94,3.98,8.5,1.34,4.41,4.89,3.67,,3.78,14.34,21.65,40.41,23.56,4.7,0.13,21.08,2.9,12.86,3.06,5.11,2.68,44.38,1.82,,3.9,8.246643,0.105,13.35,18.13,0.895,13.95,5.2,4.73,15.62,32.0,3.81,4.3,2.08,5.65,6.78,2.5572817,2.8,5.57,,2.76,3.78,33.83,33.78,3.52,82.37,6.29,7.75,10.9,38.86,2.4,42.33,85.0,112.27,5.75,2.57
2026-08-24,20.78,3.67,6.67,72.4,4.72,2.62,8.5199995,7.14,41.57,1.85,61.48,22.36,4.84,67.45,2.35,38.24,36.86,6.44,10.55,22.07,18.89,2.44,4.2,55.47,29.08,3.69,0.46,10.45,6.385,1.7,67.12,,1.7,6.28,0.895,32.51,31.11,3.73,19.19,28.51,3.53,156.88,13.96,48.62,9.465,20.08,3.52,2.98,8.09,3.55,17.73,1.365,7.52,135.77,22.64,39.11,2.41,3.97,0.18,16.2,169.11,,2.39,2.59,6.78,5.21,,2.48,,19.42,3.72,6.66,1.815,4.2920003,11.09,5.24,5.87,1.69,18.57,3.23,5.81,9.63,7.24,8.6,15.73,15.33,3.29,,12.66,17.93,37.09,3.76,13.58,8.57,27.55,5.73,,4.68,1.455,29.1,1.14,5.17,0.43,2.92,77.5,4.55,7.57,1.85,,12.27,8.77,7.32,3.6,,2.07,3.64,3.18,6.2,68.41,0.965,42.3,,1.79,5.35,4.76,5.69,2.85,127.74,23.3,,1.325,16.41,59.36,10.58,1.9,0.87,69.07,32.37,17.46,4.76,247.87,2.35,2.95,38.01,3.68,15.28,0.965,184.16,22.45,5.9,6.73,0.89,,24.39,3.13,8.08,22.07,48.19,15.36,1.915,13.36,1.675,1.47,11.79,22.14,0.895,11.7,5.47,193.43,11.66,17.84,2.59,1.045,19.26,2.35,6.22,7.9,9.21,21.94,,176.0,16.9,2.24,44.1,177.43,31.96,4.01,8.48,1.35,4.2,5.07,3.67,5.83,3.82,14.17,22.44,40.21,23.99,4.73,0.125,21.44,2.88,12.83,2.97,5.5,2.72,44.35,1.805,,3.87,8.26,0.11,13.39,17.94,0.905,13.93,5.09,4.72,16.16,32.94,3.85,4.66,2.09,5.7,6.93,2.5279999,2.85,5.83,,2.81,3.89,33.74,33.48,3.6,82.35,6.39,8.09,10.91,38.54,2.42,43.49,86.73,113.73,5.96,2.52
