Date,port_ret,equity,drawdown
2001-03-01,-0.004527779842784389,0.9954722201572156,0.0
2001-03-02,0.007609542692362205,1.0030473085155625,0.0
2001-03-05,0.002172342029074928,1.0052262703410013,0.0
2001-03-06,0.0038462348377123665,1.0090926066417705,0.0
2001-03-07,0.00915676769035435,1.0183326332188434,0.0
2001-03-08,0.007435180049305172,1.0259041196969085,0.0
2001-03-09,-0.016760812080488748,1.0087091335340694,-0.01676081208048874
2001-03-12,-0.02884430832616505,0.979613616274994,-0.0451216663752072
2001-03-13,-0.005428900162999037,0.9742953917539227,-0.05030560551626706
2001-03-14,-0.02037524899195133,0.9544438805552258,-0.06965586527013345
2001-03-15,9.674125986800706e-05,0.954536214658704,-0.06956586260642894
2001-03-16,-0.008638011751947502,0.9462909196188226,-0.07760296361964769
2001-03-19,0.007932838007417526,0.9537976921920489,-0.07028573735152033
2001-03-20,-0.011146902354924005,0.9431658024508323,-0.0806491714552432
2001-03-21,-0.016094046417769695,0.9279864482465355,-0.09544524636405749
2001-03-22,-0.020063464857588816,0.9093678247538225,-0.1135937488753972
2001-03-23,0.02140752776730196,0.928835141712931,-0.09461798244133712
2001-03-26,0.018621106669269364,0.9461310799649335,-0.07775876731593889
2001-03-27,0.004028662581497806,0.9499427228439804,-0.07404336857071014
2001-03-28,-0.006033434964844567,0.9442113052053739,-0.07963006768670533
2001-03-29,0.004615369461086498,0.9485691892282313,-0.07538222040820441
2001-03-30,0.017341272414215538,0.9650185859423696,-0.05934817161327599
2001-04-02,-0.004476712402017875,0.9606984752705036,-0.06355919931939569
2001-04-03,-0.01827104621663319,0.9431455090285871,-0.08066895246777206
2001-04-04,0.005314862826103695,0.9481581980341298,-0.07578283405835995
2001-04-05,0.011675733911803815,0.9592286408606717,-0.064991920352104
2001-04-06,-0.018182740661771883,0.9417872352485582,-0.08199292978100303
2001-04-09,0.01234803412987305,0.9534164561724862,-0.07065734714647409
2001-04-10,0.008734317269934991,0.9617438979910737,-0.06254017356396835
2001-04-11,-0.016127300962403897,0.9462335646994162,-0.07765887032506513
2001-04-12,0.004191283093490553,0.9501994974416341,-0.07379307754182762
2001-04-16,0.004719930860559406,0.9546843733732969,-0.0694214449052536
2001-04-17,0.018673168447149637,0.9725113554911581,-0.05204459479266421
2001-04-18,0.0070683948814395,0.9793854497784534,-0.04534407165866383
2001-04-19,-0.004529013035047895,0.9749498003100705,-0.04966772080210757
2001-04-20,-0.005262427968229016,0.9698191972132995,-0.05466877596726949
2001-04-23,0.0022229780978444413,0.9719750840475737,-0.052567325361036255
2001-04-24,0.0013612278089718166,0.973298163561607,-0.05127765365718906
2001-04-25,0.01661796894715811,0.9894724022199999,-0.035511815166189176
2001-04-26,0.011520733545804443,1.0008718501169036,-0.024400203780642227
2001-04-27,0.009106004848060562,1.0099857940363555,-0.015516387306501844
2001-04-30,-0.0015417465317382189,1.008428651941295,-0.01703421150192519
2001-05-01,0.0026059926793248625,1.0110566096258755,-0.014472609853072416
2001-05-02,-0.0136186678321876,0.997287365499843,-0.02789418001900612
2001-05-03,-0.009851346931122015,0.9874627416722793,-0.037470731705401716
2001-05-04,0.01162742734646291,0.9989443929584129,-0.0262789925694622
2001-05-07,-0.0008771839573621849,0.9980681349626129,-0.027133125016126636
2001-05-08,-0.0001657554226048558,0.9979026997571138,-0.02729438297612785
2001-05-09,0.003647762691465394,1.0015428119950005,-0.023746183716569225
2001-05-10,0.004274503925281498,1.0058239106762106,-0.019573182946794665
2001-05-11,-0.002082250294584339,1.0037295335419052,-0.021614676975421965
2001-05-14,0.005855726896785077,1.0096070995685642,-0.015885519723967123
2001-05-15,-0.00011848706452522158,1.0094874741870126,-0.016002124559891695
2001-05-16,0.015534215642023064,1.0251690702989549,-0.0007164893715124743
2001-05-17,0.00039818581648983295,1.025577278082252,-0.00031858885092794775
2001-05-18,5.3809843965778515e-05,1.0256324642355605,-0.00026479615017849234
2001-05-21,0.003127905268165107,1.0288405454236442,0.0
2001-05-22,-0.0022037352685098806,1.0265732532280212,-0.002203735268509921
2001-05-23,-0.0017635896935847906,1.0247627992189183,-0.003963438477287862
2001-05-24,0.0037396856855235775,1.0285950899902145,-0.0002385748059030579
2001-05-25,-0.010645218382083032,1.0176454706305305,-0.010881253507076694
2001-05-29,-0.00039383647806321814,1.0172446847224603,-0.011270804550581826
2001-05-30,0.004086737098472864,1.0214018963137401,-0.007230128267195268
2001-05-31,0.009067149264512112,1.0306630997666724,0.0
2001-06-01,0.002490410575687961,1.0332298740503028,0.0
2001-06-04,0.005143112422027721,1.038543891450341,0.0
2001-06-05,-0.005393532685920694,1.0329424710260404,-0.005393532685920688
2001-06-06,-0.013361392866953535,1.0191409208616997,-0.01868286044371692
2001-06-07,-0.0014538859475233092,1.017659206198313,-0.020109583642981543
2001-06-08,0.0019309857136029583,1.0196242915867983,-0.01821742924809977
2001-06-11,-0.0017656698770718209,1.0178239716892128,-0.019950933159110562
2001-06-12,0.000335727804301709,1.0181656834963937,-0.01962190343779202
2001-06-13,-0.009375532520479934,1.0086198380195366,-0.028813470164477217
2001-06-14,-0.018686503686461953,0.9897722596981459,-0.04696155083449094
2001-06-15,0.005774090021310742,0.9954872938262391,-0.041458621035238896
2001-06-18,0.0013663775780688554,0.9968475053437756,-0.04014889158737034
2001-06-19,0.00045371513868470764,0.9972997901479103,-0.039713392608600184
2001-06-20,0.005606987174616926,1.0028916372805177,-0.03432907791700024
2001-06-21,-0.0058102138248981704,0.9970646224247156,-0.03993983245878907
2001-06-22,-0.0044210099535438585,0.9926565898046494,-0.0441842680154898
2001-06-25,-0.0055351977804407905,0.9871620392520228,-0.04947489713368092
2001-06-26,0.005025065367075723,0.9921225930271601,-0.044698446358731214
2001-06-27,-0.0012664419175532147,0.990866127387999,-0.04590828029016614
2001-06-28,0.001394894542529271,0.9922482811414696,-0.04457742295727052
2001-06-29,-0.001553054738459624,0.9907072652467145,-0.04606124651777799
2001-07-02,0.0031692386834152207,0.9938470530356749,-0.04303798691863325
2001-07-03,-0.000756349714228707,0.9930953571011244,-0.04376178486375493
2001-07-05,-0.0016495628770351251,0.9914571838666945,-0.045339159925046
2001-07-06,-0.009932294610792005,0.9816097390225442,-0.05482113264205668
2001-07-09,0.004540087848913219,0.9860663334710554,-0.050529937551315296
2001-07-10,-0.0006953559122815031,0.9853806664161746,-0.0511901571727732
2001-07-11,-0.0003327984763431661,0.9850527332317733,-0.05150591964280549
2001-07-12,0.01145995391915535,0.9963413921625475,-0.04063622118932042
2001-07-13,0.0018602874172566676,0.9981948735176794,-0.038851528823027115
2001-07-16,-0.002555859667549739,0.9956436275001006,-0.0413080894350355
2001-07-17,0.004244451753030145,0.9998695888402368,-0.03723896787462211
2001-07-18,0.004566442009912566,1.0044354353351508,-0.032842575452018075
2001-07-19,0.0015025223587095014,1.005944622034622,-0.03138939979724287
2001-07-20,-0.015544792049871518,0.9903074220714072,-0.046446250154695945
2001-07-23,-0.011767421910001952,0.9786540568152866,-0.05766711944298997
2001-07-24,-0.01918149441082816,0.9598820094943499,-0.0757424723245339
2001-07-25,0.015982829533037014,0.9752236400239271,-0.06097022181507061
2001-07-26,0.011229839664419383,0.9861752451383474,-0.050425067965938486
2001-07-27,-0.004468447251217561,0.9817685730749902,-0.05466819346081109
2001-07-30,0.004490614592128091,0.9861773173553336,-0.05042307265596335
2001-07-31,0.011099963247069232,0.9971238493330712,-0.039882803662179556
2001-08-01,0.0018205997818617034,0.998939212795656,-0.038134814503965386
2001-08-02,-0.002678103106119586,0.9962639505870433,-0.04071078864491062
2001-08-03,0.00024562572079297866,0.9965086586380063,-0.04047516254092254
2001-08-06,-0.015071091480039106,0.9814901854830218,-0.05493624914363804
2001-08-07,0.0016184288214488958,0.9830786574871768,-0.053406730731145435
2001-08-08,-0.011985402593410823,0.9712960639962032,-0.06475203215554559
2001-08-09,0.003076486610926391,0.9742842433323329,-0.06187475430457612
2001-08-10,0.007979175693563443,0.9820582284853521,-0.05438928814660493
2001-08-13,-0.0019861589236992417,0.9801077047712536,-0.05626742130029816
2001-08-14,0.004409112025265539,0.9844291094384161,-0.052106398638918305
2001-08-15,-0.004915903674651798,0.9795897507618936,-0.05676615227702819
2001-08-16,0.006351041964404313,0.9858111663768828,-0.05077563452789302
2001-08-17,-0.007305969499442659,0.9786088600631233,-0.05771063879016003
2001-08-20,0.006325857200257957,0.9847993999667899,-0.0517498508498242
2001-08-21,-0.004228944851382196,0.9806347376146561,-0.05575994843589516
2001-08-22,0.002771078693053881,0.9833521536417287,-0.053143384947877736
2001-08-23,0.004877067167162861,0.9881480281440137,-0.048525501638596036
2001-08-24,0.007527278611425655,0.9955860936611844,-0.04136348799776335
2001-08-27,-0.006330919572029156,0.9892831181751848,-0.04743253865406016
2001-08-28,-0.00847289521689762,0.9809010259750407,-0.055503542941070405
2001-08-29,-0.0010461970561734067,0.9798748102092681,-0.056491672354011646
2001-08-30,-0.006138570808472579,0.9738597793033599,-0.062283465031650165
2001-08-31,0.0019314095283868783,0.9757407013604191,-0.06047235038108634
2001-09-04,0.005090815712352883,0.9807080174540869,-0.05568938826021652
2001-09-05,-0.0018502708411141666,0.9788934420057447,-0.05743661865007332
2001-09-06,-0.015271120267212236,0.9639446425240896,-0.07183061740613828
2001-09-07,-0.025124066892550468,0.9397264328445988,-0.09515000706204368
2001-09-10,-0.006465527185749634,0.9336506060458745,-0.10100033929040941
2001-09-17,-0.05030719720258713,0.8866812608892096,-0.14622649250678577
2001-09-18,0.0011967514951545975,0.8877423980139043,-0.14520473778516996
2001-09-19,-0.01739477692422083,0.8723003170342796,-0.16007371068727783
2001-09-20,-0.023967898480385448,0.8513931115911939,-0.18020497872053198
2001-09-21,-0.011537937310640664,0.8415697912429434,-0.18966372228362982
2001-09-24,0.03384639733829679,0.8700538967852595,-0.1622367586504052
2001-09-25,0.011007060173918778,0.8796306323817273,-0.15301544824137303
2001-09-26,-0.0024580633929501667,0.8774684445249522,-0.15509738996244515
2001-09-27,0.010756079662905567,0.8869065650159484,-0.14600955018148443
2001-09-28,0.024508977103744514,0.9086437377110851,-0.12507911780006586
2001-10-01,-0.007279408648029701,0.902029348628813,-0.13144802443629378
2001-10-02,0.019126740151335718,0.9192822295889149,-0.11483545649175753
2001-10-03,0.0225077781513872,0.9399732300710147,-0.09491236931900016
2001-10-04,-0.004586605900900408,0.9356619433072826,-0.09906364958671354
2001-10-05,0.004754605309507425,0.9401106465508353,-0.09478005283151048
2001-10-08,-0.013467821337193818,0.9274494043258948,-0.10697139335083972
2001-10-09,-0.005458198193556551,0.9223872016625881,-0.11184572047844654
2001-10-10,0.022263795432799736,0.9429230416302367,-0.09207203528641295
2001-10-11,0.009669801694235484,0.9520409204557265,-0.08329255191498164
2001-10-12,-0.009700120052362803,0.942806009232544,-0.09218472421430146
2001-10-15,0.0034622750181114645,0.9460702629252352,-0.08904161806388866
2001-10-16,0.009917075375167792,0.9554525130328696,-0.0800075751265873
2001-10-17,-0.016983192560949566,0.9392258790211891,-0.09563198363282743
2001-10-18,-0.001834059077037661,0.9375032832723816,-0.0972906480022282
2001-10-19,0.005191267570422514,0.9423701136639981,-0.09260444221768516
2001-10-22,0.013614088692434441,0.9551996239725195,-0.08025107861491554
2001-10-23,-0.007791483996776083,0.947757201388611,-0.08741728761693957
2001-10-24,-0.004592068885541026,0.9434050350330669,-0.09160793029595637
2001-10-25,0.005358928854574693,0.9484606754968568,-0.08673992182235246
2001-10-26,0.0058780061922854695,0.9540357332205665,-0.08137177342765722
2001-10-29,-0.013987081265650993,0.9406915578896755,-0.0942207010856454
2001-10-30,-0.016107001096192026,0.9255398379355679,-0.10881008924616697
2001-10-31,0.007100126664770083,0.9321112880182013,-0.1024825279974495
2001-11-01,0.013843830732674232,0.9450152789135403,-0.09005744803542848
2001-11-02,0.008890038757887702,0.9534165013698777,-0.08196802348101229
2001-11-05,0.012313872630320225,0.9651567507313918,-0.07066349465159638
2001-11-06,0.009603523428937492,0.9744256561996381,-0.061738589749115946
2001-11-07,-0.002694479491778133,0.9718000862527457,-0.06426671587696375
2001-11-08,-0.008697937364166764,0.9633474299720275,-0.07240566537183202
2001-11-09,0.002301405456634231,0.9655644830039996,-0.07027089470857584
2001-11-12,0.0004244452777976704,0.9659743122892198,-0.06987627558020382
2001-11-13,0.01168986629497395,0.9772664228442602,-0.05900325360395309
2001-11-14,0.0029978082377597193,0.9801960801771488,-0.05618232580590199
2001-11-15,0.004659238538454186,0.984763047529152,-0.05178485412502243
2001-11-16,-0.0018955628959027374,0.9828963672349996,-0.0535822555728761
2001-11-19,0.008524335796840768,0.9912749059228056,-0.045514672915290655
2001-11-20,0.0010011389328746165,0.9922673098243066,-0.04455910049348866
2001-11-21,-0.004826866354830707,0.9874777681315172,-0.049170886025345806
2001-11-23,0.008840178487348128,0.9962072478540881,-0.04076538694684273
2001-11-26,0.00311777139673844,0.9993131943166712,-0.03777471270750399
2001-11-27,-0.00534056123480514,0.9939763010096744,-0.04291353577596746
2001-11-28,-0.003145667175171716,0.9908495823866896,-0.045924211250278235
2001-11-29,0.006358232638103381,0.9971496345408717,-0.03985797543102565
2001-11-30,0.005250227285218149,1.0023848967595834,-0.034817011575949075
2001-12-03,-0.0007991002280953886,1.0015838907599435,-0.03558828952215243
2001-12-04,0.00958776101229198,1.0111868377383115,-0.026341740524635004
2001-12-05,0.019684313439335063,1.0310913563980824,-0.007175946162324642
2001-12-06,-0.001661917548741175,1.0293777675785292,-0.008825937880209689
2001-12-07,-0.0018907138554833125,1.0274315087708419,-0.010699964412655305
2001-12-10,-0.009343622905221926,1.0178315761919439,-0.019943610885306162
2001-12-11,-0.002541740939525025,1.0152445120051956,-0.022434660332561918
2001-12-12,-0.0017645312567110129,1.013453081330558,-0.02415960492988256
2001-12-13,-0.006224540180756978,1.007144801904504,-0.03023376267900235
2001-12-14,0.006774062620674319,1.0139672638606916,-0.023664505459974228
2001-12-17,0.006525509243259709,1.0205839166133772,-0.017293419165830826
2001-12-18,0.006494005475069032,1.027211594155632,-0.010911717249507347
2001-12-19,-0.00020381359767490334,1.0270022344650538,-0.011113306890832675
2001-12-20,-0.002990685495688886,1.023930793778399,-0.014070755980794103
2001-12-21,0.0041135118694857736,1.0281427452521383,-0.010015124333048075
2001-12-24,0.0069652029121114265,1.0353039680954348,-0.003119678794106351
2001-12-26,0.00357081109572974,1.039000842992163,0.0
2001-12-27,0.0028830319021664343,1.0419963155688874,0.0
2001-12-28,-0.001387644276907745,1.0405503953450292,-0.0013876442769077402
2001-12-31,-0.004990609783326632,1.035357414361976,-0.006371328869130277
2002-01-02,-0.005424680559270318,1.0297409311243901,-0.01176144700454751
2002-01-03,0.007518018240554276,1.0374825422276286,-0.0043318515371087996
2002-01-04,0.010660836671600492,1.0485429741599543,0.0
2002-01-07,-0.001845470692826932,1.0466079188309725,-0.0018454706928270337
2002-01-08,-0.00015685623867396598,1.0464437518494583,-0.0020020374579095
2002-01-09,-0.00237940511398516,1.04395383823481,-0.0043766789137288375
2002-01-10,-0.003504528925315149,1.0402952718120222,-0.007865869641194068
2002-01-11,-0.008197903204953168,1.0317670318691368,-0.015999289208206036
2002-01-14,-0.009652861991036377,1.021807527103603,-0.02549771226856079
2002-01-15,0.007778594181170372,1.0297557531882071,-0.017917454443675762
2002-01-16,-0.01496314793869324,1.0143473655125315,-0.03261250086084344
2002-01-17,0.011384801040731512,1.0258955084550818,-0.02159898665385329
2002-01-18,-0.0017289386247592489,1.0241217980855468,-0.023290581956331047
2002-01-22,0.003925331807979771,1.0281418159548175,-0.01945667341053081
2002-01-23,0.011789547844468267,1.0402631430849152,-0.007896510948130264
2002-01-24,0.007593668966677433,1.0481625570317374,-0.0003628054715846263
2002-01-25,0.007163761213978156,1.0556713433037455,0.0
2002-01-28,0.00493844168779993,1.0608847146741325,0.0
2002-01-29,-0.015989847592310383,1.0439213297734815,-0.015989847592310258
2002-01-30,0.013466197613717205,1.0579789806933857,-0.0027389724260843407
2002-01-31,0.018257159272149753,1.0772946714504914,0.0
2002-02-01,-0.008300506257519765,1.068352580288924,-0.008300506257519658
2002-02-04,-0.013854010108483044,1.0535516128421774,-0.022039521068405454
2002-02-05,0.0028792390385667635,1.0565850397750176,-0.019223739079290092
2002-02-06,-0.0033560180937435226,1.0530391212639538,-0.02251524195685417
2002-02-07,-0.010279372022492695,1.0422145403822427,-0.032563171431096105
2002-02-08,0.013930431527242824,1.0567330386737344,-0.019086358933784076
2002-02-11,0.017499057084418942,1.0752248704404774,-0.0019212951338811735
2002-02-12,-0.005848279256432884,1.0689366551346797,-0.0077583381198370605
2002-02-13,0.010079219767010756,1.0797107025987955,0.0
2002-02-14,-0.002511072701888058,1.0769994705275632,-0.0025110727018882173
2002-02-15,-0.004319437350008285,1.0723474387886274,-0.006819663630679318
2002-02-19,-0.014221464287219092,1.0570970879844042,-0.02094414231512365
2002-02-20,0.0129817235938976,1.0708200301925317,-0.008234309787672367
2002-02-21,-0.007793324465316106,1.0624747822532816,-0.015963461605065232
2002-02-22,0.006063016351310925,1.0689165842309387,-0.009997231982489474
2002-02-25,0.016153130221348226,1.0861829330117798,0.0
2002-02-26,0.009075553645340906,1.0960406444889819,0.0
2002-02-27,0.004577272653431855,1.1010575213580511,0.0
2002-02-28,-0.0029254781713973716,1.0978364016138653,-0.002925478171397322
2002-03-01,0.011524954942936143,1.1104889166771803,0.0
2002-03-04,0.013434884250049642,1.1254082067337012,0.0
2002-03-05,-0.013160349732491016,1.1105974411412702,-0.013160349732490917
2002-03-06,0.014051275534365996,1.1262027517945081,0.0
2002-03-07,-0.006812804205495752,1.1185301529508416,-0.006812804205495793
2002-03-08,-0.0039238308356043675,1.11414122984614,-0.010709902749881595
2002-03-11,0.001138663333879474,1.1154098616133292,-0.009583434389572654
2002-03-12,-0.0015441465642747048,1.1136875053077608,-0.0111127827265608
2002-03-13,-0.0027062113878980544,1.1106736314983372,-0.013788920575293018
2002-03-14,-0.0006069937278597547,1.1099994595703184,-0.014387544514849693
2002-03-15,0.01017525493046033,1.1212939870441196,-0.004358686517651256
2002-03-18,-0.0007043829259692533,1.1205041667046538,-0.005059999259257819
2002-03-19,0.010282157886031559,1.132025367458667,0.0
2002-03-20,-0.005610547017621851,1.1256740859093997,-0.005610547017621759
2002-03-21,-0.006062115895794058,1.1188501191397249,-0.01163865112715623
2002-03-22,0.0014300912892370363,1.1204501769490685,-0.010225204171514513
2002-03-25,-0.013041809966057982,1.1058374786648626,-0.023133658967903536
2002-03-26,0.010250737809494384,1.1171731287185684,-0.013120058231063436
2002-03-27,0.011676009138593223,1.1302172523788772,-0.0015972390122750424
2002-03-28,0.003984924808956244,1.1347210831473922,0.0
2002-04-01,-0.0049010115314318285,1.129159802033928,-0.004901011531431854
2002-04-02,-0.010209271871215427,1.1176319026289159,-0.015060247643478908
2002-04-03,-0.006352438352312987,1.1105322148668875,-0.021317016701066005
2002-04-04,0.005563039991220239,1.1167101499897305,-0.015872564126247157
2002-04-05,0.0054085560687820045,1.1227499394485279,-0.01054985571049738
2002-04-08,0.0072297015613259925,1.1308670864387376,-0.0033964264574732894
2002-04-09,0.0012044852942981346,1.1322291992141587,-0.0021960321088965173
2002-04-10,0.012326082089476387,1.1461851492677746,0.0
2002-04-11,-0.012692601066530675,1.1316370784197367,-0.012692601066530806
2002-04-12,0.008414215685175263,1.141158916874902,-0.004385183664335268
2002-04-15,-0.006926709571060067,1.1332544404832838,-0.011281518341736851
2002-04-16,0.010327025421752421,1.1449575878994687,-0.0010709974466953653
2002-04-17,-0.010037877002732155,1.1334646444587888,-0.011098123908787394
2002-04-18,-0.004060065611523176,1.1288627036339443,-0.015113130409076247
2002-04-19,0.0028938769824982074,1.1321294934283912,-0.012262988966802335
2002-04-22,-0.007245873918910651,1.123926225859129,-0.019420006813790525
2002-04-23,0.001978969989073622,1.1261504421300368,-0.017479468435389056
2002-04-24,-0.003908125392965111,1.1217493049908496,-0.021319281873906304
2002-04-25,0.004627303100431957,1.1269399790277412,-0.016790629552588365
2002-04-26,-0.007611912619508342,1.1183618103799515,-0.02427473336711583
2002-04-29,-0.008764369774855427,1.108560073931705,-0.03282635040255577
2002-04-30,0.011477951190861858,1.1212840723524313,-0.021725178459388483
2002-05-01,0.0031319868632660192,1.1247959193370285,-0.018661234569659513
2002-05-02,0.004929654222292823,1.130340774290006,-0.013823573781156173
2002-05-03,-0.006568102165287927,1.1229165806028787,-0.020300881301559937
2002-05-06,-0.013914669186963198,1.1072915678592339,-0.03393307044100802
2002-05-07,0.004399967064399277,1.1121636142885016,-0.029682407768943042
2002-05-08,0.020409622970721887,1.1348624543378851,-0.009878591549648652
2002-05-09,-0.0054796660982374505,1.1286437870206874,-0.015304126264673146
2002-05-10,-0.01531113618898478,1.111362968288762,-0.030380938892166087
2002-05-13,0.007384456160180137,1.119569779406138,-0.023220829443340252
2002-05-14,0.016023242906168626,1.1375089179319684,-0.007569659527824846
2002-05-15,0.004295690694702275,1.1423953044058697,-0.003306485749118293
2002-05-16,-0.00023680929907809797,1.1421247745745633,-0.003542512041623702
2002-05-17,0.0043028499553571745,1.1470391661098538,0.0
2002-05-20,-0.007086400099169684,1.1389107876493814,-0.007086400099169721
2002-05-21,-0.008206694104335367,1.1295640952030153,-0.015234938285590305
2002-05-22,0.005244322566348486,1.1354878936776256,-0.010070512649889674
2002-05-23,0.009296713554700943,1.146044199369977,-0.0008674217666438944
2002-05-24,-0.009632609356743467,1.1350048032918842,-0.010491675588361726
2002-05-28,-0.007129824507041928,1.1269124182297634,-0.01754669628967387
2002-05-29,-0.0010326202534777606,1.1257487456428037,-0.01856119746918139
2002-05-30,-0.0032497416606491014,1.1220903530446649,-0.02175062003314321
2002-05-31,0.0063379652654971886,1.1292021227270113,-0.015550509441919269
2002-06-03,-0.011732603840722753,1.115953641564952,-0.027100665315838657
2002-06-04,-0.01179674207748116,1.1027890242849845,-0.038577707834460684
2002-06-05,0.013453174574383308,1.1176250375474042,-0.025643525898253916
2002-06-06,-0.008383046637307304,1.108255934734622,-0.03381160166201125
2002-06-07,0.005254469649734562,1.1140792319078232,-0.02873479404701862
2002-06-10,0.005703316654830585,1.120433178545964,-0.02319536102164943
2002-06-11,-0.005793456257306372,1.1139419979368232,-0.028854435969504433
2002-06-12,0.0017176455758840302,1.1158553554813708,-0.027186352087908094
2002-06-13,-0.012322546013782097,1.1021051765187264,-0.03917389302714003
2002-06-14,-0.004113087725307159,1.0975721212451897,-0.04312585509388489
2002-06-17,0.019419549653684486,1.1188864775522103,-0.024543790124553877
2002-06-18,0.000705774553881138,1.1196761591567483,-0.023855337953198386
2002-06-19,0.0012822618046491071,1.1211118771292112,-0.02260366493724375
2002-06-20,-0.0008640947119067355,1.120143130284728,-0.023448227941808453
2002-06-21,-0.012464120265092802,1.1061815315947416,-0.03562008667383132
2002-06-24,-0.0077513958524021865,1.0976070806587344,-0.0430953771341277
2002-06-25,-0.014792480037815183,1.0813707498287255,-0.057250369665964085
2002-06-26,-0.0049652088725252565,1.0760015181871867,-0.0619313184950685
2002-06-27,0.011848067016125811,1.0887500562841217,-0.05081701789086912
2002-06-28,-0.0034810728458325507,1.0849600380272924,-0.054121192995615686
2002-07-01,-0.010887746582851224,1.0731472680807306,-0.06441968174436907
2002-07-02,-0.021526022390714203,1.050046675959491,-0.08455900462345123
2002-07-03,-0.002176171862138228,1.0477615939293363,-0.08655116155903742
2002-07-05,0.027028862933976498,1.076081398439137,-0.06186167810761656
2002-07-08,-0.007184083042392506,1.0683507403123764,-0.06860134171734222
2002-07-09,-0.013933657694742743,1.0534647067989387,-0.08157913179919551
2002-07-10,-0.02238164352273168,1.0298864352675858,-0.10213490027510364
2002-07-11,-0.005562218894416792,1.024157981478237,-0.10712902249743095
2002-07-12,-0.009873067406460665,1.0140464006922376,-0.11594439784358612
2002-07-15,-0.012798130642692874,1.0010685023784258,-0.12725865693538851
2002-07-16,-0.01662751738926452,0.9844232184472835,-0.14177017879352538
2002-07-17,0.0010479685526196979,0.9854548630226849,-0.14087078092998062
2002-07-18,-0.021393813899185304,0.9643722250771305,-0.15925083155811703
2002-07-19,-0.04060474989903569,0.9252141320682971,-0.19338924127052193
2002-07-22,-0.028024670236991452,0.8992853111184789,-0.2159942417935249
2002-07-23,-0.0030325484928014346,0.896558184803648,-0.21837177727392165
2002-07-24,0.06017418795912611,0.9505078455323157,-0.1713379336854448
2002-07-25,0.007002783006229452,0.9571640457202971,-0.16553499304955033
2002-07-26,0.00016550816403084064,0.9573224641841807,-0.16539688227830196
2002-07-29,0.04642623376480674,1.0017673406946963,-0.12664940283411785
2002-07-30,-0.007552772324975383,0.9942012200478332,-0.13324562105439308
2002-07-31,0.008468248345512814,1.00262036288461,-0.125905729718921
2002-08-01,-0.02223279417210457,0.9803293107238357,-0.14533928771709614
2002-08-02,-0.025036011193182765,0.9557857751275486,-0.16673658287618454
2002-08-05,-0.02440522760327667,0.9324596057455865,-0.18707256622457535
2002-08-06,0.029228266341755606,0.9597137834552469,-0.16331210667366736
2002-08-07,0.013770571326879975,0.9729295905637072,-0.1517904363602801
2002-08-08,0.024384271946175113,0.9966537702844934,-0.13110746369314275
2002-08-09,0.009642492145548092,1.0062639964362925,-0.12272917423647856
2002-08-12,-0.00625478998267333,0.9999700264714579,-0.12821631900955577
2002-08-13,-0.01156049706657171,0.988409875913775,-0.13829457169633086
2002-08-14,0.022060291949967514,1.010214486342664,-0.1192850983730801
2002-08-15,0.011871096634697023,1.0222068401318087,-0.10883004666824925
2002-08-16,-0.0017049143442772322,1.0204640650272496,-0.1103494151048735
2002-08-19,0.016842912117612352,1.037651651593685,-0.09536510848810242
2002-08-20,-0.005177366957926171,1.0322793482188866,-0.10004873528440306
2002-08-21,0.006567941636055581,1.0390592987300937,-0.09413790790245657
2002-08-22,0.012847868752044739,1.0524089962257697,-0.08249951063573469
2002-08-23,-0.011972477231483347,1.0398090534802484,-0.09348426435452317
2002-08-26,0.006880622861832889,1.0469635874255656,-0.08724687145922949
2002-08-27,-0.005659425538668907,1.041038374960833,-0.09241252982539305
2002-08-28,-0.01614534561384794,1.0242304505998117,-0.10706584320615997
2002-08-29,-0.007017845998617369,1.0170425590304077,-0.11333231760544438
2002-08-30,0.006899754736299903,1.0240599032440965,-0.10721452806431842
2002-09-03,-0.02730072541959694,0.9961023250124104,-0.13158821909223972
2002-09-04,0.015154537179636296,1.011197794731533,-0.11842784047123911
2002-09-05,-0.0018927281159127852,1.0092838722346955,-0.12009641688378514
2002-09-06,0.010292446045605736,1.0196718720343712,-0.11104005672922634
2002-09-09,0.00976769494310108,1.0296317158224637,-0.10235696718672094
2002-09-10,-0.0019008783959443556,1.0276745111380776,-0.10406327743506572
2002-09-11,0.002142882292859947,1.0298766966508188,-0.10214339049675847
2002-09-12,-0.0157124829177205,1.0136947766473343,-0.1162509471361407
2002-09-13,0.003481220134884332,1.0172236713144263,-0.11317442213912587
2002-09-16,0.0028448293156443814,1.020117499035149,-0.11065155473736399
2002-09-17,-0.01893257546501085,1.0008040475014879,-0.12748921129198887
2002-09-18,-0.0012314096350632508,0.9995716477545842,-0.12856362948390065
2002-09-19,-0.01343773805792628,0.9861396657819284,-0.14027376316504592
2002-09-20,0.005273777061516236,0.9913403465307805,-0.135739758658042
2002-09-23,-0.013496190119522423,0.9779610287408479,-0.14740397918793735
2002-09-24,-0.019337931868844745,0.9590492849966721,-0.1638914229500491
2002-09-25,0.01972580866429164,0.9779673076921422,-0.1473985051365886
2002-09-26,0.01748057456893851,0.9950627381402388,-0.13249454112804016
2002-09-27,-0.015004357182993961,0.9801324613976947,-0.1455109028911521
2002-09-30,-0.007321061149099937,0.9729568517135844,-0.15176666982232523
2002-10-01,0.02489836826749335,0.99718188971593,-0.1306470439907993
2002-10-02,-0.019323965162617484,0.9779123816182663,-0.14744639022673955
2002-10-03,-0.012881732801402469,0.9653151756150767,-0.15842875802670986
2002-10-04,-0.021452860185116638,0.9446064041180352,-0.17648286821657777
2002-10-07,-0.017473963562764133,0.9281003862313231,-0.19087297657067326
2002-10-08,0.018529100789172186,0.9452972518302728,-0.17588058040230847
2002-10-09,-0.028221797808740758,0.9186192639199605,-0.19913871203245137
2002-10-10,0.018677146374428105,0.9357764503745631,-0.1841809085314683
2002-10-11,0.028917693469142615,0.9628369469221372,-0.16058930211810685
2002-10-14,0.0038240807269682895,0.9665189131340751,-0.1573793278463257
2002-10-15,0.02990412427016624,0.9954218148219026,-0.13218149455363104
2002-10-16,-0.014451649452235964,0.9810363276969879,-0.14472290338250537
2002-10-17,0.01251787173603534,0.9933168146154898,-0.13401665438827892
2002-10-18,0.00518852821208886,0.9984706669316646,-0.1295234753683734
2002-10-21,0.016647598080706833,1.0150928052901182,-0.11503213204761553
2002-10-22,-0.0077125115045153,1.0072638903511675,-0.12185745691032468
2002-10-23,0.009161094597504667,1.0164915301353252,-0.11381271000298676
2002-10-24,-0.016497588078612804,0.9997218715857538,-0.12843266287385968
2002-10-25,0.00842466531865299,1.0081441937656013,-0.12108999975590229
2002-10-28,-0.017308413473331674,0.9906948172191676,-0.1363025374459731
2002-10-29,0.0004064622443309666,0.9910974972580215,-0.13595147703692056
2002-10-30,0.002948588498866424,0.9940198359396919,-0.13340375349964906
2002-10-31,-0.005187135748136415,0.9888637201143324,-0.13789890586907183
2002-11-01,0.013723554130878331,1.002434444905383,-0.12606781483747675
2002-11-04,-0.009623310731324572,0.9927877067542756,-0.13447793581340117
2002-11-05,0.004291400618947214,0.9970481565335241,-0.1307636338914384
2002-11-06,0.01180397522328647,1.0088172882696693,-0.12050318936271331
2002-11-07,-0.013441485715933104,0.9952572850994063,-0.13232493318010308
2002-11-08,-0.023439824257656696,0.9719286292455237,-0.1526630842591119
2002-11-11,-0.01410625327937252,0.958218357831913,-0.16461583340551522
2002-11-12,0.001672117626394258,0.9598206116379784,-0.16321897281574183
2002-11-13,-0.005380402882856532,0.9546563900520962,-0.16772119186672374
2002-11-14,0.02034100633412995,0.9740750617290637,-0.15079180335872255
2002-11-15,0.01067043239955929,0.9844688638273401,-0.14173038470331012
2002-11-18,-0.011371258215771833,0.9732742141713719,-0.1514899901176
2002-11-19,-0.006171004067658531,0.9672681350367732,-0.15672614884003322
2002-11-20,0.010805789849763246,0.9777202312323531,-0.14761390881859804
2002-11-21,0.010165372481892747,0.9876591215659122,-0.1389490867033546
2002-11-22,-0.006292387065358875,0.9814443880843872,-0.14436715233279784
2002-11-25,-0.003286728091181984,0.9782186472441372,-0.14717938484896376
2002-11-26,-0.00757409290967944,0.9708095283239292,-0.15363872742340756
2002-11-27,0.019757639469477725,0.989990432978087,-0.136916626538911
2002-11-29,-0.0015957627745286228,0.9884106430980011,-0.1382939028575948
2002-12-02,-0.0003288849462528447,0.9880855697167701,-0.13857730502103927
2002-12-03,-0.008296237650635137,0.9798881770112365,-0.1457238724162353
2002-12-04,0.00555404209695247,0.9853305171966629,-0.14097918684121358
2002-12-05,-0.006946460233242297,0.9784859579423562,-0.14694634075934865
2002-12-06,0.0092115569067475,0.9874993370263955,-0.13908838843274418
2002-12-09,-0.012284797407433191,0.9753681077310516,-0.1496645131665547
2002-12-10,0.007853909515835252,0.9830285605938027,-0.14298605519486118
2002-12-11,0.0008654528909340164,0.9838793255034393,-0.1422443499987589
2002-12-12,-0.005679998322409643,0.9782908925851262,-0.1471164006518032
2002-12-13,-0.013269131997783654,0.9653098215991845,-0.1584334257102994
2002-12-16,0.019784469067372256,0.9844079639050443,-0.14178347785313028
2002-12-17,-0.004875846631788869,0.9796081416499317,-0.14596800999198567
2002-12-18,-0.00787916160965905,0.9718896507877341,-0.15269706606107758
2002-12-19,-0.003980822436817174,0.9680207306597679,-0.1560700285912826
2002-12-20,0.01048507625133157,0.9781705018336052,-0.14722135849027818
2002-12-23,-0.000843534061119484,0.9773453816977262,-0.14794070632098688
2002-12-24,-0.0037655902569587204,0.9736650994507217,-0.15114921249561575
2002-12-26,0.0005392674134469595,0.9741901653104661,-0.15069145492703573
2002-12-27,-0.0144351799167886,0.9601275550010435,-0.1629513765800299
2002-12-30,0.007105657464622001,0.9669498925292259,-0.15700359578077427
2002-12-31,-0.0003098937002231093,0.9666502408490997,-0.1572648350557525
2003-01-02,0.026074108900067963,0.991854784497276,-0.13529126659107948
2003-01-03,-0.0041085690217529305,0.9877796806556131,-0.13884398210600268
2003-01-06,0.013985324736289733,1.0015941002574904,-0.12680043554714493
2003-01-07,-0.012759853194647657,0.9888139065775796,-0.13794233379919363
2003-01-08,-0.008810303477268367,0.9801021559780878,-0.14553732345332848
2003-01-09,0.014056336641002146,0.9938788018250879,-0.13352670842461667
2003-01-10,-9.115790861148504e-05,0.9937882019121003,-0.13360569431774438
2003-01-13,-0.0020972175951053155,0.9917040118092422,-0.13542271169992026
2003-01-14,-0.001189210003709373,0.9905246674776799,-0.13645087566014658
2003-01-15,-0.009115914340734528,0.9814951294565688,-0.144322915506645
2003-01-16,0.0038399810915757063,0.9852640521951557,-0.14103713168169596
2003-01-17,-0.004231124076290824,0.9810952777424089,-0.14467151015447732
2003-01-21,-0.014239378418243192,0.9671250908182834,-0.1568508561932922
2003-01-22,-0.005039946852175235,0.962250831761154,-0.16110028306653512
2003-01-23,0.010629167242957586,0.9724787567816182,-0.1521834776751796
2003-01-24,-0.020047394026181765,0.9529830919623258,-0.16917998956013236
2003-01-27,-0.014564419741926137,0.9391034462040279,-0.18128040092217013
2003-01-28,0.009621292381728368,0.9481388350366454,-0.1734032602807909
2003-01-29,0.006500075719959462,0.9543018092574177,-0.16803031888274456
2003-01-30,-0.011952634216555383,0.9428953887991668,-0.17797454816040326
2003-01-31,0.013983807173453176,0.9560806561008726,-0.16647950275020762
2003-02-03,0.003729606495489189,0.959646460726078,-0.16337079928954135
2003-02-04,-0.004857260691794733,0.9549852076943732,-0.1674345254197599
2003-02-05,-0.003114443419691006,0.9520109602983672,-0.17002750348352835
2003-02-06,-0.008650017852117985,0.9437760484963743,-0.1772067803951628
2003-02-07,-0.005425968349775631,0.9386551495279567,-0.18167123036314858
2003-02-10,0.007041576130629316,0.945264761223765,-0.17590890603186649
2003-02-11,-0.007838844923383586,0.9378549773489927,-0.18236882832022427
2003-02-12,-0.011531732545283821,0.9270398845839409,-0.19179753231272245
2003-02-13,0.001200713534190976,0.9281529939200956,-0.19082711267140384
2003-02-14,0.016519953292969954,0.9434860380283857,-0.1774596143667979
2003-02-18,0.01230380115764732,0.9550945026353034,-0.16733924101783249
2003-02-19,-0.004046197872290741,0.9512300012909038,-0.17070835120916605
2003-02-20,-0.004644497137757602,0.9468120162725591,-0.17455999389834143
2003-02-21,0.013203734270566826,0.9593134705396016,-0.16366110340148
2003-02-24,-0.012754353729480892,0.9470780471988836,-0.17432806552642133
2003-02-25,0.006896812088059591,0.9536098665231408,-0.16863356134797225
2003-02-26,-0.007054890792824989,0.9468822530558597,-0.17449876078148208
2003-02-27,0.005075700990856611,0.9516883442459199,-0.17030876332362732
2003-02-28,0.003367914012260144,0.9548935487558105,-0.1675144345817754
2003-03-03,-0.005013784543339728,0.9501059182405237,-0.17168833784222282
2003-03-04,-0.012468791538708215,0.9382592456062897,-0.18201638328674896
2003-03-05,0.006506804704012761,0.9443643152791841,-0.17669392364171388
2003-03-06,-0.005563944232918256,0.9391099248934126,-0.18127475273719418
2003-03-07,0.0018761871594644242,0.9408718708758231,-0.17973867094115048
2003-03-10,-0.01736064160134137,0.9245377315327645,-0.19397893389438103
2003-03-11,-0.007429254183160439,0.9176691057232851,-0.19996706927146157
2003-03-12,0.005772368577076284,0.9229662300333159,-0.19534898432149794
2003-03-13,0.022296111209773102,0.9435447877410037,-0.1774083957908732
2003-03-14,0.002120623890996562,0.9455456913601126,-0.17566398838245412
2003-03-17,0.02279391025114758,0.9670983749873343,-0.15687414731685478
2003-03-18,0.005371006822659487,0.9722926669575742,-0.15234571260973295
2003-03-19,0.0018355875610274054,0.9740773952827197,-0.15078976894374785
2003-03-20,0.0034571354165227573,0.9774449127443858,-0.14785393417788983
2003-03-21,0.007788778061911411,0.9850580142374963,-0.1412167575948704
2003-03-24,-0.023681374623921374,0.9617304863760421,-0.16155392527901213
2003-03-25,0.008384136072744373,0.9697937656391254,-0.154524279298893
2003-03-26,-0.006685743585519572,0.9633099731912268,-0.16017691317528293
2003-03-27,0.000589416385502357,0.9638777638737435,-0.1596819076869853
2003-03-28,0.0033904428721399154,0.9671457363678833,-0.1568328572005726
2003-03-31,-0.010365911957463657,0.9571203888146574,-0.16557305356825758
2003-04-01,0.008841548075141165,0.96558281474606,-0.1581954276061881
2003-04-02,0.009518290591801811,0.974773512567263,-0.15018288706463634
2003-04-03,-0.006857030967114394,0.9680894604056663,-0.15601010932441794
2003-04-04,0.001958543685302139,0.9699855059051515,-0.15435711825357634
2003-04-07,-0.00025205892711592233,0.9697410123992152,-0.1545702700910725
2003-04-08,0.0018614758218197351,0.9715461618472234,-0.15299652308979927
2003-04-09,-0.006966768872548586,0.9647776242886221,-0.15889740054767776
2003-04-10,0.009295318723108379,0.9737455398033082,-0.15107908380693336
2003-04-11,-0.00118185352890252,0.9725947152008386,-0.1520823839874953
2003-04-14,0.011578012205109726,0.9838554286840591,-0.1422651834803751
2003-04-15,0.006434716677135171,0.9901862596189024,-0.13674590295195665
2003-04-16,-0.011759876788609413,0.97854179120801,-0.14689766477050403
2003-04-17,0.009717262028602274,0.9880505381991161,-0.13860784584186647
2003-04-21,-0.0008844854007790567,0.9871766219228472,-0.13936973462656488
2003-04-22,0.013210534134545222,1.000217752383584,-0.12800034912862646
2003-04-23,0.0008105308549861067,1.0010284597335959,-0.12729356650605794
2003-04-24,-0.004744831970845574,0.9962787478941256,-0.13143441189286265
2003-04-25,-0.012883150505847495,0.9834435388392283,-0.14262427308864678
2003-04-28,0.008448937712308624,0.9917525920424534,-0.13538035897592737
2003-04-29,0.00023370768145515266,0.9919843722413167,-0.1351782907242831
2003-04-30,-0.0012789069274179873,0.990715716555767,-0.13628431719925727
2003-05-01,-0.0037697994600765943,0.9869809169824056,-0.13954035211393911
2003-05-02,0.01340405663428125,1.0002104650905925,-0.12800670226216082
2003-05-05,0.0005165068600066319,1.0007270806572621,-0.12755631174199955
2003-05-06,0.0033613119508386826,1.0040908365530032,-0.12462375634622413
2003-05-07,-0.0021796546028122923,1.001902265339469,-0.12653177420489659
2003-05-08,-0.005174088471639233,0.9967183343786667,-0.1310511760823262
2003-05-09,0.007815962706217408,1.0045086477087735,-0.12425950448097423
2003-05-12,0.008320577907384084,1.0128667401706752,-0.11697283746135712
2003-05-13,0.0014078459492917132,1.0142927005079967,-0.1157296712474627
2003-05-14,-0.0011459736699704604,1.0131303477795712,-0.11674302176134921
2003-05-15,0.009774023352231974,1.0230327074576235,-0.10811004743002295
2003-05-16,0.0010949834410374328,1.0241529113319292,-0.10713344270073122
2003-05-19,-0.015292247086305583,1.0084913119576822,-0.12078737871005063
2003-05-20,0.0018393519933883576,1.0103462824626464,-0.1191701972224688
2003-05-21,0.008570399672378222,1.0190053539108528,-0.11162113376932326
2003-05-22,0.011670780258044642,1.0308979414781174,-0.1012530592356542
2003-05-23,0.00857035990092785,1.0397331078577106,-0.09355047449344578
2003-05-27,0.013486563408232764,1.0537555343444727,-0.08132558549133906
2003-05-28,-0.002058702061117622,1.0515861656540035,-0.08321686240198412
2003-05-29,-0.00523226974867268,1.0460839831713293,-0.08801371907893141
2003-05-30,0.015978093725712544,1.0627984110994075,-0.07344191680581058
2003-06-02,0.0004910276519436582,1.063320274507699,-0.07298695116583043
2003-06-03,0.00238789599489629,1.0658593727324879,-0.07077334041930283
2003-06-04,0.01369551347808433,1.080456864137488,-0.0580471041788202
2003-06-05,0.0020921640659841804,1.0827173571634825,-0.05607638417833338
2003-06-06,-0.007774536173785701,1.0742997319042293,-0.06341495247482953
2003-06-09,-0.008538861829143537,1.0651264349304133,-0.0714123227868887
2003-06-10,0.006155522463871895,1.071682844627491,-0.06569638048012894
2003-06-11,0.01463533187905832,1.0873672787277078,-0.05202253693265013
2003-06-12,0.00529018611084676,1.0931196540030224,-0.047007559724135395
2003-06-13,-0.005180208470510287,1.0874570663120746,-0.05194425923558477
2003-06-16,0.016810582474437653,1.1057378530127238,-0.03600689001510049
2003-06-17,-0.002914538013555619,1.1025151380070908,-0.038816484578957144
2003-06-18,-0.0033624863035011687,1.098807945956139,-0.04204845098471166
2003-06-19,-0.012808172863892424,1.0847342238401143,-0.05431806001973294
2003-06-20,-0.00357576472102022,1.0808554694708237,-0.057699596138020226
2003-06-23,-0.008505192751744634,1.0716625853661967,-0.06571404270291337
2003-06-24,-0.0014244746302831228,1.0701360292011188,-0.06704490934651297
2003-06-25,-0.004644432760654488,1.0651658543687403,-0.07137795653376344
2003-06-26,0.009928678685056676,1.0757415438830615,-0.06215796664432638
2003-06-27,-0.007591528559292532,1.0675750212302557,-0.06927762122465109
2003-06-30,-0.002089998144349672,1.0653437914169304,-0.07122282926919632
2003-07-01,0.0070711184222598065,1.0728769635264588,-0.06465533590706729
2003-07-02,0.01428015819208629,1.088197816286262,-0.05129846613969624
2003-07-03,-0.006054058486550003,1.0816098030615289,-0.05704196071196632
2003-07-07,0.01437615628855391,1.0971591946335733,-0.04348584856561333
2003-07-08,0.0033659522969038693,1.1008521801448192,-0.04026626756057183
2003-07-09,-0.004700831682293804,1.0956772593388722,-0.044777814296589225
2003-07-10,-0.007938939498856254,1.0869787438667082,-0.05236126543685382
2003-07-11,0.004179732274483749,1.0915220240041257,-0.04840038923344936
2003-07-14,0.002467840751970494,1.0942157265366363,-0.0460519929344404
2003-07-15,-0.009966541812177486,1.0833101797465667,-0.05555955563350279
2003-07-16,-0.01145232342477249,1.0709037611987606,-0.06637559305782381
2003-07-17,-0.012892020498179835,1.0570976479578083,-0.07841189804972337
2003-07-18,0.009427761277036198,1.0670637122292708,-0.06972338542877943
2003-07-21,-0.013756923977016255,1.0523841978615,-0.08252113009303164
2003-07-22,0.010448940629182177,1.0633804978640442,-0.07293444785284464
2003-07-23,0.008488465691447455,1.0724069667371174,-0.06506508371972075
2003-07-24,-0.0006467639134354964,1.071713372610515,-0.06566976588498175
2003-07-25,0.01035561724220473,1.082811626090622,-0.05599419960266694
2003-07-28,-0.0029244241122344883,1.0796450256622747,-0.058754872927438195
2003-07-29,-0.0022780922575337107,1.0771854946884287,-0.060899116163863454
2003-07-30,-0.0011692155228925833,1.0759260326870042,-0.0619971274948069
2003-07-31,-0.0009689497196209823,1.0748835144592992,-0.06290600511512445
2003-08-01,-0.00516724506922519,1.069329327919218,-0.06774819943959387
2003-08-04,-0.0010200461007533442,1.0682385627078528,-0.06869913925367577
2003-08-05,-0.018927818532989957,1.0480191370429766,-0.08632663294549958
2003-08-06,0.0011024944472012052,1.0491745723221269,-0.08531931313176655
2003-08-07,0.008260545782128375,1.0578413269102387,-0.07776355144186287
2003-08-08,0.0009837507440824834,1.0588819791027078,-0.07685630064937388
2003-08-11,0.006088180204575458,1.0653286434068625,-0.07123603545300883
2003-08-12,0.011338623560061581,1.077408003862204,-0.06070513048286019
2003-08-13,-0.0007285398247294654,1.0766230692239083,-0.06138944420246728
2003-08-14,0.005608883533777665,1.0826617226289634,-0.05612488691142459
2003-08-15,-0.0011105122456302704,1.0814594135281088,-0.057173071782855134
2003-08-18,0.010720070954639139,1.0930527351756925,-0.04706590021442303
2003-08-19,0.00732986568555292,1.1010646649117566,-0.04008102125581137
2003-08-20,0.0023604483508382662,1.103663671184214,-0.03781518208549617
2003-08-21,0.007840131027507646,1.1123165389765983,-0.03027152704036784
2003-08-22,-0.011625978952198081,1.0993847703062747,-0.04154556985634361
2003-08-25,-0.0028756352216310712,1.0962233407386572,-0.04430173517399305
2003-08-26,0.008422401928554426,1.1054561743178208,-0.03625246026520634
2003-08-27,0.006172467093932661,1.1122795661775824,-0.03030376028933468
2003-08-28,0.006512245043850649,1.1195230032697987,-0.02398886075823836
2003-08-29,0.0050889577459906805,1.1252202085291034,-0.01902198131102062
2003-09-02,0.011753842329884405,1.1384458694465542,-0.007491720350267905
2003-09-03,0.002028874511464664,1.1407556332537567,-0.005478045599268788
2003-09-04,0.004554042442087307,1.1459506828236445,-0.0009489504093402878
2003-09-05,-0.006564493156846821,1.1384280974081649,-0.007507214187718714
2003-09-08,0.012824802581578148,1.1530282130107463,0.0
2003-09-09,-0.008175934220372074,1.1436011301869373,-0.008175934220372105
2003-09-10,-0.017958801612299815,1.1230634243663082,-0.02598790585201305
2003-09-11,0.008307928402079211,1.1323937548869376,-0.017895883111072153
2003-09-12,0.00439247032225799,1.1373677608483888,-0.013582019924270106
2003-09-15,0.0008544422240393548,1.1383395758875186,-0.012739182751541955
2003-09-16,0.021309150613769774,1.1625966253597204,0.0
2003-09-17,-0.00032815023573345894,1.1622151190030459,-0.00032815023573329327
2003-09-18,0.01532134520342354,1.1800218180419295,0.0
2003-09-19,-0.0017058290225272687,1.1780089025774982,-0.0017058290225272499
2003-09-22,-0.012111230148212035,1.1637417656417395,-0.013796399482853938
2003-09-23,0.010815084150263306,1.1763277307663307,-0.003130524553968561
2003-09-24,-0.025273224195040595,1.1465981362998299,-0.028324630300108566
2003-09-25,-0.013326344179926375,1.131318174899436,-0.04127351070788665
2003-09-26,-0.013032273658234885,1.116574526849612,-0.053767896679740135
2003-09-29,0.014304543140393556,1.1325466153383967,-0.04023247873697011
2003-09-30,-0.01019899256472281,1.1209957808293585,-0.05002114055019424
2003-10-01,0.024421167770589693,1.1483718068631155,-0.026821547445057048
2003-10-02,0.006245382565329445,1.1555438281242143,-0.020743675704516074
2003-10-03,0.0174579860406562,1.1757172961449733,-0.0036478324647410965
2003-10-06,0.008588181419682143,1.1858145695825246,0.0
2003-10-07,0.011223567009710262,1.1991236388653248,0.0
2003-10-08,-0.004160109342229227,1.1941351534127933,-0.004160109342229212
2003-10-09,0.01084706053618688,1.2070880097102505,0.0
2003-10-10,0.0013822116806958863,1.2087564608569,0.0
2003-10-13,0.010971605302629455,1.222018459652425,0.0
2003-10-14,0.0058891901283642,1.2292151587016888,0.0
2003-10-15,-0.003958982898412053,1.22434871690992,-0.003958982898412011
2003-10-16,0.0022501531782276696,1.227103689066534,-0.0017177380381355745
2003-10-17,-0.019148113887288567,1.2036069678767762,-0.020832960481841356
2003-10-20,0.01025703114171824,1.2159524020286774,-0.01078961366455955
2003-10-21,0.011295030322238995,1.2296866212799906,0.0
2003-10-22,-0.019710791277316342,1.2054485249514324,-0.019710791277316342
2003-10-23,-0.002109426212126123,1.202905720235531,-0.021778639029660263
2003-10-24,-0.005222692643509259,1.1966233133796218,-0.026887588535323692
2003-10-27,0.006040680430749271,1.2038517324117326,-0.021009327434469705
2003-10-28,0.02653420693468271,1.2357949833982218,0.0
2003-10-29,0.006142479793701919,1.2433858291129036,0.0
2003-10-30,0.0030827302601502586,1.2472188522333518,0.0
2003-10-31,-0.0015857636484107483,1.2452410579158675,-0.0015857636484108983
2003-11-03,0.015955462254382574,1.2651094546130515,0.0
2003-11-04,0.0018383122662395488,1.2674351208416021,0.0
2003-11-05,0.0032824348083868972,1.2715953939996247,0.0
2003-11-06,0.008473700889655123,1.2823705130210408,0.0
2003-11-07,0.0021387954120460433,1.2851132411908333,0.0
2003-11-10,-0.019119811176400506,1.2605421186789725,-0.019119811176400492
2003-11-11,-0.00431421895167004,1.2551038639811893,-0.02335154307634102
2003-11-12,0.02019738364355943,1.2804536782345313,-0.003625799506963512
2003-11-13,-0.0015259023789000125,1.278499830920842,-0.0051461692697704065
2003-11-14,-0.014339939344434834,1.260166220893567,-0.019412312859020564
2003-11-17,-0.012904435167596933,1.2439044875956502,-0.03206624309387518
2003-11-18,-0.010098656377468134,1.2313427236090313,-0.04184107350102173
2003-11-19,0.00981965731412851,1.2434340871911176,-0.03243228119032859
2003-11-20,-0.008371786506110857,1.2330243224787327,-0.04053255156240787
2003-11-21,0.006238700593179768,1.2407167920507858,-0.03454672142270365
2003-11-24,0.02904448452200871,1.2767527717137013,-0.006505628616342629
2003-11-25,0.005992701137838515,1.2844039695014884,-0.0005519137665157547
2003-11-26,0.005569630016176852,1.2915576244029208,0.0
2003-11-28,0.008001440104253871,1.3018919453757731,0.0
2003-12-01,0.012024269051463189,1.3175462444029042,0.0
2003-12-02,-0.005216721042239003,1.3106729731856046,-0.005216721042239025
2003-12-03,-0.004060341950979095,1.3053511927285646,-0.009255881321923787
2003-12-04,-0.004421678997465179,1.2995793487753606,-0.013636633783344676
2003-12-05,-0.015550337934900196,1.2793704507286863,-0.028974917454619442
2003-12-08,0.0029982466296596608,1.2832063188706697,-0.026063544773562763
2003-12-09,-0.01840310112963029,1.2595913432143122,-0.04398699585292842
2003-12-10,-0.009893080577566481,1.2471301045610879,-0.05344490953615677
2003-12-11,0.017669627767278654,1.2691664292860496,-0.036719633426437914
2003-12-12,0.0018210022991963345,1.2714775842718422,-0.03496549766413681
2003-12-15,-0.007156947635784388,1.262377685781135,-0.041872199064079796
2003-12-16,0.007092631604026943,1.2713312656515248,-0.03507655154246481
2003-12-17,0.003973477661472775,1.2763828720359232,-0.03124244977498747
2003-12-18,0.015295819783070496,1.2959061944207826,-0.01642450887325675
2003-12-19,-0.005613920665573763,1.2886310798552787,-0.021946223649045082
2003-12-22,0.0053148122867903895,1.2954799121516334,-0.016748051421353383
2003-12-23,0.008404667681615765,1.3063679903014767,-0.008484145546248656
2003-12-24,-0.0017440610045168147,1.3040896048320427,-0.010213409683361707
2003-12-26,0.005333607812377054,1.3110451073364147,-0.004934276192662845
2003-12-29,0.014440816436870613,1.3299776690719172,0.0
2003-12-30,-0.003581461888242885,1.325214404737922,-0.0035814618882429317
2003-12-31,0.0008796980314180198,1.326380193240977,-0.0027049144617974363
2004-01-02,-0.0020545157261703754,1.3236551242750825,-0.004753872898668021
2004-01-05,0.01482783324409877,1.34328206173053,0.0
2004-01-06,0.002521942471278873,1.3466697418129152,0.0
2004-01-07,0.0038456296965352337,1.3518485349634564,0.0
2004-01-08,0.011450096397023865,1.3673273310029634,0.0
2004-01-09,-0.00324972229330072,1.3628838968931638,-0.003249722293300672
2004-01-12,0.005882828467602209,1.3709015090798435,0.0
2004-01-13,-0.008628989359636376,1.359072014544884,-0.008628989359636408
2004-01-14,0.007192547269450266,1.3688472042520852,-0.001498506504042929
2004-01-15,0.0055575912299683184,1.3764546974696032,0.0
2004-01-16,0.015398112977121837,1.3976495024091304,0.0
2004-01-20,-0.00032755931676969814,1.3971916892930378,-0.00032755931676964334
2004-01-21,0.00378030880773176,1.402473505342162,0.0
2004-01-22,-0.0022922462359561855,1.3992586907285132,-0.0022922462359561413
2004-01-23,-0.003547883082709444,1.3942942844913433,-0.0058319966970236115
2004-01-26,0.008936777384298857,1.4067547821200426,0.0
2004-01-27,-0.011416206727057308,1.3906949787130836,-0.011416206727057454
2004-01-28,-0.015895451937786197,1.368589253518829,-0.027130192899501915
2004-01-29,-0.009174752907385281,1.356032785286091,-0.03605603299070448
2004-01-30,0.009842626661280001,1.3693797097321176,-0.02656829240103875
2004-02-02,-0.0021360242489624707,1.3664546814660927,-0.028647566133179092
2004-02-03,-0.005663703651515299,1.358715487097043,-0.03414901845977891
2004-02-04,-0.016742321279080687,1.3359674358852016,-0.05031960590044071
2004-02-05,0.005199848099584607,1.342914263617796,-0.04538141210796953
2004-02-06,0.02737111237180342,1.3796713208329763,-0.01925243946656452
2004-02-09,-4.126921443897404e-05,1.3796143828813816,-0.019292914147950646
2004-02-10,0.0039853658378923495,1.385112650912382,-0.015384437631016934
2004-02-11,0.01619953665424486,1.4075508340710954,0.0
2004-02-12,-0.003086616924020781,1.403206263845232,-0.0030866169240206798
2004-02-13,-0.006947131978108291,1.3934580047377911,-0.010012305766991858
2004-02-17,0.014970800388824689,1.4143191863769307,0.0
2004-02-18,0.004209006427152488,1.4202720649224363,0.0
2004-02-19,-0.009168666562646453,1.4072500639309211,-0.009168666562646477
2004-02-20,-0.01329361164532906,1.388542628093159,-0.022340393515386192
2004-02-23,-0.013751743783806983,1.369447745638728,-0.03578491793154004
2004-02-24,0.002045161711045903,1.3722484877333865,-0.03381294216448061
2004-02-25,0.012739934814326281,1.3897308440161675,-0.02150378202921044
2004-02-26,0.0061094138913189745,1.3982212849397944,-0.015525743642536671
2004-02-27,0.003150524255392967,1.4026264150124037,-0.012424133619072686
2004-03-01,0.015480416472254553,1.4243396560717811,0.0
2004-03-02,-0.0016480070696410106,1.4219923342490048,-0.0016480070696409665
2004-03-03,-0.002477511886718872,1.4184693313380798,-0.004121435999255407
2004-03-04,0.0052081783235924965,1.4258569725622354,0.0
2004-03-05,0.005170504640834274,1.4332293726560346,0.0
2004-03-08,-0.018020662464441693,1.4074016298972767,-0.018020662464441672
2004-03-09,-0.009701186753058073,1.393748163849085,-0.027547027405518287
2004-03-10,-0.02026384993658241,1.3655054602074599,-0.047252668512556384
2004-03-11,-0.013063781806824664,1.347666794819282,-0.059699151768142666
2004-03-12,0.021413241863061833,1.3765247098475648,-0.03956426228091159
2004-03-15,-0.023607446511787995,1.344028476387684,-0.06223769758712461
2004-03-16,0.010100452727674387,1.357603772478086,-0.05276587378180819
2004-03-17,0.022049411387455836,1.3875381365586175,-0.03187991885258601
2004-03-18,-0.004822112206469588,1.3808472719733762,-0.03654830251321517
2004-03-19,-0.011412615812776436,1.3650881925622236,-0.047543806590799154
2004-03-22,-0.018621403899529352,1.339668333970044,-0.06527987806488023
2004-03-23,0.006346198464095815,1.3481701350934823,-0.059347958662696154
2004-03-24,0.0014686934157665294,1.3501501836942273,-0.05796642920305661
2004-03-25,0.02518662882381549,1.38415591522734,-0.03423977931582056
2004-03-26,0.001604344571554174,1.3863765782561195,-0.03269036714834295
2004-03-29,0.017495172097023014,1.4106314750839923,-0.01576711865049496
2004-03-30,0.009152937847193877,1.4235428973007316,-0.00675849626033842
2004-03-31,0.0009698162987824842,1.42492347240455,-0.005795234461384302
2004-04-01,0.011639747631228225,1.4415092220171524,0.0
2004-04-02,0.017611607880289048,1.466896517191139,0.0
2004-04-05,0.0030704827820099336,1.4714005976901645,0.0
2004-04-06,-0.007467155161249959,1.460413421122856,-0.007467155161249961
2004-04-07,-0.0035325134678705185,1.4552544910440808,-0.010973290802946734
2004-04-08,-0.0013826783850187326,1.4532423421146128,-0.012340796655959552
2004-04-12,0.00726871586014758,1.4638055477753793,-0.005161782540192061
2004-04-13,-0.02255240681259573,1.4307932095674143,-0.02759777873306324
2004-04-14,-0.005144942462215348,1.4234318608288616,-0.03260073221161197
2004-04-15,-0.00948573641592543,1.4099295613910088,-0.041777226674811874
2004-04-16,0.005946325503783432,1.4183134615004465,-0.036079322159482174
2004-04-19,0.00421127816123795,1.4242863740066531,-0.032019984059726725
2004-04-20,-0.026376126211869317,1.386719216844008,-0.057551547130734626
2004-04-21,0.01296730431423193,1.4047012269272177,-0.04533053124190167
2004-04-22,0.015371929591838958,1.4262941952851125,-0.030655419384674087
2004-04-23,0.0031301027549168452,1.4307586426750964,-0.027621271242426193
2004-04-26,-0.003299501923830117,1.4260378517810535,-0.030829636728653242
2004-04-27,-0.0008207991976998608,1.424867361056422,-0.031625130985260874
2004-04-28,-0.015861417718512252,1.402266944649232,-0.046984929290813104
2004-04-29,-0.01928144624285457,1.3752292099378458,-0.06536043814532255
2004-04-30,-0.009150601205173792,1.3626450358719984,-0.07391295204643311
2004-05-03,0.009442119680064982,1.375511293382148,-0.06516872730549761
2004-05-04,0.007778956618950376,1.3862113360622441,-0.05789671538916885
2004-05-05,0.005669793000462642,1.3940708673926117,-0.05255518478036958
2004-05-06,-0.0121451128541401,1.3771397193814594,-0.06406200898428194
2004-05-07,-0.014288704062265765,1.357462177478826,-0.07743534995853707
2004-05-10,-0.020252834059114714,1.329969721256823,-0.096119898724632
2004-05-11,0.013961925170937254,1.348538658984623,-0.08349999238712602
2004-05-12,-0.0018547761402254977,1.346037421655767,-0.08519989473376277
2004-05-13,-0.0008089814898628774,1.3449485022969847,-0.08593995108584773
2004-05-14,-0.002039687833204726,1.3422052272005627,-0.08780434824643635
2004-05-17,-0.015232886281587681,1.321759567608064,-0.10169972087615708
2004-05-18,0.011459829503312471,1.3369067068972242,-0.09140535283462004
2004-05-19,-0.0011923632750263937,1.3353126284377836,-0.09248872772378547
2004-05-20,-0.003088272197131871,1.3311888195729,-0.09529136955453998
2004-05-21,0.007148680238131152,1.3407050627806019,-0.08882389684680791
2004-05-24,0.006979759353162506,1.350062861482377,-0.08246410691844619
2004-05-25,0.02739529383008015,1.3870482302617655,-0.05732794152783216
2004-05-26,0.00626110473091861,1.3957326844982698,-0.05142577304282725
2004-05-27,0.008098400877948374,1.4070358872957918,-0.043743838690438075
2004-05-28,0.0022282833555404436,1.410171161944101,-0.04161302900255903
2004-06-01,0.0012912900668852383,1.4119921019581276,-0.04037547342667769
2004-06-02,0.0035587130636546313,1.4170169766971434,-0.03696044508775764
2004-06-03,-0.016378413598419808,1.3938084865768152,-0.0527335052297484
2004-06-04,0.008016418008780642,1.404981838029401,-0.04513982104195757
2004-06-07,0.024597561136880483,1.439540964686536,-0.02165258941286441
2004-06-08,0.0006516034578381073,1.4404789745568254,-0.02101509485715891
2004-06-09,-0.013809685655630875,1.4205864127246501,-0.03453456865878912
2004-06-10,0.003784144238106758,1.425962116613095,-0.030881108209688035
2004-06-14,-0.00931511900719756,1.4126791097970886,-0.03990856601883819
2004-06-15,0.010668103790810719,1.427749717163514,-0.029666210952458805
2004-06-16,0.00285119837197609,1.4318205148326801,-0.026899596832853034
2004-06-17,-0.0068505891948943826,1.4220117006847393,-0.0335659079403372
2004-06-18,0.006397598240989009,1.4311091602397057,-0.02738305089294457
2004-06-21,-0.009106692854875755,1.4180764886756034,-0.03624037471390895
2004-06-22,0.01023114267414123,1.432585031554089,-0.02638001248402988
2004-06-23,0.015166141679625137,1.4543118191107485,-0.011613953811247857
2004-06-24,0.000990131704432632,1.4557517793509813,-0.010635321450697455
2004-06-25,0.006284845049749508,1.4649009537150992,-0.004417317748319882
2004-06-28,-0.004153397587948164,1.458816637627356,-0.008552368459387005
2004-06-29,0.0011300553808882138,1.460465181218436,-0.007431977728495687
2004-06-30,0.01209178264756176,1.478124808754061,0.0
2004-07-01,-0.012535238317145744,1.4595961620138433,-0.012535238317145758
2004-07-02,-0.006045229062104937,1.4507725688763005,-0.01850468899227553
2004-07-06,-0.010447661753363209,1.435615387795623,-0.02875902001419628
2004-07-07,0.00494561712605694,1.442715391843936,-0.023955633990050074
2004-07-08,-0.014066466134595708,1.4224214846427032,-0.037685129010392004
2004-07-09,0.005434769451134712,1.4301520174740772,-0.032455169547164986
2004-07-12,-0.004175523212134747,1.4241803845282328,-0.03649517544550174
2004-07-13,0.002934282439993234,1.4283593320219368,-0.033667980157962796
2004-07-14,-0.0028669656251907347,1.4242642749166095,-0.036438420841371055
2004-07-15,0.0018759914777086155,1.426936182558358,-0.03463078753062199
2004-07-16,-0.012265365806036795,1.40943428829741,-0.04647139405944456
2004-07-19,-0.0035245331373996293,1.4044666904433185,-0.04983213722854052
2004-07-20,0.010733808570856384,1.4195419670426812,-0.03963321727937197
2004-07-21,-0.020401082425526535,1.3905817743665494,-0.059225739172393266
2004-07-22,0.00269165939028405,1.394324746857481,-0.05669349529909895
2004-07-23,-0.0043326944479543045,1.3882835637681266,-0.0607805541547356
2004-07-26,-0.0034689106404715933,1.3834677321417794,-0.06403862248416614
2004-07-27,0.014594360493759829,1.4036585589561408,-0.05037886473246411
2004-07-28,0.0006001444840972811,1.4045009568978541,-0.04980895484615122
2004-07-29,0.012047219456652946,1.4214212881526818,-0.038361794799436244
2004-07-30,0.005078288761377846,1.4286396759054907,-0.03347831830945469
2004-08-02,0.0004189609437069208,1.429238220132325,-0.033073383473580575
2004-08-03,-0.011654119066110963,1.4125817077410665,-0.04434206139077124
2004-08-04,-0.00372101072959527,1.407325476050132,-0.04789807483415909
2004-08-05,-0.02143570247034375,1.3771584658665863,-0.06830704842345559
2004-08-06,-0.025301955273365342,1.3423136639588935,-0.0918807018127551
2004-08-09,0.0046678253055127145,1.3485793496474565,-0.08764175957225206
2004-08-10,0.020684390950322044,1.3764738921430955,-0.0687701850404967
2004-08-11,-0.007704481599930356,1.3658688743682945,-0.07594482801515867
2004-08-12,-0.014497246090850503,1.3460675371687445,-0.08934108324494605
2004-08-13,-0.0006006110440680899,1.3452590741398596,-0.08988803504772813
2004-08-16,0.019953315442892028,1.3721014527985849,-0.07172828392268527
2004-08-17,0.004633481686260446,1.3784590597518185,-0.06742715392636744
2004-08-18,0.014514615183959969,1.3984668625509593,-0.05389121793459839
2004-08-19,-0.0063555068107743,1.3895788968813745,-0.05990421874274854
2004-08-20,0.014250588035588612,1.4093812132837784,-0.04650730105005674
2004-08-23,-0.006219820099509421,1.400615115685525,-0.05243785410372104
2004-08-24,-0.0006072772112037201,1.399764554044102,-0.053013287001123066
2004-08-25,0.011706607674011967,1.4161510485142845,-0.04192728507954302
2004-08-26,-0.003269448561926949,1.4115210155052482,-0.04505965453956107
2004-08-27,0.003888806626498566,1.417010147783787,-0.04134607619622366
2004-08-30,-0.009347277974734126,1.403764960039433,-0.05030688090358704
2004-08-31,0.0047414616280381005,1.4104208577322446,-0.045803947420979596
2004-09-01,0.009649736125981566,1.4240310468359412,-0.03659620730113888
2004-09-02,0.012436511767701146,1.4417410257074883,-0.024614824696191473
2004-09-03,-0.004855300960419359,1.434740939120695,-0.02935061327462274
2004-09-07,0.004855918495440953,1.4417079241831372,-0.02463721896503468
2004-09-08,-0.00435165354356601,1.4354341107860784,-0.028881659867387888
2004-09-09,0.0034127387237885805,1.440332872361405,-0.02556748670263609
2004-09-10,0.007937358503356947,1.4517653107335073,-0.017833066507267792
2004-09-13,0.0063695511721768554,1.4610124041702157,-0.011577103964765856
2004-09-14,0.0029218853119430048,1.4652813148545272,-0.008689045622852332
2004-09-15,-0.006374691063774887,1.4559405991508076,-0.015008346705142506
2004-09-16,0.007743217054483938,1.467214263228468,-0.007381342536825319
2004-09-17,-3.475860841902788e-05,1.4671632649024255,-0.007415844580049513
2004-09-20,-0.004834261115436627,1.4600706145809108,-0.01221425556639455
2004-09-21,0.012521706487472039,1.4783531902676759,0.0
2004-09-22,-0.01130924336022633,1.4616341342665717,-0.011309243360226318
2004-09-23,-0.002398980519417963,1.45812770245195,-0.013681093225133778
2004-09-24,0.004139078120368631,1.4641630069218723,-0.009598642218395903
2004-09-27,-0.010513260535248127,1.4487698797640303,-0.020010989727217487
2004-09-28,0.009830718326263185,1.4630123283715646,-0.010376993804392276
2004-09-29,-0.0013154909461766545,1.461087748899447,-0.011678833909170794
2004-09-30,0.011713109494501604,1.4782016296833809,-0.00010251987501552762
2004-10-01,0.011410840516167494,1.4950691527304367,0.0
2004-10-04,0.004042805500787087,1.5011134265251524,0.0
2004-10-05,-0.0013632043824599945,1.4990671021235438,-0.0013632043824600704
2004-10-06,0.009808683228432924,1.5137709764664387,0.0
2004-10-07,-0.011686689925659282,1.496080004446013,-0.011686689925659244
2004-10-08,-0.005503436453013747,1.4878464232129198,-0.017125809423321092
2004-10-11,-0.0005523190761103099,1.4870246572510568,-0.01766866958819302
2004-10-12,-0.002996904569200964,1.4825681862612266,-0.020612622840773476
2004-10-13,-0.013932002150815928,1.461913043101504,-0.03425744988583779
2004-10-14,0.004215232110809408,1.4680753459039964,-0.030186620877821646
2004-10-15,0.006217489641730027,1.4772030891604335,-0.02415681623871846
2004-10-18,-0.001902661041112592,1.4743924723928767,-0.026013515046696356
2004-10-19,-0.009983031084492772,1.4596735665102365,-0.035736852401860975
2004-10-20,0.0020394040592108505,1.4626504307069004,-0.03377033022450182
2004-10-21,0.009363217014885392,1.4763455441065247,-0.02472331214017276
2004-10-22,-0.005198215405144059,1.4686711819558345,-0.02979301044328353
2004-10-25,0.004119318950831703,1.4747211069882056,-0.025796418404973154
2004-10-26,0.023580189024914884,1.5094953094500194,-0.0028245138022132688
2004-10-27,0.010843131957869593,1.5258629662801713,0.0
2004-10-28,-0.008028954305026408,1.5136118822481757,-0.008028954305026481
2004-10-29,0.008970551926378995,1.5271898162342672,0.0
2004-11-01,0.002630029671452665,1.5312063707649037,0.0
2004-11-02,-5.110130033456351e-05,1.531128124128277,-5.110130033458837e-05
2004-11-03,0.01739234270776105,1.5577580291926074,0.0
2004-11-04,0.01841068521601716,1.5864374219107957,0.0
2004-11-05,0.006319742604321414,1.596463298075135,0.0
2004-11-08,-0.0031188942363856364,1.5914840978961673,-0.003118894236385561
2004-11-09,0.005907422877851199,1.6008856674658156,0.0
2004-11-10,0.0039976117032893155,1.607285386745705,0.0
2004-11-11,0.009820490389700492,1.6230697174397475,0.0
2004-11-12,0.012518185597263467,1.643387605399956,0.0
2004-11-15,-0.004127977950789719,1.636603737600264,-0.004127977950789674
2004-11-16,-0.007771466076080519,1.623884927173517,-0.011867363586262836
2004-11-17,0.010435204037397713,1.640830497721827,-0.001555997909273965
2004-11-18,0.004099997377584467,1.6475578984595471,0.0
2004-11-19,-0.006917734929904099,1.6361605296363342,-0.006917734929904107
2004-11-22,0.014870461220701113,1.6604909913431332,0.0
2004-11-23,0.0033130589105956764,1.6659922958179663,0.0
2004-11-24,0.010807993378416734,1.6839983295196599,0.0
2004-11-26,0.007777696396312344,1.6970959572585609,0.0
2004-11-29,-0.0015203083103301662,1.694515848171313,-0.0015203083103301207
2004-11-30,-0.0007556471489456324,1.693235392101799,-0.002274806642635574
2004-12-01,0.003357124244530697,1.6989197936883216,0.0
2004-12-02,-0.010138478886466556,1.6816953312302123,-0.010138478886466573
2004-12-03,0.005548505057869055,1.6910262262813378,-0.004646227229978317
2004-12-06,-0.000735694789407197,1.6897821470979117,-0.005378503814222002
2004-12-07,-0.01720574136658884,1.6607081925090659,-0.022491704035244142
2004-12-08,0.006059988090590611,1.6707720643776172,-0.016568015403244152
2004-12-09,0.004515917865520518,1.6783171337923526,-0.012126917334479348
2004-12-10,-0.0005714074965883514,1.677358130800451,-0.012691395419592189
2004-12-13,0.014863388426329276,1.7022893562285997,0.0
2004-12-14,0.004244957415705502,1.7095155020549988,0.0
2004-12-15,0.007370694790822296,1.7221158190608257,0.0
2004-12-16,-0.00448402178094384,1.7143938142188488,-0.00448402178094387
2004-12-17,-0.004331828598418163,1.7069673540654644,-0.008796426365575538
2004-12-20,0.001157753640821744,1.7089436017343977,-0.007648856819404637
2004-12-21,0.010007399723725297,1.7260456834622566,0.0
2004-12-22,0.00025868227972266873,1.72649218089456,0.0
2004-12-23,0.0006280823175947971,1.7275765601048454,0.0
2004-12-27,-0.007492001758303209,1.7146335534789365,-0.007492001758303224
2004-12-28,0.012607192211954775,1.7362502682607126,0.0
2004-12-29,0.00035311821778207485,1.7368633698610645,0.0
2004-12-30,-0.0038099609053345775,1.7302459883239862,-0.003809960905334586
2004-12-31,-0.0007986780230750881,1.728864078878598,-0.0046055959963657855
2005-01-03,-0.023594551654218865,1.6880723060663734,-0.028091480677949976
2005-01-04,-0.014980855847411382,1.6627835381891858,-0.042651502102784566
2005-01-05,-0.0059842066890197386,1.652833097817562,-0.04838047338762419
2005-01-06,0.004547903046087551,1.660350022497801,-0.04405260004382727
2005-01-07,-0.004025981658381112,1.653665483760732,-0.04790122674242803
2005-01-10,0.002723870118314225,1.6581698537576357,-0.04530783334426802
2005-01-11,-0.005880828068633183,1.6484184419390964,-0.0509222138348413
2005-01-12,0.010313776035861347,1.6654198605626398,-0.041133638107722637
2005-01-13,0.0012670363474109802,1.6675300080596729,-0.039918719574895345
2005-01-14,0.011718733850337048,1.6870713484115747,-0.028667782574902656
2005-01-18,0.014411793037651265,1.7113850715246335,-0.014669143686569353
2005-01-19,-0.006624307555317931,1.7000483304652745,-0.021196278322534345
2005-01-20,-0.013991604533846928,1.6762619265369776,-0.034891312912503025
2005-01-21,-0.0033846030249940436,1.6705884453497384,-0.03815782269426726
2005-01-24,-0.009671693462957584,1.6544310260035568,-0.047460465392912043
2005-01-25,0.00497654731050549,1.6626643802764316,-0.04272010733381304
2005-01-26,0.011571041128462157,1.6819031382034393,-0.03164338232432273
2005-01-27,0.0068363679186454855,1.6934012468597224,-0.02502334020943675
2005-01-28,-0.007733062026079594,1.6803060699827157,-0.032562895193577024
2005-01-31,0.0179386395338221,1.7104484748786288,-0.01520838969881011
2005-02-01,0.005264623588781205,1.7194533422668696,-0.010023832557184642
2005-02-02,0.007195112570197288,1.7318250026236817,-0.0029008425906211777
2005-02-03,0.0021185194794352447,1.735493907626713,-0.0007884686027208598
2005-02-04,0.011529707508839917,1.7555036447650225,0.0
2005-02-07,-0.0032483932347118303,1.7498010786018559,-0.0032483932347118216
2005-02-08,0.00261919227005993,1.7543841440610726,-0.000637709131102282
2005-02-09,-0.011907873819950267,1.7334931590418718,-0.012537989191185539
2005-02-10,0.006509073732133741,1.744776593828225,-0.006110526155149842
2005-02-11,0.012077125835404589,1.765848480306557,0.0
2005-02-14,0.0056470223021088456,1.775820266056993,0.0
2005-02-15,0.004265945011071163,1.7833958176615379,0.0
2005-02-16,0.002271531988119141,1.787446858308834,0.0
2005-02-17,-0.007643119161599998,1.773785188975752,-0.007643119161599987
2005-02-18,0.0019624499711404005,1.7772661536686667,-0.005695668429437806
2005-02-22,-0.018495475049081018,1.7443947718679118,-0.024085799385194284
2005-02-23,0.007652958789421584,1.7577445531694995,-0.016617168225877776
2005-02-24,0.01404432442268932,1.782430887926427,-0.0028062207047391263
2005-02-25,0.015988099717192738,1.8109285707015994,0.0
2005-02-28,-0.015444521282968929,1.782959645849462,-0.015444521282968915
2005-03-01,-0.0009037499494642755,1.7813482961596288,-0.016334313247104215
2005-03-02,0.005957646455263,1.791960939521833,-0.01047398085525697
2005-03-03,0.002948584398124149,1.7972446875901549,-0.007556279873668914
2005-03-04,0.01719956716782346,1.8281565183113757,0.0
2005-03-07,0.0007427549119502909,1.8295143905451654,0.0
2005-03-08,-0.008365281187470274,1.8142099882317317,-0.008365281187470264
2005-03-09,-0.013805086649464244,1.7891646621438693,-0.02205488440529435
2005-03-10,-0.010158408139023046,1.7709895972778946,-0.03198925002706943
2005-03-11,0.0005704463962586332,1.7719998519114732,-0.03143705178320777
2005-03-14,0.007138132066202867,1.7846486208757095,-0.024523321544405396
2005-03-15,-0.00491152000566446,1.775883283471197,-0.02931439476569908
2005-03-16,-0.008188480611713043,1.761341497635828,-0.03726283502422911
2005-03-17,0.007462475823840489,1.7744854659794622,-0.030078432205884686
2005-03-18,-0.0002188860644354003,1.774097055839416,-0.030290734520670215
2005-03-21,-0.0033992525538648365,1.7680664518915497,-0.03358702121785728
2005-03-22,-0.00529996034097657,1.7586957698163133,-0.0387089716784077
2005-03-23,-0.009717045035791759,1.7416064438167518,-0.04804987989311116
2005-03-24,0.007889379819610633,1.7553466385483036,-0.04053958382626388
2005-03-28,-0.001896603200818274,1.7520174424950872,-0.042359299522637506
2005-03-29,-0.0155641808880679,1.7247487261010435,-0.057264192610643194
2005-03-30,0.018332279752250318,1.756367302250265,-0.03998169605711799
2005-03-31,0.0056799082428489,1.7663433073677866,-0.03452888017926703
2005-04-01,0.005653190618309626,1.7763287827817122,-0.029070887902447606
2005-04-04,0.00143988085449347,1.7788864845873253,-0.027672865662867974
2005-04-05,0.0006086890920384341,1.7799692733864683,-0.027081020742303896
2005-04-06,0.004727160227036615,1.7883834733409683,-0.022481876839427706
2005-04-07,0.002159409775002572,1.792245326094754,-0.02037101464903257
2005-04-08,-0.01516607537988936,1.7650639983799465,-0.03522814168518984
2005-04-11,-0.0004743008093041255,1.7642268270970414,-0.035685733758382465
2005-04-12,0.0023293590270158644,1.7683363447824436,-0.0334394996174322
2005-04-13,-0.020248909655789554,1.7325294618958949,-0.053011295866533525
2005-04-14,-0.020969187029566978,1.6961997275751648,-0.07286887911839546
2005-04-15,-0.029649205390746034,1.6459087534685612,-0.10035758014556673
2005-04-18,0.004406594172864438,1.6531616053906624,-0.09639322110057458
2005-04-19,0.02035736800510933,1.6868156245635173,-0.07799816537060755
2005-04-20,-0.019207149049084556,1.6544167054442012,-0.09570719203186373
2005-04-21,0.023920717079951276,1.6939915393874772,-0.07407585961502317
2005-04-22,-0.007130639987415312,1.6819122955783774,-0.08067829131576554
2005-04-25,0.01669054579525866,1.7099843297713369,-0.06533431023639591
2005-04-26,-0.013082023695626636,1.6876142742501181,-0.0775616289373725
2005-04-27,-0.007142498145884748,1.675560492425318,-0.08415014329238024
2005-04-28,-0.012483669910348404,1.6546433483230594,-0.09558331059095815
2005-04-29,0.010983832819330816,1.6728176742366576,-0.0856493488754766
2005-05-02,0.012679679666398647,1.6940284664862684,-0.07405567551645464
2005-05-03,-0.004474816216066929,1.6864480004339566,-0.07819910619482873
2005-05-04,0.013454509920251987,1.7091383317857842,-0.06579672692463001
2005-05-05,-0.0009903759477330942,1.707445642290635,-0.06672193937657733
2005-05-06,0.006666343660829535,1.7188280617243303,-0.06050038709334904
2005-05-09,0.008845462687324607,1.7340318912102395,-0.05219007832262734
2005-05-10,-0.011089812484356809,1.7148018026948233,-0.06270111262484224
2005-05-11,0.005250074951034649,1.7238046406851406,-0.05778022321460119
2005-05-12,-0.022989204720257058,1.684175742902701,-0.07944110655459558
2005-05-13,-0.010443518316779365,1.666587022683021,-0.08905498021996683
2005-05-16,0.009458510059956843,1.682350452802862,-0.08043879758630967
2005-05-17,0.010315377800666466,1.6997045333166458,-0.07095317637257736
2005-05-18,0.013941058340278263,1.723400213376849,-0.05800128040353714
2005-05-19,0.006072498343840043,1.7338655583183533,-0.05228099473888825
2005-05-20,-0.0014349202920502049,1.7313775994450353,-0.05364089597069899
2005-05-23,0.007195435618187868,1.7438356154926147,-0.04683142996597034
2005-05-24,0.002236869256447789,1.747736347769209,-0.04469931649544878
2005-05-25,0.0013480194797149288,1.7500923304114075,-0.043411552565099765
2005-05-26,0.009154769811897136,1.7661140228458907,-0.034654205524113135
2005-05-27,0.00487949626176926,1.7747317696182257,-0.02994380432865329
2005-05-31,-0.0019925718590341097,1.7711954890367505,-0.03187671100582967
2005-06-01,0.01114119639674521,1.790928725837138,-0.02109065930688281
2005-06-02,0.0004103422983965767,1.7916636196467624,-0.020688971398100997
2005-06-03,0.0006859774340301533,1.7928926604592128,-0.02001718613158321
2005-06-06,0.006184419220237637,1.8039806602883797,-0.013956561581992877
2005-06-07,-0.0017218118405318468,1.8008745450274046,-0.015654342849539704
2005-06-08,-0.002478641813709611,1.7964108220788544,-0.0180941831544964
2005-06-09,0.0071702506928739765,1.8092915380205514,-0.011053672290923022
2005-06-10,-0.0026974521279691534,1.8044110607112014,-0.013721307667049043
2005-06-13,0.00409399368377606,1.8117983081966886,-0.009683488930195105
2005-06-14,0.005671031532076973,1.8220730735322357,-0.004067372769181787
2005-06-15,0.006793048762042557,1.8344505047687447,0.0
2005-06-16,0.0059953244550408225,1.8454486307415467,0.0
2005-06-17,0.010977584899914919,1.8657071997639438,0.0
2005-06-20,-0.0026385814735740585,1.8607843793115328,-0.0026385814735740976
2005-06-21,-0.007922603586056886,1.8460421223151207,-0.01054028062458634
2005-06-22,0.0033382042092554597,1.852204587898296,-0.007237262024478608
2005-06-23,-0.005346596587998477,1.8423015971683638,-0.01254516389203053
2005-06-24,-0.011593152354251575,1.82094351406991,-0.02399287824997276
2005-06-27,0.004703408743309773,1.8295081557150596,-0.019402317820001014
2005-06-28,0.007985535933101433,1.8441177588324242,-0.011571719793036728
2005-06-29,-0.000155443976428703,1.8438311018349884,-0.011725365015326727
2005-06-30,-0.000541315958189872,1.8428330066353584,-0.012260333846318194
2005-07-01,0.0061345838760705415,1.8541380202841542,-0.0062009620165766055
2005-07-05,0.0111616663765738,1.8748332902826872,0.0
2005-07-06,-0.009232105176501108,1.8575246321583918,-0.009232105176501082
2005-07-07,0.00898394578981916,1.8742125327569565,-0.00033110011911352544
2005-07-08,0.007361781560903389,1.8880100760218206,0.0
2005-07-11,0.008092474821799278,1.9032887500253304,0.0
2005-07-12,0.004464060158568455,1.9117851455045698,0.0
2005-07-13,-0.002105020884864549,1.9077607978459088,-0.002105020884864639
2005-07-14,-0.008790602495265332,1.8909904310159953,-0.010877118978286804
2005-07-15,0.004150842633875687,1.8988396347173073,-0.006771425553599997
2005-07-18,-0.0020934111196502353,1.8948645827115576,-0.008850661295700446
2005-07-19,0.01009400008878134,1.9139913459776765,0.0
2005-07-20,0.008515588076360636,1.9302901078617414,0.0
2005-07-21,-0.01301026421727387,1.90517652354247,-0.013010264217273915
2005-07-22,0.016986692655577965,1.9375391716025083,0.0
2005-07-25,-0.0039148162175477435,1.9299540618313848,-0.003914816217547745
2005-07-26,0.0046969208201436685,1.9390189032463216,0.0
2005-07-27,0.0008426449954534265,1.940652807821232,0.0
2005-07-28,0.010898952116265646,1.9618038898479722,0.0
2005-07-29,-0.0060960752499088795,1.949844585709895,-0.00609607524990885
2005-08-01,0.0017577334697487994,1.9532718927990056,-0.004349057055661021
2005-08-02,0.012050284313327036,1.976809374448464,0.0
2005-08-03,0.0019202732483552859,1.9806053886073152,0.0
2005-08-04,-0.0043478900272921304,1.9719939341901884,-0.004347890027292078
2005-08-05,-0.01672570977160921,1.9390109359755494,-0.021000878252185995
2005-08-08,-0.00886167764075487,1.9218280461190358,-0.029676452879697224
2005-08-09,0.0038380988727886515,1.929204212176539,-0.025952255167254523
2005-08-10,0.003516259681661366,1.9359877951655065,-0.02252725035408598
2005-08-11,0.007486944715745535,1.9504824287582687,-0.015208965916339245
2005-08-12,-0.0008923466831385549,1.9487419222324462,-0.01608774092918841
2005-08-15,0.0013054339079018296,1.951285876015478,-0.014803308503797075
2005-08-16,-0.016393115636245643,1.9192982210105833,-0.030953751791941042
2005-08-17,-0.0064718148921661025,1.9068768782013392,-0.03722523973229164
2005-08-18,0.00040603826264606294,1.9076511431760441,-0.03683431634131307
2005-08-19,0.006233214118693886,1.9195419412152315,-0.030830698403290335
2005-08-22,0.001977671204547749,1.9233381640382947,-0.02891400018319068
2005-08-23,0.0004742007842084211,1.9242502125039798,-0.028453510440543672
2005-08-24,0.0007892088510706357,1.9257688478033623,-0.027686757351756852
2005-08-25,0.0050523394259595275,1.935498485678404,-0.022774300821542526
2005-08-26,-0.00795771431545238,1.9200963416713848,-0.030550783757322786
2005-08-29,0.003617114163648198,1.9270415493444135,-0.027044175266313752
2005-08-30,0.0028114343399047387,1.9324593001306638,-0.024308773849447074
2005-08-31,0.020836904938361524,1.972725770864739,-0.003978388520954557
2005-09-01,0.002815707933050949,1.9782803904674968,-0.001173882568022866
2005-09-02,-0.0059304789904613,1.9665482401745877,-0.0070973998725772924
2005-09-06,0.015289715435936328,1.9966162031578987,0.0
2005-09-07,0.006844576857659054,2.0102821962156603,0.0
2005-09-08,-0.0008629015645500993,2.0085475205633587,-0.0008629015645500449
2005-09-09,0.016598700132169533,2.0418867985584024,0.0
2005-09-12,-0.005624366636672273,2.030402478572729,-0.005624366636672207
2005-09-13,-0.00837694953002911,2.0133938994840794,-0.013954201131247457
2005-09-14,3.5493554586823344e-05,2.0134653619903555,-0.013919202860860236
2005-09-15,-0.00039148004926695145,2.0126771304712463,-0.01430523381990545
2005-09-16,0.0029849903211998253,2.0186849522254033,-0.01136294448320041
2005-09-19,-0.003780401409198407,2.011053512787283,-0.015100389401061953
2005-09-20,-0.010841436671090986,1.9892508034862246,-0.025778116156752406
2005-09-21,-0.00600126514628462,1.977312781972044,-0.031624679993008664
2005-09-22,0.003283741557403443,1.9838057661261905,-0.028444785711537857
2005-09-23,0.005422156837063699,1.9945622721243979,-0.023176860963798895
2005-09-26,0.008492373022356356,2.011500838955597,-0.014881314490234443
2005-09-27,0.0024764897100277147,2.0164823000849825,-0.012441678202413486
2005-09-28,0.001510362642158015,2.0195279196196037,-0.010950107006218124
2005-09-29,0.011296289244722518,2.0423410911374194,0.0
2005-09-30,0.0028662861336908978,2.048195025087214,0.0
2005-10-03,0.00632833842588812,2.061156696368186,0.0
2005-10-04,-0.021066246981054196,2.0177358603358404,-0.021066246981054082
2005-10-05,-0.028176451887363438,1.9608832229456798,-0.048649126773908535
2005-10-06,-0.015807951195152128,1.929885676657962,-0.06368803494733188
2005-10-07,0.008023756953536595,1.945370610275577,-0.056175295307061
2005-10-10,-0.018367403047718174,1.9096392041994599,-0.07351090406454985
2005-10-11,0.0026221802395736686,1.9146466223854268,-0.07108148266500747
2005-10-12,-0.018824109750457597,1.8786051042323006,-0.0885675467845537
2005-10-13,-0.009521775945688614,1.8607174473393737,-0.09724600239370051
2005-10-14,0.014649342912967161,1.8879757352895894,-0.08402124951671375
2005-10-17,0.010982007123704424,1.9087094982639206,-0.07396196435374458
2005-10-18,-0.01930770143126696,1.8718567051524175,-0.09184163025999936
2005-10-19,0.020938827299920165,1.9110511894318016,-0.07282585899503635
2005-10-20,-0.020133683712143816,1.8725746892260655,-0.09149328989610894
2005-10-21,0.00817965063155987,1.8878916959654366,-0.08406202241103122
2005-10-24,0.023491449077140663,1.9322410076043655,-0.06254531205268077
2005-10-25,-0.0010090031679534932,1.930291370306443,-0.06349120680263243
2005-10-26,-0.007986589907227847,1.9148749247303445,-0.07097071847841274
2005-10-27,-0.013270340288149848,1.8894638828699275,-0.08329925318185949
2005-10-28,0.018476825816788306,1.9243751779208276,-0.06636153315678106
2005-10-31,0.020396780836842505,1.9636262366727386,-0.04731831396773423
2005-11-01,-0.0007638932642712769,1.962126235816998,-0.048046061090688874
2005-11-02,0.014808033134166527,1.9911814661303933,-0.033949495621119485
2005-11-03,0.004534713846279091,2.000210904295309,-0.029568733022707794
2005-11-04,-0.005931043807652259,1.9883475657973897,-0.03532440337946563
2005-11-07,3.1693052845610764e-05,1.988410582601868,-0.035293829864803006
2005-11-08,-0.007784539733891811,1.972931721414313,-0.04280362337775101
2005-11-09,-0.002586422022429141,1.9678288873612981,-0.04527933716603605
2005-11-10,-0.0028835089365244647,1.9621546351790409,-0.04803228272920235
2005-11-11,0.002669371103795459,1.9673923540633662,-0.04549112761297347
2005-11-14,0.0031590853775006564,1.9736075144808947,-0.04247575259152081
2005-11-15,-0.0008424483236754682,1.971944852138727,-0.043282417288628694
2005-11-16,0.01190716416452281,1.9954251232165283,-0.031890623972199106
2005-11-17,0.014715626223747023,2.0247890534872575,-0.017644288250868834
2005-11-18,-0.00226954928199491,2.0201936949447243,-0.019873792951132674
2005-11-21,0.011141992262216833,2.042702677461978,-0.008953234336198101
2005-11-22,0.010161417090048157,2.063459431358627,0.0
2005-11-23,-0.0024274219905987856,2.0584505445582386,-0.002427421990598755
2005-11-25,0.003951035432679345,2.066583555596206,0.0
2005-11-28,-0.016508608586775157,2.032467136565002,-0.016508608586775275
2005-11-29,0.0049617674637276385,2.0425517658743058,-0.011628753000004877
2005-11-30,-0.0011903708651388254,2.040120371761671,-0.012805281336374597
2005-12-01,0.02240650550811909,2.085832340108775,0.0
2005-12-02,0.0009777566360611423,2.0878717765210273,0.0
2005-12-05,0.0014725731155031158,2.09094632036775,0.0
2005-12-06,0.0036942203298734495,2.0986707367731268,0.0
2005-12-07,-0.008648814010147993,2.0805197239022357,-0.008648814010148054
2005-12-08,0.008004874906383366,2.0971740240323364,-0.0007131717780044511
2005-12-09,0.0003571560266387408,2.0979230423739295,-0.0003562704649643367
2005-12-12,0.0022859742729714532,2.1027188404754704,0.0
2005-12-13,0.003664282450378494,2.110423796220705,0.0
2005-12-14,0.004923107517777419,2.1208136394775754,0.0
2005-12-15,0.002459626925003392,2.126030049808149,0.0
2005-12-16,0.0010376512630508507,2.128236127574616,0.0
2005-12-19,-0.014694756373142381,2.0969622161753874,-0.014694756373142215
2005-12-20,0.0058878494813441925,2.109308814072294,-0.008893427405488152
2005-12-21,0.003830943574736302,2.117389457120699,-0.005096554049328295
2005-12-22,0.006560679800125671,2.1312809713610297,0.0
2005-12-23,2.0706302566114195e-06,2.1312853844558943,0.0
2005-12-27,-0.01252883682039002,2.1045828576563643,-0.012528836820389966
2005-12-28,0.0047365795145630895,2.11455138170664,-0.007851601137651598
2005-12-29,0.00033795950983418483,2.115266014455121,-0.007516295151089203
2005-12-30,-0.010976870962072397,2.0920470123639903,-0.018410660711175253
2006-01-03,0.028786940849272087,2.1522706459628087,0.0
2006-01-04,0.009490449076470628,2.1726966609271012,0.0
2006-01-05,-0.0025551854640891033,2.1671450180012255,-0.0025551854640890603
2006-01-06,0.012982621652157333,2.195280241835293,0.0
2006-01-09,0.007683985769931037,2.2121487439745664,0.0
2006-01-10,0.0035091352192978997,2.2199114730423735,0.0
2006-01-11,0.0044608379362297305,2.2298141383563923,0.0
2006-01-12,-0.007697395097941184,2.2126503779384876,-0.0076973950979413175
2006-01-13,0.003033243175928366,2.2193618845980847,-0.0046874999931662
2006-01-17,-0.00048688078841432956,2.218281319933935,-0.005172098527888136
2006-01-18,-0.00483031863482238,2.20756631433698,-0.009977434278810038
2006-01-19,0.007282400364255198,2.223642696068625,-0.0027676935855812657
2006-01-20,-0.01435340530776167,2.191725851192308,-0.01708137306554136
2006-01-23,0.0024089190176688202,2.1970055412767615,-0.014713601692298073
2006-01-24,0.006987213800072971,2.2123564887136076,-0.00782919497301815
2006-01-25,-0.005512064012854363,2.2001618381285644,-0.013298103962012142
2006-01-26,0.008016836560262345,2.2178001759909676,-0.005387876127774582
2006-01-27,0.008801203770033081,2.2373194872610793,0.0
2006-01-30,0.00593897546671986,2.250606872807137,0.0
2006-01-31,-0.009223561162534989,2.229848262662979,-0.009223561162534977
2006-02-01,-0.001070038476304725,2.2274622392256083,-0.010283730073507247
2006-02-02,-0.013316020537866081,2.197801306300759,-0.023462812250508502
2006-02-03,-0.002702914609783996,2.1918608370405566,-0.02610230888227394
2006-02-06,0.0034480611287998502,2.1994185071924948,-0.02274425011010306
2006-02-07,-0.02218817435939418,2.1506174258656294,-0.044427771082380496
2006-02-08,0.0005303995017344347,2.15175811227673,-0.04392093604829117
2006-02-09,-0.007676780489085244,2.1352395375831734,-0.05126054515245848
2006-02-10,-0.0007019886749581836,2.133740623609467,-0.051926549505247444
2006-02-13,-0.006679720059709517,2.119487833563726,-0.05825941475059526
2006-02-14,0.007753508400089506,2.13592130028515,-0.050957621212158744
2006-02-15,0.0016830968897318989,2.139516262782372,-0.049360290936197204
2006-02-16,0.01322904583965055,2.1678200214973975,-0.03678423464800018
2006-02-17,0.0009842308521583404,2.169953656844482,-0.035836207974455414
2006-02-21,0.004706748821061675,2.180167083660593,-0.03129813118302882
2006-02-22,0.005166233126018852,2.1914303350684565,-0.026293591499110147
2006-02-23,-0.0034972186613922915,2.183766424005514,-0.029698855721636663
2006-02-24,0.003169830227034973,2.1906885928251105,-0.026623165825176653
2006-02-27,-0.0029909213163745773,2.184136415615291,-0.029534459347375308
2006-02-28,-0.012118996447358851,2.1576668741539025,-0.041295527786828656
2006-03-01,0.02046571821096913,2.2018250763934786,-0.021674952210918086
2006-03-02,0.004582100038184314,2.211914059160096,-0.017192168972087196
2006-03-03,-0.0020642544067657627,2.207348105816088,-0.01922093436829031
2006-03-06,-0.01602116676681647,2.171983813700392,-0.034934159340178406
2006-03-07,-0.013764185471286277,2.142088225647988,-0.048217504563022984
2006-03-08,-0.0005322265611341722,2.1409481493980054,-0.0487240684875172
2006-03-09,-0.004506685763686256,2.131299568852323,-0.05301117018540191
2006-03-10,0.007729090321585309,2.1477725757223385,-0.0456918079862324
2006-03-13,0.0060904568773900184,2.160853491977216,-0.03987963509503256
2006-03-14,0.015156677683451763,2.193604851876276,-0.02532740018684998
2006-03-15,0.012825255429095603,2.2217383944120925,-0.012826975134505592
2006-03-16,0.0021671187436957747,2.2265531653302117,-0.010687653969048694
2006-03-17,0.0023527063725312133,2.231791591151064,-0.008360092508117756
2006-03-20,-0.007670452654488576,2.214672739416454,-0.01596641946883559
2006-03-21,-0.008518270255869164,2.1958075584937986,-0.0243486834486506
2006-03-22,0.0018439388243511605,2.1998564933017093,-0.022549642107032142
2006-03-23,0.00468056286250159,2.21015305990709,-0.01797462426193963
2006-03-24,0.008149479707870331,2.2281646574200904,-0.009971628389748521
2006-03-27,0.001161339509293924,2.230752313069965,-0.00882186932647544
2006-03-28,-0.0011186612400391443,2.228256856921206,-0.009930661883234326
2006-03-29,0.014053183055750793,2.259570958426752,0.0
2006-03-30,-0.002133509189769867,2.254750143022011,-0.0021335091897699554
2006-03-31,-0.0037201022020800726,2.2463622420498144,-0.005845674519615041
2006-04-03,0.005768500032025668,2.25932038271502,-0.00011089526124308247
2006-04-04,0.00890490135013802,2.2794394078414535,0.0
2006-04-05,0.007642630540386561,2.296860321074783,0.0
2006-04-06,0.0001403013511038936,2.2971825736811264,0.0
2006-04-07,-0.01466838820546803,2.2634866079115357,-0.014668388205468008
2006-04-10,-0.004214100882660821,2.253948046999245,-0.018820675020444932
2006-04-11,-0.010443184482760349,2.2304096517298744,-0.0290673117218766
2006-04-12,0.005661864573502194,2.2430379291214013,-0.023570022330859364
2006-04-13,-0.0004720838717032443,2.2419790270914444,-0.024030979175164613
2006-04-17,-0.002760428348032668,2.2357902046293665,-0.026725071727051075
2006-04-18,0.026798791266383043,2.2957066796386525,-0.0006424800794605501
2006-04-19,0.005144990486008502,2.3075180686640597,0.0
2006-04-20,0.00041322399721519025,2.3084715905040394,0.0
2006-04-21,0.0010000777562527983,2.3107802415926444,0.0
2006-04-24,-0.002231970253202322,2.3056226488317217,-0.002231970253202431
2006-04-25,-0.010024815451141223,2.2825092072772124,-0.012234410614462843
2006-04-26,-0.012277359492106791,2.2544860211954263,-0.024361563849281787
2006-04-27,-0.01160050459774491,2.228332845740997,-0.03567946201358485
2006-04-28,-0.001215731995762076,2.225623790203222,-0.036851817345785576
2006-05-01,0.013862823860110923,2.2564772207856816,-0.023499863738464355
2006-05-02,0.007927663379937534,2.2743658126165673,-0.01575849936771978
2006-05-03,-0.004988496617388509,2.2630201464536253,-0.020668384764317427
2006-05-04,0.005323240168672268,2.275066746199742,-0.015455167371644096
2006-05-05,0.009111599033383258,2.2957962421652978,-0.006484389626345122
2006-05-08,-0.002639754973271942,2.289735902617423,-0.009107027399852252
2006-05-09,0.004647124767997165,2.3003765910426486,-0.0045022241244478955
2006-05-10,0.0035140805482277823,2.3084602996748305,-0.0010039647544394237
2006-05-11,-0.021369266679248395,2.259130195912621,-0.022351777443113674
2006-05-12,-0.020885788875648542,2.2119464795981876,-0.04277073181408986
2006-05-15,-0.0037406241948487067,2.203672419078892,-0.04635136677468343
2006-05-16,-0.0035664768815275895,2.1958130723417875,-0.049752532578181796
2006-05-17,-0.020169158989664013,2.1515253693741436,-0.06891822482813792
2006-05-18,-0.015266931954714541,2.1186781779610664,-0.08313298693396165
2006-05-19,0.007716501513025619,2.1350269613269175,-0.0760579812403942
2006-05-22,-0.011121383683891583,2.111282507314548,-0.08633349493268905
2006-05-23,0.0016165506415972172,2.1146955024063403,-0.0848565067577165
2006-05-24,-0.003446581817419437,2.107407031338368,-0.08801062368185497
2006-05-25,0.019340602662769282,2.1481655533802098,-0.07037219952181895
2006-05-26,0.010450003967061106,2.1706138919349374,-0.060657585318931506
2006-05-30,-0.02240265442802847,2.121986379017241,-0.08170134882462143
2006-05-31,0.015770885703867043,2.1554519836658845,-0.06721896575491915
2006-06-01,0.014737966697007172,2.1872189632181502,-0.05347166993661534
2006-06-02,0.006275370124884999,2.2009445717565113,-0.04753185433177831
2006-06-05,-0.02928312076843511,2.1364940460571336,-0.07542309406946834
2006-06-06,-0.0042785850029690015,2.127352874672741,-0.07937897495327417
2006-06-07,-0.01867712846234715,2.087620031747735,-0.09657353210320951
2006-06-08,-0.0032974061706338887,2.080736300573111,-0.0995524961131663
2006-06-09,-0.004394919030131378,2.0715916330090374,-0.10350988998363275
2006-06-12,-0.02901695661751937,2.011480348464798,-0.12952330461401285
2006-06-13,-0.022953630317602555,1.9653095721550147,-0.1495039048799912
2006-06-14,0.0177619747769183,2.000217351204468,-0.13439741469060218
2006-06-15,0.03824717910199804,2.0767200224789093,-0.10129055757912109
2006-06-16,-0.006576345321685307,2.06306279447463,-0.10720078121634002
2006-06-19,-0.015828845966696793,2.030406891281268,-0.12133276252965375
2006-06-20,0.0003674707949674212,2.0311530065157144,-0.12100987798138874
2006-06-21,0.018447492889638255,2.0686226871611804,-0.1047947139553882
2006-06-22,-0.0071720976943123686,2.0537863231561895,-0.11121521372336496
2006-06-23,0.004493583799601767,2.063015184105768,-0.10722138480641974
2006-06-26,0.006301086849871899,2.0760144219534227,-0.10159590921437667
2006-06-27,-0.015117200531732785,2.0446308956299832,-0.11517726401331208
2006-06-28,0.006633836449464868,2.0581946425911157,-0.10930749469600831
2006-06-29,0.03559768936542923,2.131461616131665,-0.07760089957208072
2006-06-30,0.0029883635652857466,2.137831198366118,-0.0748444357077096
2006-07-03,0.008150769355713744,2.155256167385449,-0.06730370608500802
2006-07-05,-0.011494024979020846,2.130483599161332,-0.0780241405851072
2006-07-06,-0.0008185369716132141,2.128739719568003,-0.07877881191297309
2006-07-07,-0.007874866018758147,2.111976179487596,-0.08603330534279963
2006-07-10,-0.005404138873866215,2.1005627669153477,-0.09097250828681569
2006-07-11,0.007095952104086533,2.1154682597010064,-0.08452209274432099
2006-07-12,-0.014847555509718292,2.0840587272860485,-0.09811470179022053
2006-07-13,-0.023967044371373432,2.0341099992966356,-0.11973022675030365
2006-07-14,-0.005875122830014468,2.0221593532010074,-0.12490191979169452
2006-07-17,-0.013150738834197354,1.9955664636659314,-0.13641010609882154
2006-07-18,0.00015205894587917013,1.9958699073988284,-0.13627878952988293
2006-07-19,0.02551380788409512,2.0467921487778487,-0.11424197250053036
2006-07-20,-0.024138839191066935,1.9973849622409618,-0.13562314308853662
2006-07-21,-0.021945532749810325,1.953551285138124,-0.1545923537100653
2006-07-24,0.024908529427296548,2.0022113748117203,-0.13353449247439086
2006-07-25,0.014057123933024709,2.0303567082475604,-0.1213544794514122
2006-07-26,-7.203957693699981e-05,2.030210442209267,-0.12141777670299025
2006-07-27,-0.008230499707490624,2.013500795758519,-0.12864894743484268
2006-07-28,0.019194483426131233,2.0521489034112084,-0.11192381409803864
2006-07-31,0.007870224136515613,2.068299775242559,-0.10493445546468838
2006-08-01,-0.010700647672822245,2.0461676280659113,-0.11451223650084341
2006-08-02,0.007066351571870698,2.060626567900806,-0.1082550686513688
2006-08-03,0.006968967675781668,2.0749870078443635,-0.10204052704975819
2006-08-04,-0.007591892056979918,2.0592339304611733,-0.10885773843993896
2006-08-07,-0.0009790644737384816,2.057217807676742,-0.10973022416927936
2006-08-08,-0.008667897864318637,2.0393860538351425,-0.11744699165786987
2006-08-09,-0.004339225036794091,2.0305366988106526,-0.1212765877679659
2006-08-10,0.005281084915892476,2.0412601355419073,-0.1166359748103859
2006-08-11,-0.008086365253598198,2.024753760508306,-0.12377917896995783
2006-08-14,-0.0024952843768985466,2.019701424082643,-0.1259655990953873
2006-08-15,0.02539281268746521,2.0709873240289802,-0.10377140727081569
2006-08-16,0.015209448512319314,2.102485899103465,-0.0901402646344327
2006-08-17,-0.0009695207237403389,2.1004474954529124,-0.09102239250356647
2006-08-18,0.00402398221054491,2.1088996588087987,-0.08736468278121712
2006-08-21,-0.006193088132031147,2.0958390573601853,-0.09301671373315734
2006-08-22,0.0068327593413410334,2.1101594212573107,-0.08681951521147724
2006-08-23,-0.011611903185197722,2.085656454352338,-0.09742327859145339
2006-08-24,-0.0001315312733606675,2.0853821253031044,-0.0975419956569259
2006-08-25,0.0026678521041974745,2.09094561639415,-0.09513437117108947
2006-08-28,0.0035992624117013876,2.0984714783561493,-0.09187752232560498
2006-08-29,0.003774548903443217,2.1063922615736854,-0.08844976962330697
2006-08-30,-0.00010436465236443739,2.106172428677563,-0.08854490324621289
2006-08-31,-0.003953415377961065,2.0978458542093916,-0.09214826384204033
2006-09-01,0.007131790878201178,2.112807252136314,-0.08567365511134994
2006-09-05,0.005251937280585567,2.1239035833105,-0.08087167049400779
2006-09-06,-0.01599294765609776,2.089936104476017,-0.09557124175703369
2006-09-07,-0.008977761644327755,2.0711731562781566,-0.10369098757281436
2006-09-08,0.004067297832698295,2.0795972343678297,-0.10004543186914128
2006-09-11,-0.005983446214214435,2.0671540761687606,-0.1054302616227889
2006-09-12,0.010154079835048135,2.0881441236895233,-0.0963467290812886
2006-09-13,0.009868465117549036,2.1087509011345684,-0.08742905829886816
2006-09-14,-0.005591079589976766,2.09696070701089,-0.09253131506541912
2006-09-15,0.00788474138043638,2.113494699870608,-0.08537615917386532
2006-09-18,0.004730584129465774,2.1234927643555257,-0.08104945414802223
2006-09-19,-0.0033943485357682667,2.116284889800121,-0.08416869258777837
2006-09-20,0.0011618765027028141,2.1187437514866048,-0.08310460971125644
2006-09-21,-0.005622725586522518,2.1068306367838363,-0.08826006088239757
2006-09-22,-0.008089790024865621,2.089786819314301,-0.09563584554714277
2006-09-25,0.006743228107837157,2.103878728533689,-0.0895375117611159
2006-09-26,0.008835559983927715,2.122467675238558,-0.08149306583316507
2006-09-27,0.003336450297700338,2.1295491831454667,-0.07842851309922438
2006-09-28,0.0019689258828030306,2.133742107650864,-0.07661400714581212
2006-09-29,-0.0008948133382794971,2.1318328067524894,-0.07744026524859848
2006-10-02,-0.004649028740008864,2.1219218547650036,-0.0817292719698326
2006-10-03,-0.004314194826017749,2.112767470477962,-0.08569087079358406
2006-10-04,0.015032153733765496,2.1445269158978855,-0.07194683540316804
2006-10-05,0.0080804928544962,2.161855750318073,-0.06444770843805081
2006-10-06,-0.0034694000631534834,2.154355407841391,-0.0676935136174791
2006-10-09,0.0009455650992836929,2.1563924911264993,-0.06681195714211985
2006-10-10,-0.0029267712161095524,2.1500812236528355,-0.06954318504517387
2006-10-11,-0.0016509693271897772,2.146531505501618,-0.07107934070693911
2006-10-12,0.010876128367212095,2.1698774576997186,-0.06097628037351244
2006-10-13,0.0035973916050022698,2.1776833566499314,-0.057598244327629944
2006-10-16,0.005940319256407476,2.190619491027797,-0.05200007703113729
2006-10-17,-0.008699060033758529,2.1715631605642245,-0.060246785273041836
2006-10-18,0.00018054797408877622,2.1719552318934703,-0.060077114733979475
2006-10-19,0.004274898041926469,2.1812401190614437,-0.05605904023219388
2006-10-20,-0.0022476915815755494,2.1763373640084342,-0.05818072838096833
2006-10-23,0.00017863126346618393,2.176726125901496,-0.058012490014522244
2006-10-24,0.001946128247303112,2.1809623141017553,-0.05617926151273278
2006-10-25,-0.0012383296791473434,2.178261563739101,-0.057348022744996396
2006-10-26,0.00696073202210853,2.193423858758348,-0.05078647494121358
2006-10-27,-0.017047567017139206,2.1560313185291733,-0.0669682561232281
2006-10-30,0.004044193338382325,2.164750726024913,-0.06319489536014233
2006-10-31,-0.0002196566203691631,2.1642752241964924,-0.06340067080337208
2006-11-01,-0.016078225658354532,2.1294775187550754,-0.07845952616965901
2006-11-02,-0.0051799902980160266,2.118446845868081,-0.08323309688332925
2006-11-03,-0.004097436185085671,2.1097666451056405,-0.08698949076544837
2006-11-06,0.01598719617434339,2.143495898343031,-0.07239301264507836
2006-11-07,0.0013126322726190443,2.1463095202354228,-0.07117540577716919
2006-11-08,0.0028524715972323552,2.152431807180764,-0.06852596000333766
2006-11-09,-0.005703987893563065,2.1401543622108847,-0.07383907665064693
2006-11-10,0.0029802255162091097,2.146532504849772,-0.07107890823476537
2006-11-13,0.006031310430538736,2.1594789087357626,-0.06547629676485434
2006-11-14,0.013689629133799192,2.1890413741186165,-0.05268301385082064
2006-11-15,0.0024241249764893587,2.1943478839881863,-0.05038659908404364
2006-11-16,0.00671912413970487,2.2090919798264017,-0.044006028758561966
2006-11-17,-0.0032523665623220258,2.201907202938121,-0.04711527158440898
2006-11-20,0.0030430945443402297,2.2086078147345254,-0.044215553265982255
2006-11-21,0.0070361273627515325,2.224147860613366,-0.03749053216742482
2006-11-22,0.003959805513248642,2.2329550535741025,-0.0336791818701474
2006-11-24,-0.0030853415653600497,2.22606562453373,-0.03666061165579604
2006-11-27,-0.022284076717950574,2.1764598073774275,-0.058127740491081936
2006-11-28,0.007936271664728012,2.1937327836761362,-0.050652786366148006
2006-11-29,0.009560777288285239,2.214706574250874,-0.04157628908734057
2006-11-30,0.0032613947934497984,2.221929606741155,-0.0384504909866511
2006-12-01,-0.007157919946240111,2.2060252124899207,-0.04533318539651532
2006-12-04,0.017759920721322455,2.24520404537298,-0.028378378453880138
2006-12-05,0.0018832971888335264,2.2494324318399888,-0.026548526185412258
2006-12-06,-0.0005568458553313261,2.2481798447134707,-0.027090588603972177
2006-12-07,-0.006908410638281943,2.232648495157481,-0.033811846331745166
2006-12-08,0.0024983792302248078,2.2382264977861754,-0.03139794191613099
2006-12-11,-0.001869080335114249,2.234043072653632,-0.03320833697544667
2006-12-12,-0.007567091814312773,2.2171378636057324,-0.04052413825486556
2006-12-13,-0.0008568942767829921,2.2152380108595695,-0.04134630762950653
2006-12-14,0.010004035429227624,2.2373993304043807,-0.03175590212667212
2006-12-15,-0.0029354322107380945,2.230831596341628,-0.0345981170394265
2006-12-18,-0.004931923852159062,2.2198293047814808,-0.03935940561291895
2006-12-19,0.0009070108015278699,2.2218427139384658,-0.03848809421742361
2006-12-20,-0.0009755941029380941,2.2196750972890915,-0.039426139562609874
2006-12-21,-0.005994205445462711,2.2063699087337634,-0.04518401662761273
2006-12-22,-0.00577626557216095,2.1936253301904927,-0.05069928732011564
2006-12-26,0.003341174606197402,2.2009546154392363,-0.04752750788526461
2006-12-27,0.010697495403027656,2.22449931732017,-0.03733843777935697
2006-12-28,-0.001898882163599535,2.220275255243571,-0.039166418649440704
2006-12-29,-0.0035195478540139525,2.2124608902336584,-0.042548118418747616
2007-01-03,-1.570670408817144e-05,2.212426139765149,-0.04256315683213019
2007-01-04,-0.0004324062112644084,2.211469472960351,-0.04297715847000927
2007-01-05,-0.011112915085445334,2.186893600493288,-0.05361247204276376
2007-01-08,0.005529203101818499,2.1989853793724827,-0.04837970318766016
2007-01-09,0.004954011254657254,2.2098791776907207,-0.04366536552709155
2007-01-10,0.0067467315008586624,2.2247886391519383,-0.037213232523331086
2007-01-11,0.008752100366284505,2.2442602126155653,-0.028786826103044727
2007-01-12,0.005025899898685174,2.255539639790773,-0.023905605910754302
2007-01-16,0.003548578273714455,2.263543598752036,-0.020441858550794945
2007-01-17,0.00033378235475511496,2.264299129664518,-0.02011489932772248
2007-01-18,-0.0070855171656317995,2.248255399313155,-0.027057892028882757
2007-01-19,0.006722118914510883,2.263368439457529,-0.020517659482166106
2007-01-22,-0.006599060932095141,2.2484323332137675,-0.026981323129154577
2007-01-23,0.010151878976232633,2.271258146146802,-0.017103355279947663
2007-01-24,0.01142595216742897,2.297209433084559,-0.005872825231849843
2007-01-25,-0.011244556086377812,2.271378332772083,-0.017051344005522773
2007-01-26,0.00015224216711185275,2.271724132331795,-0.01690169777197459
2007-01-29,0.0006245207193887783,2.2731428711211716,-0.01628773251303728
2007-01-30,0.00438185766527867,2.2831034596352677,-0.011977245373320788
2007-01-31,0.009301237601090109,2.3043391473812065,-0.002787410977254434
2007-02-01,0.004090292440170935,2.31376456837533,0.0
2007-02-02,0.007607308644357327,2.3313660895773394,0.0
2007-02-05,0.0018256753619492383,2.3356224072067646,0.0
2007-02-06,0.005375149028638472,2.348176725720128,0.0
2007-02-07,0.006685845655894625,2.363876272881057,0.0
2007-02-08,0.0003052585383800473,2.364597866297028,0.0
2007-02-09,-0.011768592242632173,2.3367698781907804,-0.011768592242632159
2007-02-12,-0.0005056981101997015,2.3355881780794077,-0.012268338997975081
2007-02-13,0.01010089528253914,2.3591797096893243,-0.002291364922945127
2007-02-14,0.009543910459640351,2.3816955095967995,0.0
2007-02-15,0.003487461469681535,2.3900015809190323,0.0
2007-02-16,0.0026984901233747757,2.3964509765799926,0.0
2007-02-20,0.004054310130191057,2.4061669320508474,0.0
2007-02-21,0.0018615043925410458,2.410646022364047,0.0
2007-02-22,-0.0086306840029785,2.389840498301986,-0.008630684002978506
2007-02-23,-0.0038516128979778404,2.3806357578146162,-0.01244905484713199
2007-02-26,-0.005785218641927982,2.3668632594488668,-0.018162252984883942
2007-02-27,-0.03923612063896126,2.2739967270652057,-0.05668575727465508
2007-02-28,0.007781031001155028,2.291690766095025,-0.04934579990817811
2007-03-01,-0.0017937421836888522,2.28758006369591,-0.051051028448983904
2007-03-02,-0.014931783523125344,2.2534224133929857,-0.06522052906667597
2007-03-05,-0.013958285475898044,2.221968500049059,-0.07826844777897235
2007-03-06,0.02190169605918368,2.2706333787902135,-0.05808096347406788
2007-03-07,-0.0025579992734953054,2.264825100256894,-0.06049039168519266
2007-03-08,0.01602432833871587,2.301117401293175,-0.04543538124417801
2007-03-09,0.004213661528978829,2.310813531160668,-0.041413169033202246
2007-03-12,0.005768831937464761,2.324144226060753,-0.0358832427078879
2007-03-13,-0.024195226344149418,2.267911030454765,-0.05921026587275802
2007-03-14,0.006438717071505749,2.28251346792321,-0.053152786950935726
2007-03-15,0.004884992072366233,2.293663528119084,-0.04852744582144908
2007-03-16,-0.003215172496547529,2.2862890042271413,-0.0515865942088638
2007-03-19,0.014804654977329162,2.3201367241131856,-0.03754566096025225
2007-03-20,0.00730204962612282,2.3370784776120503,-0.030517771613706723
2007-03-21,0.018281360192122294,2.379803451058533,-0.012794317796715582
2007-03-22,-0.0013095066748390184,2.376687082554567,-0.01408707022699962
2007-03-23,0.0025219217711337726,2.3826809014512342,-0.011600674944962752
2007-03-26,-0.003669238428736069,2.3739382771242137,-0.01522734773139156
2007-03-27,-0.009010783767956576,2.352547232630572,-0.024100921161581024
2007-03-28,-0.010296595542698645,2.32832400528108,-0.03414935926687257
2007-03-29,0.003906805450892687,2.3374203141963563,-0.03037596871890813
2007-03-30,0.0021976192865188825,2.3425570741595356,-0.02824510424709248
2007-04-02,0.004506507757556033,2.3531138257867537,-0.023865883270938748
2007-04-03,0.009553959340722283,2.375595379602412,-0.014539937608617493
2007-04-04,0.0005268130760464344,2.376846874311782,-0.014020784361828076
2007-04-05,0.0035583521758494195,2.38530453255865,-0.01051232307451977
2007-04-09,0.0020235420093542094,2.3901312964853854,-0.008510053192522848
2007-04-10,-4.906898892491132e-05,2.3900140151592693,-0.008558704601741796
2007-04-11,-0.007500133370627697,2.3720885912879055,-0.0159946465463765
2007-04-12,0.00504386578384122,2.384053087769743,-0.011031455612975138
2007-04-13,0.0037700764514848333,2.393041150175033,-0.007302968592522441
2007-04-16,0.00956282686732333,2.415925388380537,0.0
2007-04-17,0.004100630305667857,2.4258322052443626,0.0
2007-04-18,-0.001055917468129471,2.423270726644094,-0.001055917468129608
2007-04-19,-0.004291312038104532,2.4128717158032598,-0.005342698234891863
2007-04-20,0.009511114117361335,2.435820814042818,0.0
2007-04-23,0.005570722712594082,2.449390096375416,0.0
2007-04-24,-0.0007811134830255676,2.447476844745948,-0.0007811134830254529
2007-04-25,0.005047336883866024,2.4598300848968417,0.0
2007-04-26,-0.001142369938132446,2.457020048954942,-0.001142369938132437
2007-04-27,-0.0003552810618404963,2.456147116262986,-0.001497245137568215
2007-04-30,-0.013956528790706527,2.421867828320651,-0.015432877583405502
2007-05-01,-0.0001861763873632866,2.421416933717703,-0.015616180733373564
2007-05-02,0.007471692825272171,2.4395090172483544,-0.008261167213645004
2007-05-03,0.003547244068696124,2.4481625511403196,-0.004743227521347926
2007-05-04,0.0013343546146153168,2.4514292681377623,-0.0034152020542637107
2007-05-07,0.003370829663277087,2.4596926186322268,-5.588445537718645e-05
2007-05-08,-0.0026154616771036873,2.4532593868507395,-0.002671199968829474
2007-05-09,0.0037949402438036675,2.462569359626388,0.0
2007-05-10,-0.011675978255920257,2.433816453329695,-0.01167597825592026
2007-05-11,0.007437397502042281,2.4519177137401185,-0.004325419645392459
2007-05-14,-0.0002471811708344108,2.4513116458488464,-0.004571531653934646
2007-05-15,-0.0010934093400618075,2.4486313587998727,-0.005659942438587806
2007-05-16,0.004068834041582337,2.458594433427844,-0.001614137763472856
2007-05-17,-0.0009945310879358488,2.4561492848311737,-0.002607063541222754
2007-05-18,0.004722342800314456,2.467748063722894,0.0
2007-05-21,0.002908794924542619,2.474926236765701,0.0
2007-05-22,-0.000799141215016628,2.4729484212057753,-0.0007991412150166743
2007-05-23,-0.007895274882287893,2.4534238136506357,-0.008688106657742223
2007-05-24,-0.014923608251433481,2.4168098777809757,-0.023482057008968882
2007-05-25,0.006296145054243507,2.4320264633400135,-0.017333758391825826
2007-05-29,0.005131959170749666,2.444507523852057,-0.01229075536141866
2007-05-30,0.01108610297239931,2.4716075859782856,-0.001340908968564758
2007-05-31,0.0039053428414492514,2.481260060971058,0.0
2007-06-01,0.0021751467413985886,2.4866571657072414,0.0
2007-06-04,0.0008880852941688915,2.4888655293677457,0.0
2007-06-05,-0.00644975064214153,2.4728129673215022,-0.006449750642141483
2007-06-06,-0.011986829337333272,2.4431717802990747,-0.018359267919259126
2007-06-07,-0.02362019910743877,2.385463576394735,-0.04154581746297803
2007-06-08,0.009002482715374382,2.406938671009384,-0.03291735025121023
2007-06-11,0.0008646289171741777,2.409019779786203,-0.03208118262694015
2007-06-12,-0.011873499317474901,2.380416285075128,-0.04357376604439034
2007-06-13,0.016847647427902752,2.4205206993777115,-0.027460234063909406
2007-06-14,0.0029152327731475913,2.4275770806486197,-0.02462505426506323
2007-06-15,0.007640079394165713,2.4461239622802324,-0.017173112240568167
2007-06-18,-0.002712078574166076,2.439489881892378,-0.019838615984974828
2007-06-19,0.004246911354604806,2.4498501791712304,-0.015675957473856195
2007-06-20,-0.017366849755571758,2.407303999185903,-0.032770565231204696
2007-06-21,0.005017532250048058,2.419382724637488,-0.027917460349056622
2007-06-22,-0.015820713131721963,2.3811063645951545,-0.043296499349229856
2007-06-25,-0.002136743787978156,2.3760185503620908,-0.045340729611182295
2007-06-26,-0.007025090997950294,2.359326803832979,-0.05204729785770057
2007-06-27,0.015212941827738531,2.3952191052523144,-0.037626148544562255
2007-06-28,0.001366977273106584,2.398493315333305,-0.036310605361390635
2007-06-29,-0.002193786993018897,2.393231531895284,-0.038424734620659096
2007-07-02,0.017134904389344816,2.4342393253758745,-0.021948234385225307
2007-07-03,0.0031204384645072674,2.4418352193985933,-0.018896284035521904
2007-07-05,0.0011562992147158193,2.4446587115452494,-0.017761834579197333
2007-07-06,0.004355489889915684,2.455306397847679,-0.01348370618021777
2007-07-09,0.0032967398317282895,2.463400904248561,-0.01023141861973298
2007-07-10,-0.016916342445450032,2.421729170971861,-0.02697468288410887
2007-07-11,0.007059194920132767,2.4388246292335234,-0.020105907508363607
2007-07-12,0.02053717673450416,2.4889112016685537,0.0
2007-07-13,0.005295022147661569,2.5020900416049514,0.0
2007-07-16,-0.004320703299588141,2.491279252906322,-0.004320703299588224
2007-07-17,-0.0004290818460979908,2.4902102902053396,-0.004747931210337897
2007-07-18,-0.00012158275584442583,2.4899075235756243,-0.004868936699621185
2007-07-19,0.0073050475126189484,2.5080964163373713,0.0
2007-07-20,-0.01594376085796006,2.468107926866582,-0.0159437608579599
2007-07-23,0.004215990734012539,2.478513447016794,-0.011794988871989931
2007-07-24,-0.02508198673849997,2.4163474056075254,-0.0365811338560218
2007-07-25,0.0024628612049369344,2.422298533890446,-0.03420836690649143
2007-07-26,-0.026252969232840637,2.3587060050074653,-0.05956326493543029
2007-07-27,-0.01656297963693976,2.319638805476999,-0.07513969942813481
2007-07-30,0.01642456484256339,2.3577378634488824,-0.05994927145107953
2007-07-31,-0.009765836521845251,2.334712580913076,-0.06912965318832986
2007-08-01,0.005152738035791564,2.346742743231388,-0.0643331221459228
2007-08-02,0.007098115349447367,2.3634001939183227,-0.057691650718257326
2007-08-03,-0.033172335937723375,2.2850006887303835,-0.08895021983755291
2007-08-06,0.024043236716395598,2.339939501186655,-0.06704563431268706
2007-08-07,0.0067361929080308166,2.3557017850597695,-0.060761073731027904
2007-08-08,0.0025669054740803483,2.3617486488671404,-0.05835013618971863
2007-08-09,-0.034755504185579614,2.2796648838161517,-0.09107765197272732
2007-08-10,0.005874861850534144,2.2930576000740857,-0.0857378587452039
2007-08-13,0.007516188984654454,2.310292654348941,-0.07886609171001802
2007-08-14,-0.024545088882246456,2.253586315803945,-0.10147540536144661
2007-08-15,-0.018590560205911433,2.211690883720774,-0.11817948093456676
2007-08-16,-0.00719459570790277,2.1957786619815485,-0.1245238230561756
2007-08-17,0.02647118544130866,2.2539035261309306,-0.1013489308268477
2007-08-20,0.004269404207667829,2.2635263513290713,-0.09751222617089461
2007-08-21,0.006954697348693257,2.2792684920433572,-0.09123569684301713
2007-08-22,0.020018306318333342,2.3248955868988066,-0.073043774651254
2007-08-23,-0.0018751336906580223,2.3205360968565505,-0.07478194149917061
2007-08-24,0.013639761913002924,2.3521876567282027,-0.062162187463608576
2007-08-27,-0.014507905041362977,2.3180623415649237,-0.07576824939208615
2007-08-28,-0.02737345351294671,2.254608969817984,-0.10106766425254132
2007-08-29,0.028839991578235896,2.319631873519749,-0.07514246326018081
2007-08-30,-0.004788507452403374,2.3085242990065677,-0.07957115046727081
2007-08-31,0.016712390723760306,2.3471052590868604,-0.06418858390045856
2007-09-04,0.013301769662942851,2.3783259126179157,-0.05174063599555012
2007-09-05,-0.013853467268831712,2.3453778524328492,-0.06487731605714886
2007-09-06,0.0029367463189208186,2.3522656322074598,-0.0621310979573404
2007-09-07,-0.024214254857723615,2.2953072726961237,-0.08484089457453492
2007-09-10,-0.004635715383840095,2.284666881461446,-0.08908331171821704
2007-09-11,0.014054016340109018,2.316775627145211,-0.07628127369662696
2007-09-12,-0.0033601904867661225,2.308990819722906,-0.07938514457319934
2007-09-13,0.00727485999259111,2.3257884046605684,-0.07268780039286982
2007-09-14,0.002059431626800141,2.3305782068583714,-0.07077806432108136
2007-09-17,-0.006110743137729757,2.316336642073869,-0.0764563008879593
2007-09-18,0.0368658309831683,2.4017303172206836,-0.04240909497092482
2007-09-19,0.010061914700910548,2.425896322807149,-0.032773896966154514
2007-09-20,-0.005854386240570572,2.411694188753856,-0.0384364121552766
2007-09-21,0.0047807263578807675,2.423223838729179,-0.03383943976608905
2007-09-24,-0.006507993852400752,2.407453512883739,-0.04012720675252335
2007-09-25,-0.0005744762653660405,2.406070487980615,-0.040678630890014555
2007-09-26,0.0077357678757940624,2.424683290768432,-0.03325754346029064
2007-09-27,0.006078932116177245,2.4394227758962423,-0.027380781693159384
2007-09-28,-0.0036602043576218356,2.430493990021825,-0.03094076679431279
2007-10-01,0.015578125684744301,2.468356530874401,-0.015844640263472654
2007-10-02,-0.0015843159219393603,2.464445874321514,-0.01740385326956506
2007-10-03,-0.008063038000897355,2.444574953585705,-0.02532656334018779
2007-10-04,0.0030196265119255272,2.4519566569259412,-0.02238341359038032
2007-10-05,0.016462552942664813,2.492322123203704,-0.0062893487789847935
2007-10-08,0.0005832426948420329,2.4937757518752557,-0.0057097743008733826
2007-10-09,0.011141942133904062,2.521561256997583,0.0
2007-10-10,0.0013070702851908592,2.5248571147888934,0.0
2007-10-11,-0.01073887646078969,2.49774298615203,-0.010738876460789526
2007-10-12,0.007996339531909088,2.517715787132746,-0.0028284086312522216
2007-10-15,-0.006386310393399869,2.5016368726337532,-0.009196655929213482
2007-10-16,-0.004258020432056409,2.490984851716493,-0.013415516812416706
2007-10-17,0.003925407188301027,2.5007629815593697,-0.00954277099024603
2007-10-18,0.005957520954915576,2.5156613294252868,-0.003642101293472866
2007-10-19,-0.029545986642915825,2.441333633387987,-0.033080478460219664
2007-10-22,0.005178902358094807,2.4539770618988364,-0.028072896670029324
2007-10-23,0.013964394449024165,2.4882453655600494,-0.014500523223432094
2007-10-24,-0.0005714386400483142,2.486823486012247,-0.015063675704209634
2007-10-25,-0.0049179774321648105,2.4745933442302612,-0.01990757031921575
2007-10-26,0.010052940647221542,2.4994702842458176,-0.010054759294843674
2007-10-29,0.00383960951468352,2.5090672741308766,-0.006253756129616428
2007-10-30,-0.007952161033901912,2.4891147671220946,-0.014156186287708872
2007-10-31,0.013041518262158094,2.521576602814125,-0.0012992861875444905
2007-11-01,-0.02369210457974379,2.4618351462344177,-0.02496060794305388
2007-11-02,0.008940321024387259,2.4838447427508727,-0.01624344276664136
2007-11-05,-0.004034277858741914,2.4738242229006406,-0.020212190063879976
2007-11-06,0.017623682528056954,2.5174221156352585,-0.00294472075670571
2007-11-07,-0.02929095985081198,2.44368440551864,-0.03214942691006106
2007-11-08,-0.0020857672256104094,2.4385874486758743,-0.0341681379147003
2007-11-09,-0.020641117979022593,2.388252277445592,-0.054103987327902
2007-11-12,-0.029803422753348706,2.317074185179233,-0.08229492607427535
2007-11-13,0.029184252936551663,2.3846962642722582,-0.05551238907567024
2007-11-14,-0.002933156526884808,2.37770157686007,-0.05828271907621485
2007-11-15,-0.015979130633168314,2.3397079727567327,-0.07333054252760807
2007-11-16,0.00787737751635413,2.358138735736161,-0.06603081737822292
2007-11-19,-0.01655631640961244,2.31909664468955,-0.0814939066825362
2007-11-20,0.013115859765038151,2.349513591062869,-0.06944690956925115
2007-11-21,-0.013912287085076714,2.3168264834737125,-0.0823930313112291
2007-11-23,0.015453327051759743,2.3526291608450105,-0.0682129507191076
2007-11-26,-0.018748657436182526,2.308520522633954,-0.08568270690954627
2007-11-27,0.00898972121322152,2.329273478547434,-0.07746324934423565
2007-11-28,0.03362987958921434,2.4076066651613344,-0.04643844950305731
2007-11-29,0.002870415887792795,2.414517497584569,-0.043701331278522604
2007-11-30,0.005840301746800407,2.4286190083433925,-0.03811625849312561
2007-12-03,0.0008703295887106221,2.430732707326059,-0.03727910261199252
2007-12-04,-0.004346800475213249,2.4201667972387377,-0.041463858266256426
2007-12-05,0.019325874519442975,2.4669386370782957,-0.022939309068759073
2007-12-06,0.01746967062244206,2.5100352425138297,-0.005870380620054627
2007-12-07,0.0010002126007217932,2.512545811391648,-0.004876039647999986
2007-12-10,0.0016322594710623116,2.51664693808877,-0.003251739138834364
2007-12-11,-0.027177914749007114,2.4482497221520436,-0.030341278398740235
2007-12-12,0.014213317255420547,2.483047472173486,-0.01655921135913585
2007-12-13,-0.0016207827180586087,2.479022991742468,-0.018153155193598947
2007-12-14,-0.011831638622991941,2.449692087566083,-0.029770012244473065
2007-12-17,-0.026156492161500185,2.3856167356795717,-0.055147825314053045
2007-12-18,0.009773164702636172,2.4089317609547334,-0.04591362939120325
2007-12-19,0.0007025906258545159,2.410624253828303,-0.0452432972509581
2007-12-20,0.00990059604100396,2.4344908707721036,-0.03579063681959893
2007-12-21,0.018221731280839724,2.4788515092249703,-0.018221072905256097
2007-12-24,0.009253789994869144,2.501790280519803,-0.009135896892533246
2007-12-26,0.00648698243624072,2.518019350128693,-0.0027081788589736755
2007-12-27,-0.014765166744389071,2.4808403745584444,-0.017433358890936446
2007-12-28,0.006102773238629958,2.4959803808056127,-0.011436977488405331
2007-12-31,-0.009219680654305468,2.4729682387751732,-0.020551212862617296
2008-01-02,-0.015419431663865012,2.4348364740104707,-0.03565375650413771
2008-01-03,0.0005003877490478859,2.4360548363530006,-0.035171209458051966
2008-01-04,-0.02633307576225098,2.3719060197863193,-0.060578119096993954
2008-01-07,-0.0003141739235508639,2.371160828765789,-0.06087326095518686
2008-01-08,-0.013759288146567666,2.338535343680946,-0.0737949763638509
2008-01-09,0.007313857306155836,2.3556390574900306,-0.06702084498473149
2008-01-10,0.004974880168157486,2.367358079520475,-0.06237938548914168
2008-01-11,-0.017482323978523576,2.3259711586011225,-0.07877117284096291
2008-01-14,0.018565798136421292,2.369154669602849,-0.06166782439847596
2008-01-15,-0.031220618496278392,2.295188195504502,-0.0909631352757142
2008-01-16,-0.013260858274043953,2.264752030131658,-0.10301774430470412
2008-01-17,-0.03805136453916616,2.1785751250423018,-0.13714914310132942
2008-01-18,-0.0023720542425644652,2.1734074266741996,-0.13919587213713636
2008-01-22,-0.019849937307897282,2.1302654255101983,-0.1562827801095934
2008-01-23,0.00761692467453467,2.146491496793075,-0.1498562495990805
2008-01-24,0.010884336289343403,2.1698546320863867,-0.14060299912543328
2008-01-25,-0.0073616767640904725,2.1538808636599023,-0.14692960205790062
2008-01-28,0.008661445124504735,2.1725365845652136,-0.13954077961878564
2008-01-29,0.00581755986747245,2.1851754462101955,-0.13453500659069928
2008-01-30,-0.004735668638541235,2.1748271793798675,-0.13863356201774313
2008-01-31,0.012582785672754004,2.2021925636532846,-0.12779517274290875
2008-02-01,0.015858945356816197,2.237117015185449,-0.11396292404748731
2008-02-04,-0.0033832861136340927,2.2295482082533975,-0.1169606409827223
2008-02-05,-0.03431948859644751,2.153031253945015,-0.14726610019473008
2008-02-06,-0.011634424752881668,2.1279819738303893,-0.15718716858624582
2008-02-07,0.011889697830416362,2.1532830364878057,-0.14716637869313864
2008-02-08,0.006269934314832408,2.1667839796878274,-0.14181916790606386
2008-02-11,0.01564684725140621,2.200687317644797,-0.12839134351220527
2008-02-12,0.004608751460184429,2.210829738533402,-0.12437431584390779
2008-02-13,0.017689075708437,2.249937273156783,-0.10888530682461872
2008-02-14,-0.012975153851713717,2.2207439908808686,-0.12044765706809202
2008-02-15,-0.0023876263991199896,2.2154416839025544,-0.12254769946148403
2008-02-19,0.005789262216607358,2.2282674567362686,-0.11746789801110114
2008-02-20,0.011374352279162713,2.253612555761381,-0.10742966698540946
2008-02-21,-0.015988529082257508,2.2175806058734495,-0.12170055371277344
2008-02-22,0.009203809988309565,2.237990796403669,-0.11361685249630826
2008-02-25,0.015029494768979858,2.2716266673712435,-0.10029496161758955
2008-02-26,0.008413312426043661,2.2907385722391704,-0.0927254620383926
2008-02-27,-0.004076683881939042,2.281399955223987,-0.09642413352379431
2008-02-28,0.00022341658213594453,2.2819096578044684,-0.0962222596920056
2008-02-29,-0.029388186083919528,2.2148484721542174,-0.12278264810268136
2008-03-03,0.00722965995431222,2.2308610734582204,-0.11644066494244143
2008-03-04,-0.0031694802032348453,2.2237904034497276,-0.11924108876328965
2008-03-05,0.014211595152956325,2.2553940123685843,-0.10672409968943497
2008-03-06,-0.021624015561622238,2.2066233371475366,-0.12604031165857277
2008-03-07,-0.012945173146386955,2.1780582159793034,-0.13735387114711495
2008-03-10,-0.017229295568106515,2.1405318072116533,-0.15221665627180414
2008-03-11,0.035790159841857946,2.2171417827383393,-0.12187435488850729
2008-03-12,-0.00970732576731841,2.1956192651809654,-0.13039860659024105
2008-03-13,0.012940159758917987,2.2240309292421654,-0.11914582563294096
2008-03-14,-0.017854677241757405,2.184321574824861,-0.13487319261331954
2008-03-17,-0.018112813499940997,2.1447573655161607,-0.1505430731293138
2008-03-18,0.036409572807224296,2.2228470649697516,-0.11961470930381468
2008-03-19,-0.033368646212597115,2.148673667674066,-0.14899197459983027
2008-03-20,0.010280901783766646,2.1707639706167887,-0.1402428446734939
2008-03-24,0.018157819338057244,2.210180310620812,-0.12463152957247325
2008-03-25,0.012605314820310316,2.2380403292458384,-0.11359723441896086
2008-03-26,0.0008821661535486115,2.2400146526745757,-0.11281527990075346
2008-03-27,-0.009808950683869246,2.2180424594153463,-0.12151763106768931
2008-03-28,-0.004044672380203376,2.209071204341631,-0.1250708044418053
2008-03-31,0.007006936793648886,2.2245500266431226,-0.11894023086961092
2008-04-01,0.028793814334088907,2.288603307087177,-0.09357115946003536
2008-04-02,0.00037719899659683335,2.2894665659582185,-0.09322925541089722
2008-04-03,0.0034509927075927396,2.2973674983816177,-0.09009999618386189
2008-04-04,0.009902072851850184,2.320116198718065,-0.08109010005817574
2008-04-07,-0.0007769684575144811,2.3183135416138927,-0.08180406406572838
2008-04-08,0.0032734335682500586,2.32590238698274,-0.07879841066681037
2008-04-09,-0.0041615363627162645,2.316223059623183,-0.08263202457821239
2008-04-10,0.0044563527779927945,2.326544966689386,-0.07854390925249977
2008-04-11,-0.01631064719888679,2.28859751254537,-0.09357345445794762
2008-04-14,0.006259544863163749,2.3029230913488727,-0.08789963683096458
2008-04-15,0.0036092239191322477,2.3112348564540914,-0.08460766238356554
2008-04-16,0.025440516582297026,2.370033865145295,-0.06131960843912687
2008-04-17,-0.0023195758268898235,2.3645363918827935,-0.06349694878456702
2008-04-18,0.021973772098469846,2.416494175676564,-0.04291844416763746
2008-04-21,0.0015957115234771768,2.420350203279107,-0.04139121810008817
2008-04-22,-0.005847869819667643,2.4061963103723243,-0.04699703746462913
2008-04-23,-0.0018459804949594375,2.401754518916334,-0.04875626234510788
2008-04-24,-0.004321659157898801,2.3913749545046343,-0.05286721355533808
2008-04-25,0.012479755594945232,2.4212187294727254,-0.041047227864549174
2008-04-28,-0.0007045264206518673,2.419512916907635,-0.04172283542867594
2008-04-29,-0.012460744278058976,2.3893639851725883,-0.0536636821239026
2008-04-30,-0.001820247267523431,2.385014751907459,-0.05538624822067484
2008-05-01,0.005069405748750908,2.397105359401634,-0.05059761783705563
2008-05-02,0.005274713464735026,2.4097494033172584,-0.045589792308409205
2008-05-05,0.002788386841455748,2.4164687168446743,-0.04292852744393083
2008-05-06,0.013121036704339797,2.448175291573282,-0.030370757523846215
2008-05-07,-0.015964682814067613,2.409090949570077,-0.0458505808272226
2008-05-08,0.010317549980556676,2.4339468658499737,-0.03600609650598818
2008-05-09,-0.005774199654845211,2.4198927706972713,-0.04157238977081612
2008-05-12,0.008987685176561858,2.441642005081336,-0.032958344145551766
2008-05-13,0.009920273414782963,2.465863761352762,-0.02336502651599126
2008-05-14,-0.002524656840993102,2.4596383015387056,-0.02583069468295074
2008-05-15,0.013049498211862486,2.4917353471564634,-0.013118274075164638
2008-05-16,0.007083572270105679,2.509385734566023,-0.0061276260475293665
2008-05-19,0.0018295017420506413,2.513976660138889,-0.004309334808007215
2008-05-20,0.0004564046378463745,2.5151240507460138,-0.003854896970553301
2008-05-21,-0.013962548072565069,2.480006510279008,-0.017763620858852303
2008-05-22,-0.0006820917392063477,2.478314918325169,-0.0184335961790123
2008-05-23,-0.010969531614195923,2.451128964478668,-0.029200919877159115
2008-05-27,0.0040508241705695105,2.461058056933161,-0.02526838349863092
2008-05-28,0.009869439286850055,2.485347320007476,-0.01564832898859736
2008-05-29,-0.002925089860621666,2.478077455761599,-0.018527646080758853
2008-05-30,0.0032944590208730043,2.4862413803901546,-0.015294225630652192
2008-06-02,-0.006796916668198321,2.4693426049106164,-0.02198718872173433
2008-06-03,-0.007369424328073784,2.451144971443639,-0.029194580126336134
2008-06-04,-0.0023821755335250313,2.445305913863543,-0.03150720904537285
2008-06-05,0.02731426249915325,2.512097641485543,-0.00505354272470071
2008-06-06,-0.02793819386009841,2.441914170582224,-0.03285054972847612
2008-06-09,0.00893944182985013,2.4637435202636304,-0.02420477347700234
2008-06-10,-0.008623524754577486,2.4424973670277073,-0.03261956776832198
2008-06-11,-0.01724428786867834,2.4003782393121926,-0.04930135442025152
2008-06-12,4.95983105991242e-07,2.4003794298592473,-0.0493008828897844
2008-06-13,0.01763096482554947,2.4427004351550683,-0.032539140196333194
2008-06-16,0.004125566338436187,2.4527779578452273,-0.028547816239372747
2008-06-17,-0.0022017472201529722,2.447377560794889,-0.030686708384479178
2008-06-18,-0.002070645629751256,2.442309909144278,-0.03269381271562266
2008-06-19,0.004517560307656865,2.453343191448825,-0.02832394867859589
2008-06-20,-0.016277265522806263,2.4134094729030435,-0.044140177768106414
2008-06-23,0.009819578851783884,2.437108137523857,-0.03475403687244816
2008-06-24,-0.011902928881338906,2.408099412686778,-0.046243290924555036
2008-06-25,0.0027039478606992896,2.4146107879420637,-0.043664382511422795
2008-06-26,-0.025600991559030943,2.352794357541614,-0.06814752258234857
2008-06-27,0.0035226779447380995,2.3610824943334303,-0.06486490641239973
2008-06-30,0.002886496434126362,2.367897750534002,-0.062165642299332524
2008-07-01,0.006100148385422816,2.3823422781737684,-0.056444713556410786
2008-07-02,-0.031685328260875764,2.30685698106007,-0.08634157253966068
2008-07-03,0.005949992610651281,2.3205827630512066,-0.08090531164761239
2008-07-07,-0.012681233453191904,2.291154911285501,-0.09256056595619777
2008-07-08,0.01193634479815344,2.3185029262925876,-0.08172905598800961
2008-07-09,-0.019006022606123066,2.2744374072631084,-0.09918173430844734
2008-07-10,0.014271410662798136,2.30689683752899,-0.08632578690621351
2008-07-11,0.004347852984304112,2.3169268858285226,-0.08235326575213198
2008-07-14,0.0020547446418178,2.321687578932662,-0.08046773604185464
2008-07-15,-0.016070075096133368,2.2843778851894543,-0.09524468857697954
2008-07-16,0.010902613840121901,2.309283575136589,-0.08538049079673504
2008-07-17,-0.005274350797582128,2.2971036034702244,-0.09020451493458548
2008-07-18,-0.009786113760837925,2.274623886286234,-0.09910787705053237
2008-07-21,0.008872322016965369,2.2948050818728465,-0.09111487203317714
2008-07-22,0.0016302046217905543,2.298546083723424,-0.08963320329688895
2008-07-23,-0.011632152586969695,2.2718090449493715,-0.10022272878625038
2008-07-24,-0.014699568445285392,2.23841443239852,-0.11344906636996899
2008-07-25,0.004795125214563971,2.2491479098839577,-0.1091979436341245
2008-07-28,-0.012071718920866776,2.2219968285043836,-0.11995145567270338
2008-07-29,0.013563954371458615,2.2521358920997425,-0.10801451737277956
2008-07-30,0.02390962507303476,2.3059836168933723,-0.08668747891257267
2008-07-31,-0.023197285709716776,2.2524910560903706,-0.10787385040649944
2008-08-01,-0.011210372183108162,2.227239793012475,-0.11787491657772575
2008-08-04,-0.023313377482823278,2.17531531097321,-0.13844023163461627
2008-08-05,0.01376820019735217,2.205265487667055,-0.12657810426177718
2008-08-06,0.011130111753716775,2.229810338991404,-0.11685682095406769
2008-08-07,-0.015046308561789401,2.196259924596671,-0.13014486573023232
2008-08-08,0.009846657667924516,2.2178857442239566,-0.12157970000239127
2008-08-11,-0.0010133870829373368,2.2156381674593293,-0.12246987978779877
2008-08-12,-0.007793462700661091,2.198370674043074,-0.1293088780483791
2008-08-13,0.01407755690743325,2.2293183623105475,-0.11705167423030838
2008-08-14,-0.004059403480644684,2.220268659591119,-0.12063591773716731
2008-08-15,-0.005388395537296174,2.2083049738541796,-0.12537427923369093
2008-08-18,-0.0096246723509336,2.1870507620298962,-0.1337922652257657
2008-08-19,0.004349177956450556,2.196562634993755,-0.13002497363997867
2008-08-20,0.013881758114377906,2.227054786175819,-0.11794819075849927
2008-08-21,0.00879342982604448,2.2466382361568127,-0.11019193007099848
2008-08-22,0.002945299247974306,2.253255258064236,-0.10757117903179503
2008-08-25,-0.016684466673376024,2.215660895804454,-0.12246087795359928
2008-08-26,0.009129453322978945,2.23588866853225,-0.11444942549978887
2008-08-27,0.011002156614307078,2.2604882658355963,-0.10470645938924805
2008-08-28,0.005913995981916618,2.2738567843569175,-0.09941169698744012
2008-08-29,-0.011911777232140439,2.2467711088838667,-0.11013930423079721
2008-09-02,-0.021783252034046824,2.1978291275562345,-0.12952336404193
2008-09-03,-0.008721072771009364,2.1786616997965726,-0.13711485412958369
2008-09-04,-0.03007165665122639,2.113145733201113,-0.1630632399656422
2008-09-05,0.0036065052349261227,2.1207668043500645,-0.16004482315927626
2008-09-08,0.004300227167545549,2.1298865833781595,-0.15643282508830525
2008-09-09,-0.043495974245003274,2.037245091402765,-0.19312460120219455
2008-09-10,0.016097854210913486,2.070040365876066,-0.1801356386659747
2008-09-11,0.01957135950040498,2.1105538700569766,-0.1640897785087364
2008-09-12,0.01093024027170965,2.1336227309630864,-0.15495307894225874
2008-09-15,-0.04254102972936577,2.0428562229339353,-0.19090224513368503
2008-09-16,0.021637118361654006,2.087057744825398,-0.1733957012454942
2008-09-17,-0.039723763717105086,2.0041519561059995,-0.20623153509676162
2008-09-18,0.03389416486724211,2.072081012925262,-0.1793274158809135
2008-09-19,0.039842459960350456,2.1546378177173393,-0.1466298013075915
2008-09-22,-0.03279591135041226,2.0839745068552356,-0.17461685469299149
2008-09-23,-0.01766904569058951,2.0471526660755868,-0.18920058719966337
2008-09-24,-0.0019973550560486164,2.0430637753474974,-0.19082004150626142
2008-09-25,0.010402118373572774,2.0643159665834205,-0.18240285579248683
2008-09-26,-0.004826896797533238,2.0543517264552222,-0.18634931282953437
2008-09-29,-0.08061670973064196,1.8887366496389384,-0.25194315409929324
2008-09-30,0.04737947390805883,1.978223998449701,-0.2165006142871959
2008-10-01,-0.020598331273292636,1.9374758851968563,-0.23263939418652957
2008-10-02,-0.05929217294063704,1.8225987299434505,-0.2781378719342539
2008-10-03,-0.012561400073996965,1.7997043381222722,-0.2872054709231545
2008-10-06,-0.039931626112842546,1.727839217378713,-0.3156685155535307
2008-10-07,-0.056568173422318034,1.6300985088841518,-0.35437989764405087
2008-10-08,0.011156842768245757,1.6482852616445243,-0.3471768156740468
2008-10-09,-0.0719175547771685,1.5297446160518047,-0.3941262627926141
2008-10-10,-0.011820429217390654,1.51166237809708,-0.40128795041794985
2008-10-13,0.12007628558369526,1.6931771815155927,-0.32939683136993614
2008-10-14,-0.011267174918352435,1.6740998580436937,-0.33695263457169244
2008-10-15,-0.10349685912628623,1.5008357808724098,-0.4055759543454812
2008-10-16,0.048345141995980494,1.5733938998113346,-0.3768384394524883
2008-10-17,-0.007494788161037079,1.5616016458383806,-0.3815089033388932
2008-10-20,0.04963920063004642,1.6391183032403625,-0.3508074997038352
2008-10-21,-0.03495953523903762,1.5818154891572795,-0.3735029677948579
2008-10-22,-0.06417238681664714,1.4803066137145147,-0.41370677768500774
2008-10-23,-0.0015292142950379338,1.4780429076797832,-0.4146033456616557
2008-10-24,-0.03070571454739431,1.432658544067767,-0.43257836822676854
2008-10-27,-0.03879452585058812,1.3770792351448642,-0.45459122138877806
2008-10-28,0.09807845535796408,1.5121410394333992,-0.40109837084391553
2008-10-29,0.010301456312691642,1.5277182942897507,-0.39492881187556417
2008-10-30,0.03648154722963344,1.5834518213964572,-0.37285487874871215
2008-10-31,0.01681945925454122,1.610084624787964,-0.36230663693514187
2008-11-03,-0.010996566877327557,1.5923792215333266,-0.36931907464931235
2008-11-04,0.03455016427249084,1.647396185221404,-0.3475289450749196
2008-11-05,-0.04878765122349134,1.567023594709912,-0.37936147533602793
2008-11-06,-0.04250875234267051,1.500411376807267,-0.40574404467528913
2008-11-07,0.02341341791053367,1.535541135410175,-0.39183048164744816
2008-11-10,-0.013756570940126165,1.5144173548494229,-0.4001968087702875
2008-11-11,-0.019868742205924193,1.4843277868337421,-0.4121141437511212
2008-11-12,-0.048426007407517284,1.4124477184333477,-0.440583108580604
2008-11-13,0.07185160417909668,1.5139343528218887,-0.40038810752723697
2008-11-14,-0.04458258999438723,1.4464392382916125,-0.4271203586851088
2008-11-17,-0.026350984756631394,1.4083241399719966,-0.44221630138078194
2008-11-18,0.0030993343192963025,1.412689007311705,-0.44048754322090744
2008-11-19,-0.06472714867962273,1.3212496758973717,-0.4767031891989487
2008-11-20,-0.070970510511075,1.2274799118863429,-0.5138418310103168
2008-11-21,0.07035579199886317,1.3138402332498011,-0.47963778799433054
2008-11-24,0.06436386454669285,1.3984040680586867,-0.44614526506558017
2008-11-25,0.017892980209335593,1.423425684373115,-0.43623515325455176
2008-11-26,0.03489661480801384,1.473098422188517,-0.4165616685553769
2008-11-28,0.004153794310940765,1.4792173700340596,-0.4141381857334375
2008-12-01,-0.09157835498123594,1.3437530766266703,-0.4677904469302916
2008-12-02,0.030830235317771282,1.3851813001880495,-0.4513823011707867
2008-12-03,0.027538482677739878,1.4233270914288072,-0.436274202174877
2008-12-04,-0.021034025980454837,1.3933887924090085,-0.4481316252521832
2008-12-05,0.03538374040544355,1.4426920997234634,-0.4286044579421324
2008-12-08,0.01858479465998651,1.4695042361544086,-0.41798518912335525
2008-12-09,-0.02916778523098589,1.4266420521982328,-0.4349612721282582
2008-12-10,0.011941099256945103,1.4436777265476637,-0.42821408859472376
2008-12-11,-0.03300463804391128,1.3960296657309013,-0.4470856756392628
2008-12-12,0.010555262713343767,1.4107651256083125,-0.44124951968766424
2008-12-15,-0.008865133866167137,1.3982585039160746,-0.44620291749341834
2008-12-16,0.04369658788163676,1.4593576295136892,-0.4220038746090755
2008-12-17,-0.00753844057355008,1.4483563487480433,-0.4263610640520772
2008-12-18,-0.01084166849434259,1.4326537493532407,-0.4325802672310719
2008-12-19,-0.0012283343945348939,1.430893971477451,-0.43327724840496973
2008-12-22,-0.01099381382235371,1.4151629895554994,-0.43950769282489754
2008-12-23,-0.008929718714074771,1.4025259821241995,-0.444512731469374
2008-12-24,0.007531901932724058,1.4130896702796565,-0.4403288558379246
2008-12-26,0.007406901924451055,1.4235562868778728,-0.4361834265631708
2008-12-29,-0.007333267186412017,1.4131169682713007,-0.4403180441403104
2008-12-30,0.024180855344314425,1.4472873452656652,-0.4267844557268443
2008-12-31,0.015182937968792692,1.4692614192518523,-0.4180813596753973
2009-01-02,0.02025434942131105,1.4990203534286306,-0.4062949761994885
2009-01-05,-0.004520940957311572,1.4922433709169713,-0.40897908155815
2009-01-06,-0.006452803818458618,1.4826142171950487,-0.4127928235974605
2009-01-07,-0.022840937829828264,1.4487499180344772,-0.42620518620689984
2009-01-08,-0.0017006726129981148,1.4462860687257926,-0.4271810233321982
2009-01-09,-0.017055194785104213,1.4216193781086917,-0.4369505625558716
2009-01-12,-0.01557202559781414,1.3994818847624346,-0.44571838280858633
2009-01-13,0.003374144332380055,1.4042039386321743,-0.44384815663139754
2009-01-14,-0.028147295025257018,1.3646793960958665,-0.45950232664553414
2009-01-15,0.009401986635446304,1.3775100935396287,-0.45442057474416564
2009-01-16,0.009652566964033563,1.390806601961152,-0.4491543328076848
2009-01-20,-0.04472409078477454,1.3286040412309776,-0.4737904044355936
2009-01-21,0.029647092348749536,1.3679932879362742,-0.45818981996109753
2009-01-22,-0.01472054300589594,1.3478556839094311,-0.4661655600173925
2009-01-23,-0.0015029983294702787,1.3458298590681481,-0.4669679122889001
2009-01-26,0.006740314845596326,1.3549011760468719,-0.4633751081949218
2009-01-27,0.009320824418770097,1.3675299720135898,-0.45837332179966517
2009-01-28,0.030593459661885897,1.4093674450488076,-0.441803087868342
2009-01-29,-0.022607452009721963,1.3775052381708024,-0.45442249777133337
2009-01-30,-0.018612624584238485,1.3518662503099073,-0.464577127001922
2009-02-02,-0.001052862070643318,1.350442921610373,-0.46514085343665657
2009-02-03,0.01957724767266323,1.3768808771545342,-0.4546697834543968
2009-02-04,-0.0137801321180899,1.3579072767564733,-0.4621845058863817
2009-02-05,0.007790354653327396,1.36848585602874,-0.4579947324491822
2009-02-06,0.02667403716824577,1.4049888986166692,-0.44353726379714675
2009-02-09,-0.004049775565003958,1.3992990089059496,-0.4457908129890563
2009-02-10,-0.04181385011760987,1.3407889298778362,-0.4689644328685343
2009-02-11,0.010312750333339208,1.3546161513613713,-0.4634879956465844
2009-02-12,0.0036050186807992505,1.3594995678923414,-0.46155385984841724
2009-02-13,-0.013188525201642485,1.341569773579571,-0.46865517033753357
2009-02-17,-0.03342198386580092,1.2967318502521483,-0.4864137686616893
2009-02-18,-0.0036074285799509924,1.292053982715016,-0.4882664943108884
2009-02-19,-0.009805739958421857,1.2793844373482692,-0.4932844199956875
2009-02-20,-0.004503990879687684,1.2736221015108382,-0.4955666623466226
2009-02-23,-0.02760465769799906,1.2384641993620253,-0.5094913719640033
2009-02-24,0.034187443338253055,1.2808041240041694,-0.4927221360360984
2009-02-25,-0.01059716790022169,1.2672312276548008,-0.49809784473258967
2009-02-26,-0.02224253554136088,1.2390447920345664,-0.5092614212594107
2009-02-27,-0.014361486378178924,1.2212502671318084,-0.5163091566732406
2009-03-02,-0.03219353804850224,1.181933900190157,-0.5318808762415927
2009-03-03,-0.00603357537548126,1.1748026129145233,-0.5347053082594933
2009-03-04,0.018109822274224113,1.1960780794416994,-0.5262789040869329
2009-03-05,-0.03316459835938274,1.1564106303305535,-0.5419896739672564
2009-03-06,0.0070200599214330275,1.164528702249256,-0.5387744140338715
2009-03-09,-0.017011832147638795,1.1447179354354842,-0.5466207062845235
2009-03-10,0.03810014447361,1.1883318541571086,-0.5293468896926207
2009-03-11,-0.00464002335349374,1.182817966602119,-0.5315307311158414
2009-03-12,0.026780290031759742,1.2144941748025,-0.5189849882241573
2009-03-13,0.008426798035592454,1.2247284719289644,-0.514931571867834
2009-03-16,-0.00480844023203712,1.2188394382712198,-0.5172639944129558
2009-03-17,0.02474463594763013,1.2489991764498551,-0.5053188676958911
2009-03-18,0.012012681309321349,1.264003005512152,-0.49937642090378764
2009-03-19,-0.009801735268354986,1.251613582673717,-0.5042834006951851
2009-03-20,-0.009084644094143182,1.2402431187317307,-0.5087868095714283
2009-03-23,0.04642329676026699,1.2978192930874928,-0.48598307385960526
2009-03-24,-0.021290032541789974,1.2701886781042973,-0.49692651094416507
2009-03-25,0.00867876622307544,1.2812123487007616,-0.49256045373962265
2009-03-26,0.016777203242467294,1.3027075086716733,-0.4840470373387469
2009-03-27,-0.010773648739191998,1.288672595563337,-0.4896057333244046
2009-03-30,-0.015052779052512887,1.2692744917112937,-0.4972885854503416
2009-03-31,0.011567122815729821,1.2839563456437915,-0.4914736607773764
2009-04-01,0.007438042976831094,1.293506468123065,-0.487691220011388
2009-04-02,0.014882866762600873,1.312757552544703,-0.48006659669750684
2009-04-03,0.0020863496790211357,1.3154964238430873,-0.4789818338084143
2009-04-06,-0.007541774460156175,1.3055752465113208,-0.4829112353074754
2009-04-07,-0.01685185530457796,1.2835738813678732,-0.49162514034969673
2009-04-08,0.013583574787066665,1.3010094031801593,-0.48471959242377227
2009-04-09,0.012880316386326413,1.3177668159147056,-0.47808261774651517
2009-04-13,-0.0034693473960704085,1.3131950250432838,-0.4798933304576003
2009-04-14,-0.013027626705738468,1.296087210465187,-0.48666908599556347
2009-04-15,0.006962813475233047,1.3051116239592913,-0.4830948585902798
2009-04-16,0.013338974299129032,1.3225204743687788,-0.47619987419392784
2009-04-17,8.164465494926026e-05,1.322628451096572,-0.476157108713394
2009-04-20,-0.01988083242966905,1.2963334964936082,-0.4865715414545364
2009-04-21,0.012835063462930934,1.3129720191902268,-0.47998165460543063
2009-04-22,-0.006661299943729056,1.304225918752677,-0.48344565278034557
2009-04-23,0.005031823267275406,1.3107885530764405,-0.48084644259719334
2009-04-24,0.00438043160207092,1.3165303726779696,-0.47857232594801846
2009-04-27,-0.00044120468561942294,1.3159495133087837,-0.4788023822810219
2009-04-28,0.0009935786816125548,1.317257012691286,-0.47828453143914895
2009-04-29,0.010515019255020096,1.331107995543545,-0.4727986832415898
2009-04-30,-0.0026779566929285657,1.3275433459778685,-0.4742105055363237
2009-05-01,-0.005252882682026746,1.3205699165261415,-0.47697241606618357
2009-05-04,0.018375050218736488,1.3448354550596622,-0.4673617579456152
2009-05-05,-0.0012309860416567404,1.3431799813861587,-0.4680174281868368
2009-05-06,-0.001729305632111126,1.3408572126794087,-0.4689373886444582
2009-05-07,-0.0016423927508477897,1.3386549985133822,-0.4698096020275948
2009-05-08,0.006164800463548484,1.3469075394687489,-0.4665410840164056
2009-05-11,-0.008815416611277525,1.3350339883714613,-0.4712437466058014
2009-05-12,0.001136275725000982,1.3365509550844992,-0.47064293371062704
2009-05-13,-0.01953671684962526,1.3104391375199171,-0.48098483282707083
2009-05-14,0.0033960001760504847,1.3148893890616382,-0.47922225722797873
2009-05-15,-0.007294179210018674,1.3052983502164708,-0.4830209034123468
2009-05-18,0.01737972292340167,1.3279840738756064,-0.4740359499564628
2009-05-19,0.0014796963492508322,1.3299490870615835,-0.47325768287177616
2009-05-20,-0.009246048715080512,1.3176523130140354,-0.478127967996238
2009-05-21,-0.009412208622952882,1.3052502945514308,-0.4830399364359419
2009-05-22,0.001694202206451667,1.3074616524804314,-0.4821641015556043
2009-05-26,0.029721482379448487,1.3463213509464331,-0.46677325102454326
2009-05-27,-0.020984060770401818,1.3180700619016836,-0.4779625135294481
2009-05-28,0.007501609893464158,1.3279577093183241,-0.4740463919561815
2009-05-29,0.010974845330338295,1.342531839783323,-0.46827413245696725
2009-06-01,0.02336560480674741,1.3739009081921758,-0.4558500359704317
2009-06-02,0.005937621788378936,1.3820586121597311,-0.45261907928786427
2009-06-03,-0.010218391116959342,1.367936196714121,-0.45821243162566216
2009-06-04,0.0002081931001411009,1.3682209915917103,-0.45809963519218433
2009-06-05,0.0017737267461937697,1.3706478417592,-0.4571384520213526
2009-06-08,0.008799685710262734,1.382709111986131,-0.4523614410149538
2009-06-09,0.003375666689624416,1.387376677076903,-0.45051279577343395
2009-06-10,-0.004526600699143662,1.381096576840471,-0.4530001049362564
2009-06-11,0.0006596413517089596,1.3820076052532588,-0.45263928118609187
2009-06-12,0.002033778492833694,1.3848183025977556,-0.45152607072834616
2009-06-15,-0.016694034263072387,1.361700098406059,-0.46068231329600906
2009-06-16,-0.012119511755981246,1.345196958055306,-0.46721858034022656
2009-06-17,0.010954876529415437,1.359933424638547,-0.4613820256706872
2009-06-18,0.004724802400262159,1.366358841347476,-0.4588371621727516
2009-06-19,0.0024208939126312366,1.3696666511489641,-0.45752706435291335
2009-06-22,-0.014479127613894863,1.3498350729184823,-0.4653815992152317
2009-06-23,-0.006450166624507899,1.3411284117825533,-0.4688299769808214
2009-06-24,0.005919560316940877,1.349067302308863,-0.4656856839910086
2009-06-25,0.025064960464509307,1.3828816209051968,-0.4522931167846219
2009-06-26,0.0005777041877215536,1.3836805174087168,-0.4519767042245446
2009-06-29,0.004469226452553304,1.3898644989790023,-0.44952746401444954
2009-06-30,-0.007056799882753713,1.3800565033455636,-0.4534120385418515
2009-07-01,0.009386267258896144,1.393010082518343,-0.4482816178551101
2009-07-02,-0.026100442735434822,1.3566519026296897,-0.46268171189436946
2009-07-06,0.013477698419103339,1.3749364478330355,-0.45543989805221285
2009-07-07,-0.014205779496497935,1.3554044038334212,-0.4631757987830736
2009-07-08,0.0001863803166591429,1.3556570245354087,-0.4630757453184605
2009-07-09,-0.0014348588993202114,1.3537118479893282,-0.46384615586355116
2009-07-10,-0.0015650718176555489,1.3515931917268138,-0.46468527513493674
2009-07-13,0.02083612629864731,1.3797551581740257,-0.4535313899181226
2009-07-14,0.005687335464657721,1.3876022886176533,-0.45042343961168174
2009-07-15,0.018012294197542966,1.4125961892694183,-0.44052430492189365
2009-07-16,0.006082265475595932,1.42118797430237,-0.43712142521728503
2009-07-17,-0.0020104204182563455,1.4183307889806522,-0.43825304779702723
2009-07-20,0.007876729826348494,1.4295025974098445,-0.4338283188237497
2009-07-21,0.0012061823195927642,1.4312268381686524,-0.43314541255206074
2009-07-22,-0.002630963108976853,1.427461333156853,-0.4346367860597906
2009-07-23,0.020837099988274755,1.4572054876852385,-0.422856256241226
2009-07-24,0.0029355369563707824,1.4614831682473648,-0.421162029452284
2009-07-27,0.0017783002286391352,1.4640821240996114,-0.4201326817569139
2009-07-28,-0.0016648035164346171,1.4616447150310612,-0.4210980469073906
2009-07-29,0.00240939919759441,1.4651664006346252,-0.41970324100612333
2009-07-30,0.006117741766207015,1.4741299103182308,-0.41615313528683195
2009-07-31,-0.0010998572632446707,1.4725085778294011,-0.4167952835016093
2009-08-03,0.01056173334975906,1.488060820783668,-0.41063563079763155
2009-08-04,0.00417233596915446,1.4942695104705135,-0.4081766046410704
2009-08-05,-0.005105945053171253,1.4866398524554219,-0.41119842237895443
2009-08-06,-0.0024281026369122704,1.483030138309536,-0.41262809304219417
2009-08-07,0.014079878330352062,1.5039110222171792,-0.4043579680575615
2009-08-10,0.004596606280970514,1.5108239090679236,-0.4016200361523248
2009-08-11,-0.011482466839351002,1.4934759236319526,-0.40849091424453776
2009-08-12,0.006611917257719759,1.5033506628654036,-0.4045799051123331
2009-08-13,0.002726963963723688,1.5074502459478778,-0.4029562159702975
2009-08-14,-0.007055493514850945,1.496814440513632,-0.4071686545166011
2009-08-17,-0.018208590575093254,1.4695595591994322,-0.41796327776659004
2009-08-18,0.005617483457939601,1.477814785713692,-0.4146936961075304
2009-08-19,0.017554309531726254,1.503756803892672,-0.40441904807813134
2009-08-20,0.0027225518389711488,1.5078508597444753,-0.40279754806222023
2009-08-21,0.014102074292653255,1.529114684590833,-0.39437575471723896
2009-08-24,-0.006635472259938629,1.5189682865189658,-0.398394357596759
2009-08-25,0.00499860481015526,1.5265610087024328,-0.3953871687388256
2009-08-26,0.002023639986674154,1.5296502186017409,-0.39416365003702913
2009-08-27,0.002200603827753946,1.5330163727279207,-0.3928304442463081
2009-08-28,-0.0038188005043003114,1.5271620890306468,-0.39514910365201605
2009-08-31,-0.0056069186153160176,1.518599415485056,-0.3985404534022401
2009-09-01,-0.018522779249072915,1.490470733744255,-0.40968115581111797
2009-09-02,-0.004305287288148429,1.4840538290409087,-0.41222264802695885
2009-09-03,0.008321541932305413,1.496403445209071,-0.40733143414565565
2009-09-04,0.01067038448713429,1.5123706453173242,-0.4010074326745514
2009-09-08,0.006013925729468581,1.5214659300536912,-0.3974051358621523
2009-09-09,0.006486009462173328,1.5313341724723937,-0.39349669987149727
2009-09-10,0.006313874083382924,1.541002823616966,-0.3896673144033296
2009-09-11,-0.007881468048618816,1.5288574590997974,-0.3944776319638875
2009-09-14,0.008942326399431773,1.5425290015172737,-0.3890628533067517
2009-09-15,0.0017052557069125094,1.5451594079001891,-0.3880210492507882
2009-09-16,0.013401906122490662,1.5658674892291506,-0.379819364803907
2009-09-17,-0.00650476811785206,1.555681884308432,-0.3838534960270398
2009-09-18,0.004246618401534616,1.5622882716252702,-0.38123695694522697
2009-09-21,-0.0025027398284796936,1.558378270544307,-0.3827855598574713
2009-09-22,-0.0007496708483242533,1.557209999784218,-0.38324826753041097
2009-09-23,-0.007541537063654903,1.5454662428549513,-0.38789952357990376
2009-09-24,-0.008205207121144299,1.5327853722335898,-0.39292193476788173
2009-09-25,-0.0059904940432014865,1.523603230591718,-0.3965586323014131
2009-09-28,0.015964560629015957,1.547926886741064,-0.3869249560007326
2009-09-29,-0.001427887519818814,1.5457166212578946,-0.38780035820477154
2009-09-30,-0.0018853980664746816,1.5428023301288571,-0.38895459822570877
2009-10-01,-0.02228435523562748,1.508421974945912,-0.4025713510239437
2009-10-02,-0.005478582606454003,1.5001579605507804,-0.40584441322882125
2009-10-05,0.016358883284996514,1.5246988695364891,-0.3961246913317029
2009-10-06,0.017192235661907435,1.5509118518150042,-0.3857427247146704
2009-10-07,0.000784642951530867,1.5521287638679764,-0.3852607520731913
2009-10-08,0.004082408461418554,1.5584651874668023,-0.3827511353658888
2009-10-09,0.0069456062701594296,1.5692896730446968,-0.3784639677814373
2009-10-12,0.0037767286039219043,1.5752164542407239,-0.37611659487018945
2009-10-13,0.0006745692380400505,1.5762790468040093,-0.3756957423169651
2009-10-14,0.013078365284525984,1.5968941999684565,-0.36753086318630157
2009-10-15,0.0014040888018334407,1.599136381232345,-0.36664282035379625
2009-10-16,-0.006020886266737868,1.5895081629559422,-0.37045619189866785
2009-10-19,0.009931886044425296,1.6052949768971045,-0.36420363453663185
2009-10-20,-0.007205294080616554,1.5937283545024243,-0.36878473432518255
2009-10-21,-0.011510693356049002,1.5753834361209063,-0.3760504596900225
2009-10-22,0.012402344585114215,1.594921884349359,-0.3683120224873745
2009-10-23,-0.011781983314257123,1.5761305413204114,-0.375754559698245
2009-10-26,-0.005775487862637755,1.5670276185090828,-0.37935988166201473
2009-10-27,-0.008996958453761354,1.55292913612946,-0.3849437550214392
2009-10-28,-0.023912046002316344,1.5157954231879949,-0.39965100824537847
2009-10-29,0.021955792565034514,1.5490759130705392,-0.3864698703157864
2009-10-30,-0.023428717755121554,1.5127830507219522,-0.40084409455842096
2009-11-02,0.008935177542620017,1.5263000358636192,-0.3954905301675913
2009-11-03,0.010175082284966233,1.5418302643200783,-0.38933959657000516
2009-11-04,-0.002414593939724977,1.5381073703077666,-0.39081409347935725
2009-11-05,0.024505298106391724,1.5757991499367967,-0.37588581123785636
2009-11-06,0.004953860939117996,1.583605439793564,-0.37279403633659824
2009-11-09,0.02642529551271046,1.6254526815156447,-0.35621993339945857
2009-11-10,-0.0013100747122904053,1.6233232170615663,-0.35706333338498863
2009-11-11,0.00529015989919201,1.6319108564478926,-0.3536620956135418
2009-11-12,-0.01169439433925852,1.6128266473660737,-0.3612206259438471
2009-11-13,0.009974746355745795,1.6289141840893382,-0.3548489637103548
2009-11-16,0.015027907741861454,1.653393356167242,-0.34515369345742786
2009-11-17,-0.0008506397525013588,1.6519869140519645,-0.3457107317575516
2009-11-18,-0.004888155729517156,1.643911744752954,-0.3489089995928726
2009-11-19,-0.017207929905501372,1.6156234266784149,-0.36011292788998117
2009-11-20,-0.0038470539055195387,1.6094080362649628,-0.3625746079498334
2009-11-23,0.011425011487841315,1.6277955415679142,-0.3552920155230185
2009-11-24,-0.003218397785125617,1.6225566480022946,-0.357366942272312
2009-11-25,0.009323922682709556,1.6376852407365843,-0.3513750813287059
2009-11-27,-0.02060301341660079,1.6039439897495193,-0.36473870923043217
2009-11-30,0.004340068037067235,1.6109052157926775,-0.36198163200717703
2009-12-01,0.011196302568424066,1.6289413979977447,-0.3548381853149173
2009-12-02,0.00416845258845504,1.63573156298467,-0.3521488588785209
2009-12-03,-0.011061234738362112,1.6176383521975488,-0.35931489242598125
2009-12-04,0.010388144997317274,1.6344426139533985,-0.3526593626308805
2009-12-07,-0.0056121904111561755,1.6252698107877843,-0.35629236154867505
2009-12-08,-0.009081305729530633,1.610510238743044,-0.36213806741388577
2009-12-09,0.004358629417635379,1.6175298560470326,-0.3593578636301261
2009-12-10,0.00998259189447631,1.633676996477081,-0.35296259463234025
2009-12-11,0.001555923656463426,1.63621887316292,-0.351955853826712
2009-12-14,0.01473001544741718,1.6603204024399654,-0.3424101535429711
2009-12-15,-0.00820104321973779,1.6467040430609428,-0.3478030762946259
2009-12-16,0.008955165883084806,1.6614505509269,-0.3419625446544067
2009-12-17,-0.013382280229411797,1.6392165540670856,-0.35076858628329055
2009-12-18,0.0088627059426841,1.653744448362162,-0.34501463917476627
2009-12-21,0.013882713565052301,1.6767029088485692,-0.3359216650211272
2009-12-22,0.008791817320195093,1.6914441745234055,-0.33008320961369364
2009-12-23,0.010150513088371433,1.7086132007551549,-0.3232832104647576
2009-12-24,0.004785236187890776,1.7167893184745164,-0.3200449607945203
2009-12-28,0.0019428087732283345,1.7201247118242333,-0.31872393817895106
2009-12-29,-0.004392729109635766,1.7125686699303992,-0.32171659936741037
2009-12-30,-0.00021199229584991118,1.7122056185662602,-0.3218603902227474
2009-12-31,-0.010571824505785673,1.6941044812489576,-0.32902956316773435
2010-01-04,0.01684598712847623,1.7226433435343715,-0.31772640382526995
2010-01-05,0.014282733046953652,1.7472473985451848,-0.30798167218612116
2010-01-06,-0.0029756935624959176,1.7420481257092462,-0.31004090666932604
2010-01-07,0.010991316433892933,1.7611955279019864,-0.3024573479480869
2010-01-08,0.0038150418819659962,1.7679145626032637,-0.29979619351605113
2010-01-11,-0.0026025497373817694,1.7633134770226473,-0.30161850874872964
2010-01-12,-0.014978327927303046,1.7369019895251692,-0.31207909574305004
2010-01-13,0.012921893304011778,1.7593460517133392,-0.30318985521664243
2010-01-14,0.0006711026150915896,1.7605267534494953,-0.30272222410625593
2010-01-15,-0.01762527248540067,1.7294969897021102,-0.3150119349043973
2010-01-19,0.013352739865755078,1.752590513104209,-0.30586546746002874
2010-01-20,-0.012675581545492354,1.7303754091395003,-0.3146640263307814
2010-01-21,-0.01915689668864045,1.697226786194051,-0.32779293677537136
2010-01-22,-0.030937583710754748,1.6447186904200375,-0.3485893990648439
2010-01-25,0.005044516470207895,1.6530155009427203,-0.3453033475595584
2010-01-26,0.0021461135396320993,1.6565630598905152,-0.3438982942094042
2010-01-27,0.007311576303311359,1.6686751471041517,-0.33910115652478345
2010-01-28,-0.018448136745032002,1.637891199807338,-0.3512935087638477
2010-01-29,-0.014676449233142617,1.6138527727639547,-0.36081421664968516
2010-02-01,0.023857191102455676,1.6523547667750123,-0.34556503926632387
2010-02-02,0.01832065670454444,1.6826269912112148,-0.3335753610152702
2010-02-03,-0.005832790895080637,1.6728125798170612,-0.3374624765817976
2010-02-04,-0.04271669358993399,1.6013555574116287,-0.3657638889614868
2010-02-05,0.003756776877820221,1.6073714929428815,-0.36338120540445873
2010-02-08,-0.007918020594154477,1.594644292359303,-0.368421966130692
2010-02-09,0.020827048319935548,1.6278560260893795,-0.35526805990148613
2010-02-10,-0.004159486685574425,1.6210849806228287,-0.35794981382209035
2010-02-11,0.016135704043933403,1.6472423281002242,-0.34758988203657126
2010-02-12,0.0024425630586023812,1.651265821359408,-0.3459963291833754
2010-02-16,0.02248591306886258,1.6883960410720797,-0.3312904594946757
2010-02-17,0.0010204710213553394,1.6901190003045647,-0.3306080607868862
2010-02-18,0.008891244410081106,1.7051462614183945,-0.3246563334492043
2010-02-19,0.002378310208527505,1.7092016281789584,-0.32305015671278214
2010-02-22,-0.0020093016039335492,1.7057673266060125,-0.3244103531186817
2010-02-23,-0.015678125857895187,1.679024091775198,-0.33500233263077805
2010-02-24,0.012933915804685538,1.700740448012257,-0.3264013087907123
2010-02-25,0.0025498691746097886,1.7050771136546554,-0.32468372025194026
2010-02-26,0.0037631652136283856,1.7114936005353143,-0.32214239351979546
2010-03-01,0.02545762542654812,1.7550641635376767,-0.30488574848148586
2010-03-02,0.00415411420977387,1.7623549005184933,-0.3019981644918366
2010-03-03,0.000580779711338518,1.7633784404888924,-0.30159277918729643
2010-03-04,0.004405296348871529,1.7711466450944566,-0.29851608840742483
2010-03-05,0.019356679196892587,1.8054301625142026,-0.2849376893689459
2010-03-08,-0.0009174725575257285,1.8037737298855667,-0.28559373941587085
2010-03-09,0.0015560283203652299,1.8065804528927996,-0.2844821030421557
2010-03-10,0.009696314918080613,1.824097625888897,-0.2775442161837296
2010-03-11,0.0017581684253433582,1.8273046967394786,-0.27627401723591716
2010-03-12,-0.0002444989898775624,1.8268579225869273,-0.2764509675076511
2010-03-15,-0.0025339765429494687,1.8222287074637904,-0.2782844237836606
2010-03-16,0.014019745631698818,1.8477758904252122,-0.2681661549866725
2010-03-17,0.010107203563835241,1.8664517374900866,-0.26076936134021866
2010-03-18,-0.005524463697056624,1.8561405926240144,-0.2648532141672465
2010-03-19,-0.012300944818619073,1.8333083096185474,-0.2738962142133604
2010-03-22,0.018271399830830877,1.8668054187567724,-0.2606292816245729
2010-03-23,0.00663129120033544,1.8791847491029128,-0.2557262990860242
2010-03-24,-0.0058605986881661385,1.8681716014274985,-0.26008818856123717
2010-03-25,-0.0036599269703619245,1.8613342297981699,-0.2627962117556112
2010-03-26,0.0019993590005839114,1.8650557051436119,-0.26132227672632014
2010-03-29,0.009047766555501775,1.881930293776758,-0.25463889312639043
2010-03-30,-0.000883038498255966,1.880268476876319,-0.2552970756788625
2010-03-31,-0.005323689437509514,1.8702585114462904,-0.2592616427711534
2010-04-01,0.011377640765183553,1.8915376409275533,-0.25083378784161126
2010-04-05,0.020109287788171396,1.9295751157111243,-0.23576858888014396
2010-04-06,0.004473244633794194,1.938206577242982,-0.23234999482137508
2010-04-07,-0.00833465010994949,1.922052303580859,-0.23874808902143985
2010-04-08,0.007741738961049661,1.9369323307846662,-0.2328546754430436
2010-04-09,0.008528338029593211,1.953451144442046,-0.22631220079739978
2010-04-12,0.0023679222753658848,1.9580767649208093,-0.22448016822348915
2010-04-13,0.0024710735741675987,1.9629153166707967,-0.22256380166094325
2010-04-14,0.022895511394905834,2.007857266670868,-0.20476400232305914
2010-04-15,-0.0027491851746628466,2.0023372952404976,-0.2069502533382307
2010-04-16,-0.02411711889031783,1.954046688632665,-0.22607632836440905
2010-04-19,-0.00010305814028565274,1.9538453082149032,-0.22615608749873084
2010-04-20,0.018488397831505778,1.9899687775744015,-0.21184895338491838
2010-04-21,0.007584456994912645,2.0050616101891334,-0.205871255666371
2010-04-22,0.01772113125461747,2.0405935701568896,-0.19179839595497017
2010-04-23,0.00992517333697584,2.0608468150510153,-0.1837768549436013
2010-04-26,-0.0016793146201992523,2.057386004864509,-0.18514755040443953
2010-04-27,-0.03829205473739909,1.9786044673502785,-0.21634992500725647
2010-04-28,0.007405297763889111,1.9932566225879687,-0.21054676285924112
2010-04-29,0.02297645005415628,2.039054583821977,-0.19240792998598455
2010-04-30,-0.031783237237065824,1.9742468282450367,-0.2180758203380131
2010-05-03,0.021907549589040648,2.017497738535821,-0.20094577759719812
2010-05-04,-0.03454610191139206,1.9478010560543595,-0.22854998619705347
2010-05-05,-0.012636504537374896,1.923187659171625,-0.23829841779683236
2010-05-06,-0.04182400919885467,1.8427522408233072,-0.27015583177767977
2010-05-07,-0.02924407401119995,1.7888626579083657,-0.29149944864981603
2010-05-10,0.07919589301153232,1.930533233576402,-0.23538911478647517
2010-05-11,-0.005221414895501635,1.9204531185943452,-0.23938146545179184
2010-05-12,0.024260764628583495,1.9670447796847919,-0.22092827821297956
2010-05-13,-0.018947140863583893,1.9297749051591269,-0.23568945986851308
2010-05-14,-0.03543576891315726,1.861391847565498,-0.2627733915465028
2010-05-17,-0.001725766957666373,1.8581795190197,-0.2640456728676843
2010-05-18,-0.023886591769777598,1.8137939434139148,-0.2816251134410953
2010-05-19,-0.008396756935961525,1.798563956539149,-0.2876571327524293
2010-05-20,-0.05326755873071931,1.702758845353245,-0.32560189826994834
2010-05-21,0.03336640635113281,1.759573788905287,-0.30309965716519083
2010-05-24,-0.017686777881150934,1.728452598135424,-0.31542557873420807
2010-05-25,0.0055694927548736155,1.7380792023578815,-0.3116128464547965
2010-05-26,-0.0013789179356893822,1.7356825337721016,-0.31256207584751816
2010-05-27,0.05476609171425308,1.8307390826034917,-0.2749137874455275
2010-05-28,-0.016913185218735163,1.7997754534122414,-0.2871773048580125
2010-06-01,-0.030314174200558226,1.7452167467956141,-0.30878593621265815
2010-06-02,0.03840525305385213,1.8122422375901202,-0.2822396851785238
2010-06-03,0.004068494458989798,1.8196153350921027,-0.2793194813147899
2010-06-04,-0.05148213778961208,1.7259376476868,-0.31642165508003095
2010-06-07,-0.029675645496009262,1.6747193339058306,-0.3367072837126246
2010-06-08,0.014324252953516562,1.6987084372708425,-0.32720611106229913
2010-06-09,0.007816795676097789,1.7119868940382519,-0.32194701870034603
2010-06-10,0.044713726527254256,1.788536207836522,-0.2916287431235237
2010-06-11,0.0099871658086426,1.806398615498946,-0.2845541219270219
2010-06-14,0.0036462481770704286,1.8129851931577716,-0.28194542869830574
2010-06-15,0.03337683672937575,1.8734969039425742,-0.25797903850918724
2010-06-16,-0.005995722990018207,1.862263935483878,-0.262427990647073
2010-06-17,-0.005651409192936524,1.8517395199592102,-0.2665963118811828
2010-06-18,-0.0018509235660508455,1.8483120916435298,-0.26795378605095066
2010-06-21,0.005647766865840503,1.8587509274324465,-0.2638193596995452
2010-06-22,-0.023579279915215638,1.81492291902185,-0.2811779690853523
2010-06-23,0.0014812408925578518,1.8176112570663456,-0.28011322049869014
2010-06-24,-0.024731514439094493,1.7726589780175486,-0.29791711078044003
2010-06-25,0.01754531155020783,1.8037608320591394,-0.28559884775501276
2010-06-28,-0.0075982410862655905,1.790055422395191,-0.2910270399420761
2010-06-29,-0.04904968786281829,1.7022537626695615,-0.3258019423360956
2010-06-30,-0.014251720169908649,1.677993718385821,-0.3354104243930175
2010-07-01,-0.001954180491963776,1.6747146157957136,-0.3367091523768312
2010-07-02,-0.017637087942499286,1.6451775268383357,-0.3484076713878159
2010-07-06,-0.0029667948144397635,1.640296622682879,-0.3503408121294712
2010-07-07,0.04420333167431362,1.7128031983395866,-0.32162371157276504
2010-07-08,0.012826173546795203,1.7347719094129959,-0.3129227395673666
2010-07-09,0.015765197455861336,1.7621209311057733,-0.30209083088921385
2010-07-12,-0.005972153269109135,1.7515972748265043,-0.30625885141506015
2010-07-13,0.025538478354406043,1.7963304039152979,-0.2885417581083628
2010-07-14,-0.0028364937365072456,1.7912351239758946,-0.2905598049552748
2010-07-15,-0.001477141470681267,1.788589216290529,-0.2916077484883436
2010-07-16,-0.03869262566190679,1.7193840032816763,-0.31901730469787937
2010-07-19,0.006546681388625413,1.7306402625358608,-0.31455912796056906
2010-07-20,0.017151142752342953,1.7603227207315657,-0.3028030337159303
2010-07-21,-0.015975124936120605,1.7322013453399872,-0.3139408423574026
2010-07-22,0.034905314612788806,1.7926643782717755,-0.2899937316169028
2010-07-23,0.017415553808142102,1.8238846212115074,-0.2776285792457587
2010-07-26,0.01913005876149721,1.858775641189475,-0.2638095715191038
2010-07-27,-0.00895725317788784,1.84212611717045,-0.27040381557414483
2010-07-28,-0.010027950241855066,1.823653368128243,-0.2777201698082147
2010-07-29,-0.0016865388138499414,1.8205777059398864,-0.27893832277629405
2010-07-30,-0.0021863331856834625,1.8165973164842746,-0.28051480385013283
2010-08-02,0.024156119371818136,1.860479258111793,-0.2631348335656808
2010-08-03,-0.012123546250740578,1.8379236517775313,-0.2720682524915069
2010-08-04,0.012038885781723867,1.86005020469681,-0.2633047653263614
2010-08-05,-0.004095843782787964,1.852431729630229,-0.2663221539231089
2010-08-06,-0.008036741870726683,1.8375442139860472,-0.2722185333882996
2010-08-09,0.006656088551638541,1.8497750709918892,-0.2673743555002909
2010-08-10,-0.00758352108583726,1.835747262736966,-0.2729302375233795
2010-08-11,-0.03727074482791358,1.7673275949389557,-0.3000286691127374
2010-08-12,-0.009093837722989771,1.751255804587219,-0.3063940948065713
2010-08-13,-0.005208091156603308,1.7421351047183982,-0.31000645758757706
2010-08-16,0.0039388626232105105,1.7489971355669562,-0.30728866781311215
2010-08-17,0.024123652004493564,1.7911893338222296,-0.2905779406958666
2010-08-18,0.0028465403568022915,1.7962880265476284,-0.2885585421740515
2010-08-19,-0.0261231231396798,1.7493633732357923,-0.30714361498351217
2010-08-20,0.0037092409902451263,1.7558521835666319,-0.30457364367985595
2010-08-23,-0.010214212848688509,1.7379175356328478,-0.31167687650389775
2010-08-24,-0.021064201563558572,1.7013096903614344,-0.326175853518078
2010-08-25,0.007254409637211998,1.7136516877750747,-0.32128765713605323
2010-08-26,-0.009236243493906459,1.6978239835230402,-0.32755640959706445
2010-08-27,0.020236677911730633,1.7321823006284074,-0.3139483852442726
2010-08-30,-0.019606457287782056,1.6982203423364843,-0.3273994269261947
2010-08-31,0.0022503664177048028,1.7020419603647414,-0.3258858291840204
2010-09-01,0.038611352246779106,1.7677601020351827,-0.29985736948009933
2010-09-02,0.014382440193376563,1.793184805978941,-0.28978760996981345
2010-09-03,0.01721925797677916,1.824062117753133,-0.27755827960757873
2010-09-07,-0.01635002878910141,1.79423864961476,-0.2893702225344429
2010-09-08,0.013053964165468255,1.8176605766511293,-0.28009368688449277
2010-09-09,0.0037768094526297504,1.824525534298698,-0.2773747379161102
2010-09-10,0.0027077950925583206,1.829465975586719,-0.27541801677768085
2010-09-13,0.017491038079894154,1.861465234631577,-0.26274432571713413
2010-09-14,-0.003783335744226136,1.854422686672761,-0.26553361146228205
2010-09-15,0.0011275381853070021,1.8565136190636842,-0.2647054725633812
2010-09-16,-0.0023604408426813007,1.8521314284922523,-0.26644109179734254
2010-09-17,0.0013705100063758002,1.8546697931481242,-0.2654357419733847
2010-09-20,0.019692325192939855,1.8911925538403198,-0.25097046372921383
2010-09-21,-0.01014222688269463,1.8720116498804087,-0.25856729122791167
2010-09-22,-0.007055425253303424,1.8588038116113643,-0.2637984142850074
2010-09-23,-0.013306179201778448,1.8340702349931146,-0.2735944445131646
2010-09-24,0.027742545755905724,1.8849520124069559,-0.2534421051527269
2010-09-27,-0.008304448580438377,1.8692985253433285,-0.2596418568028065
2010-09-28,0.011270856288861795,1.8903671203834542,-0.2512973865685424
2010-09-29,0.0010727130037244098,1.8923949417753028,-0.2504942435391919
2010-09-30,-0.004974780797805128,1.8829806917570955,-0.2542228703842776
2010-10-01,0.003692140690555812,1.8899329213886629,-0.25146935629793743
2010-10-04,-0.003556672258541405,1.8832110493966556,-0.25413163447306075
2010-10-05,0.02189399517377656,1.924442063023349,-0.23780159607794116
2010-10-06,-0.009318917261189996,1.9065083466640804,-0.24490445994070198
2010-10-07,-0.0008031190192369522,1.9049771935505406,-0.24551089153026462
2010-10-08,0.010810795030076347,1.9255715115269858,-0.23735426442617313
2010-10-11,-0.0027782427239157526,1.9202218064857064,-0.2394730793919565
2010-10-12,0.005019759269930705,1.9298608576991363,-0.2356554173322024
2010-10-13,0.004954528837122769,1.939422408970241,-0.2318684500558763
2010-10-14,-0.0023819090864062933,1.9348028811119347,-0.23369806957424355
2010-10-15,0.0014768270055122404,1.9376602502571039,-0.2325663741890146
2010-10-18,-0.00025705181959912793,1.9371621711640103,-0.23276364439895092
2010-10-19,-0.015730314148170846,1.9066900016556478,-0.24483251329845301
2010-10-20,0.013677472168527034,1.9327687010873018,-0.23450373101651611
2010-10-21,-9.753062849554442e-05,1.9325801969411482,-0.23457839034874106
2010-10-22,0.0038131859562934582,1.9399494846075351,-0.23165969541617537
2010-10-25,0.004969807687303144,1.9495906604691173,-0.22784119186398988
2010-10-26,-0.0009743078004385945,1.94769115908096,-0.2285935122139341
2010-10-27,-0.005573806817253688,1.9368351048205699,-0.23289318295442984
2010-10-28,0.0051374664192278645,1.9467855301311672,-0.22895219744189743
2010-10-29,0.003883216531123229,1.9543453198843241,-0.22595805186871754
2010-11-01,-0.0008235273459771581,1.952735863069917,-0.22659549657993705
2010-11-02,0.009263148601976896,1.9708243455499435,-0.2194313357353188
2010-11-03,0.001563291800256569,1.9739053190890878,-0.21821107914293647
2010-11-04,0.02006735499281927,2.0135163778494625,-0.2025226433386449
2010-11-05,0.0016142095960098959,2.01676661530831,-0.20123534773692153
2010-11-08,-0.0011913920503180565,2.014363855595485,-0.20218698959370274
2010-11-09,-0.01241230522151625,1.9893609565926436,-0.21208968818856244
2010-11-10,0.004297749037513705,1.997910730729107,-0.20870344740432767
2010-11-11,-0.0008810461540408523,1.9961504791636813,-0.20940061618869787
2010-11-12,-0.01214647703455511,1.9719042832110034,-0.21900361344769526
2010-11-15,-0.002822342013822238,1.966338894905261,-0.22120785236210527
2010-11-16,-0.020708798376987896,1.9256183791898387,-0.23733570192511977
2010-11-17,0.002991893613392973,1.931379624520369,-0.23505389148254674
2010-11-18,0.01579984925183408,1.9618951314358546,-0.2229678582821939
2010-11-19,0.004449172402791689,1.9706239411118105,-0.2195107083211808
2010-11-22,0.006712536754565047,1.9838518267459493,-0.21427164526424236
2010-11-23,-0.004279865458292349,1.975361207838289,-0.21763445690927685
2010-11-24,0.012924002954322765,2.0008907819242454,-0.20752316231901202
2010-11-26,-0.00043569632085945403,2.0000190011721193,-0.20786844156155604
2010-11-29,-0.002884792471666893,1.9942493614143473,-0.21015357671790902
2010-11-30,-0.005508438198850031,1.9832641620539002,-0.21450439692714118
2010-12-01,0.01928842336745612,2.0215182008610992,-0.19935342518179644
2010-12-02,0.011542952183546087,2.044852488791807,-0.19011160005274996
2010-12-03,0.008447968457707724,2.0621273381177856,-0.1832696883957321
2010-12-06,-0.0020114423202518537,2.057979487920147,-0.18491249430872558
2010-12-07,0.0011595313479268346,2.0603657796497807,-0.18396737479457304
2010-12-08,0.0010256758459443356,2.062479047063778,-0.18313038984139718
2010-12-09,0.0006232223475737212,2.0637644300973106,-0.18262129844529262
2010-12-10,0.006133514976470916,2.0764225601372206,-0.17760789393785836
2010-12-13,-0.0007998348311047126,2.0747617650495314,-0.17826567178911235
2010-12-14,-0.0046033711742713805,2.065210866546822,-0.18204841990850762
2010-12-15,-0.009609513095750194,2.0453651956792545,-0.18990853632908644
2010-12-16,0.024444458732320273,2.0953630407975603,-0.1701062889759778
2010-12-17,0.003741728090683414,2.1032033195474926,-0.1670010523651576
2010-12-20,0.005955792657748152,2.1157295624358055,-0.16203988334892194
2010-12-21,0.008044246602572067,2.132749012780391,-0.1552991255274606
2010-12-22,-0.0009702366674163228,2.130679741485795,-0.15611868528887263
2010-12-23,-0.00427095627256901,2.1215797014790607,-0.15972286548324188
2010-12-27,-0.00583263623537483,2.1092052988359784,-0.16462389634578123
2010-12-28,-0.0012910266957813002,2.1064822584882976,-0.16570238919661662
2010-12-29,0.0025933462796597687,2.1119450964165174,-0.16353876659151068
2010-12-30,-0.0015752294468784848,2.1086182983104513,-0.16485638495754817
2010-12-31,-0.005169925189145482,2.097716899455723,-0.16917401496951012
2011-01-03,0.017601651263947225,2.134640180770431,-0.15455010571997807
2011-01-04,-0.010907094669407905,2.111357458233646,-0.16377150775513116
2011-01-05,0.00870075712056815,2.1297278666724373,-0.15649568674680958
2011-01-06,-0.006493901609246132,2.1158976234517968,-0.16197332076405058
2011-01-07,-0.00042477757291505393,2.1149988375947704,-0.16232929570289434
2011-01-10,0.004540830810735359,2.1246026894811902,-0.15852557475957163
2011-01-11,0.0016242455861114867,2.128053566021821,-0.1571588136385491
2011-01-12,0.006679833126302427,2.14226860872668,-0.15152877516167973
2011-01-13,0.00033203201070725443,2.1429799104803102,-0.1512470555548695
2011-01-14,0.008082629790978018,2.160300823746226,-0.1443868997209169
2011-01-18,0.0038043869206092623,2.168519443944667,-0.14113181643311334
2011-01-19,-0.013908069799136027,2.138359524157501,-0.15307701507841887
2011-01-20,-0.012479415705440694,2.111674046727851,-0.16364611907774784
2011-01-21,-0.0013983433974507475,2.1087212012670413,-0.16481562900506774
2011-01-24,0.004604352445114537,2.11843049688616,-0.16097014580435598
2011-01-25,-0.003264070896772333,2.1115157895544385,-0.16370879873295918
2011-01-26,0.012300799884566135,2.1374891227348494,-0.15342174802094988
2011-01-27,0.00785487949563652,2.1542788422171655,-0.14677197786802776
2011-01-28,-0.019759548780325997,2.111711264347951,-0.16363137859208554
2011-01-31,0.011869503476263263,2.1367762285409935,-0.15370409833284682
2011-02-01,0.016094434576254285,2.1711664337553422,-0.14008344431131248
2011-02-02,-0.002741686441011013,2.165213776182737,-0.1424410658724452
2011-02-03,0.007685808970516234,2.1818551956468077,-0.13585003172378118
2011-02-04,0.010701967967145424,2.2052053400595697,-0.12660192644447932
2011-02-07,0.006688327585936456,2.2199544757681444,-0.12076035401561414
2011-02-08,0.007412587270837006,2.236410082057061,-0.11424291340777515
2011-02-09,-0.0013931407355493002,2.233294448070354,-0.11547689768690828
2011-02-10,0.004094242791217078,2.2424380977650316,-0.11185544535159775
2011-02-11,0.013135571132202975,2.271893802907786,-0.10018915937833495
2011-02-14,0.0039172155222575705,2.280793300577457,-0.0966644063863561
2011-02-15,-0.008249072466971489,2.2619788713588105,-0.10411608716006981
2011-02-16,0.009440888690787325,2.283333962104222,-0.09565814685908103
2011-02-17,-0.0013850767447120538,2.2801713693329004,-0.09691072972913617
2011-02-18,-0.0025057089766144813,2.2744579234645435,-0.0991736086203382
2011-02-22,-0.033518693729437374,2.198221064927443,-0.12936813253638735
2011-02-23,-0.01400407758387656,2.1674370065876873,-0.1415605287553432
2011-02-24,0.003132581510828793,2.1742266796804097,-0.13887139713955665
2011-02-25,0.017939596339868254,2.2132314286652486,-0.12342309760752546
2011-02-28,0.002436748454239022,2.2186245169279215,-0.12128710019559918
2011-03-01,-0.02139803717217467,2.1711503070436,-0.1400898314892831
2011-03-02,0.006956123340265657,2.1862530963696507,-0.13410819029557397
2011-03-03,0.023964266712915495,2.23864504867299,-0.11335772802328814
2011-03-04,-0.005750117787975797,2.2257725759576514,-0.11845602552295276
2011-03-07,-0.016424682291973417,2.1892149685433595,-0.13293510523014185
2011-03-08,0.009325004316421203,2.2096294075746004,-0.12484972134379557
2011-03-09,-0.009730289758992048,2.1881290731789096,-0.13336518713778311
2011-03-10,-0.02181836738343204,2.1403876691779233,-0.1522737438720828
2011-03-11,0.013595229475866569,2.169486730707712,-0.14074871088730667
2011-03-14,-0.0048399938902103316,2.1589864281861946,-0.14490748187676739
2011-03-15,-0.007503325530538951,2.142786850199498,-0.15132351939897426
2011-03-16,-0.015803220611056,2.1089239168833256,-0.16473534104932686
2011-03-17,0.014732336529727899,2.1399932937424424,-0.15242994100227725
2011-03-18,0.0015102592600625825,2.143225238430789,-0.15114989047212402
2011-03-21,0.02112185979910905,2.1884941414348362,-0.1332205974682179
2011-03-22,-0.007804549013149927,2.1714139316430163,-0.13998541979886614
2011-03-23,0.006131094275390432,2.184727075168816,-0.13471258932944252
2011-03-24,0.015722413401843213,2.21907625741482,-0.12110818294746961
2011-03-25,0.004656042814745101,2.2294083714785278,-0.11701602501774377
2011-03-28,-0.004195626842358408,2.220054605872574,-0.12072069628455162
2011-03-29,0.011152608255163803,2.244814005196943,-0.11091443866333994
2011-03-30,0.009126523804326625,2.2653013536516586,-0.10280017812371789
2011-03-31,0.0004963613022619629,2.266425761581573,-0.10235484285174223
2011-04-01,0.005424913850205519,2.2787209260860393,-0.09748519520615884
2011-04-04,-0.0012427597584066898,2.2758890234184603,-0.09860680428692281
2011-04-05,0.002007027800407786,2.2804567959591044,-0.09679768308402814
2011-04-06,-0.005165057682032514,2.2686781050665927,-0.10146277514944446
2011-04-07,-0.004251415751710937,2.2590330112351507,-0.10528283046067288
2011-04-08,-0.006341117464753619,2.2447082175541526,-0.11095633713045361
2011-04-11,-0.006692277339946407,2.2296860076150233,-0.11690606388969849
2011-04-12,-0.010863848976850995,2.205463035562496,-0.12649986304397365
2011-04-13,0.007325686509791777,2.2216195663699603,-0.12010087487437371
2011-04-14,0.0008337646272763863,2.2234718741796646,-0.11936724610827254
2011-04-15,0.007398058689688527,2.239921249599717,-0.11285227331091963
2011-04-18,-0.012810975554369239,2.211225673227383,-0.12421750115064767
2011-04-19,0.008140989224389543,2.2292272376058206,-0.11708776526460618
2011-04-20,0.02364061333899571,2.2819275367748175,-0.09621517851095807
2011-04-21,0.01093667119433102,2.3068842279338133,-0.08633078108790526
2011-04-25,-0.0028473636812308746,2.3003156895663905,-0.08893232963849407
2011-04-26,0.004405785915325422,2.3104503880322844,-0.08491836052850688
2011-04-27,0.0029924188378950777,2.3173642232974543,-0.08218005299234044
2011-04-28,-0.0031310006548769835,2.3101085543967215,-0.08505374784748065
2011-04-29,0.0026052561665809585,2.3161269789535353,-0.08267007848197006
2011-05-02,-0.006717573900443089,2.300568224809605,-0.08883231002085501
2011-05-03,-0.012588045568583941,2.2716085671620654,-0.10030213042293379
2011-05-04,-0.011196813000606955,2.246173790824975,-0.11037587922563274
2011-05-05,-0.0012644859081703621,2.243333535719175,-0.11150079638992039
2011-05-06,0.007000201792454022,2.2590373231569885,-0.10528112267221523
2011-05-09,0.010356044314257384,2.2824320137831635,-0.09601537432980611
2011-05-10,0.011436355788937232,2.308534718356848,-0.08567708452291267
2011-05-11,-0.018368757255871636,2.266129804498599,-0.10247206021079214
2011-05-12,0.0038211375768626888,2.274788998248617,-0.09904248247377945
2011-05-13,-0.009565600773780778,2.2530292748467824,-0.1076606824005718
2011-05-16,-0.009269518066202208,2.2321447792799076,-0.11593223782624229
2011-05-17,-0.007122369891903204,2.2162466185095955,-0.1222288954379509
2011-05-18,0.021321766122185996,2.263500910578543,-0.10351326523766591
2011-05-19,0.0022573411101808067,2.2686104042369233,-0.10148958887655524
2011-05-20,-0.007829155290915126,2.250849101087567,-0.10852416641574458
2011-05-23,-0.014240725833152511,2.218795376147181,-0.121219429348699
2011-05-24,0.00033420155323132274,2.219536901008192,-0.12092573951703789
2011-05-25,0.010770674371474083,2.2434428102244217,-0.1114575169090315
2011-05-26,0.008571737674330738,2.262673013481029,-0.10384116383147723
2011-05-27,0.00538918327890123,2.2748669730509024,-0.09901159961635808
2011-05-31,0.009487463994150623,2.2964496915492054,-0.09046350460857089
2011-06-01,-0.023399158172776203,2.2427147019808227,-0.1117458929281474
2011-06-02,0.004598127767923824,2.2530269907275318,-0.10766158705344786
2011-06-03,0.043466024852592204,2.3509571179000557,-0.06887518341939036
2011-06-06,-0.01478158332795119,2.316206249361376,-0.08263868248439987
2011-06-07,0.003104756278782126,2.3233975052570353,-0.07979049917393144
2011-06-08,-0.008414225265126866,2.3038479152673688,-0.0875333492049919
2011-06-09,0.0104696484949293,2.327968393125994,-0.07798014410782284
2011-06-10,-0.017259355706885412,2.287789158554646,-0.09389361276947705
2011-06-13,-0.006620786244963054,2.2726421955623115,-0.0998927494745262
2011-06-14,0.020159781894961003,2.318458166550133,-0.08174678362185961
2011-06-15,-0.021071857351624767,2.269603946788879,-0.10109608441005047
2011-06-16,-0.005745831731345042,2.2565631844138334,-0.1062610350516775
2011-06-17,0.0026358828941275697,2.262511220711148,-0.10390524380215493
2011-06-20,0.010638724527769245,2.286581454329281,-0.09437193854018755
2011-06-21,0.023579017244139255,2.34049679787104,-0.07301811886225018
2011-06-22,-0.004472818113460349,2.3300281813990265,-0.07716434021105267
2011-06-23,0.003471208718242717,2.33811619553605,-0.07396098502328796
2011-06-24,-0.01351218350902489,2.3065231404365436,-0.08647379413016998
2011-06-27,0.002684174042464481,2.3127142499784474,-0.08402173080126296
2011-06-28,0.019417817283217575,2.3576221127128223,-0.06623543213456407
2011-06-29,0.0069246995531262396,2.373947937503165,-0.05976939304874129
2011-06-30,0.011575735810596533,2.4014281316558126,-0.048885531941636584
2011-07-01,0.01658115458497275,2.4412465827315,-0.03311495591875668
2011-07-05,0.002658843021289665,2.4477374741712428,-0.030544160366911988
2011-07-06,0.00554923842759936,2.461320553023589,-0.025164418767759433
2011-07-07,0.010660404530456434,2.487559225797947,-0.014772277121141153
2011-07-08,-0.007199652851047517,2.4696496629257814,-0.02186557470509698
2011-07-11,-0.02403296134637135,2.4102966680376072,-0.0453730415397644
2011-07-12,-0.008420525596995406,2.390000703248044,-0.05341150227906066
2011-07-13,0.0063459902204974555,2.405167624337838,-0.0474044609296882
2011-07-14,-0.011093784911684865,2.378485212036886,-0.057972350947964824
2011-07-15,0.008534313467375603,2.398783950413926,-0.04993279169601972
2011-07-18,-0.00942938075603704,2.3761649031940024,-0.05889133714694317
2011-07-19,0.020664566434927843,2.4252673206963986,-0.03944373466093021
2011-07-20,-0.006961437483594265,2.4083839738623665,-0.04613058705156292
2011-07-21,0.008745987901922244,2.42944767096095,-0.03778805670590224
2011-07-22,0.003196434176779015,2.4372132405271056,-0.03471240956505206
2011-07-25,-0.005359794533374682,2.42415027832386,-0.03988615271539975
2011-07-26,-0.0047044887430103665,2.41274589062812,-0.04440299750195853
2011-07-27,-0.027564983066250773,2.3462385910097896,-0.07074401269397712
2011-07-28,-0.00491902498974292,2.334697384748713,-0.0753150461174037
2011-07-29,-0.00470645672875759,2.32370923253265,-0.07966703584058521
2011-08-01,-0.004619627150313558,2.3129745622726077,-0.08391863098914476
2011-08-02,-0.040223936705648076,2.2199376198779803,-0.12076702999346078
2011-08-03,0.007320401295692143,2.236188454106891,-0.11433069182060951
2011-08-04,-0.06400484146669658,2.093061566612122,-0.17101781548255024
2011-08-05,-0.003161048365483095,2.0864452977681274,-0.17363826826193385
2011-08-08,-0.08765919906088494,1.9035491740814237,-0.2460764758006586
2011-08-09,0.06258125347794101,2.0226756674523387,-0.19889499662975685
2011-08-10,-0.03870385225184094,1.9443903272658698,-0.22990084631840924
2011-08-11,0.052047300948285954,2.0455905957900127,-0.1898192639067232
2011-08-12,0.017022562505269633,2.08041178956704,-0.17602791168601006
2011-08-15,0.022108695272424157,2.126406979863736,-0.15781096387249316
2011-08-16,-0.01883290942006427,2.08636054982177,-0.17367183370445372
2011-08-17,-0.008079991087933117,2.0695027751729946,-0.18034855792382987
2011-08-18,-0.06873160575586545,1.927262526319135,-0.23668451769783583
2011-08-19,-0.02472271860109895,1.8796153572105039,-0.25555575157065435
2011-08-22,0.0013949854640416745,1.882237393311802,-0.25451726266530605
2011-08-23,0.0524733725245726,1.9810047372307324,-0.2153992692785046
2011-08-24,0.015078185613871666,2.010874694360657,-0.20356891382790643
2011-08-25,-0.021283686792328452,1.9680758671872653,-0.22051990361766716
2011-08-26,0.029344202578031543,2.0258274841229436,-0.19764668176388045
2011-08-29,0.0379637264326812,2.1027354445299937,-0.16718635988801045
2011-08-30,0.010629812029086064,2.125087127052244,-0.15833370743836117
2011-08-31,0.007101612487974019,2.140178672331751,-0.15235651958439878
2011-09-01,-0.010692974041592355,2.117293797344138,-0.16142034931700777
2011-09-02,-0.029647300454991986,2.054521751982785,-0.18628197217624876
2011-09-06,-0.004686256219987593,2.044893736643456,-0.1900952633454538
2011-09-07,0.03431201894880731,2.1150581692834636,-0.1623057966746343
2011-09-08,-0.010372767162367376,2.0931191633586232,-0.1709950035989931
2011-09-09,-0.0320454227833123,2.0260442748329432,-0.1975608191981416
2011-09-12,0.00810716227833803,2.0424697445521116,-0.1910553145408843
2011-09-13,0.015520839092952295,2.0741705888095283,-0.1784998142427745
2011-09-14,0.016294590827752302,2.1079683498611375,-0.16511380485093807
2011-09-15,0.013794533061342085,2.1370467889555593,-0.1535969396294964
2011-09-16,0.0036509223556696934,2.1448489808524696,-0.15050678777448234
2011-09-19,-0.007135525074644449,2.129544357168271,-0.15656836789105788
2011-09-20,-0.012301629361766236,2.103347491776946,-0.16694395122125172
2011-09-21,-0.03715018663462557,2.0252077398999613,-0.19789213891048585
2011-09-22,-0.04466021442706509,1.934761527976677,-0.2337144479803781
2011-09-23,0.004034621024159576,1.9425675575141867,-0.23062277618169003
2011-09-26,0.02563829236919015,1.9923716725006393,-0.21089725797524028
2011-09-27,0.012365561823893912,2.017008467593121,-0.20113955923332894
2011-09-28,-0.030687297504948943,1.9551119286780896,-0.22565442724407037
2011-09-29,-0.0085636101040073,1.9383691124111966,-0.23228562081491644
2011-09-30,-0.033084909465900265,1.8742383458155747,-0.2576853815459248
2011-10-03,-0.035399443870337804,1.8078913506932415,-0.28396290621602105
2011-10-04,0.032802302161439055,1.8671943490537333,-0.26047524110692033
2011-10-05,0.025226391317212833,1.9142969243682513,-0.24181970015031595
2011-10-06,0.02461833463265314,1.9614237266386076,-0.22315456381673116
2011-10-07,-0.010728409290368475,1.940380770107389,-0.23148887961146003
2011-10-10,0.04147371959755586,2.0208555780793125,-0.19961586489686212
2011-10-11,0.00324807156205734,2.027419461613497,-0.19701615994891175
2011-10-12,0.009207041317130337,2.0460859963637263,-0.18962305455657347
2011-10-13,0.0015526788286538886,2.0492629107718856,-0.18836479943015427
2011-10-14,0.02405662920334842,2.0985612687564994,-0.16883959236166013
2011-10-17,-0.02245739355325576,2.0514330524484152,-0.18750528874187866
2011-10-18,0.016786738532395033,2.08586992271658,-0.17386615246503478
2011-10-19,-0.016936083638986528,2.050543455245405,-0.18785762440388487
2011-10-20,0.005085903088135433,2.0609723205367936,-0.18372714698783488
2011-10-21,0.022126403860067385,2.106574226445411,-0.16566596418207835
2011-10-24,0.02475193542742132,2.1587160156714575,-0.1450145820026134
2011-10-25,-0.028387129599013166,2.0974362643671265,-0.16928516386857173
2011-10-26,0.01219756088425415,2.123019870902587,-0.15915246907740532
2011-10-27,0.04419370129305803,2.2168439769164827,-0.12199230446280684
2011-10-28,0.006361117251305433,2.2309455813814987,-0.11640719456394621
2011-10-31,-0.02933025991837918,2.1655113676158195,-0.14232320120939568
2011-11-01,-0.02076984315810086,2.1205340361533547,-0.1601370138006185
2011-11-02,0.015941573393901336,2.154338685124959,-0.14674827636529997
2011-11-03,0.014922689571866217,2.186487212555741,-0.13401546576683965
2011-11-04,-0.004301310172819592,2.177082452865635,-0.1377403338534411
2011-11-07,0.0012247396144492956,2.1797488119895823,-0.1366842902823695
2011-11-08,0.006476876001056454,2.193866774758289,-0.13109270148076435
2011-11-09,-0.031514058351204056,2.1247291292037884,-0.1584754967880866
2011-11-10,0.007600219123662725,2.1408775361641665,-0.1520797261657446
2011-11-11,0.0189766935805232,2.1815043131613794,-0.1359890029484786
2011-11-14,-0.00928412830185072,2.1612509472269483,-0.14401059189931498
2011-11-15,0.005912836907409966,2.1740300715938865,-0.13894926613474523
2011-11-16,-0.021731822208382028,2.1267844366023323,-0.1576614675955017
2011-11-17,-0.01448255031808112,2.095983173983527,-0.16986067777590852
2011-11-18,-0.0015320890111669746,2.092771941195076,-0.17113252510922572
2011-11-21,-0.014211352846099225,2.0630308207123367,-0.18291185325755377
2011-11-22,0.0008685071223999426,2.064822577673856,-0.18220220638247941
2011-11-23,-0.020740499785403394,2.0219971254447153,-0.19916374134550696
2011-11-25,-0.0027670072184336533,2.0164022448029577,-0.2013796610539873
2011-11-28,0.02864029291952482,2.074152595737702,-0.1785069406150832
2011-11-29,0.0025000917791281937,2.0793381675909632,-0.17645313257070416
2011-11-30,0.03587124984603994,2.1539266265150254,-0.14691147712922437
2011-12-01,0.0026680148532064623,2.1596733347472847,-0.14463542427910503
2011-12-02,-0.0033414970620156983,2.152456792644313,-0.14749362249582865
2011-12-05,0.008929846273865822,2.1716779009137652,-0.13988087159722618
2011-12-06,-0.00268896745711223,2.1658383297108785,-0.1421937039427409
2011-12-07,-0.0009628166741949808,2.163753024453422,-0.14301961414781428
2011-12-08,-0.019201390830969025,2.122205956969201,-0.15947482947103675
2011-12-09,0.017130350248999702,2.158560088312597,-0.1450763389067754
2011-12-12,-0.014359345385827667,2.1275645784684536,-0.15735248303492932
2011-12-13,-0.01563852331537331,2.0942926102031123,-0.17053024587562893
2011-12-14,-0.014511430291072148,2.0639014289810422,-0.1825670383911575
2011-12-15,0.005164772568233644,2.0745610104649814,-0.1783451830546703
2011-12-16,0.00284162455539589,2.0804561339739855,-0.17601034855077924
2011-12-19,-0.011042041129119686,2.0574836517753154,-0.18510887617205052
2011-12-20,0.031317932683859066,2.121919786279755,-0.15958817081133259
2011-12-21,0.0021627947317952325,2.1265090632148134,-0.1577705325346248
2011-12-22,0.006308791748442731,2.139924766045812,-0.15245708221998389
2011-12-23,0.009903850289509235,2.1611182605595425,-0.14406314404835685
2011-12-27,0.004491277444407658,2.1708244422578913,-0.14021889415338396
2011-12-28,-0.013123839175013263,2.1423348914005107,-0.15150252311223
2011-12-29,0.009099687913033585,2.1618294703174583,-0.14378146087755472
2011-12-30,-0.006694393419250164,2.147357333337824,-0.14951332463129607
2012-01-03,0.007466131925658013,2.163389786480053,-0.14316347891197923
2012-01-04,-0.0009019126477120969,2.1614385978696955,-0.14393627060737013
2012-01-05,0.004717702860709725,2.1716356229261136,-0.13989761630226472
2012-01-06,-0.0037778971828567954,2.1634314068240696,-0.1431469946746048
2012-01-09,0.0006807220610925229,2.1649041023103552,-0.14256371593076633
2012-01-10,0.00441531744627229,2.1744628411627924,-0.1387778625466487
2012-01-11,-0.004526374144116607,2.164620408781211,-0.14267607616195832
2012-01-12,0.00020499800261346843,2.1650641516414275,-0.1425003264699788
2012-01-13,-0.003962337397869251,2.1564854369845925,-0.14589802949506747
2012-01-17,0.004824832862483708,2.1668901187884235,-0.14177713023986305
2012-01-18,0.00987805292421549,2.188294774062775,-0.1332995593116003
2012-01-19,-0.00031542081829333713,2.187604540334473,-0.1335729346738176
2012-01-20,-0.003028900032591811,2.180978504870956,-0.13619725564022256
2012-01-23,0.00344548791495034,2.188493039952255,-0.13322103372363003
2012-01-24,-0.000169385355120646,2.188122341281504,-0.1333678533866438
2012-01-25,0.007624826333533945,2.204806394130301,-0.12675993377365924
2012-01-26,-0.00780337253708014,2.1876014684647656,-0.13357415132472805
2012-01-27,-0.0015206502943884682,2.18427489164774,-0.13489168204658186
2012-01-30,-0.002825509158267563,2.1781032029372156,-0.13733605352185263
2012-01-31,0.0016956958300096397,2.181796603455767,-0.13587323786510996
2012-02-01,0.007177142857528014,2.1974556693648384,-0.12967127664625466
2012-02-02,0.0008896756081583284,2.199410692073881,-0.12889696641000736
2012-02-03,0.008501800294937651,2.218109642544444,-0.12149102238211096
2012-02-06,-0.002923820153953283,2.2116242888678945,-0.12405962463629894
2012-02-07,0.005804925055651497,2.224462602116031,-0.11897485640409344
2012-02-08,0.000548640066880599,2.2256830314268297,-0.11849149071038745
2012-02-09,0.003225886636348183,2.2328628325746562,-0.11564784419044294
2012-02-10,-0.004766911314365989,2.2222189734746287,-0.11986347248785545
2012-02-13,0.004584789680652956,2.2324073800923667,-0.11582823161895195
2012-02-14,0.0014472588320750281,2.235638251389995,-0.11454860621809104
2012-02-15,-0.005358352295981773,2.2236589140326743,-0.11929316672694279
2012-02-16,0.006615373036185692,2.2383692472542402,-0.11346696248932364
2012-02-17,0.004014951648209214,2.2473561915528046,-0.10990757520917815
2012-02-21,-0.002590143349663441,2.2415352168589293,-0.11221304218383577
2012-02-22,0.0006413945692236692,2.242972925373746,-0.11164362045046505
2012-02-23,0.0038021501566011737,2.251501045233208,-0.10826595610284306
2012-02-24,0.0026681338822665923,2.257508351457953,-0.10588669028635067
2012-02-27,0.001240030764084152,2.2603077312639375,-0.10477796227572878
2012-02-28,0.00019188004778459698,2.2607414392194207,-0.10460618702835223
2012-02-29,-0.0008503184627117877,2.258819089034235,-0.10536755691891986
2012-03-01,0.008282854516208823,2.277528558927141,-0.0979574465473988
2012-03-02,-0.0020760225421521403,2.272800358298413,-0.09983010722234686
2012-03-05,-0.001050599550929311,2.2704125552626326,-0.1007758253074591
2012-03-06,-0.014475207021287446,2.237547863501476,-0.11379228139468
2012-03-07,0.0060932295065344545,2.251181756165646,-0.10839241437475555
2012-03-08,0.011156890498059343,2.276297944510415,-0.09844484617469573
2012-03-09,0.00305930074824807,2.2832618245152907,-0.09568671781801119
2012-03-12,0.0020174064958256343,2.2878680917517387,-0.09386235032827583
2012-03-13,0.010209251616341062,2.31122551276543,-0.0846113630637374
2012-03-14,-0.002737089134704053,2.3048994825265887,-0.08711686335592728
2012-03-15,0.0024184071803085793,2.3104736679850206,-0.0849091402234845
2012-03-16,-1.9300338695546993e-05,2.3104290750606813,-0.0849268017870155
2012-03-19,0.0028038439640359725,2.316907157677123,-0.08236107932355508
2012-03-20,-0.0009897028707486514,2.314614108011912,-0.0832692691976592
2012-03-21,0.0006350575459222185,2.3160840211671028,-0.08268709242948447
2012-03-22,-0.0019347940348009348,2.311602875618851,-0.08446190397109776
2012-03-23,0.0011294980363227257,2.3142138265276206,-0.08342780548945439
2012-03-26,0.014058129116629119,2.3467473433044344,-0.07054251523431299
2012-03-27,0.0004883254887813717,2.3478933198478997,-0.07008863745376337
2012-03-28,-0.006228107650938895,2.333270387498967,-0.07588022552553253
2012-03-29,0.0015411888535234665,2.336866397812437,-0.07445598242979179
2012-03-30,0.0025976905560395384,2.3429368535847606,-0.0720517054761507
2012-04-02,0.007838346282132118,2.3613016039603267,-0.06477812541175887
2012-04-03,0.0012204631232643523,2.3641834854908654,-0.06363672160175371
2012-04-04,-0.007369254076076754,2.3467612167038183,-0.07053702050777866
2012-04-05,0.003625216934900654,2.355268735208781,-0.06716751557416023
2012-04-09,-0.008452389673418473,2.3353610860731773,-0.07505217923255036
2012-04-10,-0.021018842091510937,2.2862745001783455,-0.09449351142014861
2012-04-11,0.012096022514354704,2.313929328006498,-0.08354048454739249
2012-04-12,0.012086594025240208,2.341896852397209,-0.07246361044354854
2012-04-13,-0.0027430160979036995,2.3354729916314536,-0.07500785769149332
2012-04-16,-0.003107067809196639,2.3282165186799073,-0.07788187100061994
2012-04-17,0.012394480863619483,2.357073553767048,-0.0664526954967406
2012-04-18,0.00037916236055188045,2.3579672673396885,-0.0660987294970784
2012-04-19,-0.006285841991151864,2.343145457676883,-0.07196908531879587
2012-04-20,0.007653079794578533,2.3610777368347886,-0.0648667906769047
2012-04-23,-0.010367988274395602,2.336598110544349,-0.07456224082616447
2012-04-24,-0.002241210942579934,2.3313613012905856,-0.07663634205870151
2012-04-25,0.018947525531700506,2.3755348290704075,-0.05914088557481434
2012-04-26,0.00935837936763233,2.3977659852018722,-0.05033596905052884
2012-04-27,0.004778489835243117,2.4092236855894513,-0.0457980091317407
2012-04-30,-0.005405411400010959,2.3962008404141897,-0.05095586345109304
2012-05-01,0.00533368348687411,2.4089814172679405,-0.045893962411667544
2012-05-02,0.0053656680266570625,2.421907211835386,-0.040774546151739366
2012-05-03,-0.008222319994248998,2.401993515743296,-0.04866160477990855
2012-05-04,-0.01732073774145578,2.360389216000429,-0.06513948762689314
2012-05-07,-0.00021701186567871727,2.359876983532937,-0.06534236345083255
2012-05-08,-0.013576405423766537,2.3278383368542785,-0.07803165445704352
2012-05-09,-0.006667999904548042,2.312316311046331,-0.08417933929712029
2012-05-10,-1.836009191460324e-05,2.3122738567063243,-0.08419615384862811
2012-05-11,-0.00017389393163193018,2.311871766314372,-0.08435540658003904
2012-05-14,-0.01315301640067221,2.281463679055788,-0.09639889493447862
2012-05-15,-0.001088609387720051,2.2789800562770255,-0.09738256358020725
2012-05-16,-0.003842650564834482,2.270222732276526,-0.10085100698209515
2012-05-17,-0.024972730203453124,2.2135290724816383,-0.12330521219743784
2012-05-18,-0.006477799510706088,2.1991902749389833,-0.1289842652649037
2012-05-21,0.019382639960302695,2.241816388242325,-0.1121016808787747
2012-05-22,0.004368708902833452,2.2516102314561572,-0.10822271158721897
2012-05-23,0.0037112610300516526,2.2599665447630257,-0.10491309328924758
2012-05-24,0.0032107946735665015,2.267222833307389,-0.10203915301680166
2012-05-25,-0.0016716706701811808,2.263432783394184,-0.10354024782767457
2012-05-29,0.012442936339880953,2.2915965334275574,-0.09238565620012884
2012-05-30,-0.012022263649199671,2.264046355725099,-0.10329723513308631
2012-05-31,-0.003740974011539938,2.2555766171474096,-0.10665177687252958
2012-06-01,-0.03173528563116936,2.18399524893925,-0.1350024379015774
2012-06-04,0.003106017536026452,2.190778776481054,-0.13231574030507942
2012-06-05,0.005171326604405515,2.2021080090522376,-0.1278286616086951
2012-06-06,0.021212511542030566,2.248820250611056,-0.10932771702644128
2012-06-07,-0.0014993531182454893,2.245448474955929,-0.11066314929125254
2012-06-08,0.009597460406171644,2.2669990777884172,-0.1021277740788259
2012-06-11,-0.013677243379097745,2.235992779661315,-0.11440819103608191
2012-06-12,0.011165808161152804,2.260959446088736,-0.10451984278810267
2012-06-13,-0.010738844685441102,2.236679353757108,-0.11413626511529551
2012-06-14,0.010774139237706277,2.26077764854459,-0.10459184589001325
2012-06-15,0.010590496235048766,2.2847204057197836,-0.09510902920507958
2012-06-18,0.008068902496203375,2.3031555919046225,-0.08780755219204062
2012-06-19,0.008738169849758174,2.3232809566571055,-0.07983665964742792
2012-06-20,-0.0032359866748590317,2.3157628504394094,-0.08281429595550271
2012-06-21,-0.02186902870133074,2.2651193661976743,-0.10287225644170206
2012-06-22,0.008932732974308856,2.285353072650854,-0.09485845386465153
2012-06-25,-0.013682650780452573,2.254083384647738,-0.10724318954730039
2012-06-26,0.006082172054941273,2.26779310761935,-0.10181328902290643
2012-06-27,-0.0017299389590180406,2.2638699639714868,-0.10336709720669801
2012-06-28,-0.005975472638390625,2.250342270944901,-0.10872490258402001
2012-06-29,0.02366867914620701,2.303604900125043,-0.08762959827227679
2012-07-02,0.005300556932290454,2.315815289047659,-0.08279352701458231
2012-07-03,0.0014893961803027983,2.3192644554934536,-0.08142744319716866
2012-07-05,0.002908591502533543,2.32601024838083,-0.07875569086399148
2012-07-06,-0.006188772512460458,2.311615100091949,-0.08445706232163308
2012-07-09,-0.0012706856892686499,2.3086777638651648,-0.08562042963045202
2012-07-10,-0.0050100231450352865,2.297111234833772,-0.0902014924413509
2012-07-11,-0.004493668843545997,2.28678877764764,-0.09428982564867183
2012-07-12,0.004220633646944501,2.296440475306035,-0.09046715481242451
2012-07-13,0.015101185597272773,2.3311194491367204,-0.07673213051043148
2012-07-16,-0.002813992449824301,2.3245596966072113,-0.07933019932434049
2012-07-17,0.007872183273452078,2.3428590565689835,-0.07208251791908904
2012-07-18,0.006275593324562472,2.3575618872247786,-0.06625928516279722
2012-07-19,0.003492396455984017,2.3657954280044855,-0.06299829239949184
2012-07-20,-0.010964102747825439,2.3398566038515085,-0.07327167539651169
2012-07-23,-0.009028941810627055,2.318730174730122,-0.0816390515136165
2012-07-24,-0.008909129490886736,2.298072307349025,-0.08982084812305524
2012-07-25,-0.0015716891246491424,2.294460452095907,-0.09125136679754264
2012-07-26,0.01626587242420637,2.3317818530920857,-0.07646977746419958
2012-07-27,0.015058689343486673,2.366895431634579,-0.06256262274371183
2012-07-30,-0.0006243428281802896,2.3654176774467857,-0.0631479050470698
2012-07-31,-0.00956570694463128,2.3427907851426792,-0.07210955763785354
2012-08-01,-0.007713967536978084,2.3247185730801574,-0.07926727438810721
2012-08-02,-0.0006957055732948619,2.3231012534125233,-0.07990783327683049
2012-08-03,0.013079129234193706,2.353485394930023,-0.06787382892088889
2012-08-06,-0.001292002508017739,2.35044468589719,-0.06907813827171216
2012-08-07,0.0022877521672426374,2.3558219208213353,-0.06694841976500965
2012-08-08,-0.0014866629679139603,2.3523196076126505,-0.06833555299649863
2012-08-09,-0.0024065776497925336,2.346658567819801,-0.07057767583176355
2012-08-10,-0.00041994601594187774,2.3456730979034695,-0.07096798303392537
2012-08-13,-0.0009235070720741969,2.3435068522087814,-0.07182595067177688
2012-08-14,0.004927310474501288,2.3550540380687353,-0.06725254895636168
2012-08-15,0.0025392627437698556,2.361034139047168,-0.0648840581045802
2012-08-16,0.005116927783209484,2.373115380230365,-0.06009913736097339
2012-08-17,0.0018557616953207513,2.377519316851573,-0.058354905342688945
2012-08-20,-0.004205750058739647,2.3675200648450696,-0.062315229254855886
2012-08-21,-0.006313177758886431,2.3525734898279724,-0.06823499989437054
2012-08-22,0.0039558409604989655,2.361879896401618,-0.0645490857413934
2012-08-23,-0.007459604086325557,2.3442612074750104,-0.0715271792039538
2012-08-24,0.0076463878879301965,2.362186337977992,-0.06442771587274643
2012-08-27,-0.0012377253480592668,2.359262600070638,-0.06558569740375231
2012-08-28,-4.403385416988661e-05,2.359158712645358,-0.06562684326688706
2012-08-29,0.002527980298524587,2.365122619392018,-0.06326476633519551
2012-08-30,-0.006367750991699553,2.3500621074868935,-0.06922966304832456
2012-08-31,0.0035806546782418116,2.358476868366225,-0.0658968958869498
2012-09-04,0.004203659957993759,2.368391103139631,-0.06197024407155205
2012-09-05,-0.0018053470943562764,2.3641153351432784,-0.06366371336583732
2012-09-06,0.01678381416489077,2.403794207592692,-0.047948419135125486
2012-09-07,-0.00328089326995793,2.3959076153546373,-0.0510719987594378
2012-09-10,-0.004944291140386488,2.384061550558855,-0.05576377506883612
2012-09-11,0.00022946451789313224,2.384608608093181,-0.05554710635870519
2012-09-12,0.0002560223214358577,2.385219121124741,-0.05530530533638833
2012-09-13,0.013601599751193256,2.417661916929173,-0.04245594621249815
2012-09-14,-0.0008308752090955305,2.415653141578422,-0.043251545828406956
2012-09-17,-0.0014678200401950523,2.4121073974870533,-0.04465588038286561
2012-09-18,-0.0032181884824745302,2.404344781241969,-0.047730357825417236
2012-09-19,0.003539400244765554,2.4128547197491974,-0.04435989442082178
2012-09-20,0.0036878696242816553,2.4217530133779652,-0.04083561830371096
2012-09-21,0.0009387456790385559,2.4240264235549724,-0.039935206884905816
2012-09-24,-3.418489194908513e-05,2.4239435584736015,-0.03996802659612264
2012-09-25,-0.005446431304118668,2.410741716397314,-0.045196774789024285
2012-09-26,-0.005069745503718949,2.398519869419981,-0.05003738414697401
2012-09-27,0.006620645054386725,2.4143996181313048,-0.04374801885247437
2012-09-28,-0.0019637951305326216,2.409658231918059,-0.04562590183661408
2012-10-01,0.002455482024240581,2.415575104391097,-0.043282453394172915
2012-10-02,0.002476858883274866,2.4215581430466258,-0.040912799040077386
2012-10-03,0.009952899885422506,2.4456596688110985,-0.03136710014753319
2012-10-04,0.006021824248405181,2.4603870015080918,-0.02553416306339862
2012-10-05,0.002577391940843014,2.4667283831371334,-0.023022582668651426
2012-10-08,-0.006556419498833964,2.450555477067606,-0.02942805645756308
2012-10-09,-0.017924833959233923,2.4066296770332776,-0.046825397391052404
2012-10-10,-0.005148229400800988,2.3942397953731347,-0.05173255890430051
2012-10-11,-0.0031752923978186163,2.3866373839523316,-0.054743585301110564
2012-10-12,-0.003410455654619752,2.3784978629907045,-0.05796734038568596
2012-10-15,0.011528039083926389,2.4059172793162964,-0.04710755106731723
2012-10-16,0.009910007510794875,2.4297599376246724,-0.037664379741414455
2012-10-17,0.005269249209510441,2.4425629482553015,-0.032593593535083065
2012-10-18,-0.0011433007086116718,2.4397703643057325,-0.03369962996511
2012-10-19,-0.014590916713752197,2.4041718781194668,-0.04779883818475694
2012-10-22,-0.0025572227338756088,2.3980238751365954,-0.050233828642973544
2012-10-23,-0.016339349232281034,2.3588417255733907,-0.06575238980578257
2012-10-24,0.0022353250403327144,2.3641145035487465,-0.0636640427288444
2012-10-25,-2.288793804821403e-05,2.3640603938424505,-0.06368547352822673
2012-10-26,-0.000899093733468658,2.361934881956805,-0.06452730805153317
2012-10-31,-0.00047028730297899585,2.3608240939713574,-0.06496724898084028
2012-11-01,0.013879276763878214,2.393590624962418,-0.051989670646154895
2012-11-02,-0.01190993582276214,2.3650831142331503,-0.06328041282807484
2012-11-05,0.00743842385658413,2.3826756048928663,-0.05631269550392559
2012-11-06,0.008954717098158295,2.4040117908713654,-0.04786224266303962
2012-11-07,-0.017337143025926767,2.3623330946170142,-0.06436959114237562
2012-11-08,-0.014047634171247674,2.329147903513203,-0.07751298484550229
2012-11-09,-0.0018618870732085909,2.324811293140061,-0.07923055149422131
2012-11-12,0.0014475073165094521,2.3281764744963853,-0.07789773098069064
2012-11-13,-0.000919705440495782,2.3260352379263565,-0.0787457934542013
2012-11-14,-0.018570932797764762,2.2828385938375932,-0.09585434341362153
2012-11-15,-0.0006704137758347468,2.281308147396277,-0.09646049511715826
2012-11-16,0.011554764164741166,2.3076681250265434,-0.08602030922471016
2012-11-19,0.023162319336310303,2.361119071060633,-0.06485041976007055
2012-11-20,0.006847411549494253,2.3772866250575446,-0.05844706572383096
2012-11-21,0.001648739883504641,2.381206152330799,-0.0568946898486592
2012-11-23,0.01383084790732716,2.414140252459678,-0.043850743743363396
2012-11-26,-0.003462732651999196,2.40578073018098,-0.047161632993187985
2012-11-27,-0.006304825595591839,2.3906127022559533,-0.05316911271795455
2012-11-28,0.0065842192559340705,2.4063530204436274,-0.04693497055779894
2012-11-29,0.004921624026054585,2.4181961852842115,-0.04224434281050393
2012-11-30,-0.0010883093254662047,2.41556443982496,-0.043286677223741354
2012-12-03,-0.005662837246825247,2.4018854915430126,-0.04870438906249264
2012-12-04,-0.0028897976285946862,2.3949445285453956,-0.05145344086307235
2012-12-05,-0.00035270933674373564,2.3940998092491945,-0.05178800209081602
2012-12-06,0.004979088339512914,2.406020243693057,-0.04706677078864019
2012-12-07,0.003094167428570566,2.4134648731635733,-0.04411823582921193
2012-12-10,0.0010339448194941782,2.415960262666212,-0.04312990683109863
2012-12-11,0.004183359586605632,2.426067093191895,-0.039126975153704335
2012-12-12,0.001245210627772061,2.4290880577200253,-0.03793048585122627
2012-12-13,-0.00639823336962381,2.4135461854513665,-0.04408603112055065
2012-12-14,7.47716145546061e-05,2.413726650196455,-0.04401455588972214
2012-12-17,0.017117925848434117,2.4550446440129075,-0.027650067945259926
2012-12-18,0.011415145672120295,2.483069336255874,-0.01655055182657872
2012-12-19,-0.00873624659436208,2.461376630223443,-0.025142208718911152
2012-12-20,0.007137326414201069,2.4789442786616345,-0.01818433045511081
2012-12-21,-0.011311556308040718,2.450903560869058,-0.029290193685284516
2012-12-24,-0.00024267211861217166,2.4503087949094278,-0.02952575789054057
2012-12-26,-0.006190914933973833,2.4351391415981753,-0.035533881369053
2012-12-27,0.00012558168290594616,2.4354449504696873,-0.0354127620907696
2012-12-28,-0.009674455327622133,2.4118833470934855,-0.04474461823351683
2012-12-31,0.02035057076461736,2.460966549824514,-0.025304625988596396
2013-01-02,0.027027251385483324,2.5274797114178864,0.0
2013-01-03,-0.00405206960628943,2.517238187698737,-0.0040520696062894546
2013-01-04,0.007198380200054382,2.5353582252278883,0.0
2013-01-07,-0.004623512294584311,2.5236359653023714,-0.004623512294584464
2013-01-08,0.0006643940682714991,2.525312654068195,-0.00396219006045595
2013-01-09,0.005379997163742331,2.5388988289846446,0.0
2013-01-10,0.005145441489525042,2.551962584357009,0.0
2013-01-11,-0.0001059955461395733,2.5516920876891525,-0.00010599554613954787
2013-01-14,-0.0006720094024040992,2.549977326614185,-0.0007779337185400692
2013-01-15,0.0022191621041348923,2.555636139663811,0.0
2013-01-16,7.982416421489556e-05,2.555840141182697,0.0
2013-01-17,0.01082131317669375,2.58349768778,0.0
2013-01-18,0.00259246931311554,2.5901953262560746,0.0
2013-01-22,0.006346242570476073,2.606633334101409,0.0
2013-01-23,0.0009728204541557113,2.609169120325307,0.0
2013-01-24,0.003050439889854039,2.617128233889323,0.0
2013-01-25,0.006189676832176712,2.6333274118854635,0.0
2013-01-28,-0.00620639845028858,2.6169839327172353,-0.006206398450288475
2013-01-29,0.007808218935189347,2.637417916213764,0.0
2013-01-30,-0.0038626478380722135,2.627230499601608,-0.0038626478380722196
2013-01-31,-0.002860701140429115,2.6197147783152275,-0.006712299097425878
2013-02-01,0.010513866796442424,2.6472581105391053,0.0
2013-02-04,-0.01222305922213336,2.6149005178777127,-0.012223059222133403
2013-02-05,0.010770851844305976,2.6430652239433723,-0.0015838601377933248
2013-02-06,0.001982937983734761,2.648306258369418,0.0
2013-02-07,-0.0056438681434116825,2.6333595670438092,-0.005643868143411668
2013-02-08,0.0058248450581696145,2.648698478504288,0.0
2013-02-11,-0.0024234535593190866,2.642279480748994,-0.0024234535593189444
2013-02-12,0.006028977335174987,2.658209723851628,0.0
2013-02-13,0.004727612160144617,2.670776708466324,0.0
2013-02-14,0.0054932348003518625,2.68544791202524,0.0
2013-02-15,-0.0008990481158441951,2.6830335651397363,-0.00089904811584407
2013-02-19,0.004815108496853439,2.695952662856584,0.0
2013-02-20,-0.02421981620818544,2.6306571848562292,-0.024219816208185474
2013-02-21,-0.008608053890315251,2.6080123460420417,-0.032619384615367175
2013-02-22,0.011711024126903823,2.6385548415498032,-0.021290366888698675
2013-02-25,-0.024641008904089587,2.5735381882052457,-0.04540675967271246
2013-02-26,0.012306640423745241,2.6052097973042647,-0.033658923913066685
2013-02-27,0.01862249282301034,2.6537252980569996,-0.01566324415905762
2013-02-28,0.0012256897609248308,2.6569779419831354,-0.014456752676121454
2013-03-01,0.005690187163592267,2.672096643762556,-0.008848827141033966
2013-03-04,0.010459269664464355,2.7000448231291787,0.0
2013-03-05,0.011824849419606723,2.7319724465888697,0.0
2013-03-06,0.0014772673012580782,2.7360083001521533,0.0
2013-03-07,0.0014900808384455037,2.740085173694038,0.0
2013-03-08,0.007834710134454673,2.7615529467736475,0.0
2013-03-11,0.0021238415651666713,2.767418047706414,0.0
2013-03-12,-0.0029391898955664145,2.7592840805437873,-0.0029391898955664075
2013-03-13,0.003343826268465293,2.768510647134468,0.0
2013-03-14,0.004924818817911514,2.782145060467064,0.0
2013-03-15,-0.005713779565614861,2.766248496871991,-0.005713779565614807
2013-03-18,-0.004348869293078847,2.754218443726919,-0.010037800378193351
2013-03-19,-0.0035526035225294963,2.744433797581919,-0.013554743575740824
2013-03-20,0.012750772424985101,2.7794274483703236,-0.0009768046013690634
2013-03-21,-0.012214049584333826,2.74547938369987,-0.013178923445867574
2013-03-22,0.00561102493133799,2.7608843369702845,-0.007641845782552559
2013-03-25,-0.0029871465955567085,2.752637170722378,-0.010606165064496076
2013-03-26,0.00789108658911337,2.77435846898496,-0.002798772642285119
2013-03-27,0.00015523241549886415,2.7747891393515607,-0.002643974687023931
2013-03-28,0.004740774768315425,2.7879437896907944,0.0
2013-04-01,-0.008666873280185148,2.7637810341532654,-0.008666873280185006
2013-04-02,0.0018109938470580293,2.7687862246007326,-0.006871575087310622
2013-04-03,-0.017448671563014814,2.7204745831394748,-0.024200346793506355
2013-04-04,0.005564060202398679,2.7356114674991585,-0.018770938777585622
2013-04-05,-0.0024021816635846336,2.7290400317932404,-0.02112802923623036
2013-04-08,0.008919291613737031,2.7533811356623668,-0.01239718467647477
2013-04-09,0.0014606596582002894,2.7574028884108785,-0.010954633085806575
2013-04-10,0.011096488087818988,2.7880003767154475,0.0
2013-04-11,0.0066946374667938065,2.806665028494842,0.0
2013-04-12,-0.0014275431709904857,2.802658393000156,-0.0014275431709904751
2013-04-15,-0.030797181582605887,2.7163444135569157,-0.032180760447342416
2013-04-16,0.018607158771899848,2.7668878653391324,-0.014172394194486793
2013-04-17,-0.014467360028787452,2.726858302431988,-0.0284347170939927
2013-04-18,-0.004314533201042688,2.715093181751606,-0.032626567764071135
2013-04-19,0.01917270400689535,2.7671488596764697,-0.014079403283677183
2013-04-22,0.004988021656837547,2.7809514581162293,-0.009161609995333886
2013-04-23,0.018447447904296175,2.832252915264205,0.0
2013-04-24,0.00019877215255720016,2.832815888272758,0.0
2013-04-25,0.007039369592506618,2.852757126297835,0.0
2013-04-26,-0.0049954210131560135,2.838506403403696,-0.004995421013156087
2013-04-29,0.002546436896555391,2.8457344808404317,-0.0024617046409824983
2013-04-30,-0.0017316743121218218,2.840806595540841,-0.004189116082413569
2013-05-01,-0.012096227576298718,2.8064435524609284,-0.01623467115723587
2013-05-02,0.017417600729508376,2.855325065727596,0.0
2013-05-03,0.014310101598167613,2.8961850575139527,0.0
2013-05-06,0.003067976539712231,2.90507048532507,0.0
2013-05-07,0.0056833293202227225,2.921580957591632,0.0
2013-05-08,3.640816328393201e-05,2.921687326988183,0.0
2013-05-09,-0.005623444450864222,2.905257380602071,-0.005623444450864268
2013-05-10,0.006572610696825079,2.9243525063388462,0.0
2013-05-13,0.0032517686833016166,2.9338618242378933,0.0
2013-05-14,0.01700881302659694,2.983763331452226,0.0
2013-05-15,0.00561020771831734,3.0005028635239714,0.0
2013-05-16,-0.00991118453469425,2.970764325946707,-0.009911184534694195
2013-05-17,0.01353779838971684,3.010981934454737,0.0
2013-05-20,-0.004080175540325064,2.9986965996134143,-0.004080175540324915
2013-05-21,-0.001945598505771584,2.992862339989944,-0.006017835662662119
2013-05-22,-0.010452919326542088,2.961578191394583,-0.016407851038501953
2013-05-23,-0.001619265505077141,2.956782609988669,-0.018000547876380057
2013-05-24,-0.0027753074308687208,2.948576629239704,-0.020725898252967778
2013-05-28,0.006748878996248138,2.968476216121608,-0.014116895836117416
2013-05-29,-0.012743712297392368,2.9306468092617024,-0.026680706474441984
2013-05-30,0.004288013537589859,2.943213462453711,-0.02250710016740709
2013-05-31,-0.01157260260614355,2.909152822667682,-0.033819237047496564
2013-06-03,-0.003748919974035896,2.89824664154326,-0.03744137140825854
2013-06-04,-0.00842307246554665,2.873834500058514,-0.04554907248922402
2013-06-05,-0.017720647683971004,2.8229082913809362,-0.06246256110728177
2013-06-06,0.016173129968320453,2.86856355406609,-0.047299646257903505
2013-06-07,0.014160954380391827,2.9091851516924745,-0.033808500010378495
2013-06-10,-0.0019700431531588358,2.9034539314031114,-0.03571193895957325
2013-06-11,-0.011004836427646568,2.8715018958128127,-0.04632377134045573
2013-06-12,-0.013630602940139088,2.8323615936291318,-0.059322953346763185
2013-06-13,0.01860446594658945,2.8850561684462326,-0.04182215926556476
2013-06-14,-0.004497159099614012,2.872081611845407,-0.04613123746107217
2013-06-17,0.007168218547546337,2.892669320525504,-0.039293697705515496
2013-06-18,0.007968546911679048,2.9157196917060864,-0.0316382644673362
2013-06-19,-0.01605757207305822,2.8689003126116805,-0.0471878028284437
2013-06-20,-0.03252742965233815,2.775582359513633,-0.07818033454383133
2013-06-21,-0.0024962053911280506,2.7686539358642954,-0.08048138576239083
2013-06-24,-0.012639644298925725,2.73365913492815,-0.09210377397259539
2013-06-25,0.01522707328430041,2.7752847629099984,-0.07827917160433617
2013-06-26,0.01196952147586968,2.8085035934813036,-0.06724661435409784
2013-06-27,0.011614402079608965,2.841122683458022,-0.056413241492089816
2013-06-28,-0.004809955729802475,2.8274570091276514,-0.06095185202774067
2013-07-01,0.00885150791709083,2.852484267229179,-0.05263985991143472
2013-07-02,-0.004263147441561508,2.8403237062232463,-0.05667859586889068
2013-07-03,-0.0027066715610056134,2.832635882823562,-0.059231857086340045
2013-07-05,0.012993665540412407,2.8694422060827423,-0.04700783048624513
2013-07-08,0.005407536301427591,2.8849588189769833,-0.04185449073462322
2013-07-09,0.010075004772969999,2.9140247928479983,-0.032201170155574776
2013-07-10,-0.0033762361523026504,2.9041863569936788,-0.03546868755305166
2013-07-11,0.01582618974896605,2.950148561345819,-0.020203831983446996
2013-07-12,0.008475645340896856,2.9751529742547436,-0.01189942715696879
2013-07-15,0.0015914878469201043,2.9798878940559983,-0.01032687710375435
2013-07-16,-0.008737837020643888,2.953850119297947,-0.01897447955533338
2013-07-17,0.004255463354525204,2.9664201202353797,-0.01479976140322703
2013-07-18,0.010892317908437619,2.9987313112349696,-0.004068647200962228
2013-07-19,0.002350731228676887,3.0057805225747005,-0.0017274802683192592
2013-07-22,0.005563582443960619,3.022503430320496,0.0
2013-07-23,-0.003835899404720624,3.0109094112113635,-0.003835899404720733
2013-07-24,-0.006127888495365452,2.992458894069814,-0.009940281936254514
2013-07-25,0.004460337965096567,3.005806272084024,-0.005524280988062125
2013-07-26,0.00026211199987180806,3.006594129977227,-0.005263616968528062
2013-07-29,-0.0061225478878760104,2.988186113437034,-0.011353938109450845
2013-07-30,0.006729652727202773,3.0082955682647152,-0.004700693442810877
2013-07-31,0.004343215051966355,3.0213612428575667,-0.00037789451335978885
2013-08-01,0.018133099734025732,3.0761478876068225,0.0
2013-08-02,-0.001792726283633666,3.0706331964363653,-0.0017927262836336944
2013-08-05,-0.0009926061258786485,3.067585267115256,-0.002783552938421363
2013-08-06,-0.010655719198124271,3.0348979398925726,-0.013409611378060737
2013-08-07,-0.009715878219529314,3.0054112410998757,-0.02299520344646966
2013-08-08,0.006170599685637423,3.0239564307594176,-0.016966497955990256
2013-08-09,-0.0018857463067304331,3.0182540160883993,-0.018820249751862028
2013-08-12,-0.0017420193445555612,3.0129961592055907,-0.020529483857280484
2013-08-13,0.004045079335433475,3.0251839677069334,-0.01656744791276532
2013-08-14,-0.006792191346652493,3.0046363393394424,-0.02324710998306867
2013-08-15,-0.018325984256882887,2.9495734210870497,-0.04114706806838375
2013-08-16,0.0005023627231264483,2.9510551768229285,-0.04066537609842069
2013-08-19,-0.010263057226405534,2.9207683286649146,-0.05051108224279488
2013-08-20,0.010840665723276811,2.952431401771105,-0.040217990277433
2013-08-21,-0.004251341305531737,2.939879608201007,-0.044298351179672846
2013-08-22,0.014395227611900221,2.9821998443126443,-0.03054080841583584
2013-08-23,0.0010115525300857338,2.98521649611038,-0.02956014951777397
2013-08-26,-0.0018113318353932706,2.979809278435434,-0.03131793811328676
2013-08-27,-0.027424957365795442,2.898088136016141,-0.057884002361540565
2013-08-28,0.005104673593755421,2.9128819299964386,-0.053074807706140925
2013-08-29,0.006446086358485604,2.931658618469268,-0.046970846141589195
2013-08-30,-0.008187475256997966,2.907655736068586,-0.05477374875800256
2013-09-03,0.01190957492620584,2.9422846799169076,-0.04351650589661915
2013-09-04,0.012393299078803766,2.9787492939301004,-0.0316625198902567
2013-09-05,0.0038787712076729522,2.9903031809262726,-0.027906560353096466
2013-09-06,-0.002436976973972522,2.9830158809291585,-0.030275529682065705
2013-09-09,0.011330156122519834,3.016813916576042,-0.019288400037535514
2013-09-10,0.011874289958043282,3.0526364397709265,-0.007643146134364676
2013-09-11,0.0007078374058118315,3.0547972100293403,-0.006940718833284842
2013-09-12,-0.007278696277251412,3.0325622689489418,-0.014168895726202946
2013-09-13,0.005501136529442367,3.0492448080244654,-0.008745704226621909
2013-09-16,0.006877009520373773,3.0702144935992,-0.0019288389974768672
2013-09-17,0.0046644034250776945,3.0845352125988676,0.0
2013-09-18,0.0077007331808670665,3.108288395258081,0.0
2013-09-19,-0.0036972015202869695,3.0967964266776424,-0.0036972015202869635
2013-09-20,-0.007732690903645229,3.072849857118631,-0.011401303107367422
2013-09-23,-0.010076459373509981,3.041886410372479,-0.021362877713310913
2013-09-24,0.00559959880588504,3.0589197538836386,-0.01588290245195967
2013-09-25,0.0005649658621426062,3.060647939119616,-0.015326909887494189
2013-09-26,0.0027259910922054664,3.0689912381380333,-0.012642699815113123
2013-09-27,-0.003775755060452515,3.057403478940149,-0.016370719137760892
2013-09-30,-0.004040067980890933,3.0450513610402186,-0.02034464830043925
2013-10-01,0.012227812503542242,3.0822856781466745,-0.008365606341765197
2013-10-02,-0.0002453348786759577,3.081529485963782,-0.008608888845424323
2013-10-03,-0.009185716080333266,3.0532234310125435,-0.01771552611705629
2013-10-04,0.013563599510477453,3.0946361308468036,-0.00439221290794789
2013-10-07,-0.014443969410483589,3.0499373012362754,-0.01877274132954465
2013-10-08,-0.0190216045734323,2.991922599918398,-0.03743725824064703
2013-10-09,0.0013493160033916387,2.9959596489633773,-0.03613845692892248
2013-10-10,0.027962650702017672,3.0797346221446795,-0.009186333274918135
2013-10-11,0.007717409627654698,3.10350219576824,-0.0015398183441223123
2013-10-14,0.005162047849213867,3.119522622602936,0.0
2013-10-15,-0.007400020794933983,3.096438090325407,-0.007400020794933959
2013-10-16,0.018121523227464503,3.152550265101645,0.0
2013-10-17,0.005737992287640099,3.170639574209196,0.0
2013-10-18,0.005884648300379831,3.1892976729906835,0.0
2013-10-21,-0.0012870599735072472,3.1851928556121774,-0.0012870599735071986
2013-10-22,0.004951475789865547,3.200964260922794,0.0
2013-10-23,-0.00846214763651471,3.1738772287676578,-0.00846214763651476
2013-10-24,0.004628800358758877,3.1885684728228343,-0.003872516869771636
2013-10-25,0.0031638359667605005,3.19865658043963,-0.0007209329111655949
2013-10-28,-0.004526392661078346,3.184178204768618,-0.005244062346805745
2013-10-29,0.009608441005417665,3.2147731931998735,0.0
2013-10-30,-0.004853660357056552,3.199169775995111,-0.004853660357056588
2013-10-31,-0.002608198771114895,3.190825705316773,-0.007449199817192831
2013-11-01,0.00521823204735898,3.207476174269794,-0.0022698394230469265
2013-11-04,0.0072277154746343475,3.2306588994490846,0.0
2013-11-05,-0.0005380272370006178,3.2289207169677225,-0.0005380272370005823
2013-11-06,-0.0038069817408680215,3.216628274755516,-0.004342960718001221
2013-11-07,-0.018653680089212397,3.1566263199523115,-0.02291562860734009
2013-11-08,0.020926322000869104,3.222682898760052,-0.0024688464295604673
2013-11-11,0.003789778416915163,3.2348961528543345,0.0
2013-11-12,0.0009799009633442788,3.238066030710835,0.0
2013-11-13,0.011236851382776174,3.2744516974655484,0.0
2013-11-14,0.006910252814028545,3.29707898652236,0.0
2013-11-15,0.003346038613082828,3.308111140121648,0.0
2013-11-18,-0.006723631660225045,3.2858686193243827,-0.006723631660225049
2013-11-19,-0.006496962154927005,3.26452045525857,-0.013176910634711936
2013-11-20,-0.001524968091100235,3.2595421657315566,-0.014681784357554961
2013-11-21,0.014214419133487963,3.3058746642585417,-0.0006760582605528365
2013-11-22,0.0072924013767437165,3.329982429211523,0.0
2013-11-25,-0.0008971390788099083,3.326994971842527,-0.0008971390788099498
2013-11-26,0.0011573098952693895,3.3308453360449515,0.0
2013-11-27,0.0037488069955090818,3.3433320323416758,0.0
2013-11-29,-0.0018385750174132734,3.3371850655920947,-0.0018385750174132465
2013-12-02,-0.0014680760995415233,3.332285823957552,-0.0033039519489145297
2013-12-03,-0.006969824569818091,3.3090603763480764,-0.01025074855326158
2013-12-04,-0.0026118389388698274,3.300417643606059,-0.012835814187907468
2013-12-05,-0.005779946462343703,3.2813414063226416,-0.018541570331444435
2013-12-06,0.014041433565610916,3.327416143685609,-0.00476048699384457
2013-12-09,-0.0010001664592991367,3.3240881736625645,-0.005755892173722521
2013-12-10,-0.0004750161070278134,3.322509178238894,-0.006228174139257581
2013-12-11,-0.015573974251294104,3.270764505847313,-0.02170515096687431
2013-12-12,0.0008506933097329456,3.2735469233301497,-0.020872922083855494
2013-12-13,0.004762136113895369,3.2891359993542717,-0.016210185666018062
2013-12-16,0.007494122091641874,3.3137851861094467,-0.008837544684885623
2013-12-17,-0.0015916461552029427,3.3085108126588074,-0.010415124596069303
2013-12-18,0.015128874169157524,3.3585648564308195,0.0
2013-12-19,-0.0008689891742881046,3.3556462999294365,-0.0008689891742881262
2013-12-20,0.008543406475998477,3.3843149502594136,0.0
2013-12-23,0.004694064484648865,3.4002011428722927,0.0
2013-12-24,0.0028799254121435443,3.40999346855005,0.0
2013-12-26,0.00483770864364408,3.4264900234276245,0.0
2013-12-27,-0.0047119740318889835,3.410344491416707,-0.004711974031888944
2013-12-30,0.00031688984186003307,3.41142519494328,-0.004396577366734822
2013-12-31,0.004135460478600819,3.425533009012671,-0.00027929876007515286
2014-01-02,-0.008038892622621155,3.397995516977974,-0.008315946129954455
2014-01-03,0.002896096170996281,3.4078364387837565,-0.005443933738703333
2014-01-06,-0.0035671253566552314,3.395680259011637,-0.00899163990127938
2014-01-07,0.005977168577352426,3.4159768123545375,-0.003068215871403712
2014-01-08,0.010064734672763458,3.4503577126191978,0.0
2014-01-09,0.004699974280080651,3.4665743051255857,0.0
2014-01-10,0.002810560128704241,3.4763173206507623,0.0
2014-01-13,-0.017995897437949875,3.413757870686563,-0.017995897437949826
2014-01-14,0.013873819310328874,3.4611197305536816,-0.004371749957002069
2014-01-15,0.002750894201976116,3.470640904752807,-0.0016328819766352476
2014-01-16,-0.004595165018806387,3.4546927370744482,-0.006220543633302711
2014-01-17,-0.006266900054760391,3.433042522971296,-0.012448460162826969
2014-01-21,0.0032399198250427207,3.4441653055016856,-0.009248872350656967
2014-01-22,0.004990914075756501,3.461354838604146,-0.0043041186021002265
2014-01-23,-0.012650692429370223,3.4175663031520527,-0.016900360950855786
2014-01-24,-0.029405544905802244,3.3170709037561585,-0.045808941533793335
2014-01-27,-0.007680203276589993,3.291595124932449,-0.053137322827518374
2014-01-28,0.010453564179410317,3.3260040258235644,-0.043239233062607574
2014-01-29,-0.010169298390195146,3.2921808984379743,-0.05296881878962589
2014-01-30,0.01537678305810439,3.3428040499012903,-0.03840652576689363
2014-01-31,-0.0074649813808097265,3.3178500799090815,-0.04558480314795199
2014-02-03,-0.029420042460494393,3.220238789680602,-0.07366373876428023
2014-02-04,0.008372536551166198,3.247200356650686,-0.06590795455841347
2014-02-05,-0.0014581292172573825,3.242465518936365,-0.06726998146147956
2014-02-06,0.014126600559110525,3.2882705341490683,-0.05409367706009405
2014-02-07,0.01894087938678855,3.3505532697275164,-0.03617737948608868
2014-02-10,-0.0010609159009517897,3.3469986144866763,-0.037199914229889
2014-02-11,0.012513271971890208,3.3888805184392874,-0.025152134902088563
2014-02-12,0.002231368503525144,3.396442359690343,-0.022976890080180334
2014-02-13,0.00908303793351444,3.4272923744824055,-0.014102552110858313
2014-02-14,0.0014948629913342176,3.4324157070135013,-0.012628770502758013
2014-02-18,0.005968569947804972,3.4529023202507556,-0.006735576255053499
2014-02-19,-0.00872910555233879,3.4227615714353714,-0.015405886251306122
2014-02-20,0.007608112840195731,3.448802327695937,-0.007914983132113584
2014-02-21,0.001539831988171003,3.454112903841002,-0.006387338888155236
2014-02-24,0.008228127613932188,3.4825337856067358,0.0
2014-02-25,0.0011908431864063648,3.486680937236755,0.0
2014-02-26,-0.0009656481602369223,3.4833140302043795,-0.0009656481602369205
2014-02-27,0.003935849665730734,3.4970238305657944,0.0
2014-02-28,0.0009432951820525889,3.5003225562966898,0.0
2014-03-03,-0.007023128016583204,3.4757393428844843,-0.007023128016583224
2014-03-04,0.022180712396381332,3.5528337176137925,0.0
2014-03-05,0.0006244139731097066,3.555052156631206,0.0
2014-03-06,0.001031307921781301,3.558718510082686,0.0
2014-03-07,-0.0010563156676927908,3.5549593799635772,-0.0010563156676928198
2014-03-10,-0.0005163488716224133,3.5531237806990696,-0.0015721191119121292
2014-03-11,-0.006283928821187416,3.530796203768288,-0.007846168848501978
2014-03-12,0.001526612978479513,3.5361863630773267,-0.006331533933217948
2014-03-13,-0.015838070989831962,3.4801799924256325,-0.022069325639141102
2014-03-14,-0.00045557834134136673,3.478594497797114,-0.0225148496737132
2014-03-17,0.008722636624075018,3.5089370135639046,-0.013988601901987696
2014-03-18,0.00948471194124145,3.542218270357518,-0.004636567820247461
2014-03-19,-0.0027654382337335853,3.5324224845204415,-0.007389183912057673
2014-03-20,0.006467179404040143,3.5552672944587003,-0.000969791686026289
2014-03-21,-0.009622466972786174,3.5210568523383445,-0.010582926870343123
2014-03-24,-0.009379452688534483,3.488031266178197,-0.01986311749699099
2014-03-25,-0.0007578282703221292,3.48538793747692,-0.0206058929353371
2014-03-26,-0.010353471847612166,3.4493020715882454,-0.030746022250548344
2014-03-27,-0.006456095396568606,3.42703304836249,-0.03700361839440247
2014-03-28,0.0037320408255220863,3.439822875609392,-0.03340967658342031
2014-03-31,0.0144148316794096,3.489407343368284,-0.01947643976842428
2014-04-01,0.014952715389171463,3.541583458250555,-0.004814950039904398
2014-04-02,0.003345289049396341,3.5534310786109637,-0.0014857683901499108
2014-04-03,-0.0063469783462026565,3.5308775285002962,-0.007823316596552887
2014-04-04,-0.02177449069791406,3.453994468600493,-0.0294274585600085
2014-04-07,-0.015161432899506415,3.40162696322954,-0.04414272902115435
2014-04-08,0.00510162677748512,3.418980794432167,-0.03926630197207481
2014-04-09,0.017726787115655212,3.47958833912758,-0.022235580232297658
2014-04-10,-0.03239495841089117,3.3668672195945204,-0.05391021794632134
2014-04-11,-0.015706513903147805,3.3139854727999065,-0.06876999026177355
2014-04-14,0.009416020583306182,3.3451900282245686,-0.06000150932228587
2014-04-15,0.005712955147792882,3.364300948816659,-0.054631340106051196
2014-04-16,0.015493624360506743,3.416426163953321,-0.03998415320745863
2014-04-17,0.005364874459253651,3.43475486142224,-0.03483378871052256
2014-04-21,0.004498492936133426,3.4502060819036977,-0.030491995326842325
2014-04-22,0.008475491365472406,3.4794482737599726,-0.0222749386044786
2014-04-23,-0.002603576045991512,3.4703892655811446,-0.024820520153893577
2014-04-24,-0.004538084805618178,3.4546403447854304,-0.02924596733413387
2014-04-25,-0.01802139306038085,3.3923829132498025,-0.04674030732175527
2014-04-28,-0.007806039303678073,3.3659018388958484,-0.05418148994941374
2014-04-29,0.011225630184639927,3.4036862081770924,-0.04356408113379884
2014-04-30,0.00721048066062911,3.4282284217560033,-0.03666771843768302
2014-05-01,-0.0015868801023428722,3.4227882342872324,-0.03819641126723883
2014-05-02,0.0031874113549529783,3.4336980683707994,-0.03513074758727741
2014-05-05,0.0023286077373727322,3.4416938042606096,-0.03288394558055607
2014-05-06,-0.010814974657501492,3.404471972988651,-0.04334328119996522
2014-05-07,0.00650942300878644,3.4266331211823924,-0.037115997943097945
2014-05-08,-0.002176756412002602,3.4191741755642777,-0.03921196186859022
2014-05-09,0.0036915819517193992,3.4317963372405758,-0.03566513408759642
2014-05-12,0.018048026625014077,3.4937334889067193,-0.018260792752180066
2014-05-13,-0.0009839521958052277,3.490295822168751,-0.019226777200859635
2014-05-14,-0.007408977152832128,3.4644363001656773,-0.026493303600688023
2014-05-15,-0.013139427691565805,3.4189155899076145,-0.03928462444528191
2014-05-16,0.004932306090637502,3.435778728095091,-0.03454608214706445
2014-05-19,0.00915137563804224,3.4672208298450835,-0.025710850683572817
2014-05-20,-0.009427579892681085,3.4345333284661512,-0.03489603947732567
2014-05-21,0.010563534549174096,3.4708141399416936,-0.024701130446799557
2014-05-22,0.004234113191561939,3.4855099598770805,-0.020571604637508845
2014-05-23,0.008795702659529118,3.5161674691009863,-0.011956843695600683
2014-05-27,0.01094368796935793,3.5546473087308343,-0.0011440076927459186
2014-05-28,-0.00014771996508748845,3.5541222163544903,-0.0012915586650569244
2014-05-29,0.006680695940803602,3.57786622621841,0.0
2014-05-30,-0.00026802704092767867,3.5769072613209616,-0.00026802704092765417
2014-06-02,0.004225133385138413,3.592020171606313,0.0
2014-06-03,-0.0007975800855853817,3.5891552478504187,-0.0007975800855853921
2014-06-04,0.00403669912741892,3.603643587707588,0.0
2014-06-05,0.006340124900582331,3.6264911381508367,0.0
2014-06-06,0.0075821538286040685,3.6539877518183657,0.0
2014-06-09,-0.0013461202505090286,3.6490690449105307,-0.0013461202505090641
2014-06-10,-0.002909445689418949,3.6384522767074237,-0.00425164947616774
2014-06-11,-0.0028345882150687366,3.6281387627627786,-0.007074186015736839
2014-06-12,-0.010527487575787904,3.5899435770145587,-0.017527200186135294
2014-06-13,0.006825486263568441,3.614446687586457,-0.010821345586676134
2014-06-16,0.00037258442094462185,3.6157933741125867,-0.010452793030510832
2014-06-17,0.006188649366122974,3.6381702514853203,-0.004328832335350308
2014-06-18,0.007376592897083405,3.6650075523208074,0.0
2014-06-19,-0.0005085127596643,3.663143849216186,-0.000508512759664348
2014-06-20,0.0042288648237482655,3.6786347893844664,0.0
2014-06-23,-0.0025126509031026772,3.6693916643587343,-0.002512650903102709
2014-06-24,-0.009808985817535979,3.6333986535640546,-0.01229699016356578
2014-06-25,0.007064240520496952,3.6590658555596813,-0.005319618539262327
2014-06-26,0.00048803931986913173,3.6608516235711854,-0.004834175402406937
2014-06-27,0.0021406216287191983,3.6686881217361336,-0.002703901914111184
2014-06-30,-0.00041244641970421096,3.667174984455312,-0.003115233119151739
2014-07-01,0.010714323892083771,3.7064662850077132,0.0
2014-07-02,-0.0010826598098113492,3.7024534429245146,-0.0010826598098113704
2014-07-03,0.005535982656953012,3.7229501609727205,0.0
2014-07-07,-0.01196218712581803,3.678415534487071,-0.01196218712581798
2014-07-08,-0.006824386930841313,3.6533126035873136,-0.01870493946317353
2014-07-09,0.004928683175390124,3.6713186239510547,-0.013868447008212326
2014-07-10,-0.0041895986140551775,3.655937272532394,-0.017999942395902857
2014-07-11,0.002317625860560768,3.6644103672998036,-0.01572403366732733
2014-07-14,0.005389890976910227,3.6841611396742087,-0.01041889351760139
2014-07-15,-0.003988452668650082,3.669467037344938,-0.014365790922596933
2014-07-16,0.002360617438214846,3.678129245222249,-0.012039085620947687
2014-07-17,-0.012945546122861532,3.630513853432378,-0.024828779205626206
2014-07-18,0.012813630919642875,3.6770339179989113,-0.012333295098909458
2014-07-21,-0.002733342116649782,3.6669833263264953,-0.015032926100628341
2014-07-22,0.011232279441050649,3.708171907753468,-0.003969500686356597
2014-07-23,0.0008975030723024914,3.711500003433302,-0.0030755602531157278
2014-07-24,0.003324523065397551,3.723838970801939,0.0
2014-07-25,-0.0030369607091666707,3.7125298181603497,-0.003036960709166703
2014-07-28,-0.0018553186426590376,3.705641892377289,-0.004886644822005071
2014-07-29,-0.003064011186506174,3.694287764165859,-0.007935683274112093
2014-07-30,-0.005751682749519936,3.6730393929609435,-0.013641722491038788
2014-07-31,-0.020280104435111194,3.598549770477418,-0.03364517136935696
2014-08-01,-0.0019443435119188433,3.5915529535788733,-0.035524097110616326
2014-08-04,0.009293163864667052,3.6249298437051105,-0.02656106450154261
2014-08-05,-0.010307962962349999,3.587564201135081,-0.036595236994770186
2014-08-06,-0.0018404569558998299,3.580961443646365,-0.03836834199219019
2014-08-07,-0.006499640842524536,3.557686480391735,-0.044618602392042295
2014-08-08,0.012031126351219895,3.600489455955355,-0.033124288083815956
2014-08-11,0.006363456089797726,3.6234010125101066,-0.026971616946745325
2014-08-12,-0.0037029252291348454,3.60998382948561,-0.030574668295017537
2014-08-13,0.010024931795172392,3.6461736711578787,-0.02085624546416276
2014-08-14,0.0018281552184121965,3.6528394425820436,-0.01906621869973224
2014-08-15,0.0023780207442769233,3.6615259705520167,-0.01673353781903819
2014-08-18,0.01030517941789061,3.699258652621821,-0.006600800510668914
2014-08-19,0.005082250217758961,3.718059210714655,-0.0015520972127426313
2014-08-20,0.004580252873209097,3.735088862097292,0.0
2014-08-21,-0.00016794615775328044,3.7344615682740354,-0.00016794615775339583
2014-08-22,-5.561578956713375e-05,3.734253873245308,-0.00022355260686224288
2014-08-25,0.004668419575650075,3.7516869371276136,0.0
2014-08-26,0.0012589988091639501,3.7564103065138137,0.0
2014-08-27,-0.0005025638341136469,3.754522470547668,-0.0005025638341136229
2014-08-28,-0.0026296045862458815,3.744649561039953,-0.003130846876196358
2014-08-29,0.005183714120176729,3.7640607538446296,0.0
2014-09-02,0.0019627052362161585,3.771448495595636,0.0
2014-09-03,-0.001426049705480861,3.7660702225792555,-0.0014260497054808807
2014-09-04,-0.004126997653750526,3.750527659606811,-0.005547162055442811
2014-09-05,0.0025346186708012637,3.760033817038207,-0.003026603325157251
2014-09-08,0.0003696344620839184,3.7614236551155846,-0.002658087599965553
2014-09-09,-0.008830971951146358,3.7282066283208803,-0.011465586054072885
2014-09-10,0.0039052736332950925,3.7427662953659384,-0.0076050886716849675
2014-09-11,-0.0007827020658956877,3.7398368244543905,-0.008381838218966098
2014-09-12,-0.009148173795030204,3.7056241472192277,-0.017453333501247337
2014-09-15,-0.0040132363528785344,3.690752601681503,-0.02139652550163973
2014-09-16,0.01036860531205869,3.7290205587127923,-0.011249772317556972
2014-09-17,-0.0013144149307052256,3.7241190784135134,-0.012549400379560982
2014-09-18,0.004814940614214959,3.74205049061634,-0.007794884382917533
2014-09-19,-0.004244302498618064,3.726168096369062,-0.012006103034272742
2014-09-22,-0.013290993839338952,3.6766436191558793,-0.025137523832148734
2014-09-23,-0.005210891331174852,3.6574850287930007,-0.030217426258299374
2014-09-24,0.01009627667993351,3.6944120095964097,-0.020426233074425038
2014-09-25,-0.017046459814660676,3.6314353637360246,-0.03712449792781769
2014-09-26,0.012415678720977926,3.6765220985081686,-0.02516974504578917
2014-09-29,-0.0005677572655995658,3.6744347263746033,-0.02572321200576566
2014-09-30,-0.0029070884973263406,3.6637528194473834,-0.028555520849355753
2014-10-01,-0.0222754183429011,3.5821411926892095,-0.050194853019338015
2014-10-02,-0.002239156610843104,3.5741202175566262,-0.05232161549321257
2014-10-03,0.013494253208076972,3.622350300768443,-0.039533403412856494
2014-10-06,-0.005092253171494417,3.603904375961091,-0.0444243424854418
2014-10-07,-0.019262439629560296,3.5344843854884322,-0.0628310608997934
2014-10-08,0.018273791997794928,3.5990728179683016,-0.045705430639882194
2014-10-09,-0.027095004531965568,3.5015559236545766,-0.07156204632152463
2014-10-10,-0.02199968377053335,3.424522800629338,-0.09198738770301218
2014-10-13,-0.028622936861680253,3.32650290072554,-0.11797737537439823
2014-10-14,0.004478554159511648,3.3414008241282116,-0.11402718928009803
2014-10-15,-0.0036722251874212967,3.3291304478605777,-0.11728068095099409
2014-10-16,0.009863548981684048,3.361967489099466,-0.10857393571047547
2014-10-17,0.01670462476238345,3.418127894468205,-0.09368299780311062
2014-10-20,0.01254128051183499,3.460995595218059,-0.08231662204591406
2014-10-21,0.027676605601633254,3.5567842052958993,-0.056918261127104186
2014-10-22,-0.013099792032037727,3.5101910719036864,-0.06927243577555164
2014-10-23,0.014186923045985282,3.5599898825174883,-0.05606827544512216
2014-10-24,0.011105138797819849,3.5995240642816793,-0.04558578262827484
2014-10-27,-0.0037282437580241127,3.5861041611571634,-0.049144071476760476
2014-10-28,0.018938291052950428,3.6540188455073546,-0.031136485152963855
2014-10-29,-0.004880598748159693,3.6361850457042193,-0.03586511921066393
2014-10-30,0.006796489953751941,3.6608983408373312,-0.029312386179317307
2014-10-31,0.017243440487659682,3.7240248235089313,-0.01257439207829214
2014-11-03,-0.0019432946831536865,3.716787945869474,-0.014493251012176245
2014-11-04,-0.004693903663016374,3.699341701315702,-0.019119124751177607
2014-11-05,0.001280184672681674,3.704077541860739,-0.017863416088957362
2014-11-06,0.01214919951355545,3.7490791189304846,-0.0059312427814604
2014-11-07,-0.005274215762910559,3.729305666745023,-0.011174175890199312
2014-11-10,0.004830272683124057,3.7473192300341207,-0.006397877523634188
2014-11-11,0.0021210014287380715,3.7552672994749607,-0.004290446002264581
2014-11-12,-0.0004070746399613231,3.753738625391068,-0.004695774110464401
2014-11-13,-0.0025838689139853193,3.744039456845694,-0.007267509759698587
2014-11-14,-8.003280580281164e-05,3.7437398108629263,-0.007346960926304158
2014-11-17,-0.0006181376226328974,3.7414256644364836,-0.00796055711597643
2014-11-18,0.007711977646379513,3.7702794555262082,-0.00030997110812802653
2014-11-19,-0.003540750268703176,3.7569298375309677,-0.003849623846546857
2014-11-20,0.004837373862795299,3.775103511731396,0.0
2014-11-21,0.006269770927017696,3.7987725459757318,0.0
2014-11-24,0.0044314722903765974,3.8156067012506667,0.0
2014-11-25,0.0013059256406512136,3.8205895998764703,0.0
2014-11-26,0.0005456966420975102,3.822674482791956,0.0
2014-11-28,-0.007735330699967917,3.7931048315092313,-0.007735330699967902
2014-12-01,-0.012945392209408903,3.7440016017739404,-0.020580586019596225
2014-12-02,0.008207841434969684,3.7747317732535737,-0.012541666771314075
2014-12-03,0.005413202246683561,3.7951651597691773,-0.007196355103374241
2014-12-04,0.0003172660527251036,3.7963692368388573,-0.006881372209826764
2014-12-05,0.003150807729878017,3.8083308663757607,-0.003752246360699596
2014-12-08,-0.005260682528281738,3.7882964467251017,-0.0089931895121097
2014-12-09,0.0002857230793623654,3.789378850451397,-0.008710035994548226
2014-12-10,-0.015292440685904012,3.73142999914445,-0.02386927897163338
2014-12-11,0.006720888013216671,3.7565085222978567,-0.017308813709341453
2014-12-12,-0.015156719297510364,3.6995721770866825,-0.03220318817608647
2014-12-15,-0.004790242818920304,3.681850328032316,-0.036839169904099855
2014-12-16,-0.009118975492965664,3.6482756251222215,-0.04562220990952892
2014-12-17,0.0204724528308421,3.7229647757714477,-0.02608375561909826
2014-12-18,0.02395625055495387,3.812153052747096,-0.0027523740491697257
2014-12-19,0.0032525240575493296,3.824552172262216,0.0
2014-12-22,0.0023527235025623395,3.833550286044674,0.0
2014-12-23,-0.0027107092918266075,3.823158645663608,-0.0027107092918265963
2014-12-24,0.003395302230385087,3.8361394247403453,0.0
2014-12-26,0.0039108665057408735,3.851142053927914,0.0
2014-12-29,0.0006932387691491754,3.8538118149051974,0.0
2014-12-30,-0.0060136911037877,3.8306361810782303,-0.006013691103787688
2014-12-31,-0.011388435729442342,3.7870112271271443,-0.017333640298597852
2015-01-02,0.0018687527448173415,3.794088214752492,-0.015497279841666156
2015-01-05,-0.01438794069781685,3.7394990985163474,-0.029662246596143693
2015-01-06,-0.007593807907338075,3.7111020606925504,-0.037030805100730535
2015-01-07,0.012981189459195913,3.7592765796448133,-0.02453031953837359
2015-01-08,0.020501192660351678,3.83634623306766,-0.004532027684898021
2015-01-09,-0.005021792892671759,3.8170808968206127,-0.00953106167315243
2015-01-12,-0.008953163960491665,3.7829059457009175,-0.01839889247576665
2015-01-13,-0.0035743368570143115,3.76938456555258,-0.0219074654932766
2015-01-14,-0.0004981879372321221,3.767506703631233,-0.022394739395464658
2015-01-15,-0.005547976324931286,3.746604665635467,-0.027818470236426918
2015-01-16,0.012928184668255521,3.79504146263175,-0.015249927888576265
2015-01-20,0.0026506789883550676,3.8051008992966846,-0.012639671563649313
2015-01-21,0.0059560063384197885,3.827764104371223,-0.006758947189178022
2015-01-22,0.012886938165438774,3.877092263696141,0.0
2015-01-23,-0.002150510956612287,3.8687545343032657,-0.0021505109566123393
2015-01-26,0.0010819131424681784,3.8729401906789116,-0.0010709244802111773
2015-01-27,-0.011581180787690458,3.8280869701507467,-0.01263970269788639
2015-01-28,-0.009088606818141129,3.793294992813397,-0.021613432227908236
2015-01-29,0.00950132212194696,3.8293363104436855,-0.01231746628771957
2015-01-30,-0.02304901557871277,3.7410738781681387,-0.035082576394076415
2015-02-02,0.006884612458389615,3.766829721997531,-0.02843949387820177
2015-02-03,0.006376321339541288,3.7908482387363227,-0.022244511890361807
2015-02-04,-0.0014327985772054684,3.7854167167734594,-0.023645438562580168
2015-02-05,0.0076600845995345,3.814413329068436,-0.016166480022828056
2015-02-06,-0.014460993004117606,3.7592531246019645,-0.030393689672434387
2015-02-09,-0.011551721978219931,3.715827277660808,-0.04159431219766607
2015-02-10,0.01673409645540441,3.778008289736807,-0.025556258974573587
2015-02-11,0.0001544596575184386,3.7785918396033416,-0.025405746728063727
2015-02-12,0.007663145829263194,3.8075477398994853,-0.017937288840879195
2015-02-13,-0.0059747155316457875,3.784798725280425,-0.0238048341742918
2015-02-17,0.003963220832569481,3.7997987184355386,-0.0199359571564377
2015-02-18,0.008429738077504802,3.831830026379189,-0.011674273976085892
2015-02-19,-0.002796782239852455,3.8211132322152785,-0.014438405813818833
2015-02-20,0.006576085128402814,3.846241198115593,-0.007957268871166101
2015-02-23,0.005440080872254703,3.86716506128754,-0.002560476185092697
2015-02-24,-0.0007623974667509316,3.8642167444413067,-0.003320921551286382
2015-02-25,-0.0068230909896388175,3.8378508419902975,-0.010121353591011406
2015-02-26,0.0008334061622386842,3.8410493305317646,-0.009296382627225874
2015-02-27,-0.002584024244997989,3.831123965935437,-0.01185638479412443
2015-03-02,0.0042351946839279415,3.847349521789435,-0.007671404208047239
2015-03-03,-0.0029321474178600976,3.836068525823515,-0.010581057937867344
2015-03-04,-0.005056659369198376,3.8166708339715223,-0.015584212501308259
2015-03-05,0.005255514671283776,3.8367294035349206,-0.010410600887465482
2015-03-06,-0.01984865977017928,3.760575466973913,-0.03005262418262633
2015-03-09,0.009917800190940324,3.7978721030583125,-0.0204328799135427
2015-03-10,-0.012886721997500893,3.748929981084136,-0.03305628906798941
2015-03-11,-0.0012367636120748852,3.7442934408993147,-0.034252169864594784
2015-03-12,0.016330167880687266,3.8054383813837567,-0.018481345668074134
2015-03-13,-0.002672632555254026,3.795267842878657,-0.02110458437723084
2015-03-16,0.016704277264499228,3.8586650492191397,-0.00475284394172093
2015-03-17,-0.002649720832626087,3.848440664052098,-0.007389971064740375
2015-03-18,0.012884824593939853,3.898027146968595,0.0
2015-03-19,-0.0005201576506143105,3.895999558325797,-0.0005201576506143057
2015-03-20,0.00940086578261535,3.932625327262747,0.0
2015-03-23,-0.0016795246379722193,3.9260203861336955,-0.001679524637972274
2015-03-24,-0.0030328027344112152,3.9141135407712753,-0.004707233705468883
2015-03-25,-0.020268949150150463,3.834778572445467,-0.024880772175005283
2015-03-26,-0.004437360469714995,3.8177622775979874,-0.029207727689814944
2015-03-27,0.007003573031232437,3.8445002545250286,-0.022408713112534562
2015-03-30,0.011751382178742192,3.889678446302224,-0.010920664285711479
2015-03-31,-0.010249771756273968,3.8498101300223277,-0.021058501725630063
2015-04-01,-0.007731201437219451,3.820046472412077,-0.028626895644042638
2015-04-02,0.003318377231917038,3.832722827650994,-0.02540351325085144
2015-04-06,0.002803645398635593,3.843468423370983,-0.02267109029525083
2015-04-07,-0.004367437819339918,3.8266823140213138,-0.026939513537429627
2015-04-08,0.006998936794681359,3.8534650216704742,-0.020129124695276057
2015-04-09,0.0005133221094014721,3.855443090463903,-0.019626135310623516
2015-04-10,0.004134672130298242,3.871384083559995,-0.015572610815019705
2015-04-13,-0.0063204455429482055,3.8469152112840175,-0.021794630519350044
2015-04-14,-0.002959062389964436,3.835531949164925,-0.024689201237841463
2015-04-15,0.0002138333106898592,3.8363521136598715,-0.02448064730079058
2015-04-16,0.0007942991704293327,3.839399324961226,-0.023705793088203864
2015-04-17,-0.012479104303318318,3.791487060322945,-0.03588907032698163
2015-04-20,0.00755748153973101,3.8201411537894647,-0.02860281977372492
2015-04-21,0.004149575917246542,3.835993119521712,-0.024571933428576775
2015-04-22,0.0019396341392215546,3.843433542734155,-0.022679959850300024
2015-04-23,0.002159406718892541,3.851733078949952,-0.020569528389092318
2015-04-24,-0.0006764261004865831,3.849127666163243,-0.021232040723701884
2015-04-27,-0.009618018889337929,3.812106683562612,-0.030645849444299933
2015-04-28,-0.0015541371336085738,3.80618214700841,-0.03215235872529609
2015-04-29,-0.01389087627819701,3.753310941712034,-0.04559661056638786
2015-04-30,-0.012640327135718603,3.7058678635667217,-0.05766058162826737
2015-05-01,0.01699673754080017,3.7688555270046513,-0.04164388585985268
2015-05-04,0.0033590485998101854,3.7815152958855234,-0.03842472109653061
2015-05-05,-0.016147576283972318,3.7204529891762035,-0.05395183126540648
2015-05-06,0.0004393535133976994,3.7220875832684293,-0.05353618167862939
2015-05-07,0.011142885207924013,3.763562377942629,-0.042989843997620736
2015-05-08,0.013337377639609519,3.8137584306474768,-0.030225838142075467
2015-05-11,-0.002699074640887376,3.8034648119808456,-0.03284333098973402
2015-05-12,-0.0021316431085283767,3.7953571824258563,-0.03490496383809705
2015-05-13,-0.002556637555887272,3.7856538297152595,-0.03737236205254901
2015-05-14,0.01026477884528195,3.824512729062081,-0.027491202238662416
2015-05-15,0.004463454072362788,3.841583265977416,-0.023150453884886013
2015-05-18,0.005860396899177778,3.864096468637283,-0.017425727833869753
2015-05-19,0.0006859494381840918,3.8667470434390343,-0.016751731563903194
2015-05-20,-0.005820827465418738,3.8442393760467577,-0.022475050090141502
2015-05-21,0.001275223833466911,3.849141641720645,-0.021228486976207717
2015-05-22,-0.000360817127830411,3.847752805488867,-0.021581644502339237
2015-05-26,-0.01004219570017405,3.809112918810254,-0.031407113104889195
2015-05-27,0.012233064604027913,3.855710043230097,-0.019558253744499376
2015-05-28,-0.0016566536889932944,3.8493224669632915,-0.021182506180276617
2015-05-29,-0.0008920899474652881,3.8458885250859614,-0.02205569942691632
2015-06-01,0.004972975432488611,3.8650140342373036,-0.017192406445824093
2015-06-02,-0.004065653411417243,3.849300226743831,-0.02118816149132441
2015-06-03,0.001666797392685556,3.8557162303254318,-0.01955668047096848
2015-06-04,-0.009015190228521142,3.8209562150418517,-0.02839556350480532
2015-06-05,0.0014286443723311045,3.8264150026353945,-0.027007486294474692
2015-06-08,-0.008590556999717674,3.7935439664506805,-0.03536603394376048
2015-06-09,-0.0011155133229314106,3.7893122176149787,-0.036442095984648315
2015-06-10,0.013419053590990368,3.840161201336149,-0.02351206083264401
2015-06-11,0.0013130199776513138,3.845203409710904,-0.02222991266058183
2015-06-12,-0.005645521731241717,3.8234952303003364,-0.027749934936814658
2015-06-15,-0.002650900261604292,3.8133595257940907,-0.030327272888635348
2015-06-16,0.005264144252490243,3.833433600424479,-0.02522277577541543
2015-06-17,0.0038217827704448643,3.8480841509102253,-0.021497388974851983
2015-06-18,0.012292664414775079,3.89538735801718,-0.009468984748538523
2015-06-19,-0.0025778430532672927,3.88534566077653,-0.0120224182452503
2015-06-22,0.004764814348989617,3.903858611531782,-0.0073148884872252795
2015-06-23,0.00047251895230016944,3.9057032587128315,-0.006845825958369134
2015-06-24,-0.008359647361530258,3.8730529567712124,-0.015148244628989116
2015-06-25,0.005696856689319537,3.8951171844160837,-0.00953768531841559
2015-06-26,-0.0008049412722322483,3.891981843834166,-0.010334949314093511
2015-06-29,-0.02379919338245019,3.7993558152917717,-0.03388817923921972
2015-06-30,0.0037187417076729027,3.813484638224387,-0.030295458917080742
2015-07-01,0.008475253021471353,3.845804885426833,-0.022076967575333284
2015-07-02,-0.00287017179289494,3.834766764723703,-0.024883774678620907
2015-07-06,-0.002208079336239038,3.8262992954712205,-0.027036908666184356
2015-07-07,0.004925615357666441,3.845146174044022,-0.022244466721067946
2015-07-08,-0.016218824084961742,3.7827824246662383,-0.03810251171341683
2015-07-09,0.003984382768208261,3.797854477774959,-0.034269943936305114
2015-07-10,0.017374217633367186,3.8638392280116793,-0.017491139767170538
2015-07-13,0.011265218904929332,3.907366222728684,-0.006422962380615127
2015-07-14,0.003985417472147679,3.9229387083428264,-0.0024631430949622057
2015-07-15,-0.0027989643207973654,3.9119585428655,-0.005255213166119654
2015-07-16,0.007993540987446276,3.943228943819086,0.0
2015-07-17,0.00022259390727345858,3.944106682556965,0.0
2015-07-20,0.0018315469778289282,3.951330499231637,0.0
2015-07-21,-0.004321415399442823,3.934255158763969,-0.004321415399442863
2015-07-22,0.004546035668963786,3.9521404230465143,0.0
2015-07-23,-0.0023964357320306355,3.942669372518723,-0.002396435732030633
2015-07-24,-0.010724795462645863,3.9003850499216215,-0.013095529911611004
2015-07-27,-0.008808691760814759,3.8660277602683717,-0.021788867185989935
2015-07-28,0.011282533787936174,3.9096463490986983,-0.010752167028280635
2015-07-29,0.006235674820875761,3.934025632396302,-0.004583539224612965
2015-07-30,0.002577309643465456,3.944164834596317,-0.0020180427809923795
2015-07-31,0.004160846771347475,3.9605759001140095,0.0
2015-08-03,-0.0020005302795429586,3.9526526481014033,-0.0020005302795429447
2015-08-04,0.0032081293096961395,3.9653332689128256,0.0
2015-08-05,0.00654068330415625,3.9912692580202194,0.0
2015-08-06,-0.013788226074177007,3.936236735167724,-0.013788226074176957
2015-08-07,-0.00045862870932296385,3.9344314639942843,-0.014240531107171717
2015-08-10,0.009476058000115526,3.971714364744573,-0.004899417205780243
2015-08-11,-0.00700489752246964,3.9438929126310165,-0.011869994812803708
2015-08-12,0.00036632976787428855,3.9453376780062213,-0.011508013377373949
2015-08-13,0.004042958270402897,3.9612885136010485,-0.007511581524831112
2015-08-14,0.0035948976892997662,3.9755289405252423,-0.0039436872025979675
2015-08-17,0.008554860639071451,4.0095390365780315,0.0
2015-08-18,0.00031926676512667243,4.010819149135888,0.0
2015-08-19,-0.004621147134182107,3.992284563719136,-0.0046211471341821575
2015-08-20,-0.024627053478206186,3.893966358268208,-0.029134395374784128
2015-08-21,-0.0374943306788993,3.7479646959787902,-0.06553635139937153
2015-08-24,-0.03901949050608354,3.6017210231069097,-0.10199864686422389
2015-08-25,-0.006980846170072942,3.5765779626970824,-0.10826745617098221
2015-08-26,0.03832835543173452,3.7136623140806453,-0.07408881428105873
2015-08-27,0.021554412165256484,3.7937081222409197,-0.05413134295565136
2015-08-28,-0.0007756239428010315,3.7907656313893106,-0.054864981332800045
2015-08-31,-0.009900671809625283,3.753234504965718,-0.06422245296840812
2015-09-01,-0.02858153690261499,3.6459612944578725,-0.09096841346153006
2015-09-02,0.021424783888924378,3.724075227259015,-0.0714926081717373
2015-09-03,0.002525382568586293,3.733479941922039,-0.06914777178961073
2015-09-04,-0.01297228322143998,3.685048182713861,-0.08122305053126444
2015-09-08,0.028145051787817718,3.788764054656946,-0.05536402570701371
2015-09-09,-0.012935315999081787,3.739755194363996,-0.06758319053859396
2015-09-10,0.004636389098695498,3.7570941545789354,-0.06326014340776664
2015-09-11,0.007828423816128431,3.7865062799380778,-0.05592694680490329
2015-09-14,-0.005076376607102779,3.7672845480359523,-0.060719417167539036
2015-09-15,0.011164768474006796,3.809345407790477,-0.05023256692808442
2015-09-16,0.007468263026799431,3.837794601255787,-0.04313945392361518
2015-09-17,0.004379278159671505,3.8546013713343714,-0.038949095432331604
2015-09-18,-0.014923715908664906,3.797076395527427,-0.05329154610586495
2015-09-21,0.0029712820580452127,3.8083585804944846,-0.05047860826260964
2015-09-22,-0.012754070671095144,3.7597865060179863,-0.06258887119654488
2015-09-23,0.003212943178478111,3.771866486425031,-0.05957702250482633
2015-09-24,-0.005471415324966031,3.75122903832748,-0.06472246719584351
2015-09-25,-0.0019042880570685021,3.744085617670464,-0.06650350503160696
2015-09-28,-0.03335608507483184,3.619197579279994,-0.09764129353482998
2015-09-29,-0.0032770680477211102,3.607337222534546,-0.10059838441936986
2015-09-30,0.022774182184139753,3.6894913776401768,-0.08011524816942694
2015-10-01,0.009228079821830815,3.7235382985749963,-0.07162647825264956
2015-10-02,0.012468599311681098,3.7699656056416266,-0.06005096079840755
2015-10-05,0.012922059762994265,3.81868132650216,-0.04790488313967567
2015-10-06,-0.015716289744662992,3.758665824332318,-0.06286828586073134
2015-10-07,0.007454585122947369,3.786685118668516,-0.055882357726266596
2015-10-08,0.006672562376594691,3.8119520113233545,-0.04958267386735171
2015-10-09,0.004374902472322391,3.828628929602067,-0.045424690757515984
2015-10-12,0.00604079361300154,3.85175688678656,-0.03965829832631507
2015-10-13,-0.010812648647719284,3.810109192893304,-0.050042135728265436
2015-10-14,-0.010441764225617328,3.770324931027255,-0.05996137177126193
2015-10-15,0.012099090744992812,3.815942434505862,-0.04858775910452395
2015-10-16,0.008313375122680811,3.8476657954104647,-0.04067831224964957
2015-10-19,0.0038480780792220478,3.8624719138139563,-0.036986767492095174
2015-10-20,-0.002049379537066272,3.8545562429112925,-0.03896034710472096
2015-10-21,-0.006253371636321617,3.8304522702312642,-0.0449700852115168
2015-10-22,0.007269333230564144,3.8582971042073466,-0.038027654515761844
2015-10-23,0.008969750068698802,3.8929050649228705,-0.02939900300376841
2015-10-26,0.0017546046465535877,3.8997355742383757,-0.027695981984489415
2015-10-27,-3.6069592000531885e-05,3.899594912367303,-0.027731052593719663
2015-10-28,0.012883841464573078,3.949836674994299,-0.015204493614409786
2015-10-29,-0.0005630515626829791,3.947612713282101,-0.015758984263203435
2015-10-30,-0.0022660545812611546,3.9386672074081233,-0.017989328125978865
2015-11-02,0.00849405558637692,3.9721224656040874,-0.009648074892665726
2015-11-03,-0.002918504489319775,3.9605298083560943,-0.012538421432097824
2015-11-04,-0.0029603976765330497,3.9488050651135973,-0.015461700394955868
2015-11-05,0.0033587870049953603,3.9620682602515607,-0.01215484594832228
2015-11-06,-0.0016486668276966955,3.955536129741814,-0.013783473484708098
2015-11-09,-0.009771168198223663,3.9168859209039564,-0.023419961045156867
2015-11-10,0.006789325503475387,3.9434789343809533,-0.01678964128049576
2015-11-11,-0.0020549818363095693,3.935375156798931,-0.01881012070893584
2015-11-12,-0.01571524797320492,3.8735297603422456,-0.03422976297079383
2015-11-13,-0.01577005874137089,3.8124439684852,-0.049460016339412105
2015-11-16,0.014459514794903431,3.867570058452252,-0.03571566938252457
2015-11-17,0.0005804102694997712,3.8698148358321873,-0.03515598885431659
2015-11-18,0.01532581365484203,3.9291228968848944,-0.020368969333507625
2015-11-19,-0.000454429279122917,3.9273373883992777,-0.020814142356579746
2015-11-20,0.010034284435997486,3.9667454088306036,-0.010988712945279588
2015-11-23,0.0019724450451715867,3.974569596157709,-0.009037942532509557
2015-11-24,-0.0012001668400093255,3.9697994495250915,-0.010227262333589504
2015-11-25,0.004199003215367778,3.9864686501780127,-0.006071203425644822
2015-11-27,0.0031762557240090834,3.9991306940467237,-0.0029142313962678967
2015-11-30,-0.008499045924627273,3.965141898619434,-0.011388509134423352
2015-12-01,0.013087750890743214,4.017036688035014,0.0
2015-12-02,-0.006420138088762006,3.991246757790206,-0.006420138088761962
2015-12-03,-0.015371862082684543,3.929893863091493,-0.021693310694194334
2015-12-04,0.024436908401235725,4.025928319450438,0.0
2015-12-07,-0.005405344088636589,4.004166791607622,-0.005405344088636688
2015-12-08,9.16328544669588e-05,4.004533704840498,-0.00531420654127801
2015-12-09,-0.014513853336647571,3.9464124899667814,-0.019750930263584765
2015-12-10,0.002518205315350603,3.9563503668755815,-0.017282461845807062
2015-12-11,-0.016874669257288116,3.889588262968606,-0.03386549527549543
2015-12-14,0.006727026970404597,3.9157536281173644,-0.027366282405175357
2015-12-15,0.008139350895702863,3.947625320917733,-0.019449675284679113
2015-12-16,0.01494904305985878,4.006638541824322,-0.00479138625815112
2015-12-17,-0.014601565176658211,3.9481353480165633,-0.019322989696074377
2015-12-18,-0.015319588570222847,3.887651538865396,-0.03434655801420672
2015-12-21,0.01020818851164281,3.9273374186417116,-0.02448898564149915
2015-12-22,0.005690651734121179,3.949686528133584,-0.018937692195985623
2015-12-23,0.006502231487404062,3.97536830424219,-0.012558597967077034
2015-12-24,-0.001434054472535051,3.9696674095455173,-0.013974642726028663
2015-12-28,0.0017121968082448133,3.9764642614139345,-0.012286373256455763
2015-12-29,0.010089435030743152,4.016584539231543,-0.0023209007904468892
2015-12-30,-0.006479836852008483,3.9905577267150227,-0.008785698583983592
2015-12-31,-0.01039818678141274,3.9490631621106305,-0.01909253003051481
2016-01-04,-0.018296704842645492,3.876808319028528,-0.037039904486492636
2016-01-05,0.0015728853180721068,3.882906093914508,-0.03552527869037014
2016-01-06,-0.00900689645768977,3.8479331607716873,-0.04421220264126513
2016-01-07,-0.02027913510910327,3.7699004043135993,-0.06359475251953517
2016-01-08,-0.013691334797784825,3.7182854357238373,-0.07641539026919286
2016-01-11,0.003549852678411554,3.73148480123694,-0.07313680096860031
2016-01-12,0.012673336431980932,3.778775163513839,-0.061390351820853284
2016-01-13,-0.0335206859382197,3.652108028026547,-0.09285319105604928
2016-01-14,0.012651130363971287,3.698311322792417,-0.08137675851683879
2016-01-15,-0.02001512401614,3.624289163016432,-0.09976311661923287
2016-01-19,0.0019578008778751536,3.631384799521459,-0.09800063205865439
2016-01-20,-0.009170730902874666,3.598082346720258,-0.10627262553660755
2016-01-21,0.0020505711422051974,3.6054604705477207,-0.104439973973534
2016-01-22,0.023843616571285656,3.6914276875703878,-0.08308658409638836
2016-01-25,-0.014575404342666435,3.637623636422335,-0.09645096788039909
2016-01-26,0.011211491511889137,3.6784068229455307,-0.08632083557621462
2016-01-27,-0.013765797339139877,3.627770620089953,-0.09889835778666711
2016-01-28,0.005462811758737881,3.6475884480913843,-0.09397580913976611
2016-01-29,0.02504335584841121,3.7389363035854903,-0.07128592292078462
2016-02-01,0.004499806016598183,3.7557607916600415,-0.0671068897290441
2016-02-02,-0.021147592355628193,3.6763354934527634,-0.08683533293642842
2016-02-03,-0.003218783166700287,3.6645021666512947,-0.0897746119951982
2016-02-04,-0.0050807008971161215,3.6458839272057055,-0.094399194940612
2016-02-05,-0.029567298463847924,3.538084988965468,-0.12117536423290398
2016-02-08,-0.023383940174154745,3.4553506212524248,-0.1417257469392551
2016-02-09,0.01007118834032346,3.4901501081409116,-0.13308190528902986
2016-02-10,0.007235160077630791,3.5154019028682715,-0.12680961409960134
2016-02-11,-0.010083612100012747,3.479953953704101,-0.1356145272404814
2016-02-12,0.018114345266341196,3.5429910411324665,-0.1199567503437059
2016-02-16,0.019115330581143616,3.6107164861297436,-0.10313443270082201
2016-02-17,0.017240598343447697,3.672967398799171,-0.08767193368694859
2016-02-18,-0.007691291200978241,3.644717536963307,-0.09468891451578754
2016-02-19,0.005535867322889595,3.6648942096773447,-0.08967723246060588
2016-02-22,0.015225691725989964,3.720694759122257,-0.07581693863090122
2016-02-23,-0.006186354364608798,3.697677222859784,-0.08153426254629936
2016-02-24,0.009506445402917993,3.7328289894965136,-0.07280291815874507
2016-02-25,0.016224278673287403,3.793391447261831,-0.057759814317893676
2016-02-26,-0.0040728041927297455,3.7779417066707577,-0.0615973740966983
2016-02-29,-0.00824032641822821,3.7468102338187523,-0.06933011804586398
2016-03-01,0.020000412445552958,3.8217479838503463,-0.05071633655612717
2016-03-02,0.0010861498768149325,3.825898974952223,-0.04968527222201513
2016-03-03,0.0027018161281368116,3.8362358505073715,-0.047117696563698575
2016-03-04,0.0003547594339988586,3.837596791366383,-0.04677965257706407
2016-03-07,-0.007569173854600353,3.8085493540686746,-0.05399474310845076
2016-03-08,-0.0034391959164456155,3.79545100668258,-0.057248240524888305
2016-03-09,0.006820374109597869,3.821337402462805,-0.05081832083278637
2016-03-10,0.004278311069918249,3.8376862725736545,-0.04675742634744173
2016-03-11,0.014974289483403022,3.8951528977656547,-0.032483296101664116
2016-03-14,0.0009651162639002773,3.898912173177666,-0.031549529995136716
2016-03-15,0.0006489777733688013,3.901442480518375,-0.030921027165495052
2016-03-16,0.005767090879946366,3.923942453866408,-0.025332260659313488
2016-03-17,0.0028174740511200122,3.9349980599082643,-0.022586159595257338
2016-03-18,0.0005003798449046767,3.936967053627181,-0.022097081409388042
2016-03-21,2.1995531238346006e-05,3.9370536493089934,-0.022075571915194048
2016-03-22,-0.0013513856739545789,3.931733171409727,-0.023397124977518113
2016-03-23,-0.0013448805159746125,3.926445460073487,-0.024710539155980538
2016-03-24,-0.0010763239297057383,3.922219332866126,-0.02576026654107666
2016-03-28,0.004128433901473165,3.9384119561289435,-0.021738182197302724
2016-03-29,0.010094324372687738,3.9781675639273804,-0.011863290086987277
2016-03-30,0.0038620044374593114,3.9935312647122245,-0.008047101728486772
2016-03-31,-0.0023242840810607087,3.9842491635664357,-0.010352682059101337
2016-04-01,0.008327276203155503,4.017427106813645,-0.0021116154988953806
2016-04-04,-0.0024355182649788455,4.007642589716779,-0.004541990885758018
2016-04-05,-0.0110347717894277,3.9634191683256637,-0.01552664284229166
2016-04-06,0.006924671779015531,3.9908645451889773,-0.00870948796878912
2016-04-07,-0.008119970556054956,3.958458842588839,-0.01675873773897918
2016-04-08,0.0021259250812101517,3.966874229525237,-0.014668440478657674
2016-04-11,-0.004945717483410981,3.9472551902937814,-0.019541611999539077
2016-04-12,0.005277187533863421,3.968085596176978,-0.01436754921691108
2016-04-13,0.0010748643055074108,3.9723507497455066,-0.013308128077214487
2016-04-14,-0.0036402354406443686,3.9578904577636127,-0.016899918798383595
2016-04-15,0.004838579997734748,3.9770410273657735,-0.012143110409709945
2016-04-18,0.005709625012966029,3.9997484402932133,-0.00650281800367436
2016-04-19,-0.00423107018437879,3.9828252239224735,-0.010706374308683264
2016-04-20,-0.006677271273410411,3.9562308194677613,-0.017312156216479968
2016-04-21,-0.01526195818238141,3.895850990141196,-0.0323098969946386
2016-04-22,1.0595623783296253e-05,3.8958922691126032,-0.03229964371436833
2016-04-25,0.003803680367701697,3.9107109980513077,-0.028618820867346684
2016-04-26,0.0002452585569846224,3.9116701333874735,-0.028380581321070686
2016-04-27,0.004784329632886992,3.9303848527207177,-0.023732033744396808
2016-04-28,-0.006073781543303985,3.906512553744181,-0.029661672099159042
2016-04-29,-0.0011859766487446568,3.9018795210774124,-0.030812470697431316
2016-05-02,0.012108069815213444,3.949123750729169,-0.01907748042860169
2016-05-03,-0.0034922532641429383,3.935332410420181,-0.022503110299446183
2016-05-04,0.0005758976662019346,3.937598759171071,-0.021940172121947987
2016-05-05,0.0003631589573306583,3.9390287334308383,-0.021584980934648668
2016-05-06,0.0069276831610621545,3.966317076458367,-0.014806831682539379
2016-05-09,0.0038091272413485542,3.9814252828821304,-0.011054105547110837
2016-05-10,0.009950293590613097,4.021041633355897,-0.0012138035520732338
2016-05-11,-0.006602146409045625,3.994494127775613,-0.007807936252356318
2016-05-12,0.004426158744221734,4.01217439288801,-0.0034163366734520917
2016-05-13,-0.0044274329170130135,3.994410759912141,-0.0078286439890215
2016-05-16,0.005937613737734861,4.018128028114352,-0.001937513715383532
2016-05-17,-0.01563218310701937,3.9553159150314214,-0.01753940925323172
2016-05-18,-0.006835088014377593,3.928280982627513,-0.024254613861643293
2016-05-19,-0.0007137649676158863,3.925477113279162,-0.024951066735581673
2016-05-20,0.003053898218553996,3.9374651208423797,-0.02197336653528248
2016-05-23,-0.002406660908276831,3.927988977458345,-0.024327145001295625
2016-05-24,0.015014494751747395,3.986965747345315,-0.009677910040495119
2016-05-25,0.0006101882840041105,3.9893985471330713,-0.00907362710381121
2016-05-26,0.00398402188694851,4.00529239826061,-0.005125754745838318
2016-05-27,0.004983204856250705,4.025251590790327,-0.0001680925755289664
2016-05-31,-0.00039884669974497714,4.023646132477697,-0.0005668722321049424
2016-06-01,0.0036975675306486393,4.038523835771966,0.0
2016-06-02,0.0014106478225491845,4.044220770627211,0.0
2016-06-03,0.003988946966042542,4.060352952800211,0.0
2016-06-06,-0.0014360939974769162,4.054521904297057,-0.001436093997476906
2016-06-07,0.0010497891726178657,4.05877829749233,-0.00038781242078855804
2016-06-08,0.005965873539303648,4.082992455539238,0.0
2016-06-09,0.00405669305218683,4.099555902665755,0.0
2016-06-10,-0.0068606998535747695,4.071430080084615,-0.0068606998535747366
2016-06-13,-0.00587336858044104,4.047517070574783,-0.01269377301505592
2016-06-14,0.0010683510122917116,4.0518412395344,-0.011638983408014614
2016-06-15,-0.0013285037214526404,4.046458353368943,-0.012952024696695763
2016-06-16,0.00519081323418006,4.067462762941169,-0.007828443003720875
2016-06-17,-0.005005819454262739,4.047101778712949,-0.01279507468569896
2016-06-20,0.005803892443633721,4.070590722145037,-0.007065443479349343
2016-06-21,0.00234398290106635,4.080132117194984,-0.004738021856987129
2016-06-22,-0.0018216284948778427,4.072699632267436,-0.0065510194362408125
2016-06-23,0.00882158758486452,4.108627308780329,0.0
2016-06-24,-0.019721473050614405,4.027599126035199,-0.019721473050614446
2016-06-27,-0.00690570344334436,3.9997857208821266,-0.02649098584960541
2016-06-28,0.01204929472157286,4.047980317856174,-0.014760888823999396
2016-06-29,0.012854247734306424,4.100014059685494,-0.00209638121141531
2016-06-30,0.017722920295830398,4.172678282077084,0.0
2016-07-01,-0.0005891916179242503,4.17021977500899,-0.0005891916179241452
2016-07-05,0.0025139907636889127,4.180703669005915,0.0
2016-07-06,0.004275058434476471,4.198576421488145,0.0
2016-07-07,-0.005009139967423876,4.177545164528985,-0.0050091399674238035
2016-07-08,0.013632381139187863,4.234495052438016,0.0
2016-07-11,0.0012279266734319387,4.23969470186142,0.0
2016-07-12,-0.001345321146050175,4.233990950926209,-0.0013453211460500158
2016-07-13,0.001932700565296967,4.242173987630526,0.0
2016-07-14,-0.00011618483576557994,4.241681111342484,-0.000116184835765476
2016-07-15,-0.001996412859820362,4.233212964624543,-0.0021123657426856957
2016-07-18,-5.477620224108571e-05,4.232981085295063,-0.0021670262375536042
2016-07-19,0.0003976988491662649,4.234664537001228,-0.001770189212228046
2016-07-20,0.002314019188993551,4.2444636319988,0.0
2016-07-21,-0.005774241308751357,4.219955074761419,-0.005774241308751482
2016-07-22,0.008319024437418514,4.255060984153167,0.0
2016-07-25,-0.0008106378806267594,4.251611670535036,-0.0008106378806267411
2016-07-26,0.0004757769610136989,4.253634489415053,-0.0003352466024403311
2016-07-27,-0.00569399880381587,4.229414299720454,-0.006027336512502979
2016-07-28,0.005229521542569774,4.251532112913295,-0.0008293350560696355
2016-07-29,0.0028136258120597018,4.263494333406988,0.0
2016-08-01,0.0003972798374690721,4.265188133742814,0.0
2016-08-02,-0.005670732819127771,4.241001391413045,-0.005670732819127666
2016-08-03,-0.0048194042720714975,4.220562291189408,-0.01046280753722495
2016-08-04,0.0014195718815818348,4.226553682742446,-0.00905808836302513
2016-08-05,-0.001721774072199513,4.21927651219674,-0.010764266453537563
2016-08-08,-0.0023524616775466227,4.209350825894824,-0.013091405606765472
2016-08-09,0.0022522411518648973,4.218831299047541,-0.010868649457343782
2016-08-10,0.0006676701835447598,4.221648086915321,-0.010208235946976951
2016-08-11,0.00017913186421294802,4.222404318607182,-0.010030932703099515
2016-08-12,0.0017836024067061683,4.229935409111936,-0.00826522149210418
2016-08-15,-0.004527803124401396,4.210783094350543,-0.012755601320809662
2016-08-16,-0.011716690633943054,4.1614466515074,-0.024322838520226986
2016-08-17,0.005494607642083356,4.184312168080895,-0.01896187533255378
2016-08-18,0.005067010953930435,4.205514123671225,-0.013990944408640571
2016-08-19,-0.001841562628511482,4.197769406027395,-0.015806741836791538
2016-08-22,0.002644384117407308,4.208869920773232,-0.01320415681644549
2016-08-23,-0.002584056810448745,4.197993961790165,-0.015754093335546338
2016-08-24,-0.00559637168798739,4.174500427236061,-0.02126229926162082
2016-08-25,0.0012456239490735554,4.179700284943643,-0.02004316014172003
2016-08-26,-0.008161330655672937,4.1455883688766075,-0.02804091194009184
2016-08-29,0.007641354051637254,4.177266277355543,-0.02061382842451953
2016-08-30,-0.007721313020920478,4.145012296856346,-0.028175975623614735
2016-08-31,-5.7848636440764645e-05,4.144772513546942,-0.028232194318285386
2016-09-01,0.0007361447135577394,4.147823665921689,-0.027516832585327222
2016-09-02,0.007250439472300336,4.177897210353229,-0.020465902242156275
2016-09-06,0.0056340017174294895,4.201435490411603,-0.014947205453107792
2016-09-07,-0.0023310179298793917,4.191641868952222,-0.017243381179074424
2016-09-08,-0.004242341932920942,4.173859490883779,-0.021412570792954
2016-09-09,-0.03410752674543657,4.031499466666766,-0.05478976770738142
2016-09-12,0.01558104409180577,4.094314437612993,-0.04006240540200401
2016-09-13,-0.015771140251580853,4.029742430383326,-0.055201715839174104
2016-09-14,0.0006937368272085231,4.0325380111114475,-0.054546274475168355
2016-09-15,0.010519717442836165,4.074959171565837,-0.04460036842737025
2016-09-16,-0.0016702640072456551,4.068152913930575,-0.04619613804452172
2016-09-19,0.005972427515820053,4.092449662332298,-0.04049961361468346
2016-09-20,-0.002106018204322449,4.083830888843153,-0.04252033889546525
2016-09-21,0.01727620800121789,4.154384000720605,-0.025978721113287806
2016-09-22,0.007870113445208183,4.1870794741012345,-0.018313063150402598
2016-09-23,-0.004056109003956309,4.170096223346052,-0.02229489237402449
2016-09-26,-0.0032886830055815115,4.156382098764694,-0.025510254545944355
2016-09-27,0.002052772531026551,4.164914205765489,-0.023509848764709185
2016-09-28,0.0029085086167251017,4.1770278946208785,-0.02066971874569412
2016-09-29,-0.010516727769534223,4.1330992293674,-0.03096906871010696
2016-09-30,0.0018571712264554368,4.140775102332267,-0.029169412346970014
2016-10-03,-0.006919633223257204,4.112122457364133,-0.035887203935448087
2016-10-04,-0.012295008432105636,4.061563877076989,-0.04774097889256279
2016-10-05,9.683012844097524e-05,4.061957158828878,-0.047648771529239964
2016-10-06,0.0018830501934652124,4.069606028042658,-0.04585544636422112
2016-10-07,-0.005321471842503427,4.047949734154347,-0.05093289974007198
2016-10-10,0.005228636650563044,4.069114992493983,-0.0459705727158094
2016-10-11,-0.013909383214411023,4.0125161127198785,-0.059240533617730406
2016-10-12,0.005029117606779313,4.032695528149844,-0.05450934362160287
2016-10-13,0.0011402314739141915,4.037293734515754,-0.05343126541690835
2016-10-14,-0.0004465157007423656,4.035491019474784,-0.0538539232187315
2016-10-17,-0.001653258447905876,4.028819309855389,-0.055418147213123214
2016-10-18,0.0057850116528938515,4.052126076510306,-0.049953730187639045
2016-10-19,-0.001246215505675225,4.047076254162808,-0.05113769258018819
2016-10-20,-0.0015443691092165935,4.040826074613235,-0.052603086216667316
2016-10-21,-0.002018641077894241,4.032669097110394,-0.05451554054390073
2016-10-24,0.00681743157867217,4.06016154275937,-0.04806976493286086
2016-10-25,-0.007941795318395135,4.027916570827156,-0.055629800017155784
2016-10-26,-0.006739160941477125,4.000771792797509,-0.0619940627831751
2016-10-27,-0.00998175267329741,3.9608370782594995,-0.07135700605455797
2016-10-28,0.0034700744508117743,3.974581477808596,-0.06813454572734245
2016-10-31,0.007055144624160599,4.002622724955046,-0.061560100177189714
2016-11-01,-0.009092821644808877,3.966227590405571,-0.07009316681065081
2016-11-02,-0.008004532949285074,3.934479790973806,-0.0775366366966802
2016-11-03,-0.0007899086310982086,3.9313719114280343,-0.07826529846922547
2016-11-04,0.003260310659683013,3.944189405178041,-0.07526015699642508
2016-11-07,0.021128010803669044,4.02752228154236,-0.055722243602862154
2016-11-08,0.005365475175366391,4.049131852362211,-0.05065574474226253
2016-11-09,0.0012623157638425315,4.054243135329325,-0.049457372523537324
2016-11-10,-0.0065806513624608876,4.027563574717073,-0.05571256216011733
2016-11-11,-0.001385479345354711,4.021983468572199,-0.057020852901322416
2016-11-14,-0.0011301682564626625,4.017437950528001,-0.058086577999879596
2016-11-15,0.016471055374389178,4.083609393474321,-0.04257226986823526
2016-11-16,0.0012225275036041759,4.0886017182718195,-0.041401788135435824
2016-11-17,0.004416520295596289,4.106659110741177,-0.037168119677413625
2016-11-18,-0.0013853281399674908,4.100970040313813,-0.038501957775282425
2016-11-21,0.007600144523134944,4.132138005305244,-0.031194433695663437
2016-11-22,0.00282562515755153,4.143813878407509,-0.028456952314737882
2016-11-23,0.001403349555387864,4.149629097771382,-0.027093537810728652
2016-11-25,0.005047203086784591,4.170573118562665,-0.022183081311614394
2016-11-28,-0.005888235668167857,4.146015801169242,-0.027940697769173295
2016-11-29,0.0009111104460482303,4.149793279475168,-0.027055044384732496
2016-11-30,-0.0029666821760169575,4.137482161718794,-0.02994146284280197
2016-12-01,-0.015096721130513581,4.075019747340851,-0.04458616605853816
2016-12-02,0.005792467999436495,4.0986241688243945,-0.03905196199921335
2016-12-05,0.005823351908214328,4.1224918996989715,-0.03345602340842657
2016-12-06,0.002725781714565293,4.133728912737615,-0.030821435510709927
2016-12-07,0.01379366143648461,4.190748169830125,-0.017452914520646456
2016-12-08,0.0024054509123207298,4.2008288088385495,-0.015089445737482166
2016-12-09,0.0014068918014605832,4.206738920449044,-0.013703783153518279
2016-12-12,7.50604696496779e-05,4.207054680248107,-0.013629751296267867
2016-12-13,0.006486098004546441,4.234342049214682,-0.00723205719440656
2016-12-14,-0.01101483863335731,4.1877014548241425,-0.01816723588478042
2016-12-15,0.00406988414063355,4.204744914560839,-0.014171290289353489
2016-12-16,0.0007279551376744993,4.207805780224004,-0.01345365121525266
2016-12-19,0.0030726187115805905,4.220734762999017,-0.010422370444135187
2016-12-20,0.0010790847354496228,4.225289293454151,-0.00935453232953909
2016-12-21,-0.001439989102984965,4.219204922914618,-0.01078105100790594
2016-12-22,-0.0009320904668239981,4.215272242228393,-0.011703092559863015
2016-12-23,0.0029571016875511993,4.227737230889374,-0.008780598107070214
2016-12-27,0.0025147734498404887,4.2383690322305165,-0.006287905872223165
2016-12-28,-0.01079175910775622,4.192629574624911,-0.017011807414513913
2016-12-29,0.004729049263274571,4.212456726425974,-0.012363207826560085
2016-12-30,-0.005988031685300764,4.187232402075177,-0.018277208231663344
2017-01-03,0.004377750152487763,4.205563059361864,-0.013979471130298848
2017-01-04,0.009327442476573876,4.2447902068796655,-0.004782421366545719
2017-01-05,-0.003377276950064335,4.230454374756112,-0.008143546755163267
2017-01-06,0.0023103093540288054,4.240228033069903,-0.005852051513377865
2017-01-09,-0.006050832908579048,4.214571121747525,-0.011867474636076958
2017-01-10,0.005516023356389736,4.2378187944922505,-0.006416912546961084
2017-01-11,0.00537211695577494,4.260584852693644,-0.0010792679958833151
2017-01-12,-0.005801949430520415,4.235865154833875,-0.006874955568069496
2017-01-13,0.0038923463267220037,4.252352609009782,-0.0030093689493992937
2017-01-17,-0.007844802433432153,4.218993742914811,-0.010830563477974176
2017-01-18,0.00554328902774696,4.242380844638044,-0.005347311393918863
2017-01-19,-0.0006350069342583877,4.239686903383934,-0.005978922748362536
2017-01-20,0.00471273763752368,4.259667435424828,-0.0012943622051067027
2017-01-23,-0.0036803910200157632,4.243990193647237,-0.004969989466086067
2017-01-24,0.014756196853125503,4.30661534838743,0.0
2017-01-25,0.009926291152613322,4.349364066217836,0.0
2017-01-26,-0.004035223217976593,4.331813411354401,-0.004035223217976669
2017-01-27,0.0002247505962278824,4.332786989001351,-0.003811379540572868
2017-01-30,-0.009319630298847895,4.2924070161002,-0.013095489191173981
2017-01-31,-0.0008926618805732636,4.2885753479810225,-0.013976461227738768
2017-02-01,0.0014550189452131779,4.294815306360309,-0.012541778298398865
2017-02-02,-0.0008465740058874318,4.2911794273618575,-0.013377734760791182
2017-02-03,0.01099360619122126,4.338354964082144,-0.002531198117260769
2017-02-06,-0.004740021785830886,4.317791067037727,-0.007259221968871521
2017-02-07,-0.004085447204138152,4.300150959594845,-0.011315012004912806
2017-02-08,-0.0015629620090005444,4.293429987012031,-0.012860289080018239
2017-02-09,0.007851987154394413,4.327141944118342,-0.0051092807502818305
2017-02-10,0.004570942496314064,4.346921061118295,-0.0005616924824748404
2017-02-13,0.005372686334908108,4.37027570450229,0.0
2017-02-14,0.003135048902005302,4.38397673255115,0.0
2017-02-15,0.003016195376541163,4.397199662902734,0.0
2017-02-16,-0.0030281557567484532,4.383884257429943,-0.0030281557567483075
2017-02-17,-0.0008137728533372075,4.380316771429075,-0.0038394643791349603
2017-02-21,0.006065141387847645,4.406884011971353,0.0
2017-02-22,-0.004337897745148404,4.387767399752692,-0.004337897745148367
2017-02-23,-0.006532622154852424,4.359103773226728,-0.010842182053085292
2017-02-24,-5.438953816999042e-05,4.358866683585667,-0.010895981889980755
2017-02-27,0.004930686185663223,4.380358887327571,-0.0060190203717016555
2017-02-28,-0.0018528228942318466,4.372242858096178,-0.00786069108718801
2017-03-01,0.023132079235539574,4.473381926326681,0.0
2017-03-02,-0.013584484450097429,4.412613339109149,-0.013584484450097523
2017-03-03,0.0046893995285695305,4.4333058460213275,-0.00895878799650407
2017-03-06,-0.004143575255568462,4.414936109617387,-0.013065241839810171
2017-03-07,-0.004612952041714753,4.394570221076488,-0.017617924547504438
2017-03-08,-0.004902897906412774,4.373024091939988,-0.022434443568537854
2017-03-09,-0.0013778957576484154,4.36699852059561,-0.023781427001567934
2017-03-10,0.006044273232736041,4.393393852861044,-0.01788089521149372
2017-03-13,0.003352425135209247,4.408122376842249,-0.01458841443883152
2017-03-14,-0.007918580081150935,4.37321630679371,-0.022391474991991678
2017-03-15,0.01212219438107335,4.426229284935143,-0.010540714423249997
2017-03-16,-0.0024006610556446552,4.415603408667446,-0.012916070796280099
2017-03-17,-0.0016202328437046113,4.408449102999948,-0.014515376597869056
2017-03-20,-0.0013300340410105356,4.402585715624896,-0.015826104693886234
2017-03-21,-0.02576080953545717,4.289171543541159,-0.041179220960635976
2017-03-22,0.00562905388893319,4.313315521298631,-0.03578196712559445
2017-03-23,0.00035334960936734606,4.31483962965316,-0.03544126106033341
2017-03-24,-0.0003657334888344582,4.313261548301646,-0.03579403249311164
2017-03-27,-0.0023967421259929777,4.3029237726484055,-0.038104985553569115
2017-03-28,0.0115732543339732,4.3527226038489655,-0.02697272990879962
2017-03-29,0.004206615831724748,4.371032835665423,-0.022879577989734057
2017-03-30,0.007387698019031774,4.403324706286591,-0.015660907383693412
2017-03-31,-0.0011482202486014935,4.398268719697665,-0.01679114546132554
2017-04-03,-0.0027070929890629153,4.386362197282557,-0.019452783258231743
2017-04-04,0.0016870056672222038,4.393762015167861,-0.01779859454660948
2017-04-05,-0.007688517349273994,4.359980499685662,-0.02535026709291921
2017-04-06,0.0068941568707728985,4.390038889204006,-0.01863087894020088
2017-04-07,-0.00016592386906690425,4.3893104769661555,-0.0187937115017498
2017-04-10,-0.001590051431722285,4.382331247557982,-0.02035387996559135
2017-04-11,-0.0009634435961780269,4.378109118581191,-0.021297713746459168
2017-04-12,-0.01345294496101469,4.319210657575602,-0.03446414173664725
2017-04-13,-0.009552959847340555,4.277949411591577,-0.043687867021804494
2017-04-17,0.011972378433847073,4.329166640868005,-0.032238536264910134
2017-04-18,-0.004447860739157078,4.30991111053282,-0.03654300448432657
2017-04-19,-4.963642454753253e-05,4.309697181955175,-0.03659082704478922
2017-04-20,0.013109538335154927,4.366195322374926,-0.02396097755949289
2017-04-21,-0.005446894138689282,4.342413118665109,-0.029277358789956187
2017-04-24,0.015415807892364847,4.409354925091735,-0.014312885036293244
2017-04-25,0.010368376092810428,4.4550727752817725,-0.004092910318512222
2017-04-26,-0.0022980657146180494,4.444834725280769,-0.006381570256254299
2017-04-27,-0.0026747323200149676,4.432945982183936,-0.009039233584052342
2017-04-28,-0.006349456071194851,4.404799186404079,-0.015331295438687942
2017-05-01,0.004383292825307,4.424106711074762,-0.011015204170680248
2017-05-02,-0.0041176319458611456,4.405889867949342,-0.015087479559957928
2017-05-03,0.00025579178467331667,4.407016858381739,-0.014835547028607565
2017-05-04,-0.003323288449674178,4.392371070158759,-0.018109532676197082
2017-05-05,0.00669669454714305,4.421785437553319,-0.011534112137778219
2017-05-08,-0.0009070042067049582,4.4177748595603115,-0.012430654856253498
2017-05-09,0.000523998567440841,4.420089767257997,-0.011913169934149814
2017-05-10,0.009094422194287606,4.460287929738092,-0.0029270911369155828
2017-05-11,-0.0021434372930070984,4.450727582251941,-0.005064254393619905
2017-05-12,-0.0033626771407225106,4.43576122235152,-0.0084099020818581
2017-05-15,0.010124121416952547,4.480669407543216,0.0
2017-05-16,0.004781154342247738,4.502092179537268,0.0
2017-05-17,-0.03345246842975425,4.351486083033454,-0.033452468429754134
2017-05-18,0.006179653158685429,4.378376757751448,-0.02747953992326646
2017-05-19,0.011516539344573733,4.42880050594746,-0.01627946978138972
2017-05-22,0.0060716278842055885,4.4556905345929545,-0.010306684779848863
2017-05-23,0.004589948436599184,4.476141924396179,-0.005764043494941418
2017-05-24,0.00200809389127063,4.485130437651019,-0.0037675243442021333
2017-05-25,0.005887842453230024,4.5115381790500955,0.0
2017-05-26,-9.237923534591218e-05,4.511121406602881,-9.237923534577419e-05
2017-05-30,-0.0031768256074851025,4.496790360599911,-0.003268911370110539
2017-05-31,-0.0023226109955818805,4.486346065863555,-0.005583929956200606
2017-06-01,0.007106593212212161,4.518228702362855,0.0
2017-06-02,0.00361830659207041,4.534577039061096,0.0
2017-06-05,-0.004617416402655781,4.513639008661829,-0.004617416402655783
2017-06-06,-0.0034787291490969126,4.497937281073896,-0.008080082810719369
2017-06-07,0.0041972814103180085,4.516816389608524,-0.0039167157817766585
2017-06-08,0.008194184241772366,4.5538280152912325,0.0
2017-06-09,-0.008816735920939373,4.513678116251034,-0.008816735920939345
2017-06-12,-0.003602906118136605,4.497415757750694,-0.012387876167284317
2017-06-13,0.007322256551022213,4.5303469897455555,-0.005156326823681168
2017-06-14,-0.005759508179952884,4.504254419200091,-0.010886137097114501
2017-06-15,-0.00375996506790689,4.487318579926933,-0.014605170669811929
2017-06-16,0.0009663348066601164,4.4916548320592895,-0.013652949347927157
2017-06-19,0.013186997651412895,4.550886273780613,-0.0006459931075002423
2017-06-20,-0.008780855443369703,4.51092559927133,-0.009421176178775581
2017-06-21,0.0010270556727767653,4.515558570997535,-0.008403796578437595
2017-06-22,-0.0014528877967770726,4.5089979710541,-0.009844474601719333
2017-06-23,0.001526962726144893,4.515883042888163,-0.008332544021349642
2017-06-26,-4.916315494999614e-05,4.515661027830389,-0.00838129752214678
2017-06-27,-0.010917840272267249,4.466359762004835,-0.019207632126792884
2017-06-28,0.013844431413632213,4.528193973398517,-0.005629119458758436
2017-06-29,-0.01013773776961556,4.4822883303262495,-0.015709790691427306
2017-06-30,-0.0004628926525503043,4.480213511991529,-0.01616541139729355
2017-07-03,-0.0016106965086347801,4.472997247729826,-0.017750070334229928
2017-07-05,0.010957966623944118,4.522012202279444,-0.006986608388580895
2017-07-06,-0.007284686045417302,4.489070763092292,-0.014220399185365107
2017-07-07,0.011721349646856028,4.5416887310959755,-0.002665731809478711
2017-07-10,0.004891160658930188,4.563902860342618,0.0
2017-07-11,0.0013883277175024645,4.57023905318362,0.0
2017-07-12,0.00962334124465456,4.614220023162052,0.0
2017-07-13,0.0008726805011677019,4.618246763004363,0.0
2017-07-14,0.006325196043591766,4.647458079158048,0.0
2017-07-17,0.0002944897368182519,4.648826707864654,0.0
2017-07-18,0.0012664468047403432,4.65471419959462,0.0
2017-07-19,0.004693647018572593,4.676561785019855,0.0
2017-07-20,-0.00026348410758662887,4.6753295853113555,-0.0002634841075865868
2017-07-21,-0.0010949692813521095,4.670210243035243,-0.0013581648819348535
2017-07-24,0.002087657285230585,4.679960041472674,0.0
2017-07-25,-0.00018948977576698135,4.679073236893816,-0.00018948977576704884
2017-07-26,-0.00020963076178964524,4.678092359206697,-0.00039908081467066037
2017-07-27,-0.007209684203812357,4.644364790620549,-0.00760588777183735
2017-07-28,-0.0013880016579862363,4.637918404590875,-0.008983332444985948
2017-07-31,-0.003405793759766801,4.622122611030211,-0.012358530827169645
2017-08-01,0.0021992847121419957,4.632287974626296,-0.0101864260429404
2017-08-02,-0.000945868429779429,4.62790643967345,-0.011122659453913553
2017-08-03,-0.00173115985572155,4.619894793829052,-0.012834564208099697
2017-08-04,0.005827521338823923,4.646817329323212,-0.007081836566073085
2017-08-07,0.004485863539040877,4.667662317753406,-0.0026277411794733974
2017-08-08,-0.002394314501134985,4.656486466179607,-0.005015764041797266
2017-08-09,-0.004691364989266018,4.634641188599181,-0.009683598251243208
2017-08-10,-0.02415881080324267,4.522673768982898,-0.03360846483643931
2017-08-11,0.0025983595158274348,4.534425301407518,-0.031097432195031915
2017-08-14,0.014861422397177882,4.601813311140186,-0.01669816187317197
2017-08-15,0.001567347727281971,4.609025952774778,-0.015156985971951586
2017-08-16,0.00013795631937799031,4.609661797031141,-0.015021120654571174
2017-08-17,-0.023676324345030066,4.500521949203737,-0.0383418000749578
2017-08-18,-0.0001569943446769359,4.499815392709618,-0.03849277497385828
2017-08-21,-0.002847589358070119,4.487001766284058,-0.04123075271555021
2017-08-22,0.014618407810058246,4.552594587948049,-0.02721507286300362
2017-08-23,-0.004935994019525297,4.530123008288615,-0.03201673344563616
2017-08-24,-0.000589414854375789,4.52745288649538,-0.0325872771617306
2017-08-25,0.002198786694314597,4.537407789661342,-0.030460142938843138
2017-08-28,-0.000243460649623786,4.536303109413263,-0.030696187742279446
2017-08-29,-0.0026042759994320897,4.524489324099268,-0.03322052239670026
2017-08-30,0.00956109937307774,4.567748416139411,-0.02397704773948295
2017-08-31,0.005428610464138588,4.592544942988818,-0.018678599327601964
2017-09-01,0.005607715243580108,4.618298627272443,-0.01317562835020003
2017-09-05,-0.0156574080487384,4.5459880411743105,-0.028626740209560686
2017-09-06,0.0018140680658768234,4.554234772907663,-0.026864602998928122
2017-09-07,-0.004931299115429475,4.531776479000566,-0.03166342472135242
2017-09-08,0.0014194268747707527,4.538209004325314,-0.03028894176257846
2017-09-11,0.01638863805069389,4.612584069095601,-0.01439669821536993
2017-09-12,0.007298721493106832,4.646250035579471,-0.007203054212957527
2017-09-13,0.0016143545307325197,4.653750730375325,-0.005600327965428753
2017-09-14,-0.0015420372133366207,4.646574473567494,-0.007133729264635846
2017-09-15,0.0036600294352074946,4.663581072913635,-0.0034998094885195785
2017-09-18,0.008155848681930354,4.701616534460233,0.0
2017-09-19,0.004615911905986711,4.723318782199033,0.0
2017-09-20,0.0015033731362017015,4.730419692769908,0.0
2017-09-21,-0.0009862100969528008,4.725754505106074,-0.0009862100969527665
2017-09-22,0.0011597829646569058,4.731235354676246,0.0
2017-09-25,-0.007962792332268463,4.693561510071872,-0.007962792332268487
2017-09-26,0.0009607830281720277,4.69807100431243,-0.007009659819826264
2017-09-27,0.012859454281185016,4.758485633602147,0.0
2017-09-28,0.0026908130291478914,4.771289828744057,0.0
2017-09-29,0.006860688525583825,4.804024162124356,0.0
2017-10-02,0.002850237922815506,4.817716773973364,0.0
2017-10-03,0.0031406665286448474,4.832847615789873,0.0
2017-10-04,0.0026377791930105015,4.845595600673795,0.0
2017-10-05,0.005362025862981533,4.8715778096061575,0.0
2017-10-06,0.0020420165100340755,4.8815256519232895,0.0
2017-10-09,-0.0007949382961837139,4.877645140238773,-0.0007949382961836005
2017-10-10,0.0012163838031165734,4.883578228784709,0.0
2017-10-11,0.0023368446724742445,4.894990392551256,0.0
2017-10-12,-0.00024339362783074638,4.893798983081417,-0.000243393627830768
2017-10-13,0.0027748797595688055,4.907378686826967,0.0
2017-10-16,0.004084841516609273,4.927424551024641,0.0
2017-10-17,-0.0021212136818734937,4.916972430650609,-0.0021212136818734573
2017-10-18,0.002212080433611108,4.9278491691570565,0.0
2017-10-19,0.0004063325339489588,4.929851514596878,0.0
2017-10-20,0.008371769477174766,4.971123095033784,0.0
2017-10-23,-0.0028904289957109304,4.95675441669865,-0.002890428995710903
2017-10-24,0.0055770801331067555,4.984398633280709,0.0
2017-10-25,-0.00925028266607319,4.938291537002474,-0.009250282666073195
2017-10-26,0.00573612569343179,4.966618197969531,-0.0035672177567136476
2017-10-27,0.004869764849918964,4.990804460692971,0.0
2017-10-30,-0.005365033343467646,4.964028628350626,-0.005365033343467718
2017-10-31,0.005307557720228879,4.990375496820465,-8.595084738027836e-05
2017-11-01,-0.0011421055114541787,4.9846759614613205,-0.0012279581938978712
2017-11-02,0.006495617725477508,5.017054510992351,0.0
2017-11-03,0.0024840975843969664,5.029517363983895,0.0
2017-11-06,0.002994589751458327,5.044578705136862,0.0
2017-11-07,-0.005694892318589289,5.015850372618459,-0.0056948923185893285
2017-11-08,-0.0015486576435060672,5.00808253760022,-0.007234730523577371
2017-11-09,-0.009946623889765405,4.958269024189809,-0.017109393269880924
2017-11-10,0.0018260537681238525,4.967323090024802,-0.015314582173807878
2017-11-13,0.003633694216883003,4.985372823210415,-0.011736536465603797
2017-11-14,0.0009260532369095175,4.98998954385055,-0.010821351886278308
2017-11-15,-0.00450981996809614,4.9674855893651015,-0.015282369505555948
2017-11-16,0.009810364216443322,5.016218432236707,-0.005621930900052363
2017-11-17,-0.0017939964776359047,5.007219354038222,-0.007405841653456147
2017-11-20,0.0047372363074160186,5.030939735361368,-0.002703688568007734
2017-11-21,0.006737732262771676,5.064836860328373,0.0
2017-11-22,-0.002170678405806446,5.0538427283267255,-0.0021706784058064255
2017-11-24,0.0019708695078184783,5.063803192857295,-0.0002040870218692481
2017-11-27,-0.001751650663406468,5.054933178635166,-0.001955380196108525
2017-11-28,0.012737246103681562,5.119319106569108,0.0
2017-11-29,-0.0035704703420042084,5.101040729527848,-0.003570470342004084
2017-11-30,0.010062523539486765,5.152370071944603,0.0
2017-12-01,-0.005602509683973759,5.123503868721116,-0.005602509683973911
2017-12-04,-0.009040624549557863,5.077184193865801,-0.014592484046943688
2017-12-05,-0.0030402381118504805,5.061748344978725,-0.01758835753264809
2017-12-06,-0.0007365252404618591,5.058020239561783,-0.018311928503848773
2017-12-07,0.009897550994635873,5.1080822528147465,-0.008595620755389777
2017-12-08,0.0063941729549783005,5.1407442142074995,-0.002256409686176797
2017-12-11,-0.0014630853141967253,5.133222866843651,-0.0037161936804988027
2017-12-12,-0.0015994919805645566,5.125012318033684,-0.005309741639073162
2017-12-13,-0.0005214152804161707,5.1223400582987395,-0.005828388339063739
2017-12-14,-0.006995129527208004,5.086508626108533,-0.01278274753490527
2017-12-15,0.009649814126077943,5.135592488901173,-0.0032562845465596846
2017-12-18,0.010362308699371214,5.188809083625339,0.0
2017-12-19,-0.0014283313725041006,5.181397744825262,-0.001428331372504088
2017-12-20,0.0021134042995103494,5.192348133096649,0.0
2017-12-21,-0.002632370812039327,5.178679947425138,-0.002632370812039486
2017-12-22,-0.0006679185765935403,5.175221010886021,-0.00329853117926715
2017-12-26,-0.0021604946581595228,5.164039973537206,-0.005451899378434044
2017-12-27,0.0021946171308820355,5.17537306412769,-0.003269247079323856
2017-12-28,0.003141099473649188,5.19162942573536,-0.0001384166359548189
2017-12-29,-0.007392164335283148,5.153252047852432,-0.007529557772718243
2018-01-02,0.011656976220991502,5.213323384435024,0.0
2018-01-03,0.011716726452864543,5.274406468440771,0.0
2018-01-04,0.0035107999566266783,5.292923854441405,0.0
2018-01-05,0.009878414096612288,5.345209548057415,0.0
2018-01-08,0.006376702230850064,5.379294357706874,0.0
2018-01-09,0.0038258731473234074,5.399874855541572,0.0
2018-01-10,-0.005256489014497536,5.371490472683757,-0.00525648901449749
2018-01-11,0.007688468435803756,5.412789007636206,0.0
2018-01-12,0.008089936174836831,5.456578125235842,0.0
2018-01-16,-0.005493475899466848,5.426602544811301,-0.005493475899466804
2018-01-17,0.013713453838856065,5.50102000831139,0.0
2018-01-18,-0.0025937213974679325,5.4867518950079335,-0.0025937213974679407
2018-01-19,0.00637065531477274,5.521706100128704,0.0
2018-01-22,0.0056438720111201025,5.552869902640851,0.0
2018-01-23,0.002463236751174774,5.5665479358595285,0.0
2018-01-24,-0.0011257669720760365,5.56028130004486,-0.0011257669720760033
2018-01-25,0.0009650464011088755,5.565647229502621,-0.00016180698833212492
2018-01-26,0.011595649165826812,5.630184522156689,0.0
2018-01-29,-0.012375924279198175,5.560505784832564,-0.012375924279198203
2018-01-30,-0.010278559179735728,5.5033517970539,-0.022527276788826378
2018-01-31,0.0021742432588306632,5.515317422599618,-0.02040201330969349
2018-02-01,-0.0047487067892508505,5.489126797310045,-0.025053836919826322
2018-02-02,-0.021991835241974518,5.368410825161296,-0.046494692308080676
2018-02-05,-0.03760277669824698,5.166543671678304,-0.08234913947381317
2018-02-06,0.020556967111541473,5.272752140017338,-0.06348502091409858
2018-02-07,-0.004119261507359726,5.251032295089115,-0.06734277101851305
2018-02-08,-0.04275708955527261,5.026513436990362,-0.10722047968244675
2018-02-09,0.015350554410729777,5.103673205001146,-0.09351581907902695
2018-02-12,0.017449428083515652,5.192729383553579,-0.07769818855520194
2018-02-13,0.003555534715771192,5.211192313146409,-0.07441891244619137
2018-02-14,0.01902011311255048,5.310309780393707,-0.05681425546608043
2018-02-15,0.01149441458340917,5.371348682575886,-0.045972887489245995
2018-02-16,-0.0013194289913517586,5.364261569401436,-0.0472316585200282
2018-02-20,-0.0032577366348858494,5.346786217967687,-0.05033552685062692
2018-02-21,-0.004058033625203175,5.325088779708401,-0.05418929721532795
2018-02-22,0.0016289561111920675,5.333763115618747,-0.05264861309099611
2018-02-23,0.0163386115557428,5.420909399295191,-0.037170206773495584
2018-02-26,0.008148526195031284,5.46508182153624,-0.029324562982032787
2018-02-27,-0.012335345131683974,5.397668151094698,-0.04129817950849757
2018-02-28,-0.010468085081907446,5.341164901645136,-0.05133395173358213
2018-03-01,-0.015360205165375285,5.2591235129337655,-0.06590565686838024
2018-03-02,0.006037940952742557,5.290877790168039,-0.06026565038026077
2018-03-05,0.010447742638299003,5.346155519650406,-0.050447547747064614
2018-03-06,0.006927676801876827,5.383191957223114,-0.043869355251426545
2018-03-07,0.0006966342150055505,5.386942072926459,-0.043203281930279336
2018-03-08,0.005851304143574238,5.418462709398968,-0.037604773329279695
2018-03-09,0.02013726935398869,5.5275757524626785,-0.018224761424818436
2018-03-12,-0.0029428407126536695,5.5113089774960535,-0.021113969567572832
2018-03-13,-0.0037200727669180955,5.4908065070587995,-0.02475549683130096
2018-03-14,-0.0042631231297539695,5.467398522837554,-0.02891308422992478
2018-03-15,-0.0006349349125694199,5.463927080634474,-0.029529661215886516
2018-03-16,0.0036756867559023295,5.484010765039978,-0.02596251624462187
2018-03-19,-0.010775802487993699,5.4249161481938755,-0.03645855178547219
2018-03-20,0.008317405899754545,5.470037377770537,-0.02844438645943459
2018-03-21,-0.0021954887022534067,5.458027972506738,-0.030577425832573835
2018-03-22,-0.02759010921500206,5.307440384646741,-0.057323900529341554
2018-03-23,-0.019919579544051595,5.201718403729458,-0.0761016120770236
2018-03-26,0.03042115650471168,5.359960693382751,-0.04799555462356797
2018-03-27,-0.022190581366075383,5.241020049497275,-0.06912108672955908
2018-03-28,-0.0065235439239058925,5.206830024998308,-0.07519371620811666
2018-03-29,0.017791974158245384,5.299469810249454,-0.058739586705508495
2018-04-02,-0.023206474000790723,5.176487801879925,-0.08058292201460071
2018-04-03,0.010989189329505053,5.233373206396657,-0.0704792736718387
2018-04-04,0.01073950955590131,5.289577067956352,-0.06049667694902916
2018-04-05,0.007946393979679299,5.331610131324211,-0.05303101339884808
2018-04-06,-0.025591840314734344,5.195164416222942,-0.07726569248695059
2018-04-09,0.005627026386422804,5.224397743474833,-0.07207344219091705
2018-04-10,0.02006871940159306,5.329244715830947,-0.05345114447696031
2018-04-11,-0.005158891260283605,5.301751721842534,-0.05833428709514954
2018-04-12,0.012755203436919807,5.369376643626675,-0.046323149357475946
2018-04-13,-0.006158298735011091,5.336310418234431,-0.05219617630039719
2018-04-16,0.008136055169987754,5.379726934201368,-0.04448479210045175
2018-04-17,0.01603306801648094,5.465980462047512,-0.029164951781416426
2018-04-18,0.003360164225952537,5.48434705405584,-0.02590278658309142
2018-04-19,-0.01032159443943361,5.427739847998773,-0.03595702296456316
2018-04-20,-0.008617072526036771,5.380968620076108,-0.044264251215893946
2018-04-23,-0.0014561457911213918,5.373133145267828,-0.04565594180391008
2018-04-24,-0.01960067065461597,5.267816132104032,-0.06436172537980134
2018-04-25,-0.001243216246372012,5.2612670975057,-0.06552492608353677
2018-04-26,0.014550049843075572,5.337818796012141,-0.05192826718094046
2018-04-27,-0.0032974256919692828,5.320217735175094,-0.055054463270567955
2018-04-30,-0.007305971106196823,5.281348378123229,-0.06195820805884278
2018-05-01,0.002712679797879884,5.295674985174129,-0.05941360104027704
2018-05-02,-0.007311708171242225,5.256954555112788,-0.06629089429931012
2018-05-03,0.00421252460199408,5.279099605507766,-0.062357621720440015
2018-05-04,0.009963718394684722,5.3316990673545375,-0.053015217108339896
2018-05-07,0.004618325819884844,5.356322590821157,-0.04864173283447326
2018-05-08,0.001993842823560588,5.367002256179541,-0.046744873980850254
2018-05-09,0.012546067614636164,5.434337029373474,-0.03478527071581561
2018-05-10,0.010518634634029668,5.491498835063631,-0.02463252963509155
2018-05-11,0.002508694553393835,5.505275328281123,-0.022185630574629633
2018-05-14,0.000690763480280751,5.509078171426791,-0.02151019211773686
2018-05-15,-0.005578800709388165,5.47834412221596,-0.026968991752079452
2018-05-16,0.006890173390264531,5.5160908631095635,-0.020264639391147532
2018-05-17,-0.0009918913686943686,5.510619500193512,-0.02123643043894008
2018-05-18,0.0019344499326617603,5.521279517714585,-0.01934306131771102
2018-05-21,0.007682603697587183,5.563697320152792,-0.011809062694525863
2018-05-22,-0.00672671972566451,5.526271887641693,-0.018456346165221515
2018-05-23,0.007887586079617344,5.569860832854836,-0.01071433610469763
2018-05-24,0.0019138244558360134,5.580520568732357,-0.008821017007326737
2018-05-25,-0.004526923503150442,5.555257979009948,-0.013308008441265118
2018-05-29,-0.008632271935440401,5.507303481463609,-0.02182540202892136
2018-05-30,0.011031603066658765,5.5680578674387435,-0.011034568134215883
2018-05-31,-0.010850114281284384,5.507643803252229,-0.02176495609019935
2018-06-01,0.014876967937544625,5.589580843524629,-0.00721178470657069
2018-06-04,0.001954885073513556,5.600507831682832,-0.005270997843333403
2018-06-05,0.004870085231111522,5.627782782160635,-0.00042658282097196576
2018-06-06,0.009544763114846519,5.681498635678169,0.0
2018-06-07,-0.006368124804791827,5.645318143287915,-0.006368124804791986
2018-06-08,0.006499860870464885,5.682011925788799,0.0
2018-06-11,0.00029255872650548544,5.683674247961796,0.0
2018-06-12,0.0032598480066013606,5.702202162129185,0.0
2018-06-13,-0.003855637229056878,5.680216539185271,-0.0038556372290569074
2018-06-14,0.001772389853626119,5.690284097345723,-0.0020900810677347836
2018-06-15,-0.0014200164185463765,5.6822038005012985,-0.003507129536848952
2018-06-18,0.0020236217720041956,5.693702431824958,-0.0014906048685326967
2018-06-19,-0.008562113172479445,5.644952307233251,-0.01003995531343227
2018-06-20,0.0011071356156826479,5.651202034981419,-0.008943935289857041
2018-06-21,-0.009107676539058931,5.599732714789937,-0.017970153359309626
2018-06-22,-0.005217226479454579,5.570517640992467,-0.023093625478818214
2018-06-25,-0.02049138950767781,5.456369994251499,-0.043111794511665136
2018-06-26,0.0032421594015293186,5.474060415526584,-0.04000941042002859
2018-06-27,-0.013523356283798752,5.400032746208379,-0.05299170519201257
2018-06-28,0.006592917693290654,5.435634717645205,-0.04674815744948002
2018-06-29,0.00154153928252447,5.444013962087909,-0.04527868228804954
2018-07-02,0.0025858676327905786,5.458091461584932,-0.04280989933424306
2018-07-03,-0.006501714010203207,5.4226045118601744,-0.049033275622169414
2018-07-05,0.006169772893993894,5.4560607501922975,-0.04316602690301308
2018-07-06,0.007280270480672174,5.495782348212677,-0.03620001677377083
2018-07-09,0.012117123471052387,5.562375421496,-0.024521533375620352
2018-07-10,0.0030408594401258853,5.579289823305981,-0.02155524047174595
2018-07-11,-0.009278013988034456,5.52752509428205,-0.03063326463716798
2018-07-12,0.0111013567893963,5.588888122516017,-0.01987197864813295
2018-07-13,0.0015314431973093177,5.597447187211766,-0.018370968257341524
2018-07-16,-0.0012322258462211255,5.590549868114826,-0.019580556921655945
2018-07-17,0.006886092657666685,5.62904691251397,-0.012829297793240602
2018-07-18,0.005609812093355736,5.660624807957857,-0.007291455649794609
2018-07-19,-0.00390312371033876,5.638530689054585,-0.011166119906703798
2018-07-20,-0.0006892925066890851,5.634644092101884,-0.01184771569061227
2018-07-23,0.001639180185377777,5.643880289049313,-0.010227956046036657
2018-07-24,-0.0034188141810947543,5.624584911080709,-0.013611802745957746
2018-07-25,0.013653099640244656,5.701377929306711,-0.00014454640488703596
2018-07-26,0.0016286079508235555,5.71066323873303,0.0
2018-07-27,-0.013055703752580947,5.636106511257378,-0.013055703752580916
2018-07-30,-0.013102423161373384,5.562259858764312,-0.025987065558718325
2018-07-31,0.006443493251175055,5.5981002426255415,-0.019711019789088735
2018-08-01,-0.006685157761986739,5.560676059336173,-0.026264406274135843
2018-08-02,0.010988980510957844,5.621782220179968,-0.015564044811856359
2018-08-03,0.001479294535904053,5.630098491900323,-0.01410777408239905
2018-08-06,0.00647421629346189,5.66654896729038,-0.007724894569765883
2018-08-07,0.007937487750968792,5.711527130308513,0.0
2018-08-08,0.002555082042034429,5.726120550711756,0.0
2018-08-09,-0.0003065030365705741,5.724365477375194,-0.0003065030365705379
2018-08-10,-0.002642223057646905,5.709240426920475,-0.0029479162448269314
2018-08-13,-0.00598533243775077,5.67506872499831,-0.008915604423853862
2018-08-14,0.01034451491118442,5.7337745580460515,0.0
2018-08-15,-0.01859375632704046,5.62716215107956,-0.0185937563270403
2018-08-16,0.00509935207321299,5.655857032060973,-0.01358922036370247
2018-08-17,0.0033620025157989775,5.674872037631761,-0.010272904840954
2018-08-20,0.008734152778784377,5.724437237008488,-0.0016284771825324507
2018-08-21,0.004930893837456316,5.752663829303359,0.0
2018-08-22,0.0036964874176984375,5.773928478766628,0.0
2018-08-23,0.0021603103724093845,5.786401956348858,0.0
2018-08-24,0.008134107809972431,5.833469173693635,0.0
2018-08-27,0.0053576688523074975,5.864722969786429,0.0
2018-08-28,0.0006115199125198988,5.868309364663866,0.0
2018-08-29,0.006235367321351398,5.9049004291078715,0.0
2018-08-30,-0.006738995215859611,5.865107333365986,-0.006738995215859522
2018-08-31,0.0030916636671637944,5.8832402726125705,-0.0036681662553577077
2018-09-04,0.0032605390004404,5.902422806970385,-0.00041958745405301645
2018-09-05,-0.010921376035419037,5.837960227975429,-0.011336381017106545
2018-09-06,-0.002339494950158239,5.824302349502855,-0.013649354561122262
2018-09-07,-0.0038620517792265366,5.801808592251205,-0.01745869182628068
2018-09-10,0.006146731100221986,5.83747074956273,-0.011419274610076524
2018-09-11,0.0025924868483930236,5.8526043157088505,-0.008856392080928255
2018-09-12,0.0004335930788131562,5.855141964433173,-0.008426639072424802
2018-09-13,0.0026049958853141624,5.8703945851584525,-0.005843594547221276
2018-09-14,0.0017885867809238278,5.880894295312273,-0.004065459542257788
2018-09-17,-0.010860912068904896,5.817022419484362,-0.014882217012554544
2018-09-18,0.009509317341584982,5.872338331654353,-0.005514419395288295
2018-09-19,-0.00769567937702691,5.827146698660516,-0.01316766156869853
2018-09-20,0.004622465497227631,5.854082483222358,-0.008606063132751474
2018-09-21,0.001378917936541869,5.862154782560468,-0.007239012251026411
2018-09-24,0.001999416212489245,5.873875669872841,-0.0052540698369943906
2018-09-25,0.0025646318007981122,5.8889399982097315,-0.002702912790783718
2018-09-26,-0.0022257558295607016,5.875832655678782,-0.004922652596443644
2018-09-27,0.0016420368801469544,5.885480989600978,-0.003288698893408326
2018-09-28,0.0015588954032594033,5.894655838861638,-0.0017349302277365197
2018-10-01,0.0029910162901220345,5.912286850500337,0.0
2018-10-02,-0.008820541063336467,5.860137281557274,-0.008820541063336518
2018-10-03,0.0031477095952339527,5.8785832919078205,-0.005700595969842737
2018-10-04,-0.013462697707288737,5.799441702101747,-0.01908654827683809
2018-10-05,-0.005464317322985813,5.767751712345307,-0.024446570643438692
2018-10-08,-0.0054805555903392105,5.736141228454525,-0.02979314544437328
2018-10-09,-0.001844874917071329,5.72555876538137,-0.03158305573471365
2018-10-10,-0.04114021522801557,5.49000804547293,-0.07142393725224461
2018-10-11,-0.0171036626978254,5.396108799654813,-0.08730598901875697
2018-10-12,0.020687900745945818,5.507742962916397,-0.06842426590815787
2018-10-15,-0.007019970386861174,5.469078770418281,-0.07496389997460096
2018-10-16,0.02400825012214234,5.600381781476182,-0.05275540191318007
2018-10-17,-0.006044072108332261,5.56653267015475,-0.05848061656824499
2018-10-18,-0.014118782145879357,5.487940008076915,-0.07177372362904055
2018-10-19,-0.012764512921306138,5.417889126932465,-0.08362207992767345
2018-10-22,0.0032795590096300403,5.435657414031873,-0.08061676446367427
2018-10-23,-0.012041968220164245,5.370201400196401,-0.0916879481681544
2018-10-24,-0.03711232864849111,5.170900720923725,-0.1253975235511232
2018-10-25,0.018490182078217954,5.266511616761993,-0.10922596451552313
2018-10-26,-0.014940737124904919,5.187826051130694,-0.12253478521738748
2018-10-29,-0.00636985314694932,5.154780361033073,-0.12812410977710909
2018-10-30,0.024463069663827143,5.280882112106753,-0.10679534913637523
2018-10-31,0.01132928204197477,5.340710714985231,-0.09667598172553749
2018-11-01,0.014788213635592573,5.419690286004331,-0.08331743316113283
2018-11-02,-0.00034887097284998377,5.4177995133817065,-0.08363723710002047
2018-11-05,0.0015272926619919883,5.426074078822638,-0.08223768297652068
2018-11-06,0.0031784307624185297,5.44332047959393,-0.07932063899550479
2018-11-07,0.02576463952809392,5.583565669586559,-0.05559966713826803
2018-11-08,-0.0037407242596104325,5.562679090031208,-0.059132408374188095
2018-11-09,-0.013911769510350674,5.485292380670647,-0.07222154144864512
2018-11-12,-0.021909681801942762,5.365111370019532,-0.0925488722582023
2018-11-13,-0.0017199135821642263,5.3558838421044115,-0.09410960977795568
2018-11-14,-0.009990085649161283,5.30237810379483,-0.10315953236502595
2018-11-15,0.010427773530120841,5.357670101832274,-0.09380748307588083
2018-11-16,-0.0015897158100044919,5.349152928966603,-0.09524807164694271
2018-11-19,-0.031949764716513486,5.178248751453472,-0.12415468288463472
2018-11-20,-0.021180176357087008,5.068572529676822,-0.14270524116266692
2018-11-21,0.009516904189815193,5.116809648820885,-0.13454644908038138
2018-11-23,-0.004177998965418491,5.095431623401868,-0.13816231312074123
2018-11-26,0.018615538166383585,5.190285825261503,-0.1221187407674128
2018-11-27,0.001792969505623245,5.199591849471666,-0.12054472644005043
2018-11-28,0.031027413068225748,5.360921733571404,-0.09325750439227631
2018-11-29,-0.002355336092079935,5.348294961125507,-0.09539318771840388
2018-11-30,0.004292958781036346,5.371254970942443,-0.09150974796023437
2018-12-03,0.014500143451293863,5.449138938534584,-0.07833650898155564
2018-12-04,-0.030714392481269885,5.281771946491463,-0.10664484318035339
2018-12-06,0.0005357452651826274,5.284601630803571,-0.1061662323849607
2018-12-07,-0.02974778809120428,5.1273964213439935,-0.1327558098927356
2018-12-10,0.006360647429229593,5.160009982210057,-0.12723957536441544
2018-12-11,0.000850908604025895,5.164400679100779,-0.1264969360098397
2018-12-12,0.0067614625612414225,5.199319580943768,-0.12059077774554072
2018-12-13,-0.005152757455111342,5.172528748211553,-0.12512216017160616
2018-12-14,-0.020247025382138482,5.067800427356673,-0.14283583400088207
2018-12-17,-0.026727638844033775,4.932350087800644,-0.16574580825975394
2018-12-18,0.005064108057894526,4.957328041624632,-0.16152105488502977
2018-12-19,-0.01576596234117798,4.879170994407512,-0.1747404823575831
2018-12-20,-0.019503601939947934,4.784009585535648,-0.19083601548683427
2018-12-21,-0.019331736807418683,4.691526371343905,-0.206478560669485
2018-12-24,-0.02357701186115984,4.580914198439785,-0.2251874250566651
2018-12-26,0.05294859335265894,4.823467161516396,-0.18416218910146387
2018-12-27,0.008766268031247903,4.865750967494171,-0.17701033618110062
2018-12-28,-0.0017493163042209274,4.857239229994455,-0.1784500054182243
2018-12-31,0.012156714789927713,4.9162873019799465,-0.16846265644842695
2019-01-02,-0.007478284340489025,4.879521907636205,-0.17468112914324052
2019-01-03,-0.024538282208856916,4.759786822022328,-0.19493303650861882
2019-01-04,0.03346833699352559,4.919088971399113,-0.16798878407213502
2019-01-07,0.012232155117786312,4.979260030735459,-0.15781149381916737
2019-01-08,0.013286539042151282,5.045417163534848,-0.1466217233509447
2019-01-09,0.00812584504598993,5.086415441598111,-0.1396873037092805
2019-01-10,0.0029355575557738186,5.101346906879499,-0.13716180627335606
2019-01-11,0.0002614628541453195,5.102680719601757,-0.13693620613655866
2019-01-14,-0.008206227614122229,5.060806960174512,-0.14401870407451
2019-01-15,0.015671691680027827,5.140118366506506,-0.13060402912089497
2019-01-16,-0.00040407787997564923,5.138041358374144,-0.13095533280166727
2019-01-17,0.008324550114419588,5.18081324115189,-0.1237209269179056
2019-01-18,0.012588911632495809,5.2460340412292155,-0.11268952710146984
2019-01-22,-0.011527061805772232,5.185562682600781,-0.1229176097634802
2019-01-23,0.0009236385869537253,5.190352268389499,-0.12210750262392
2019-01-24,-0.001658399676141613,5.181744589868541,-0.12356339925725568
2019-01-25,0.005617378806641843,5.210852412109099,-0.11864012287087822
2019-01-28,-0.008142291707372368,5.168424131725642,-0.12581641208963745
2019-01-29,-0.0013923825870247363,5.161227707962269,-0.12703361009530667
2019-01-30,0.01470204973299526,5.237108334408043,-0.1141992148156945
2019-01-31,0.008669653107622216,5.282512246954398,-0.10651962928568715
2019-02-01,0.0004949188652558236,5.285126661921361,-0.1060774289944848
2019-02-04,0.005509015173932941,5.3142425048980435,-0.10115279598649429
2019-02-05,0.004639821753764019,5.338899642877046,-0.09698230517600248
2019-02-06,-0.0004133918330056893,5.336692585367444,-0.09735560531610243
2019-02-07,-0.0027959896564113173,5.321771248099309,-0.09987938970705634
2019-02-08,0.005722362769950529,5.352224353759626,-0.09472857303825077
2019-02-11,0.002983526147336381,5.368192855065478,-0.09202767206547402
2019-02-12,0.012235184783314555,5.433873686599673,-0.08091846285505866
2019-02-13,0.0005956869865151039,5.437110574441148,-0.08037097794383519
2019-02-14,0.0023657485292244034,5.449973410785862,-0.07819536693747375
2019-02-15,0.00804188397379723,5.493801464615682,-0.0707823210318761
2019-02-19,0.0007621562276672202,5.497988599615506,-0.07007411199099212
2019-02-20,-0.0010608503266756647,5.492156056613545,-0.07106062417307069
2019-02-21,-0.0011125650825986005,5.486045675556774,-0.07209412968646667
2019-02-22,0.007493439137385083,5.527155024931473,-0.06514092352204981
2019-02-25,-0.0017598927175463774,5.517427825054346,-0.0667861752026756
2019-02-26,-0.0006666793908426618,5.513749469632921,-0.06740832962691734
2019-02-27,0.0017030094468078482,5.523139437067037,-0.06582011720225778
2019-02-28,0.0012411624228980415,5.529994550192751,-0.06466064823550188
2019-03-01,0.004698858350000494,5.555979211260381,-0.06026562111237921
2019-03-04,-0.006268411866998131,5.521152045239722,-0.06615626324482449
2019-03-05,-0.0005353234747213228,5.5181964429424,-0.06665617171883098
2019-03-06,-0.006633426725361803,5.481591891181989,-0.07284743961330276
2019-03-07,-0.00456989183905772,5.456541609133431,-0.07708442653257552
2019-03-08,-0.002102304579689796,5.445070296719282,-0.07902467616934306
2019-03-11,0.012547694061647215,5.513393372946678,-0.06746855956758968
2019-03-12,0.004478670706714131,5.538086046340686,-0.06329205832223506
2019-03-13,0.005587563052629977,5.569030451315506,-0.0580581436362112
2019-03-14,-0.0002983568325497021,5.567368893029678,-0.05833917842492198
2019-03-15,0.0032237401071998047,5.585316643421714,-0.05530350866703171
2019-03-18,0.0003260263232377545,5.587137603671088,-0.054995512743386765
2019-03-19,-0.0004668497291655092,5.584529249994003,-0.055436687832322695
2019-03-20,-0.0009406915237265555,5.57927593066453,-0.056325230533701975
2019-03-21,0.014981004522111653,5.662859088611925,-0.04218803454492459
2019-03-22,-0.01209646037999209,5.594358538009052,-0.053774169036534425
2019-03-25,0.003475252851116108,5.613800348468434,-0.05048579501967887
2019-03-26,0.005803558641474362,5.6463803679923,-0.04497523365016254
2019-03-27,-0.006183954695974416,5.611463407600397,-0.050881063538803506
2019-03-28,0.004111475515109609,5.63453480200468,-0.0469787842706163
2019-03-29,0.005422667281214211,5.665089009520373,-0.041810867305777655
2019-04-01,0.0046487843092873765,5.691424786418547,-0.03735645270037924
2019-04-02,0.0011617933548340466,5.698037045914946,-0.03623805982405259
2019-04-03,0.00131334457566178,5.705520531961118,-0.03497230830769338
2019-04-04,-0.004477205500122859,5.6799757440543575,-0.03929293559670899
2019-04-05,0.006102994191749681,5.7146406030296,-0.03342974596268289
2019-04-08,-0.0013157911723484079,5.70712132937099,-0.0347015505703997
2019-04-09,-0.003308403300176137,5.688239870330394,-0.0378951471461475
2019-04-10,0.005979901405567117,5.722254983926185,-0.03214185498426381
2019-04-11,0.001251302620561859,5.729415256583096,-0.030930771551073377
2019-04-12,0.002789249155972868,5.745396023251738,-0.028227796023542973
2019-04-15,-0.0013720529586553132,5.737513035639389,-0.02956111895114788
2019-04-16,-0.011568583323992155,5.671138138014104,-0.040787722007403104
2019-04-17,-0.011204410953151991,5.607596375743701,-0.05153513056134118
2019-04-18,0.0039482407457713305,5.629736516240253,-0.04779036291789074
2019-04-22,-0.0024543526616602985,5.6159191574371725,-0.0501274211751217
2019-04-23,0.010100089944413084,5.67264044604784,-0.040533622693258886
2019-04-24,0.003760412464720135,5.693971913889034,-0.0369256333685547
2019-04-25,0.00010176670570971087,5.694551370653114,-0.036827624462909214
2019-04-26,0.0049975926051417895,5.72301041847269,-0.03201408132144823
2019-04-29,-0.005579720677155908,5.691077618905159,-0.037415172367094685
2019-04-30,0.008958331026750284,5.742060176114241,-0.028792018839831846
2019-05-01,-0.013709526631763372,5.663339249208614,-0.042106820522528454
2019-05-02,0.005361971239677368,5.6937059113834065,-0.03697062484348712
2019-05-03,0.005787941758307311,5.726660749587424,-0.03139666690854215
2019-05-06,-0.0032931285574380317,5.707802119534199,-0.034586402205575184
2019-05-07,-0.015007473167174207,5.622142432381749,-0.049074820869700164
2019-05-08,-0.0003580779134334598,5.620129267350537,-0.04941532617367439
2019-05-09,0.001020789610948107,5.625866236918834,-0.048444979214305905
2019-05-10,0.006769516410139467,5.663950630730906,-0.04200341188594636
2019-05-13,-0.016598742518354668,5.569936172574732,-0.057904950585513815
2019-05-14,0.00777723537466896,5.6132548772107285,-0.050578055640906894
2019-05-15,0.003119383720162452,5.630764773091822,-0.04761644428410827
2019-05-16,0.0107936989641753,5.691541552990658,-0.037336702885280015
2019-05-17,-0.0012794277300296906,5.684259636901145,-0.03856836100229044
2019-05-20,-0.0061359643187302105,5.649381222590721,-0.04446767123407869
2019-05-21,0.007298404516727184,5.690612692022391,-0.03749380976993466
2019-05-22,0.0011986237847520095,5.697433595744862,-0.03634012695735367
2019-05-23,-0.009960199591208172,5.640686019973588,-0.04593837163089687
2019-05-24,0.0017631863221846604,5.650631600411744,-0.04425618321723512
2019-05-28,-0.007478232680556006,5.608374862511762,-0.0514034578621394
2019-05-29,-0.010340409813569219,5.55038196804527,-0.06121233485557953
2019-05-30,0.008948294507080089,5.600048420522126,-0.05281178634825323
2019-05-31,-0.006257813494284154,5.565004361947538,-0.058739113533270104
2019-06-03,-0.001729933831534311,5.555377272629169,-0.060367432585068825
2019-06-04,0.021274588305424218,5.673565636985665,-0.040377136554947346
2019-06-05,0.015738091335070408,5.762856731176062,-0.025274504282827404
2019-06-06,0.00739714425092672,5.805485413713995,-0.018064319185951527
2019-06-07,0.010931399677712379,5.868947495094432,-0.007330387801166571
2019-06-10,0.001946613568643912,5.880372067922041,-0.005398043664879837
2019-06-11,-0.003074647738520206,5.862291995241747,-0.008456094320653418
2019-06-12,0.0021521568238098395,5.874908566962472,-0.006322136337938544
2019-06-13,0.0017117119601040513,5.88496471822106,-0.004621246054217543
2019-06-14,-0.0014270768148663775,5.8765664215153794,-0.006041727995984236
2019-06-17,-0.002885703385760451,5.859608393896166,-0.008909996746810922
2019-06-18,0.00832096167180526,5.908365970753564,-0.0006631748164318552
2019-06-19,0.007843618107142895,5.9547089370653925,0.0
2019-06-20,0.007458712796814765,5.99912340081559,0.0
2019-06-21,-0.005138696903399669,5.968295723972706,-0.005138696903399631
2019-06-24,-0.0027710314707913653,5.951757388694588,-0.007895488883352786
2019-06-25,-0.009554810926574201,5.89488947216477,-0.017374859906473694
2019-06-26,-0.007390793788621389,5.851321559669286,-0.02463723968842013
2019-06-27,0.0058130389221873755,5.885335519641877,-0.018967417999476988
2019-06-28,0.00709843792584314,5.927112208500815,-0.012003619112916475
2019-07-01,0.00871529928554709,5.97876876529692,-0.003392934960448124
2019-07-02,0.008477152703357544,6.029451701098407,0.0
2019-07-03,0.010727340213828807,6.094131680798938,0.0
2019-07-05,-0.0028937305725674502,6.076496905640958,-0.0028937305725674767
2019-07-08,-0.0011724828614416826,6.069372317161491,-0.004062820584507132
2019-07-09,0.0023363334198086907,6.083552394543338,-0.001735979268208676
2019-07-10,0.00422162971534434,6.109234900106996,0.0
2019-07-11,-0.000537469325239121,6.105951373747508,-0.000537469325239126
2019-07-12,0.0013772484041911642,6.11436078553307,0.0
2019-07-15,0.0023495996593807544,6.1287270855520894,0.0
2019-07-16,-0.0024170779916428977,6.113913474196815,-0.002417077991642924
2019-07-17,-0.0030154953800746427,6.0954769963611986,-0.00542528468420056
2019-07-18,0.005425804247965981,6.128549861341434,-2.891696892048934e-05
2019-07-19,-0.011421342720838433,6.058553592993307,-0.011449929419146465
2019-07-22,0.0008340753580216417,6.0636068832504755,-0.01062540416510449
2019-07-23,0.002445353942674388,6.078434548249259,-0.008206033096397891
2019-07-24,0.0005240052531348274,6.081619679883378,-0.007686327847712948
2019-07-25,-0.0026014882752015576,6.065798417591926,-0.010267820231139257
2019-07-26,0.006407170172065927,6.104663020282885,-0.003926437730590648
2019-07-29,0.0006379574700950223,6.108557535659087,-0.0032909851607767493
2019-07-30,-0.0024393957967682118,6.093656346082284,-0.00572235294217649
2019-07-31,-0.009766605871605124,6.034142006233092,-0.015433070847937214
2019-08-01,-0.004509362188536739,6.006931874429924,-0.019872839730339265
2019-08-02,-0.0058762307140640775,5.971633756852108,-0.025632293053204247
2019-08-05,-0.025222154716534637,5.821016286326302,-0.05020794610861157
2019-08-06,0.01707837807549104,5.920429803247774,-0.03398703831915728
2019-08-07,0.0036561090324335925,5.942075540127317,-0.030455189604507993
2019-08-08,0.019872996805604375,6.060162388354927,-0.011187428684628076
2019-08-09,-0.0032441790382949365,6.040502136565963,-0.014395313701291879
2019-08-12,-0.012010551427706673,5.967952375005566,-0.0262329694734712
2019-08-13,0.012556276032306508,6.0428876323737954,-0.014006081847020457
2019-08-14,-0.02602542475293981,5.88561891500698,-0.03966699237076721
2019-08-15,0.008689963902150207,5.936764730920204,-0.03132173320042586
2019-08-16,0.011439129909384182,6.004676153918649,-0.02024089666610851
2019-08-19,0.010410411822625577,6.067187305542442,-0.01004120091343641
2019-08-20,-0.006855390345380546,6.025594368264411,-0.01682775490701882
2019-08-21,0.007965860344829854,6.073593411496598,-0.008995942107695387
2019-08-22,0.0005116743728793296,6.076701113596549,-0.008488870727852649
2019-08-23,-0.023942570445845756,5.931209269105914,-0.03222819578829106
2019-08-26,0.012331988916686536,6.004352876075077,-0.020293644624870488
2019-08-27,0.0005885889973005501,6.007886972113845,-0.019717000243511307
2019-08-28,0.005340804376087266,6.039973921145547,-0.01448150050860797
2019-08-29,0.011012279850718044,6.10648780425624,-0.0036286949941491953
2019-08-30,-0.003987054846873818,6.082140902458904,-0.007601282035058832
2019-09-03,-0.003451396849161037,6.061149020512004,-0.011026443843354494
2019-09-04,0.006240077904747889,6.098971062592285,-0.004855171807201519
2019-09-05,0.006967278078260463,6.1414642899766285,0.0
2019-09-06,0.0012991557008370028,6.149443008320439,0.0
2019-09-09,-0.016094711915633896,6.050469494659913,-0.01609471191563394
2019-09-10,-0.015986719715296575,5.953742334702833,-0.03182412998263673
2019-09-11,0.0015676021158842859,5.963075433784143,-0.03030641544024948
2019-09-12,0.0061220466674135054,5.999581659871076,-0.024369906062483238
2019-09-13,-0.00498572213570317,5.969669412784498,-0.029234126618085665
2019-09-16,-0.0009447053283116985,5.964029834281981,-0.030151214311212704
2019-09-17,0.012402615933291112,6.03799940573127,-0.018122552308945994
2019-09-18,-0.0001957859042429832,6.0368172505578,-0.018314790072897935
2019-09-19,0.00043230988487445216,6.039427026328397,-0.017890397852811435
2019-09-20,-0.003346608528583274,6.019215428334331,-0.02117713422336065
2019-09-23,0.001821580884190774,6.030179916096411,-0.01939412920205308
2019-09-24,-0.0031226704650339555,6.011349651373576,-0.02245623819263276
2019-09-25,0.00211195655633671,6.024045360682226,-0.020391708235777628
2019-09-26,0.002529806434392093,6.03928502939675,-0.017913488876088568
2019-09-27,-0.010456385148875997,5.976135939105537,-0.028182563685916096
2019-09-30,0.006413381443488485,6.0144631784411615,-0.021949927773400768
2019-10-01,-0.008593360359812022,5.962778728977996,-0.03035466449398405
2019-10-02,-0.013724395294796113,5.8809431966461005,-0.04366246037422383
2019-10-03,0.010445976326527922,5.942375390055921,-0.03367258107512294
2019-10-04,0.014974958244101798,6.0313622133927876,-0.019201868326592098
2019-10-07,-0.0054006970049942865,5.998788653550882,-0.02449886185882455
2019-10-08,-0.010785572169350676,5.934088285599326,-0.03502019978553006
2019-10-09,0.009050161653900705,5.987792743852519,-0.02628697660084034
2019-10-10,0.0025855531947028476,6.003274500510605,-0.0237693897824669
2019-10-11,-0.0005852415016359174,5.999761135127193,-0.024340720450733544
2019-10-14,-0.0025532304158084724,5.984442362509401,-0.02683180339874458
2019-10-15,0.002079084921215031,5.996884526387175,-0.024808504075384707
2019-10-16,-0.0011351688576326587,5.990077049830002,-0.02591551109178658
2019-10-17,0.0034596195645146214,6.010800437584544,-0.02254554933646935
2019-10-18,0.001786249372975651,6.021537226097261,-0.02079957193685933
2019-10-21,0.001999439070898695,6.033576922893991,-0.018841720342749335
2019-10-22,-0.01361923004971381,5.951404250758453,-0.0322043406685828
2019-10-23,0.00042733727105654425,5.953947507609927,-0.03179076551258375
2019-10-24,0.005461491732520099,5.986464942698598,-0.026502898783080875
2019-10-25,-0.003758444141222229,5.96396514860808,-0.03016173325964655
2019-10-28,-0.0016937523707356455,5.95386366849864,-0.03180439912316824
2019-10-29,0.004459353295824703,5.9804140500716505,-0.027486872879395108
2019-10-30,0.00666069544456269,6.020247766691561,-0.021009259123805468
2019-10-31,-0.0008412307292156045,6.0151833492727285,-0.021832816218648077
2019-11-01,-0.0005099256972206213,6.01211605270944,-0.022331608801836267
2019-11-04,-0.011963912500388016,5.940187622312647,-0.034028347888526156
2019-11-05,-0.008397425967258725,5.890305336522649,-0.04214002332360289
2019-11-06,0.006393907533459685,5.927967404188219,-0.03601555520273225
2019-11-07,-0.006898447311197703,5.887073633387929,-0.042665551103980404
2019-11-08,-0.0015967034842412626,5.877673722405514,-0.04419413035411679
2019-11-11,0.0005754983960612453,5.88105631420533,-0.04364406560918954
2019-11-12,0.0017510131276278196,5.891354121015822,-0.04196947381338645
2019-11-13,0.009362039390397873,5.946509210359555,-0.03300035429002368
2019-11-14,0.004874386164132631,5.97549479257942,-0.028286824596253757
2019-11-15,0.003612382207004884,5.997080563646184,-0.024776625211113013
2019-11-18,0.0032682151368548904,6.01668031312123,-0.021589385415813345
2019-11-19,0.0026050300539349897,6.03235394616183,-0.019040596359732542
2019-11-20,0.001191510947195439,6.03954156192604,-0.017871772491540816
2019-11-21,-0.00868714049781739,5.987075215835181,-0.026403658390779183
2019-11-22,-0.0026417218006558286,5.971259028715343,-0.028975629071447018
2019-11-25,0.0034919306456434596,5.99211025111079,-0.02558487931293474
2019-11-26,0.007513149828128022,6.037129873214047,-0.018263952516419435
2019-11-27,0.0031758892280652137,6.056303128946817,-0.015146067578413192
2019-11-29,-0.004515997412369995,6.0289528796879654,-0.01959366538879148
2019-12-02,-0.009576089236305997,5.97121908891059,-0.028982123936868054
2019-12-03,-0.0033683505676641067,5.951105929702811,-0.032252852550917255
2019-12-04,0.005528337508406951,5.98400565183049,-0.026902819697020686
2019-12-05,0.001459510386896224,5.992739370234582,-0.025482574254909074
2019-12-06,0.004155008316202768,6.017639252154742,-0.021433446246653776
2019-12-09,-0.003699374005972295,5.995377753928002,-0.025053529918722783
2019-12-10,-0.0015320163343752143,5.986192737278235,-0.02654716383602873
2019-12-11,0.004878546989634109,6.015396659836053,-0.021798128432610198
2019-12-12,0.002958247867952589,6.033191694179902,-0.018904364831618725
2019-12-13,0.0008055286207413902,6.038051602763983,-0.01811406421780626
2019-12-16,0.005868803830449215,6.073487743138735,-0.012351568276823488
2019-12-17,-0.0013254539113931947,6.065437615053793,-0.01366065075373224
2019-12-18,0.00012622698142179912,6.0662032369349435,-0.013536148115019353
2019-12-19,0.0033829330385988926,6.086724796284026,-0.010199006959094259
2019-12-20,0.008017343844503451,6.1355241618627,-0.0022634320602542557
2019-12-23,-0.0037617501477668716,6.112443852940186,-0.006016667742134052
2019-12-24,0.0020010099891734877,6.124674914148181,-0.004027697165214117
2019-12-26,0.002672381091431933,6.141042379579918,-0.0013660796155284816
2019-12-27,0.0004505125794635558,6.143808996422938,-0.0009161824721163336
2019-12-30,-0.004846890910296798,6.114030624443576,-0.005758632745916925
2019-12-31,0.002478940736520315,6.129186944022841,-0.003293967318697133
2020-01-02,0.006379516091526164,6.168288190760206,0.0
2020-01-03,-0.003978245567987764,6.143749225603243,-0.003978245567987759
2020-01-06,-0.0006617661896398185,6.139683500088113,-0.004637379089216687
2020-01-07,-0.0014146141027840998,6.130998217222257,-0.006045433090141272
2020-01-08,0.0032154940974844,6.150712405801423,-0.0028493780470748575
2020-01-09,0.007072484325829298,6.1942132228841364,0.0
2020-01-10,-0.0016717926052776818,6.183857783022606,-0.0016717926052777221
2020-01-13,0.01045852632718107,6.248531822449891,0.0
2020-01-14,-0.0005235123555683942,6.245260638836677,-0.0005235123555682453
2020-01-15,0.003192598977489363,6.265199251566382,0.0
2020-01-16,0.010360898738590781,6.330112346588956,0.0
2020-01-17,0.004095566890297498,6.35603774512751,0.0
2020-01-21,-0.0013429973557946707,6.347501603242472,-0.001342997355794684
2020-01-22,0.0011862685015364368,6.355031444457851,-0.0001583220097189919
2020-01-23,0.005033139054247454,6.387017201411923,0.0
2020-01-24,-0.009534856999662939,6.3261179057420724,-0.009534856999662944
2020-01-27,-0.015218304799661303,6.2298451152538945,-0.024608057439282294
2020-01-28,0.0144646899279115,6.319957893144956,-0.010499315431958256
2020-01-29,-0.00296785682709595,6.301201162964826,-0.013436011794069724
2020-01-30,0.004615591423367774,6.330284933009523,-0.008882435511502695
2020-01-31,-0.022035366820407926,6.190794782432956,-0.030722074607156147
2020-02-03,0.01129898004256269,6.260744449127268,-0.01977022267244577
2020-02-04,0.018719168090799803,6.377940376844023,-0.0014211367030440014
2020-02-05,0.006648602642633782,6.420344768088069,0.0
2020-02-06,0.001988300862027743,6.433110345124974,0.0
2020-02-07,-0.007273561533502226,6.386318721177898,-0.007273561533502226
2020-02-10,0.009629548221337396,6.4478160852603095,0.0
2020-02-11,0.005455072235076029,6.48298938776389,0.0
2020-02-12,0.006431140618945242,6.52468240414773,0.0
2020-02-13,0.0015698383407509056,6.534925100746984,0.0
2020-02-14,0.002373296111717124,6.55043441307895,0.0
2020-02-18,-0.0048484886825514144,6.518674705961342,-0.004848488682551388
2020-02-19,0.006369922750884054,6.560198160276457,0.0
2020-02-20,-0.0053461415616428455,6.52512641223919,-0.005346141561642925
2020-02-21,-0.016305936832519626,6.418728113137012,-0.02156490454756055
2020-02-24,-0.03142169836312565,6.217040774491107,-0.05230899698476321
2020-02-25,-0.03170918640434359,6.019903469689363,-0.08235950765309275
2020-02-26,-0.005250596740990543,5.988295384150335,-0.0871776678316103
2020-02-27,-0.03979159436611819,5.750011563279727,-0.12350032380158893
2020-02-28,-0.006921910378105677,5.710210498565633,-0.1295673760066729
2020-03-02,0.04405170603092338,5.961755012823139,-0.09122333393479354
2020-03-03,-0.020787593855304154,5.837824470951748,-0.11011461417413448
2020-03-04,0.047488854051314,6.1150560652299655,-0.06785497696425258
2020-03-05,-0.033870233838058955,5.907937686367785,-0.09942694686545628
2020-03-06,-0.02050609191643247,5.786788973134572,-0.11789418067049551
2020-03-09,-0.0783025712767602,5.333668517102132,-0.186965334462189
2020-03-10,0.04815057461495342,5.590487721006287,-0.1478172481346668
2020-03-11,-0.04963794096856855,5.312987421525469,-0.19011784526619058
2020-03-12,-0.10010308810991966,4.781140973541611,-0.27118954996016065
2020-03-13,0.08123372620921453,5.169530870353947,-0.2119855614032099
2020-03-16,-0.12522012026843196,4.522201593036854,-0.3106608241775609
2020-03-17,0.06086693823531715,4.797454158087881,-0.26870285913959213
2020-03-18,-0.06976642809645513,4.462752917521603,-0.319722848534573
2020-03-19,0.00764298329273461,4.496861663509823,-0.3145235016314937
2020-03-20,-0.04401604220562714,4.298927610735908,-0.34469546411464735
2020-03-23,-0.0188522309996694,4.217883234367458,-0.357049416600289
2020-03-24,0.10973862621939284,4.680747946060753,-0.28649290285104756
2020-03-25,0.02883353890788613,4.815710474081504,-0.26591996820435027
2020-03-26,0.06629542938970981,5.13497006777726,-0.2172538172900459
2020-03-27,-0.03309255277030527,4.965040799835403,-0.2431568866471301
2020-03-30,0.024736198510258316,5.087857034671663,-0.2244354651541115
2020-03-31,-0.025877248928773487,4.956197291671454,-0.24450494168264703
2020-04-01,-0.0453428752027672,4.731469056394903,-0.27876125982823796
2020-04-02,0.016863920318818174,4.8112601735529,-0.2665983471831366
2020-04-03,-0.018845536892407314,4.720589392453239,-0.28041969508824927
2020-04-06,0.08236424005316069,5.1093971503656626,-0.22115201011697105
2020-04-07,-0.00045227385580987945,5.107086303615603,-0.22150426270044532
2020-04-08,0.03998100398606018,5.3112727414776115,-0.19037922152434095
2020-04-09,0.02071813322643147,5.421312397737458,-0.17360539037299505
2020-04-13,-0.020948883861606454,5.307741953939769,-0.19091743507392878
2020-04-14,0.03679552340161127,5.503043097215674,-0.16114681862235591
2020-04-15,-0.02772920845664673,5.350448068027069,-0.18440755335329784
2020-04-16,0.007885929335415763,5.392641323404342,-0.17797584895254326
2020-04-17,0.03071943708835629,5.558300229278732,-0.15272372975933146
2020-04-20,-0.02496242401159209,5.419551582171747,-0.17387379927203928
2020-04-21,-0.029278228551769984,5.260876712300815,-0.19806131098955793
2020-04-22,0.027141934587350567,5.4036670838982,-0.17629514354937093
2020-04-23,-0.005139342178184401,5.375895789737055,-0.180528444660503
2020-04-24,0.01566004409776855,5.460082554869346,-0.1676954839670194
2020-04-27,0.02024808632632198,5.570638777789185,-0.15084291027659602
2020-04-28,0.0040306381005432435,5.593092006691306,-0.14742026535741048
2020-04-29,0.023630988613532397,5.725262300215867,-0.12727296335594296
2020-04-30,-0.019049218705913404,5.616200526510334,-0.14389773154753926
2020-05-01,-0.020358282507777416,5.501864329571308,-0.1613265033842436
2020-05-04,0.008161782494916033,5.546769349545807,-0.154481432720615
2020-05-05,0.018988664877529426,5.652095093877285,-0.1384261639988179
2020-05-06,-0.008765314217510922,5.602552704392198,-0.14597812939295451
2020-05-07,0.011152878741766492,5.6650372953486405,-0.13645332702725743
2020-05-08,0.013109836775114106,5.739305009615595,-0.1251323710968919
2020-05-11,0.009132771044214717,5.791720768221328,-0.11714240534812503
2020-05-12,-0.01666240948884012,5.695216745136205,-0.13185294011054693
2020-05-13,-0.01103334425596159,5.6323794581748,-0.14143150548710826
2020-05-14,0.007657822567305795,5.67551122069724,-0.13485674029424966
2020-05-15,0.005197178009104128,5.705007862803871,-0.1303604367701824
2020-05-18,0.020621484639942737,5.822653594817434,-0.1124271778747521
2020-05-19,-0.008951912391274543,5.770529709951889,-0.12037265201929359
2020-05-20,0.008906895187704917,5.821927213255968,-0.11253790342659054
2020-05-21,-0.011199668084198323,5.756723560857139,-0.12247718434551946
2020-05-22,0.006857218936982995,5.796198674673626,-0.11645981827637886
2020-05-26,-0.0025530040106963125,5.781400956210391,-0.1187154999039306
2020-05-27,0.011811497180262844,5.849687957302639,-0.1083062105160365
2020-05-28,0.010902873644093073,5.913466365958483,-0.09858418580007033
2020-05-29,0.014948902341304192,6.001866197161783,-0.08510900882468853
2020-06-01,0.0020512944730893524,6.0141777921202415,-0.0832322979910115
2020-06-02,0.0030451931134747342,6.032492124916018,-0.08044056329819771
2020-06-03,0.00025051367272074093,6.03400334667389,-0.08021020108642452
2020-06-04,-0.011993598296876544,5.961633934411875,-0.09124179045215874
2020-06-05,0.01423624397244111,6.046505209576546,-0.07830448686907698
2020-06-08,0.006285893064830442,6.084512894739884,-0.072510807435202
2020-06-09,-0.002381911324076846,6.070020124574412,-0.07472000444593097
2020-06-10,0.004361231552819824,6.096492887867957,-0.07068464413412756
2020-06-11,-0.0469822114183591,5.810066170099622,-0.11434593465774556
2020-06-12,0.006491997334015403,5.847785104186362,-0.10859627082668377
2020-06-15,0.010818079512859558,5.911046908417566,-0.09895299440642735
2020-06-16,0.014795122118905643,5.998501569278183,-0.08562189392379627
2020-06-17,0.0034194771896589706,6.019013308566463,-0.08249519884734502
2020-06-18,-0.0028092422170628915,6.002104442274975,-0.08507269206910095
2020-06-19,0.003960087491720641,6.025873301000829,-0.08144949988113015
2020-06-22,0.005613933909659364,6.05970215546063,-0.07629281808077815
2020-06-23,-0.0021292344435421707,6.046799628913616,-0.07825960722826775
2020-06-24,-0.019484865174513113,5.928978553406939,-0.09621959450732775
2020-06-25,0.010087222821556033,5.988785481179382,-0.0871029601753669
2020-06-26,-0.01469706124280466,5.900767934192469,-0.10051986387804457
2020-06-29,0.00873670148284912,5.952321182153078,-0.09266137443899436
2020-06-30,0.01713593733379011,6.054319784921044,-0.07711327661085376
2020-07-01,0.001997265474140666,6.066411868796874,-0.07527002682168582
2020-07-02,0.005807211277143095,6.101640804213146,-0.06989992449313254
2020-07-06,0.012829852122943814,6.17992395343852,-0.05796687806484058
2020-07-07,-0.00522144923006041,6.1476557942700065,-0.06288565618406028
2020-07-08,0.007518266211806182,6.193875507109881,-0.055840181076350026
2020-07-09,0.0013794350659416341,6.202419556178467,-0.0545377739142735
2020-07-10,0.001107904804399044,6.209291246603656,-0.05349029177161513
2020-07-13,-0.01748539329508047,6.100719347073091,-0.07004038627760034
2020-07-14,0.018284503229025473,6.212267969674027,-0.053036536717629756
2020-07-15,0.006999924284563183,6.255753375097162,-0.046407864174405566
2020-07-16,-0.0023105148967136895,6.241299363733832,-0.04861115300961971
2020-07-17,0.011097094914875738,6.310559655165339,-0.03805350067361335
2020-07-20,0.012610783034867555,6.390140753805219,-0.025922602079457846
2020-07-21,-0.0023046167309998954,6.375413928510555,-0.02816747714799439
2020-07-22,0.006967504468187346,6.4198346535439965,-0.02139622970269317
2020-07-23,-0.01044273123791087,6.35279404566521,-0.031615525864314264
2020-07-24,-0.009153535607161473,6.29464351916325,-0.04047966762973754
2020-07-27,0.014127990019420125,6.3835741799777965,-0.02692357395057976
2020-07-28,-0.010650549394870583,6.3155856078581225,-0.037287372491203175
2020-07-29,0.012253327287884716,6.392972545325862,-0.025490939582158534
2020-07-30,-0.00015593832563086705,6.39197563589134,-0.025642902893352137
2020-07-31,0.002051275776316491,6.405087340676049,-0.023644227782575244
2020-08-03,0.009662182017459758,6.466974460399389,-0.014210500597612863
2020-08-04,0.003573635689137564,6.490085071131814,-0.01068764806057143
2020-08-05,0.0005171061486463008,6.493441134027333,-0.010176068560451945
2020-08-06,-5.080792033646615e-05,6.4931112157874855,-0.010226359455907663
2020-08-07,-0.0029441014482945076,6.473994837653148,-0.013140353464517252
2020-08-10,-0.006795374935708886,6.430001615399451,-0.019846434771647048
2020-08-11,-0.014575629362488029,6.336280295053189,-0.034132789856736734
2020-08-12,0.01991979051278459,6.462497671160934,-0.014892917367515301
2020-08-13,0.003904606663629826,6.487731182631442,-0.011046461688279385
2020-08-14,-0.0010553696067033644,6.480884228324831,-0.012090173195055343
2020-08-17,0.013136042115025484,6.56601739649071,0.0
2020-08-18,0.0014862505841722097,6.575776143681929,0.0
2020-08-19,-0.004466916424842629,6.546402701219628,-0.0044669164248426485
2020-08-20,0.002708059835483445,6.5641307514417,-0.0017709532663178207
2020-08-21,0.0009964988855980313,6.5706719004204315,-0.0007762191336762037
2020-08-24,-6.874293855678447e-06,6.570626731690958,-0.0007830880915734584
2020-08-25,0.004783420404625671,6.602056801670508,0.0
2020-08-26,0.011427038655840828,6.677498759951254,0.0
2020-08-27,-0.0069969855094211475,6.630776397888697,-0.006996985509421183
2020-08-28,0.00242067040118861,6.6468273220519665,-0.004593252503952705
2020-08-31,0.0036770925862180505,6.671268321519754,-0.0009330497324637754
2020-09-01,0.007055923900436175,6.718340283115788,0.0
2020-09-02,0.019638798912048887,6.850280416958616,0.0
2020-09-03,-0.04353917551129657,6.552024855583056,-0.0435391755112966
2020-09-04,-0.016397917992911428,6.444585289313688,-0.05922314167469489
2020-09-08,-0.024797314983347207,6.28477687795753,-0.08255188175963135
2020-09-09,0.027428353958162132,6.457157962714222,-0.05738779003428485
2020-09-10,-0.01577642583284191,6.355287089024516,-0.07225884165394014
2020-09-11,0.00048468144164611415,6.3583673787329,-0.07180918273183856
2020-09-14,0.011604174561732543,6.432150983723342,-0.061038294461661535
2020-09-15,0.01047611184210615,6.499534916814141,-0.051201626618987195
2020-09-16,-0.010182620269963059,6.433352620824857,-0.06086288016788466
2020-09-17,-0.008183441877023922,6.3807056535779365,-0.06854825420258648
2020-09-18,-0.007771801236807181,6.331116077487756,-0.07578731203260114
2020-09-21,-0.0026229424766477986,6.314509924203525,-0.07821146874932772
2020-09-22,0.013980381854519929,6.402789184168046,-0.06532451309332621
2020-09-23,-0.020905880608945358,6.268933237919582,-0.08486472723070504
2020-09-24,0.004400989360520042,6.296522746401478,-0.08083722663181059
2020-09-25,0.016169902275241677,6.398336903884626,-0.06597445441140692
2020-09-28,0.014909354225282213,6.493731975237338,-0.05204873669676391
2020-09-29,-0.00019935791927630124,6.4924373983424175,-0.05223771828819135
2020-09-30,0.005310758729449336,6.526917166931068,-0.04720438147714756
2020-10-01,0.008211657580402236,6.580513975761556,-0.0393803501137302
2020-10-02,-0.00902908708640047,6.521097942001129,-0.048053868589460924
2020-10-05,0.022014493489783755,6.664656610191554,-0.027097256676898884
2020-10-06,-0.013035826762316348,6.577777301190771,-0.03977984829544112
2020-10-07,0.020805702921483833,6.714632581603026,-0.019801793079853858
2020-10-08,0.006886263039029031,6.760871307770379,-0.013051890396617138
2020-10-09,0.01247725367062383,6.845228414111872,-0.0007374884733530873
2020-10-12,0.011003877608805984,6.92055246978508,0.0
2020-10-13,0.0018198810820422657,6.933147052302123,0.0
2020-10-14,-0.005911089408932876,6.892164600190685,-0.0059110894089329236
2020-10-15,-0.0010472927593866848,6.884946486108404,-0.006952191527181517
2020-10-16,0.0014412859427350572,6.894869662695315,-0.005520925680365774
2020-10-19,-0.013556898041913786,6.801396617665871,-0.019002977095733842
2020-10-20,0.0030827722988897234,6.822363774752573,-0.01597878664823127
2020-10-21,-0.0069513313677295775,6.774939263443073,-0.022819044175114822
2020-10-22,-3.645910004343271e-05,6.7746922552546796,-0.022854671313343733
2020-10-23,0.008350152346945713,6.83126196768973,-0.014695358953703774
2020-10-26,-0.016341200657620993,6.719630945130937,-0.0307964198019266
2020-10-27,-0.003404709832480176,6.696752551581411,-0.03409627676110205
2020-10-28,-0.029990014418622313,6.495916846001539,-0.06306374334803744
2020-10-29,0.007798004843997881,6.546572037032867,-0.05575750988014816
2020-10-30,-0.011360198504641058,6.472201679167241,-0.06648429200442629
2020-11-02,0.01766117650661265,6.586508375409408,-0.049997306313821044
2020-11-03,0.019169517294929637,6.712768561625017,-0.03178621324697417
2020-11-04,0.029698998929949313,6.912131067953715,-0.003031233030234004
2020-11-05,0.023697000472937213,7.075927841140017,0.0
2020-11-06,0.005417206028176625,7.114259600095983,0.0
2020-11-09,-0.030644555107011407,6.896246279735257,-0.030644555107011473
2020-11-10,-0.009686884512988771,6.8294431384503325,-0.040034589353726724
2020-11-11,0.018489203888171206,6.955714105079813,-0.02228559315069578
2020-11-12,-0.00826429275244527,6.89823004741312,-0.03036571123718179
2020-11-13,0.009983803783585824,6.967100622660529,-0.02068507275633702
2020-11-16,0.005494678831814445,7.0053826029709825,-0.015304051755931414
2020-11-17,-0.0036560861818402397,6.979770320437757,-0.018904185005620522
2020-11-18,-0.011330065799676858,6.900689063440565,-0.03002006514529454
2020-11-19,0.008068881088363233,6.956369902921236,-0.02219341239285355
2020-11-20,-0.0009458416374272731,6.949790278621707,-0.02311826257676297
2020-11-23,0.003955690963902519,6.977281501227869,-0.019254020315236486
2020-11-24,-0.0017040731007104736,6.965391703505541,-0.020925283157847252
2020-11-25,0.002304560108762059,6.981443867367343,-0.018668946621915317
2020-11-27,0.011069570859855698,7.05872545496127,-0.007806032989569833
2020-11-30,0.004570137405552675,7.090984800198516,-0.0032715702273716785
2020-12-01,0.0062335139703399295,7.135186553014022,0.0
2020-12-02,-0.00694842339323219,7.085608255853984,-0.006948423393232206
2020-12-03,-0.0020738224634548113,7.070913962285753,-0.009007836060168417
2020-12-04,0.007594003330902901,7.12461050646788,-0.0014822382663106648
2020-12-07,0.004096439788355515,7.153796044423111,0.0
2020-12-08,0.004491139781515036,7.185924742427065,0.0
2020-12-09,-0.01302340111616344,7.092339562115874,-0.013023401116163402
2020-12-10,0.00023970887456839193,7.094039658850366,-0.012786814066419572
2020-12-11,-0.0015612969364583807,7.082963756463888,-0.014328146989249002
2020-12-14,0.002654164842065536,7.101763109843919,-0.011712011411174283
2020-12-15,0.012379715635799211,7.189680917656595,0.0
2020-12-16,0.002479356014334405,7.207506696280932,0.0
2020-12-17,0.010077157371290038,7.280137875513982,0.0
2020-12-18,0.004120144852044721,7.3101330981039565,0.0
2020-12-21,-0.0038105903060634255,7.282277175784288,-0.003810590306063455
2020-12-22,0.004191995452534445,7.312804448589271,0.0
2020-12-23,-0.004035770584714126,7.283291647503888,-0.00403577058471416
2020-12-24,0.003978688293534669,7.3122695947202105,-7.313936436026403e-05
2020-12-28,-0.0018593297951701858,7.29867367399243,-0.0019323331693311685
2020-12-29,-0.0039971804525325925,7.269499558253333,-0.0059217897374915784
2020-12-30,0.003795345856209583,7.297089823278468,-0.0021489191214233427
2020-12-31,0.005909412625728477,7.340211338011224,0.0
2021-01-04,-0.011257811891445674,7.257576619524437,-0.011257811891445701
2021-01-05,0.010740547770623663,7.335526967905401,-0.0006381791872347442
2021-01-06,0.008141126042411979,7.395246417538631,0.0
2021-01-07,0.02257421574673753,7.562188305668435,0.0
2021-01-08,0.007724794616005931,7.620604657177286,0.0
2021-01-11,-0.0037166270982323026,7.592281711403506,-0.0037166270982322835
2021-01-12,0.002440983003155708,7.610814342016212,-0.0012847163186523458
2021-01-13,-0.00433103304447892,7.577851653605546,-0.005610185214302454
2021-01-14,-0.0007462373036644622,7.57219677801999,-0.00635223598847956
2021-01-15,-0.006705367936841385,7.521422412533201,-0.01301500984579651
2021-01-19,0.013384102083184838,7.6220898979133,0.0
2021-01-20,0.011054037045991229,7.7063447620127095,0.0
2021-01-21,-0.0017266959481541055,7.693038247737063,-0.001726695948154111
2021-01-22,-0.003774820319688181,7.663998410639366,-0.005494998300891396
2021-01-25,-0.00035986201258130315,7.661240428746893,-0.005852882872325105
2021-01-26,-0.009672811777285987,7.587134692099091,-0.015469080815232572
2021-01-27,-0.03269440567133913,7.339077832592512,-0.04765773408303575
2021-01-28,0.015925482373018947,7.4559561872496785,-0.03249122411409422
2021-01-29,-0.014353251760522863,7.348938970978656,-0.04637812115489981
2021-02-01,0.021740637336507638,7.508709587954831,-0.025645773730769483
2021-02-02,0.017138476795403194,7.637397432991417,-0.008946826433351207
2021-02-03,-0.009387247624151933,7.565703292083865,-0.01825008798232286
2021-02-04,0.011744058445529589,7.654555353727632,-0.006720359636693818
2021-02-05,0.007360354792912272,7.710895596913053,0.0
2021-02-08,0.011666977346850661,7.800858441166168,0.0
2021-02-09,-0.000793269316051654,7.794670259525929,-0.0007932693160516147
2021-02-10,-0.001859957779538029,7.780172501937789,-0.0026517516481540104
2021-02-11,0.007914267787209349,7.841746870548807,0.0
2021-02-12,0.010359959033945702,7.922987046882263,0.0
2021-02-16,-0.004026591751119245,7.891084412595063,-0.004026591751119191
2021-02-17,-0.006074521716501304,7.843149848964009,-0.010076653848584916
2021-02-18,-0.0066947055394319735,7.790642270223555,-0.016703899157677782
2021-02-19,0.007075516639499583,7.845765089238911,-0.009746571234612866
2021-02-22,-0.022272189984015308,7.671022718601427,-0.03180168373239811
2021-02-23,-0.003104494365115189,7.647208071796858,-0.03480744994956486
2021-02-24,0.012154133128041473,7.740153256759311,-0.023076371202057966
2021-02-25,-0.030990375406164124,7.500283001631096,-0.05335160120165838
2021-02-26,0.0065048842282016085,7.549071474235454,-0.047193762962662755
2021-03-01,0.026055810329861984,7.745768648734705,-0.022367624369308392
2021-03-02,-0.015435156105936747,7.6262115004810145,-0.037457532701385854
2021-03-03,-0.02672433013520691,7.422406106661248,-0.06318083536663055
2021-03-04,-0.028548135421007884,7.210510251978567,-0.08992527574357956
2021-03-05,0.018074250379225498,7.3408348196348,-0.07347635731356439
2021-03-08,-0.022077115965482192,7.178770358038273,-0.09393132721791386
2021-03-09,0.031076032238670854,7.401858057118686,-0.06577430793208794
2021-03-10,0.0017010320186913105,7.414448854671652,-0.06418516011719644
2021-03-11,0.0233171544468125,7.587332703754023,-0.042364620962029975
2021-03-12,-0.002629587153425135,7.56738115114747,-0.04488280665241351
2021-03-15,0.011608578775264323,7.655227691363015,-0.033795253473828835
2021-03-16,-0.0036547795492753803,7.627249521751574,-0.03732651882184557
2021-03-17,0.004500132917363591,7.661573158393353,-0.03299436020052282
2021-03-18,-0.02025026533965755,7.50642426901669,-0.05257648099140755
2021-03-19,0.006003441626549605,7.551488648939846,-0.046888679199419414
2021-03-22,0.01114619885391451,7.635659043064008,-0.036265110887859
2021-03-23,-0.015573544303162568,7.516744768673006,-0.051273878879950385
2021-03-24,-0.010716600367152374,7.436190818925255,-0.06144099757787258
2021-03-25,0.004712232937832241,7.4712318822342,-0.05701828893256
2021-03-26,0.0281232544607062,7.681347237593213,-0.030498574320418248
2021-03-29,-0.008718306210409763,7.61437890026739,-0.038950984620921836
2021-03-30,-1.332162641122701e-05,7.614277464356327,-0.03896378735686756
2021-03-31,0.012762587409609963,7.711455346056199,-0.026698478689208938
2021-04-01,0.016618347298218743,7.839606989171665,-0.010523815982181661
2021-04-05,0.012075135684764128,7.934271307281138,0.0
2021-04-06,0.0016702269365207985,7.947523340940223,0.0
2021-04-07,-0.007648893906815689,7.8867335780834305,-0.007648893906815668
2021-04-08,0.009725316173180197,7.963434555703929,0.0
2021-04-09,0.006084478003712878,8.011887898092116,0.0
2021-04-12,-0.0011838684204326358,8.002402877021519,-0.00118386842043261
2021-04-13,0.001122840607983895,8.011388299933285,-6.235710798563332e-05
2021-04-14,-0.0023305984409204283,7.992716970851853,-0.0023928102195274192
2021-04-15,0.010801525124585836,8.079050504026213,0.0
2021-04-16,0.002051932762430233,8.095628172444753,0.0
2021-04-19,-0.011370294213251761,8.003578498282966,-0.011370294213251864
2021-04-20,-0.015105416552085027,7.8826811111590915,-0.026303957734925887
2021-04-21,0.01794823842175091,8.024161351144807,-0.008827829018037137
2021-04-22,-0.00824741378275473,7.957982772222327,-0.01700243604207663
2021-04-23,0.01742051308403536,8.096614915228354,0.0
2021-04-26,0.008276083725299376,8.163623178158291,0.0
2021-04-27,0.0008548301325075422,8.170601689241417,0.0
2021-04-28,-0.005236472644355811,8.127816557007778,-0.005236472644355783
2021-04-29,0.0011021386613063822,8.136774537867263,-0.004140105301999486
2021-04-30,-0.014546933993549031,8.018409415744518,-0.018626813456993907
2021-05-03,0.008614179323832603,8.08748143234365,-0.010173088844511402
2021-05-04,-0.005090951200483734,8.04630845903677,-0.015212249346129636
2021-05-05,0.014141281378615178,8.16009357101514,-0.0012860886659195048
2021-05-06,-0.001420095382314217,8.14850545981569,-0.0027043576796581537
2021-05-07,0.019206024913334504,8.305005858683353,0.0
2021-05-10,-0.014930528017466532,8.181007736025057,-0.014930528017466638
2021-05-11,-0.011427895428945761,8.087516035114367,-0.026187798933529738
2021-05-12,-0.03466768145327766,7.807140605460747,-0.05994761011541738
2021-05-13,0.014132428912655152,7.9174744650785245,-0.04666238654120192
2021-05-14,0.027269556943340007,8.133380485851424,-0.020665292204759322
2021-05-17,0.0025659056080306586,8.154249972452318,-0.018152411785888334
2021-05-18,-0.012533014087276298,8.0520526426764,-0.030457921440534053
2021-05-19,-0.008088998393954891,7.986919601781751,-0.03830054575687325
2021-05-20,0.009188295089037665,8.06030577593534,-0.029464167384321005
2021-05-21,0.0007884071738980963,8.0666605788329,-0.028698989971361555
2021-05-24,0.010023014529431665,8.147512835018537,-0.018963625835392794
2021-05-25,-0.004262583528305937,8.112783381011326,-0.023145375324575834
2021-05-26,0.01220517902406781,8.211801354560052,-0.011222689749923687
2021-05-27,0.014386636693994516,8.32994155725136,0.0
2021-05-28,-0.0019608251943478783,8.313607997978455,-0.001960825194348037
2021-06-01,0.012599875457026847,8.418358423351526,0.0
2021-06-02,-0.004880634433804621,8.377271493354407,-0.004880634433804709
2021-06-03,-0.004839721389885209,8.336727833319143,-0.009696734912824412
2021-06-04,0.005217794327852685,8.380227164520687,-0.004529536153398683
2021-06-07,-0.0012616102532680906,8.369654584005211,-0.005785431897413207
2021-06-08,0.006310923948566259,8.422474837560637,0.0
2021-06-09,-0.01304457502675732,8.312607232631102,-0.013044575026757266
2021-06-10,-0.006648677621419722,8.257339386947855,-0.019606523474115733
2021-06-11,0.006864574445304326,8.314022507889703,-0.012876539468812953
2021-06-14,-0.011010797813682223,8.222478487036927,-0.02374555630986419
2021-06-15,0.0008514767843688678,8.229479736578611,-0.02291429831542513
2021-06-16,-0.004847550042643076,8.18958692173063,-0.027650770150292048
2021-06-17,-0.017194914420265453,8.048767675474146,-0.04437023194416889
2021-06-18,-0.01644706725566801,7.916389052190375,-0.06008753901090158
2021-06-21,0.023257965989333527,8.100508159524551,-0.03822708696026633
2021-06-22,0.002717763085086475,8.12252342157095,-0.035613216040970785
2021-06-23,0.004910044223976154,8.162405370781146,-0.03087803428271374
2021-06-24,0.010232600439761706,8.245928003567714,-0.020961396430132284
2021-06-25,0.0038349415710290653,8.277550655660308,-0.017206840589660044
2021-06-28,-0.0029736258551347873,8.252936317013448,-0.020129299738732342
2021-06-29,0.0021969313005171633,8.27106745112947,-0.01797659112686867
2021-06-30,0.005184367630322931,8.313947705491323,-0.012885420753687482
2021-07-01,0.007704846807623066,8.378005398928723,-0.005279854139023321
2021-07-02,-0.0027187594348212422,8.355227617705403,-0.007984258920589515
2021-07-06,-0.01883055622341983,8.197894034290732,-0.02666446710750281
2021-07-07,-0.0038350121937785735,8.166455010705922,-0.03039722074478346
2021-07-08,-0.012516374446644078,8.064240601890255,-0.04253313219444843
2021-07-09,0.02728516831981481,8.284274764084314,-0.016408487545728212
2021-07-12,0.007530055964398933,8.346655816682327,-0.009001988410839656
2021-07-13,-0.016530265143558737,8.208683382970541,-0.02538344829914807
2021-07-14,-0.009560674096626762,8.130202836383564,-0.03470143951913818
2021-07-15,-0.006910282593577547,8.074020837241049,-0.041371925359234396
2021-07-16,-0.022116055065605492,7.89545534780378,-0.06257299664542493
2021-07-19,-0.025213682473401746,7.696381843681333,-0.08620898344999972
2021-07-20,0.034275896796106105,7.96018223345878,-0.05488797687352298
2021-07-21,0.023685071864031355,8.148719721709037,-0.03250293068621224
2021-07-22,-0.00959168964555367,8.070559731129801,-0.04178286230805284
2021-07-23,0.004042694611972169,8.10318653947044,-0.03790908304840601
2021-07-26,0.01078359260747769,8.190568001934487,-0.027534286548645426
2021-07-27,-0.008997606747925907,8.116872492010936,-0.036284150614121824
2021-07-28,0.004086078585428856,8.150038670881198,-0.032346331919507865
2021-07-29,0.010982734109232204,8.239548378583446,-0.021718848973156568
2021-07-30,-0.00750870139048529,8.177680070216207,-0.029064470012157284
2021-08-02,-0.003177542400103592,8.151695145058612,-0.0321496588264607
2021-08-03,0.016617047489106477,8.287152250400771,-0.016066843744832027
2021-08-04,-0.008880318784592191,8.213559696600761,-0.024804483835107916
2021-08-05,0.012650422485547076,8.317464696873023,-0.012467848549610916
2021-08-06,0.00867690286942864,8.389634530167692,-0.003899127991037865
2021-08-09,-0.00044731776462263585,8.385881697603656,-0.004344701606443624
2021-08-10,0.009482763630542776,8.465403031575727,0.0
2021-08-11,0.00821781227863287,8.534970124552187,0.0
2021-08-12,0.0015281830603830445,8.548013121317403,0.0
2021-08-13,-0.007637095642898834,8.482731127553148,-0.007637095642898828
2021-08-16,-0.008328385086320219,8.41208367613917,-0.015901876055763875
2021-08-17,-0.019347738686412565,8.249328879364993,-0.034941949399625805
2021-08-18,-0.008857482279404544,8.176260594999038,-0.04348993398141532
2021-08-19,-0.012166749272137857,8.076782082356024,-0.05512755213093945
2021-08-20,0.010906363425186597,8.164870403052236,-0.044822429824033616
2021-08-23,0.017362996223359854,8.306637017024654,-0.028237685280430247
2021-08-24,0.01288320630757361,8.41365313543711,-0.01571827089797273
2021-08-25,0.012305923033113243,8.517190903349112,-0.003605775696743585
2021-08-26,-0.00889227095401783,8.441453734069436,-0.012465983116266566
2021-08-27,0.01765811001000272,8.59051385274998,0.0
2021-08-30,-0.0076092721304731855,8.525146295103808,-0.0076092721304730215
2021-08-31,-0.003164524986042319,8.498168256643286,-0.010749717384732849
2021-09-01,-0.0025351792062859022,8.476623877187524,-0.013257644131031587
2021-09-02,0.007037980116622726,8.53628218749126,-0.006312971050196237
2021-09-03,-0.00378898053174051,8.503938380469412,-0.01007803185753009
2021-09-07,-0.004736394344832186,8.463660374815355,-0.014766692669265336
2021-09-08,-0.008581070804014539,8.391033105877932,-0.023221049437943786
2021-09-09,0.006953639339226413,8.449381323779717,-0.016428880901587117
2021-09-10,-0.0065403641478314475,8.394119293098312,-0.022861794185780826
2021-09-13,0.003924143505143691,8.427059021803723,-0.01902736364180735
2021-09-14,-0.008720957925019115,8.35356699464292,-0.027582384729082254
2021-09-15,0.015482463728865836,8.482900792644129,-0.012526964271340146
2021-09-16,-0.0007852235453177847,8.47623981920915,-0.013302351349360753
2021-09-17,-0.008497483977937549,8.404213107152264,-0.021686798809838148
2021-09-20,-0.02260516880396787,8.214234451200568,-0.04380173386589192
2021-09-21,-0.0036583341362127924,8.184184036904886,-0.04729982662387777
2021-09-22,0.0221117684079677,8.365150818937114,-0.02623394102795429
2021-09-23,0.025547384050038223,8.578858539544992,-0.0013567655445031468
2021-09-24,0.0005528780362634404,8.583601602007716,-0.0008046376341097616
2021-09-27,0.006842573982260222,8.6423355310037,0.0
2021-09-28,-0.018055270512204385,8.486295825134194,-0.018055270512204347
2021-09-29,-0.0055709666461794954,8.439018954142758,-0.023525651848572582
2021-09-30,-0.019221773758827068,8.276806041059773,-0.04229522085003745
2021-10-01,0.01619662352435636,8.410862352490938,-0.026783637094668578
2021-10-04,-0.009658923355852573,8.3296224776716,-0.03618385935263291
2021-10-05,0.011258447447650885,8.423401094595238,-0.02533278598395683
2021-10-06,-0.005911478787555279,8.37360633770547,-0.031094510544538156
2021-10-07,0.012890145092170851,8.481543338343213,-0.01860517820485652
2021-10-08,-0.005963214617068371,8.430966075132705,-0.024457446151300632
2021-10-11,-0.00589981574645164,8.381224928724839,-0.030212967471830776
2021-10-12,0.003604631096724578,8.411436152731564,-0.026717242977179367
2021-10-13,0.0006519304502543425,8.4169198240899,-0.0260827303111687
2021-10-14,0.01854533898512771,8.57301445543829,-0.00802110440131909
2021-10-15,0.0036189136255498095,8.604039454263111,-0.004431218459779229
2021-10-18,0.008196865202343194,8.674565605865348,0.0
2021-10-19,0.00388365005603577,8.708254583066653,0.0
2021-10-20,0.00828639338311274,8.780414606222237,0.0
2021-10-21,0.0017992904783836836,8.796213122619474,0.0
2021-10-22,0.0037939348288282123,8.829585381947176,0.0
2021-10-25,0.006536389656205669,8.88729899250632,0.0
2021-10-26,-0.0045681274421470065,8.846700678092088,-0.004568127442146852
2021-10-27,-0.013522601165443682,8.727070273192188,-0.018028955642117483
2021-10-28,0.01820000742951929,8.885903017002223,-0.0001570753392312607
2021-10-29,-0.0016629886097761092,8.871125861497372,-0.0018198027345074363
2021-11-01,0.009805955495519238,8.958115726890364,0.0
2021-11-02,0.0017773561994891044,8.974037489413295,0.0
2021-11-03,0.006462969391881819,9.032036419028973,0.0
2021-11-04,-0.002617507329017866,9.008394997506208,-0.0026175073290178874
2021-11-05,0.007712268802349636,9.077870161204718,0.0
2021-11-08,0.005019793946044348,9.12343919888291,0.0
2021-11-09,-0.002987011796218048,9.096187378373768,-0.0029870117962180753
2021-11-10,-0.013937597544511909,8.969408379504525,-0.016882977572453606
2021-11-11,0.010731942831062383,9.06566755746182,-0.006332221891516832
2021-11-12,0.003682834325740512,9.099054909128192,-0.002672708089916709
2021-11-15,0.0007236275122704726,9.105639235596096,-0.0019510146227524894
2021-11-16,0.0015673511228247168,9.119910969476043,-0.00038672142488749284
2021-11-17,-0.009947030577190527,9.02919493620141,-0.010329905272239759
2021-11-18,-3.971099083404124e-05,9.02883637792406,-0.010369206052300184
2021-11-19,-0.012009514287925311,8.920404438440041,-0.02225419121198602
2021-11-22,0.005027815642423674,8.965254587412376,-0.01733826554024731
2021-11-23,0.00874917976197083,9.04369321140948,-0.00874078138024903
2021-11-24,0.002593914480198851,9.06715177818503,-0.006169539739440677
2021-11-26,-0.03528678915285764,8.747201105171257,-0.04123862564434255
2021-11-29,0.011667940713263809,8.849262929073392,-0.03005185477019323
2021-11-30,-0.02877819558169448,8.59459710974668,-0.05796521219771844
2021-12-01,-0.01927909799012051,8.428901029882267,-0.076126793181861
2021-12-02,0.026924265435027316,8.655842998536391,-0.05125218573317958
2021-12-03,-0.017981001529367484,8.500202272341744,-0.06831162163249538
2021-12-06,0.010447021787539023,8.589004070679387,-0.05857825284449314
2021-12-07,0.028031639462702557,8.829767936132356,-0.03218865784588243
2021-12-08,0.001641305924972616,8.844260286562063,-0.03060018335574921
2021-12-09,-0.013242070681037036,8.72714396672592,-0.04343704424593653
2021-12-10,0.0045756970010212995,8.76707673320195,-0.03906010199800458
2021-12-13,-0.01880882057615814,8.602178359949743,-0.05713424812399592
2021-12-14,-0.004649685323002521,8.562180937483635,-0.06151827717205549
2021-12-15,0.011757926873313108,8.662854434822643,-0.05048367770310358
2021-12-16,-0.004961289287622729,8.619875507914923,-0.05519450286133809
2021-12-17,-0.00934869259995302,8.539290941541562,-0.0640271990208332
2021-12-20,-0.022241443158462222,8.349364787451695,-0.08484458487167801
2021-12-21,0.03197571222181801,8.616341673130231,-0.055581838679296336
2021-12-22,0.009028522410720448,8.694134507024511,-0.047055138144721065
2021-12-23,0.007784373328572595,8.761812895796014,-0.039637059578494616
2021-12-27,0.018255854549584373,8.92176727761234,-0.02210481342334847
2021-12-28,-0.0035979687192219823,8.889667038027312,-0.025623249715328922
2021-12-29,0.0011074248509908254,8.899511676222257,-0.024544200687836026
2021-12-30,-0.003726556476697591,8.866347143345784,-0.02817929181449519
2021-12-31,0.0003808588016019058,8.869723969693386,-0.027809165344203635
2022-01-03,-0.0005898775985343249,8.86449191821848,-0.02838263893906756
2022-01-04,0.00890615463991809,8.943440454046439,-0.019729264470629726
2022-01-05,-0.027973802271944456,8.693258419154034,-0.047151164199301876
2022-01-06,0.00655623959994444,8.75025350425424,-0.04090405892926452
2022-01-07,-0.01004562703530247,8.662351721086155,-0.05053877904433346
2022-01-10,-0.001706740551840983,8.647567334129468,-0.05215926301253904
2022-01-11,0.012903959821319764,8.759155195561233,-0.03992836422544255
2022-01-12,0.004753760018389265,8.80079411732476,-0.035364414068507766
2022-01-13,-0.015668014508205385,8.662903147410786,-0.050478338424013725
2022-01-14,0.00013507003244164263,8.664073246019946,-0.05035008650238049
2022-01-18,-0.022120773533279653,8.47241724386899,-0.07135707717476003
2022-01-19,-0.016953759909145966,8.328777916066327,-0.08710106632966674
2022-01-20,-0.0163056884562295,8.192971458145825,-0.10198651193411934
2022-01-21,-0.02087083416883975,8.021977309492828,-0.12072880252492357
2022-01-24,0.012022995713624002,8.118425508299648,-0.1101573286865678
2022-01-25,-0.01177968174223346,8.02279303956385,-0.12063939215529884
2022-01-26,-0.0036706094860310024,7.993344499328362,-0.1238671815440956
2022-01-27,-0.009769424459797553,7.915254124061035,-0.1324264949307501
2022-01-28,0.02260336607517987,8.094165510605263,-0.11281641339854298
2022-01-31,0.023331028475943136,8.283010716622192,-0.09211750787615502
2022-02-01,0.01281612035353314,8.389166778856026,-0.08048197659023026
2022-02-02,0.016748599850948554,8.529673576317956,-0.06508133716040498
2022-02-03,-0.020242072700440296,8.357015303675103,-0.08400602870260243
2022-02-04,-0.0010775121475342174,8.348010518168264,-0.08499302333374348
2022-02-07,-0.0015503119136743644,8.33506849800647,-0.08641156955076434
2022-02-08,0.006883788376338049,8.392445345649028,-0.08012262013248095
2022-02-09,0.021438265435684098,8.572364816623525,-0.06040204469459931
2022-02-10,-0.018298199628673496,8.41550597391913,-0.07759499565147099
2022-02-11,-0.017100677260411548,8.271595122276073,-0.09336874593422373
2022-02-14,-0.01334562861316027,8.16120548573575,-0.10546830994006928
2022-02-15,0.016757678136098287,8.297968340468268,-0.09047803579550506
2022-02-16,0.005475126126124914,8.343400763722924,-0.08549828832700446
2022-02-17,-0.023921156946220285,8.143816964588693,-0.1073742272995214
2022-02-18,-0.0053635175089024965,8.100137459709824,-0.11216184126029805
2022-02-22,-0.015258183677745306,7.976544074534586,-0.12570863896245965
2022-02-23,-0.018647536163470455,7.827801180445186,-0.14201201873481706
2022-02-24,0.022383978316352318,8.00301851233299,-0.1228068343664861
2022-02-25,0.02741185904867461,8.222396127756996,-0.09876133895167938
2022-02-28,-0.005509901627088971,8.177091533954098,-0.1037270753165851
2022-03-01,-0.02125212022124859,8.003311001614351,-0.12277477526300706
2022-03-02,0.028651933018698818,8.23262133236042,-0.09764057688152983
2022-03-03,1.9377365505256677e-06,8.232637285011682,-0.0976388283466939
2022-03-04,-0.004697782117830557,8.193962148791568,-0.1018779245227116
2022-03-07,-0.02800366262105832,7.9645011972470865,-0.1270286321169023
2022-03-08,-0.0014251204619738726,7.953150823621474,-0.1282727214759899
2022-03-09,0.021280972771537846,8.122401609746897,-0.10972151699751365
2022-03-10,0.005834804502257319,8.16979423522859,-0.1045269160966279
2022-03-11,-0.008796201387588874,8.097931079840357,-0.11240367767980708
2022-03-14,-0.007055416931767552,8.040796799787366,-0.11866603980087953
2022-03-15,0.00990090946155203,8.120408000900799,-0.1099400320555568
2022-03-16,0.017814626410972575,8.26507003574152,-0.09408394624326433
2022-03-17,0.014932327381210806,8.388486767343847,-0.08055651114867413
2022-03-18,0.006259255280266369,8.440992447435788,-0.07480147963617512
2022-03-21,0.006424745670972831,8.495223677121164,-0.06885731444767729
2022-03-22,0.007074752663018479,8.555325283453813,-0.06226971025341599
2022-03-23,-0.007810985803979729,8.488499759116326,-0.06959430823458834
2022-03-24,0.011928732854768212,8.589756805080588,-0.058495747290963074
2022-03-25,0.010157008141634815,8.677003034884455,-0.048932880930813494
2022-03-28,-0.004739048285773529,8.635882298526335,-0.05344003393109387
2022-03-29,0.012276583599440173,8.74190142951912,-0.04181951137576567
2022-03-30,-0.007941035097097312,8.672481683451943,-0.04942845626528447
2022-03-31,-0.015468532348492593,8.538331119989758,-0.06413240293910139
2022-04-01,0.002111046758206572,8.556355936221108,-0.06215674268221538
2022-04-04,-0.0022926308039412724,8.536739371032242,-0.06430687102321064
2022-04-05,-0.006999774216441621,8.476984122890409,-0.07085651166192397
2022-04-06,0.0027888263314825965,8.500624959423885,-0.06826529183592123
2022-04-07,0.008161931662693545,8.57000647943289,-0.06066053682012629
2022-04-08,0.007613692013611593,8.635255869321947,-0.05350869545124348
2022-04-11,-0.014230692162150213,8.512370201304226,-0.06697792184042883
2022-04-12,0.0007689256735404005,8.518915581294689,-0.06626049721055194
2022-04-13,0.009316722438361716,8.598283953241445,-0.05756110543332882
2022-04-14,-0.004449820586033618,8.56002313230175,-0.061754789427450385
2022-04-18,0.0006350454990645378,8.565459136463804,-0.061158961029457504
2022-04-19,0.008894797144839102,8.64164715793506,-0.052808160436564444
2022-04-20,0.008681433713533514,8.716669044912418,-0.04458517726739464
2022-04-21,-0.02168025193188873,8.527689464011821,-0.0652988113236983
2022-04-22,-0.029839805079056897,8.273224872630982,-0.09319011260096188
2022-04-25,-0.002060236458534575,8.256180073118733,-0.09505835539194096
2022-04-26,-0.017799142872409423,8.109227144416952,-0.11116554101551301
2022-04-27,0.0004697858836481459,8.113036744856696,-0.11074797913378198
2022-04-28,0.014683615163644494,8.23216545422668,-0.09769054467588922
2022-04-29,-0.03386070317237847,7.953418543315202,-0.12824337731224944
2022-05-02,-0.0020312391371761812,7.937263248295677,-0.1300141234823453
2022-05-03,0.011950717376368242,8.032119238117893,-0.11961716815065082
2022-05-04,0.02885848576860559,8.263914036842861,-0.09421065272680185
2022-05-05,-0.028231635860667653,8.030610224970854,-0.11978256774549056
2022-05-06,-0.001219973873151378,8.020813090310927,-0.12085641001553338
2022-05-09,-0.0467283897835064,7.646013409846228,-0.1619373743639987
2022-05-10,0.004867300283615623,7.683228853084502,-0.15785827190855273
2022-05-11,-0.008569752211621635,7.617385485628387,-0.16507521784536328
2022-05-12,0.0002599442904185431,7.619365581493293,-0.16485818391531326
2022-05-13,0.029348966705975407,7.842986088265194,-0.140347634560276
2022-05-16,0.0007269148390194543,7.848687271234977,-0.13972274049943967
2022-05-17,0.016239304776577788,7.976144495928609,-0.12575243589005092
2022-05-18,-0.040625443192881375,7.652110090811047,-0.16126913064231463
2022-05-19,0.0002297070164922389,7.653867834189878,-0.16107646827667454
2022-05-20,-0.001776966854265526,7.640267164741593,-0.16256720758581023
2022-05-23,0.01913460919835779,7.786460691109968,-0.14654325837307525
2022-05-24,-0.003945623208166888,7.755738251097645,-0.14991067710000505
2022-05-25,0.009919622990160994,7.832672250558905,-0.1414781115088758
2022-05-26,0.01862520963948999,7.97855741326298,-0.12548796135563778
2022-05-27,0.025382402787564658,8.181072371190131,-0.1032907445481922
2022-05-31,-0.011605492636113744,8.086126996030771,-0.11369749720907318
2022-06-01,-0.0051445394572487485,8.044527596643366,-0.11825711540573947
2022-06-02,0.010238837010534076,8.126894203532142,-0.10922909372518053
2022-06-03,-0.00636417833876664,8.075173199480574,-0.11489811863169841
2022-06-06,-0.00012851401740777892,8.074135426531445,-0.11501186663028817
2022-06-07,0.014800661075706312,8.19363796845889,-0.10191345721226108
2022-06-08,-0.013839932986540038,8.08023856805945,-0.1143429147805568
2022-06-09,-0.022094557804169898,7.901709269945977,-0.1339111164446104
2022-06-10,-0.01690683107945817,7.768116406080012,-0.14855393489867785
2022-06-13,-0.039599955605314874,7.460499341262326,-0.18227116127701015
2022-06-14,-0.002033545066500305,7.445328079633273,-0.1839340497227303
2022-06-15,0.0029549446408665206,7.467328611941679,-0.18152262001636488
2022-06-16,-0.03099827650150993,7.235854294901075,-0.20689400815132897
2022-06-17,-0.008890990765133281,7.171520381187259,-0.21394550620062747
2022-06-21,0.02785505453854797,7.371283472529537,-0.19204991540557526
2022-06-22,-0.00729615533985747,7.317501443259838,-0.19794484472962715
2022-06-23,0.0007998295745587059,7.323354197326032,-0.1973033372960148
2022-06-24,0.023377096969422924,7.494552958538353,-0.17853861957495154
2022-06-27,0.008686844576983542,7.559656975263147,-0.17140271223720493
2022-06-28,-0.006709748025467582,7.5089335818001635,-0.1769623912526791
2022-06-29,-0.006102971751882774,7.463106772263673,-0.18198536652960107
2022-06-30,-0.003621034898206004,7.436082602192269,-0.18494742606464054
2022-07-01,0.008706353664302545,7.500823767203923,-0.17785129010095913
2022-07-05,-0.021093832985869213,7.342602643402086,-0.19519355767711732
2022-07-06,0.003041019951446647,7.364931644536216,-0.19274612522896062
2022-07-07,0.016130475992882504,7.483731497617628,-0.17972473598180505
2022-07-08,0.0020275991390905426,7.4989055051593825,-0.17806154656266449
2022-07-11,-0.0053321139020077015,7.4589204868654795,-0.18244421601683247
2022-07-12,-0.012032914882348065,7.369167931532825,-0.19228179517707322
2022-07-13,-0.002902652027072551,7.347777801298523,-0.19462632006160585
2022-07-14,-0.005820755729743782,7.305008181560731,-0.1993142035236921
2022-07-15,0.015833192088095017,7.420669779304487,-0.18663679150587342
2022-07-18,-0.0037004028701573956,7.393210311554658,-0.1896465630570655
2022-07-19,0.022488980292749865,7.559476072551367,-0.1714225405834937
2022-07-20,-0.00031997202510639664,7.557057251683689,-0.17168766219114073
2022-07-21,0.003153647865350845,7.580889549153796,-0.169075456755166
2022-07-22,-0.0037059361368430685,7.5527952566241705,-0.17215481004696687
2022-07-25,0.014211119311729083,7.660128931153118,-0.16039020328090325
2022-07-26,-0.003215321656022084,7.63549915271286,-0.16308981884290252
2022-07-27,0.018260637128965983,7.774928232039077,-0.14780730571525558
2022-07-28,0.014939577748382964,7.891082376849722,-0.13507590670238467
2022-07-29,0.014069425833791652,8.00210537509915,-0.12290692131987435
2022-08-01,-0.005953928506966131,7.954461411790601,-0.1281290708042906
2022-08-02,-0.0018484574646041446,7.9397579282170705,-0.12974068713153386
2022-08-03,-0.001729292322651109,7.926027765788096,-0.13124561987999284
2022-08-04,-0.011149086853875369,7.837659793821097,-0.1409314379186355
2022-08-05,0.006823856210465704,7.8911428572806805,-0.1350692775760608
2022-08-08,0.0035551117490988785,7.919196751966417,-0.1319943522026148
2022-08-09,0.007004693264840092,7.9746682961178585,-0.1259142388876454
2022-08-10,0.008098756594904161,8.039253193573217,-0.1188352310653249
2022-08-11,0.00575621890217065,8.0855288947654,-0.11376305376645612
2022-08-12,0.01543673631106642,8.210343072249401,-0.1000824477183242
2022-08-15,0.0009062872274059066,8.217784001308402,-0.09926686393497286
2022-08-16,0.0025460249507957247,8.238706684415984,-0.09697357489654268
2022-08-17,-0.0009384100498107835,8.230975399265885,-0.09782098396910444
2022-08-18,0.008030725186595084,8.297076100715014,-0.09057583222224763
2022-08-19,-0.0010634401511703854,8.288252656852197,-0.09154295039670723
2022-08-22,-0.010273030003270019,8.203107188633671,-0.1008755569239641
2022-08-23,0.0025334049758031743,8.223888981202403,-0.09859771058600897
2022-08-24,0.00612331045228411,8.274246406559424,-0.09307814452552743
2022-08-25,0.008496031479419708,8.344544664498029,-0.08537290789204244
2022-08-26,-0.01966545254956799,8.180445417350592,-0.10335946357244086
2022-08-29,0.0007402199212071999,8.186500746012863,-0.10269575238521533
2022-08-30,-0.01642236468562126,8.052059045262729,-0.11743160997350244
2022-08-31,-0.008270543691514528,7.985464139122229,-0.1247309304039661
2022-09-01,-0.0017203128988245399,7.971726642160596,-0.12623666707433434
2022-09-02,-0.0022119660128731423,7.954093453764222,-0.12816940187006065
2022-09-06,-0.002673898685356546,7.932825013734999,-0.13050058856025382
2022-09-07,0.016710917732332867,8.065389799924516,-0.1159704554273725
2022-09-08,0.004796719892572753,8.104077215619167,-0.11173001332529897
2022-09-09,0.012159354657850115,8.202617564658482,-0.10092922352539757
2022-09-12,0.005524058094371588,8.247929300611569,-0.09596270432520004
2022-09-13,-0.02944985024570564,8.00502901787139,-0.12258646729935563
2022-09-14,0.0064731225929488614,8.056846552064185,-0.11690686193747202
2022-09-15,-0.011965851848178024,7.960439519858681,-0.12747382359567094
2022-09-16,-0.006603413695299836,7.9078734445126395,-0.1332354748984469
2022-09-19,0.008323470536217124,7.973694396132175,-0.1260209859119258
2022-09-20,-0.011499644265617929,7.8819997470939045,-0.136071433669554
2022-09-21,-0.013431189301102127,7.776135116419447,-0.147675021786568
2022-09-22,-0.007655313013714517,7.716606368066319,-0.1541998362841992
2022-09-23,-0.027362089297121195,7.505463895552555,-0.17734269589131058
2022-09-26,-0.016501975707608394,7.381608912673816,-0.19091816673939876
2022-09-27,0.0012202668737937693,7.390616445505252,-0.18993087098008254
2022-09-28,0.02394271766475204,7.5675678884284565,-0.1705356145350272
2022-09-29,-0.017900947449992533,7.432101253333448,-0.18538381291087602
2022-09-30,-0.008772513707954682,7.366903043209673,-0.19253004457883716
2022-10-03,0.03131553007098906,7.597601516989366,-0.1672436949084255
2022-10-04,0.028541163100144665,7.814445901055666,-0.14347586138213309
2022-10-05,-0.002405462671425427,7.7956485431428035,-0.14553619822475317
2022-10-06,-0.008890636538040545,7.726340265367416,-0.15313292532124922
2022-10-07,-0.015818378359928477,7.604122091712283,-0.16652898912908354
2022-10-10,-0.0018623244282890148,7.589960749385195,-0.16808118255289917
2022-10-11,-0.000792987072402281,7.583942008630892,-0.16874088342042293
2022-10-12,-0.008093602072174208,7.522560599874588,-0.1754687639288851
2022-10-13,0.026026895666026763,7.7183494997488875,-0.15400877547428204
2022-10-14,-0.027802509416859234,7.503760015099508,-0.17752945446073864
2022-10-17,0.017823264324360072,7.637501513275191,-0.16287034452859184
2022-10-18,0.016132135475585258,7.760710722382333,-0.1493656555158971
2022-10-19,-0.00013274797493962562,7.759680503749844,-0.1494785755025415
2022-10-20,-0.007827481988503334,7.6989417443702015,-0.15613601663363152
2022-10-21,0.024266449249752083,7.88576772348676,-0.13565843410757783
2022-10-24,0.010237455629095744,7.966497920657312,-0.12680977567837093
2022-10-25,0.011889841077420063,8.061218314877523,-0.11642768268083015
2022-10-26,0.006144207203982226,8.110748110520667,-0.1109988312835184
2022-10-27,0.006953487246706856,8.167146094068423,-0.10481717299454096
2022-10-28,0.017382252298223416,8.30910948803197,-0.08925687924249526
2022-10-31,-0.0013482877662822168,8.297906417360556,-0.09048482305043837
2022-11-01,0.0024105731346045637,8.317909127643707,-0.08829237019936875
2022-11-02,-0.01769862888447266,8.170693540898773,-0.10442834519035238
2022-11-03,0.004853932481599506,8.210353535674136,-0.10008130084547218
2022-11-04,0.006365179167952061,8.26261390696093,-0.09435315708876335
2022-11-07,0.006886973304634692,8.319518308364673,-0.08811599145820692
2022-11-08,0.007964350381326866,8.385777867176353,-0.08085342770705117
2022-11-09,-0.02033986749572353,8.215212256509414,-0.09954874719663842
2022-11-10,0.024613125978741282,8.417414310720979,-0.07738582707367392
2022-11-11,-0.011739888064042131,8.318594808924448,-0.08821721419012774
2022-11-14,-0.0029887799986206068,8.293732359142906,-0.09094233234344284
2022-11-15,0.005346291187042303,8.338073067362279,-0.08608224534633746
2022-11-16,-0.002654358724695013,8.315940830368781,-0.08850811091205601
2022-11-17,0.0017754151023575543,8.330705077309329,-0.08688983444649301
2022-11-18,0.008997859710151887,8.405663592881607,-0.07867379727692903
2022-11-21,0.0029377799347545244,8.430357582723072,-0.07596714364520551
2022-11-22,0.013437113366985585,8.543637253286349,-0.06355080939954671
2022-11-23,-0.0016492853461870843,8.529546357561365,-0.06509528132705278
2022-11-25,0.004168369832996279,8.565100661287367,-0.06119825270101065
2022-11-28,-0.012576502962153497,8.457381647449544,-0.07300509565679114
2022-11-29,0.0022705078986322166,8.476584199281826,-0.07090034640448817
2022-11-30,0.017858000271211438,8.627959042211547,-0.054308484538597046
2022-12-01,-0.00487656345395357,8.585884252464089,-0.05892020922161023
2022-12-02,0.005018163392471102,8.628969622511798,-0.054197717066131745
2022-12-05,-0.01708239649111026,8.481566142110307,-0.07035428666540522
2022-12-06,-0.012069516736319535,8.379197737607905,-0.08157466116134482
2022-12-07,0.0006978749789549823,8.385045370052698,-0.08093371509733105
2022-12-08,-0.00044105883377574086,8.381347071720626,-0.08133907740111279
2022-12-09,-0.013982259005078755,8.264156906152369,-0.09418403235873518
2022-12-12,0.013800637626037674,8.378207540898895,-0.0816831944334393
2022-12-13,-0.0009966374910866833,8.36985750515553,-0.082598423390562
2022-12-14,-0.0027360190636611676,8.346957415461297,-0.08510845159319813
2022-12-15,-0.01478097699601454,8.22358122991665,-0.09863144252404721
2022-12-16,-0.007283070923126713,8.163688304577073,-0.10519617365602107
2022-12-19,-0.004338939439949663,8.128266555416888,-0.10907867326916287
2022-12-20,0.004262174211710896,8.162910643515296,-0.10528141136570757
2022-12-21,0.013188136795218316,8.27056422572912,-0.09348174022557387
2022-12-22,-0.010244009966320355,8.185840483373658,-0.10276812231335442
2022-12-23,0.010703452455754707,8.27345723779784,-0.09316464356874787
2022-12-27,0.002143434027223911,8.291190847564119,-0.09122090180868336
2022-12-28,-0.013881241683202922,8.176098823567521,-0.10383588410732025
2022-12-29,0.006467674790817089,8.228979171815938,-0.0980397860465263
2022-12-30,-0.001621328446348771,8.215637293800262,-0.09950215979888388
2023-01-03,-0.014819091176091707,8.093889015673737,-0.11284671939669777
2023-01-04,0.002668381100282682,8.115486596150948,-0.11047945634968193
2023-01-05,-0.0018364944630361243,8.100582549952273,-0.11211305590285259
2023-01-06,0.021716095897566953,8.276495577433193,-0.09283161787864136
2023-01-09,-0.006423891617145151,8.223328266873981,-0.09865916924388995
2023-01-10,0.0054790706749991095,8.268384463631902,-0.09372065912991479
2023-01-11,0.005461792222383948,8.313544661587047,-0.08877074967464327
2023-01-12,0.004092059488147906,8.347564180899635,-0.08504194537497156
2023-01-13,0.0018307176037067614,8.362846213593679,-0.08336691555771636
2023-01-17,-0.003762467053829458,8.33138128023879,-0.08681571733838045
2023-01-18,-0.01860906723417346,8.176342045841293,-0.10380922505162093
2023-01-19,-0.005302346802624105,8.132988244737366,-0.10856113934170974
2023-01-20,0.007188989684238387,8.191456213330813,-0.10215259456830816
2023-01-23,0.0031737845884114942,8.21745413081733,-0.09930302031020377
2023-01-24,0.004582818669520522,8.255113233023968,-0.09517528937610076
2023-01-25,0.002360714059002817,8.274601194891828,-0.09303925696079773
2023-01-26,0.010069177465119133,8.357919622776281,-0.08390690828523961
2023-01-27,-0.0068426395447082474,8.300729391453979,-0.09017540310124106
2023-01-30,-0.005723500458093648,8.253220162979481,-0.09538278459837601
2023-01-31,0.011192473975280543,8.34559411486589,-0.08525787995740253
2023-02-01,-0.004169707246228854,8.310795430611048,-0.08907208680377499
2023-02-02,-0.012831790541216154,8.20415304441455,-0.10076092298405614
2023-02-03,-0.0028785207383757957,8.180537219735394,-0.10334940131600445
2023-02-06,0.0016616056041821614,8.194130046224927,-0.1018595216562378
2023-02-07,0.0071469889514147325,8.252693403131751,-0.09544052158069671
2023-02-08,-0.00480436263805289,8.213044471282439,-0.09978635334271102
2023-02-09,-0.006076554088456217,8.163137462321796,-0.10525655025779035
2023-02-10,0.01742651182351907,8.305392473825957,-0.08966429295184153
2023-02-13,0.004645391897340363,8.343974276728101,-0.08543542683446037
2023-02-14,-0.004486781814847562,8.306536684679722,-0.08953887852984321
2023-02-15,-0.001912277607487357,8.290652280581837,-0.09127993294491854
2023-02-16,-0.006573618187959208,8.236152697960158,-0.09725351170547536
2023-02-17,-0.0010211187126401402,8.22774260832011,-0.09817532303744303
2023-02-21,-0.009050322029009428,8.15327888814301,-0.1063371267776616
2023-02-22,0.00013516205045300628,8.154380902035447,-0.1062163374713031
2023-02-23,0.004260959408346601,8.189126388059217,-0.10240796156542498
2023-02-24,-0.0023464051302817365,8.169911379889749,-0.10451407612930796
2023-02-27,0.0016315978998411764,8.183241390139065,-0.10305300317658328
2023-02-28,-0.007818968000232488,8.119256887571389,-0.11006620304265025
2023-03-01,0.008029817782003892,8.184453040903868,-0.10292019681503572
2023-03-02,0.0060828036275506325,8.234237461550597,-0.09746343653401979
2023-03-03,0.011456680043426318,8.328574485549177,-0.08712336389889641
2023-03-06,-0.0014619543002038005,8.316398490265462,-0.08845794782259997
2023-03-07,-0.013651084699878665,8.202870630076905,-0.10090148558437484
2023-03-08,-0.0027120660377128133,8.180623903229321,-0.10333990012987959
2023-03-09,-0.019461679272435476,8.021415224576254,-0.12079041140994173
2023-03-10,-0.017721157085776144,7.879266465331302,-0.1363710226406667
2023-03-13,-0.012297121166882382,7.78237417090097,-0.14699117281848517
2023-03-14,0.011880727202499195,7.87483443541322,-0.13685680764141783
2023-03-15,-0.028014858355666836,7.654222064130791,-0.16103764191600156
2023-03-16,0.012113600503915621,7.746942252383927,-0.15087478707234914
2023-03-17,-0.019367438574484773,7.5969038241708,-0.16732016747577172
2023-03-20,0.01778383752458849,7.732005927469778,-0.1525119246241594
2023-03-21,0.017933469543490493,7.8706676202801455,-0.13731352303593536
2023-03-22,-0.020117311686732278,7.712330946580298,-0.15466845578095045
2023-03-23,-0.005384361117262513,7.670804971708071,-0.159220026078839
2023-03-24,0.005389413619201608,7.712146112492834,-0.15468871503663628
2023-03-27,0.010563533492021012,7.793613626247513,-0.1457592409667423
2023-03-28,0.006530615173905704,7.844510717654644,-0.14018052330363096
2023-03-29,0.012116331739577327,7.939557411844418,-0.12976266528782787
2023-03-30,0.0037284838884740308,7.969159923736095,-0.1265179994062049
2023-03-31,0.012578872125800451,8.069402967366825,-0.11553058101654723
2023-04-03,0.005955740838317089,8.117462240160409,-0.11026291037766489
2023-04-04,-0.01793473289370544,7.971877723108392,-0.12622010742566436
2023-04-05,-0.0033370092791120743,7.9452754931744325,-0.12913591903508637
2023-04-06,-0.002093342929869505,7.92864330689493,-0.13095893620185162
2023-04-10,0.00978006378868607,8.006185944194101,-0.12245965916291823
2023-04-11,0.004763931856921057,8.044326868466081,-0.11827911677747105
2023-04-12,-1.5965589051370968e-05,8.044198436049104,-0.11829319397075055
2023-04-13,0.006720181758301826,8.0982569116392,-0.11236796397670235
2023-04-14,-0.0014524498582297505,8.086494599535982,-0.1136572050015846
2023-04-17,0.003971992424915534,8.118614094829459,-0.11013665813397244
2023-04-18,0.0035582858421908045,8.147502444421301,-0.10697027000312598
2023-04-19,-0.006140100911215217,8.097475957238181,-0.11245356266202211
2023-04-20,0.00012384143138832875,8.098478760251359,-0.11234364764079852
2023-04-21,-0.0024663060335678197,8.07850543322223,-0.11453287985835692
2023-04-24,0.005004456665408481,8.118933963584057,-0.11010159802696395
2023-04-25,-0.013348431523235513,8.010558929529484,-0.12198034590833773
2023-04-26,-0.011216678600000229,7.92070706461059,-0.13182881017276737
2023-04-27,0.01554381823100859,8.043825095483962,-0.11833411500469448
2023-04-28,0.006732515081480638,8.0979802692521,-0.11239828613713665
2023-05-01,0.002817061424975246,8.12079277708882,-0.10989785758827175
2023-05-02,-0.008227145980968074,8.05398182943052,-0.11722085785186542
2023-05-03,-0.007244638625589441,7.995633641579231,-0.12361627372293649
2023-05-04,-0.009890035967266751,7.916556537282925,-0.1322837402969439
2023-05-05,0.013323788213470956,8.022035059965651,-0.12072247262327529
2023-05-08,0.000351931214005713,8.0248582645031,-0.12041302741561777
2023-05-09,-0.00031411636469467146,8.022337525197864,-0.1206893200778788
2023-05-10,-2.5721682365842094e-05,8.02213117718021,-0.12071193742788855
2023-05-11,-0.002675716997229039,8.000666224435427,-0.12306466344237343
2023-05-12,0.004759716594994891,8.038747128234888,-0.11889069976822264
2023-05-15,0.0012248897879045735,8.04859370749981,-0.11781143798434102
2023-05-16,-0.010241716407930052,7.966162293264947,-0.1268465630548249
2023-05-17,0.008769794604609697,8.036023900363867,-0.11918918675450674
2023-05-18,0.007177253948954217,8.093700484636646,-0.1128673838668588
2023-05-19,-0.001211633331438432,8.08389388735478,-0.11394226331397195
2023-05-22,-0.005726070284542492,8.037604942783002,-0.11901589219039888
2023-05-23,-0.016866272103400245,7.90204051075839,-0.1338748098714868
2023-05-24,-0.00746530067856838,7.84304940237135,-0.14034069484107847
2023-05-25,0.0029373254953227713,7.86608699134201,-0.13781559564674384
2023-05-26,0.0044334095600422905,7.90096057660955,-0.13399317906596475
2023-05-30,-0.004841041657865402,7.862711697321031,-0.138185554162102
2023-05-31,-0.0075842278264381755,7.803079100474948,-0.14472175126345221
2023-06-01,0.010217954241410724,7.882810605665709,-0.13598255725418829
2023-06-02,0.019168719639166974,8.033913992134368,-0.11942044913084371
2023-06-05,-0.001784494067412287,8.019577520277304,-0.12099183811525427
2023-06-06,0.001848727111611578,8.034403530662711,-0.11936679189505006
2023-06-07,0.00018758957417419893,8.035910700999773,-0.11920159428653787
2023-06-08,0.005444465669607638,8.079661940935399,-0.1144061176047858
2023-06-09,0.0007918082983079108,8.086059484307754,-0.1137048970197746
2023-06-12,0.0071328204169757966,8.143735894490305,-0.10738311321377148
2023-06-13,0.008347454309630091,8.211715357779257,-0.09993203453531929
2023-06-14,-0.00023235188305485366,8.209807350252767,-0.10014116702197229
2023-06-15,0.010477172563273214,8.295822918572595,-0.09071319074627571
2023-06-16,-0.0030511574956892324,8.270511056291681,-0.09348756801006164
2023-06-20,-0.005621222533478324,8.224020673178673,-0.09858327611964168
2023-06-21,0.0017267308815958537,8.238221343645932,-0.09702677202533061
2023-06-22,-0.00016103001932356225,8.236894742703774,-0.09717217782167997
2023-06-23,-0.005828548207581595,8.18888560461515,-0.10243435330639217
2023-06-26,0.0011882613821984325,8.198616141142356,-0.1013678107104381
2023-06-27,0.011315632345586853,8.291388667138117,-0.09119921924252761
2023-06-28,-0.001993636423706438,8.274858652688204,-0.09301103758093843
2023-06-29,0.006013458376326805,8.324619170766132,-0.08755689720764359
2023-06-30,0.011168032451063998,8.417588787807997,-0.0773667030259092
2023-07-03,-0.0038350988687849766,8.385306502569977,-0.08090509293943793
2023-07-05,-0.005000349090537747,8.34337704282597,-0.08550088832207614
2023-07-06,-0.009078020488266985,8.26763569508986,-0.09380272999439032
2023-07-07,-0.003353879423224134,8.239907041853384,-0.09684200637164408
2023-07-10,0.015093484927498874,8.36427595459359,-0.08321020480766439
2023-07-11,0.0027546765205641267,8.387316829177227,-0.08068474548455529
2023-07-12,0.004324268202265061,8.42358583664396,-0.07670937976159697
2023-07-13,0.0056320899675207535,8.471028229925073,-0.07150932392224618
2023-07-14,0.0015307052003102123,8.483994876888595,-0.07008807841593434
2023-07-17,0.007326305177373494,8.546151212479954,-0.06327525989033167
2023-07-18,0.002826243985630128,8.570304720944511,-0.06062784722740577
2023-07-19,-0.004268326307435151,8.533723863841368,-0.06463739409955704
2023-07-20,-0.007098059456089131,8.473150984473977,-0.07127665348924073
2023-07-21,8.41950883740481e-05,8.473864382169921,-0.07119845954500614
2023-07-24,-0.0014255480061975872,8.46178448169513,-0.07252251072915505
2023-07-25,0.004547773678473099,8.500266762433895,-0.06830455301607274
2023-07-26,-0.005524126848467746,8.453310210592397,-0.07345135684935178
2023-07-27,-0.005424231034540035,8.407457503003508,-0.07847717075454042
2023-07-28,0.0071985548061344025,8.467979046619124,-0.07184353816311295
2023-07-31,0.0023814987239251947,8.488145527912874,-0.06963313473364541
2023-08-01,-0.0023154996087345198,8.46849123026411,-0.07178739884614915
2023-08-02,-0.017078705909500273,8.323860359045248,-0.087640068882748
2023-08-03,-0.0016924562344798222,8.309772589685643,-0.08918419813625689
2023-08-04,-0.0042820950187200755,8.274189353872654,-0.09308439794438916
2023-08-07,0.013478722618009087,8.385714857062387,-0.08086033410633686
2023-08-08,-0.0055994464128629505,8.338759496086718,-0.08600700741144518
2023-08-09,-0.006696711673980647,8.282917228022757,-0.09212775495484937
2023-08-10,-0.005134981352462031,8.240384602512874,-0.09678966200357408
2023-08-11,-0.004732484762863169,8.20138710794135,-0.1010640911658025
2023-08-14,0.008704737133478406,8.272778026845877,-0.09323909037955647
2023-08-15,-0.00982726918612458,8.191479210259006,-0.10215007392585185
2023-08-16,-0.010889617770677295,8.102277132682836,-0.1119273164362301
2023-08-17,-0.01615939997214104,7.971349195810682,-0.12627803813426974
2023-08-18,0.0030758405825215074,7.9958677951646075,-0.1235906086661227
2023-08-21,0.006488534118987722,8.04774925616445,-0.11790399642825156
2023-08-22,-0.0014153117138817348,8.036359182371816,-0.1191524372348749
2023-08-23,0.012981445695633342,8.140682742688382,-0.10771776243270825
2023-08-24,-0.01835610942914761,7.991251479435621,-0.12409659282717811
2023-08-25,0.0067692790188329365,8.045346490409582,-0.11816735827047886
2023-08-28,0.008458579246450933,8.113398691263866,-0.1107083069883027
2023-08-29,0.016736143091922357,8.249185692722675,-0.09582499396360089
2023-08-30,0.005048239304885061,8.290829556169971,-0.09126050215963344
2023-08-31,-0.00031418876971637784,8.28822467063179,-0.0915460179044526
2023-09-01,0.006764256720330166,8.344288350059717,-0.08540100195095213
2023-09-05,-0.013042128109270997,8.235461072417541,-0.09732931925211863
2023-09-06,0.0015396896657721107,8.24814112672361,-0.0959394865333758
2023-09-07,-0.003790719964081077,8.21687473348798,-0.09936652677051117
2023-09-08,-0.00038967800757577027,8.213672798113336,-0.09971748382791512
2023-09-11,0.0029785220585208634,8.23813740372399,-0.09703597249459595
2023-09-12,-0.008260307039751905,8.170087859333565,-0.10449473260764153
2023-09-13,-0.00862766416246039,8.09959908510544,-0.11222085131041704
2023-09-14,0.009664736647745885,8.177879577215307,-0.1036406996369722
2023-09-15,-0.014434394273386313,8.059836839077509,-0.11657910318902875
2023-09-18,0.000965296644312205,8.067616972531972,-0.11572633996182202
2023-09-19,-0.0029373294833998486,8.043919723337778,-0.11832374305484605
2023-09-20,-0.006831347047223924,7.988968916087648,-0.1243467795493357
2023-09-21,-0.02018921467988387,7.827677907569836,-0.14202553040214583
2023-09-22,-0.0003694020909110672,7.824786346983801,-0.1423424679651636
2023-09-25,0.0034751385088724906,7.851978563341905,-0.13936198924816479
2023-09-26,-0.013184766562672291,7.748452058929135,-0.1507093005148903
2023-09-27,0.007675779653710199,7.807927469590812,-0.14419033224369726
2023-09-28,0.009743760186451398,7.884006042407711,-0.13585152807583312
2023-09-29,-0.007516359008161282,7.824747022570462,-0.14234677822716912
2023-10-02,-0.005953542579888236,7.778162057994735,-0.14745285320177204
2023-10-03,-0.01647508722858841,7.650016159611176,-0.161498641811757
2023-10-04,0.008000362038983118,7.711219058492135,-0.154790327376072
2023-10-05,-0.002531416158030617,7.691698753969354,-0.15692990479827607
2023-10-06,0.01595509357534883,7.814420527342328,-0.14347864253875442
2023-10-09,0.005824516107938331,7.8599357455780385,-0.1384898200954281
2023-10-10,0.00825349402090074,7.924807678258831,-0.13137935097664066
2023-10-11,0.004879764596294461,7.96347887419964,-0.12714068668592615
2023-10-12,-0.011299168505627432,7.873498184509054,-0.1370032711487682
2023-10-13,-0.009358310935622517,7.799815540347359,-0.14507946287378315
2023-10-16,0.012134237326483518,7.8944603532167275,-0.13470565418100888
2023-10-17,0.005813503492823386,7.940354826054108,-0.12967526247926997
2023-10-18,-0.02148862927133166,7.769727484914202,-0.14837734810952197
2023-10-19,-0.009990157405417475,7.692106684342711,-0.15688519245192678
2023-10-20,-0.014021288194940851,7.584253439695311,-0.16870674814998055
2023-10-23,0.0011151355514162143,7.592710910336867,-0.16777974349119007
2023-10-24,0.005845212368194772,7.637091918058094,-0.16291523935478258
2023-10-25,-0.01710309491650295,7.506474010097489,-0.17723197946925595
2023-10-26,-0.0071147238045469645,7.453067520769635,-0.183085746690546
2023-10-27,-0.005056878689521087,7.415378262452293,-0.1872167829692727
2023-10-30,0.00829126017894015,7.476861092951543,-0.18047778584779484
2023-10-31,0.0070330282813579215,7.529446068474057,-0.17471406293846126
2023-11-01,0.014579778556377808,7.639223724804597,-0.16268157673041128
2023-11-02,0.01992673663999475,7.791448524102777,-0.1459965530261027
2023-11-03,0.015065400185305194,7.908829814141591,-0.13313064933781082
2023-11-06,-0.002293030952069931,7.890694622583111,-0.13511840759027993
2023-11-07,0.0005845069380797414,7.895306788336279,-0.13461287829889912
2023-11-08,0.0025086254674773494,7.9151131560190455,-0.13244194612617288
2023-11-09,-0.005953551070154229,7.867990125618636,-0.13760699730623438
2023-11-10,0.019956684303048186,8.025009120655106,-0.12039649240631722
2023-11-13,0.0005523555714213233,8.029441779153608,-0.11991063850825612
2023-11-14,0.027851437486380214,8.253073274916234,-0.0953988846742404
2023-11-15,-0.0004825821948223647,8.249090488701196,-0.09583542906591302
2023-11-16,-0.0031355080361676634,8.223225399182798,-0.09867044434409511
2023-11-17,0.006896672935933084,8.279938295239418,-0.09245426919124655
2023-11-20,0.00812845554286921,8.34724140556997,-0.08507732406524704
2023-11-21,-0.004223705789145505,8.31198511372187,-0.08894168826821314
2023-11-22,0.0037495558793730743,8.343151366374286,-0.08552562421900756
2023-11-24,0.002426602116075756,8.36339687513467,-0.08330655876364035
2023-11-27,0.00017705242149770127,8.364877634803358,-0.08314425597009856
2023-11-28,-0.005912564053794743,8.315419759985428,-0.08856522428476499
2023-11-29,0.003218201810725984,8.34218045891396,-0.0856320432391996
2023-11-30,0.00771097486953765,8.406506802789794,-0.07858137490310646
2023-12-01,0.009381289174922177,8.485370674057714,-0.06993728032991353
2023-12-04,-0.006299459192239258,8.431917427765464,-0.07579617247869819
2023-12-05,-0.005043295393471929,8.389392777443879,-0.0804572053846655
2023-12-06,-0.0038887155147768427,8.356768815590677,-0.08403304571658743
2023-12-07,0.008703268168332922,8.429500015613526,-0.07606113968012751
2023-12-08,0.008253744728765538,8.499074956933525,-0.06843518418206074
2023-12-11,0.012260357414487265,8.603276653598048,-0.057013866585371775
2023-12-12,0.005164253491575254,8.64770615509538,-0.05214404715337828
2023-12-13,0.009753077264316781,8.732047901385133,-0.04289953480982245
2023-12-14,0.004332758557178671,8.769881756651554,-0.03875264957919011
2023-12-15,-0.0005758232457811841,8.764831854873322,-0.03930615814850791
2023-12-18,0.004138900135183155,8.801108618622315,-0.035329942276599025
2023-12-19,0.007918135689391767,8.870796990881642,-0.027691553864051754
2023-12-20,-0.016533825181950495,8.724128784209833,-0.04376753173539738
2023-12-21,0.015370386435691349,8.858222014937876,-0.029069869175815555
2023-12-22,0.0008211084188100214,8.865495575610032,-0.02827263027131932
2023-12-26,0.005948140170928758,8.918228785978508,-0.022492659668245207
2023-12-27,0.0014502208212608997,8.931162187052703,-0.021075058170360705
2023-12-28,-0.0004434363868696066,8.92720178476193,-0.021509149109582126
2023-12-29,-0.002624155360176656,8.903775420347069,-0.024076861120830073
2024-01-02,-0.013289665649087757,8.78544722199609,-0.03704655333574247
2024-01-03,-0.012528619270783381,8.67537769862814,-0.04911103044448761
2024-01-04,-0.0010448438974125175,8.666313283181978,-0.05010456098144467
2024-01-05,0.0011315356253762164,8.67611952540257,-0.049029720451812864
2024-01-08,0.01646830956124617,8.819000547537271,-0.0333688475046684
2024-01-09,-0.0009127571132638391,8.810950942055628,-0.03425114696501108
2024-01-10,0.008354327001741834,8.884560507421867,-0.026182965245199585
2024-01-11,0.003937869539383893,8.919546747614856,-0.022348200807105534
2024-01-12,0.00010943996165944686,8.920522902468935,-0.022241206631685495
2024-01-16,-0.0005819045934270834,8.915332009216216,-0.022810168964810362
2024-01-17,-0.004856910353228258,8.872031040878188,-0.027556292372234448
2024-01-18,0.01281424961152444,8.985719461197194,-0.015095155969535923
2024-01-19,0.0137209855762984,9.109012388316943,-0.0015812908105676815
2024-01-22,0.007193494443619467,9.174538018319161,0.0
2024-01-23,-0.0033110710222483382,9.144160471344188,-0.0033110710222484796
2024-01-24,0.0009402437057899376,9.152758210672102,-0.002373940530146612
2024-01-25,0.011109347866282305,9.25443938557043,0.0
2024-01-26,-0.004879688644833194,9.209280602786365,-0.0048796886448332355
2024-01-29,0.008891681493915202,9.291166592694433,0.0
2024-01-30,-0.00041088282181611906,9.287349011946862,-0.0004108828218162275
2024-01-31,-0.01182001607562817,9.17757239732568,-0.012226042255885416
2024-02-01,0.017073072887016448,9.334261759791092,0.0
2024-02-02,0.010285936024820315,9.430273379091231,0.0
2024-02-05,-0.004100570763988941,9.391603875776505,-0.004100570763989064
2024-02-06,0.0005986013432374554,9.3972257024717,-0.003504424027918951
2024-02-07,0.010925019056290501,9.499890572347464,0.0
2024-02-08,0.010764591352568695,9.602153012252904,0.0
2024-02-09,0.003563344826919692,9.636368794516406,0.0
2024-02-12,-0.0009303030014975664,9.62740405170333,-0.0009303030014975455
2024-02-13,-0.01666068862963148,9.46700487048625,-0.017575492142489657
2024-02-14,0.01583186791391999,9.616885241136226,-0.0020218770986917267
2024-02-15,0.003740778066949486,9.652859874518636,0.0
2024-02-16,-0.009665606806088502,9.55955912641727,-0.009665606806088634
2024-02-20,-0.005745341140278022,9.504636198085345,-0.01535541573793775
2024-02-21,-0.0023685309145900363,9.48212417341825,-0.01768757687564604
2024-02-22,0.025780831831241732,9.726581222136097,0.0
2024-02-23,0.0009806330388264532,9.736119429037354,0.0
2024-02-26,0.0027064855086229227,9.762470095182266,0.0
2024-02-27,0.006695055723319159,9.827830376466748,0.0
2024-02-28,0.002323775934742618,9.850668052186313,0.0
2024-02-29,0.010435965122903991,9.953469280416234,0.0
2024-03-01,0.016639701855075913,10.119092041666017,0.0
2024-03-04,0.001327984896063023,10.132530043059221,0.0
2024-03-05,-0.01158679089202657,10.015126536243118,-0.011586790892026522
2024-03-06,0.006415416051066447,10.079377739777195,-0.005245708925228909
2024-03-07,0.011300637609789286,10.193281134946593,0.0
2024-03-08,-0.00880975341372246,10.103480841670965,-0.008809753413722476
2024-03-11,-0.007752962551305172,10.02514893306766,-0.016494414276724823
2024-03-12,0.013995294621162778,10.165453846006978,-0.002729963842968308
2024-03-13,-0.003909475896169816,10.125712249222387,-0.006628767011296666
2024-03-14,-0.005361785108552514,10.071420356071018,-0.01195501009559996
2024-03-15,-0.007157221267188204,9.999336972107754,-0.019026666710282525
2024-03-18,0.005950035438983722,10.058833381458134,-0.013189840612510828
2024-03-19,0.0073043811549601675,10.132306934450542,-0.005981803080757575
2024-03-20,0.011904635632826363,10.252928356625134,0.0
2024-03-21,0.010451807926868572,10.360089994496523,0.0
2024-03-22,-0.003083408854960536,10.328145601269304,-0.003083408854960612
2024-03-25,-0.004432348821666715,10.282367657283515,-0.007502090933022343
2024-03-26,0.0005664212873275216,10.28819180920873,-0.00693991898969859
2024-03-27,0.0071572410198885664,10.36182687764608,0.0
2024-03-28,0.00044946347087877476,10.36648414031915,0.0
2024-04-01,-0.0020037524337768696,10.345712272493277,-0.0020037524337768176
2024-04-02,-0.012472543599934686,10.216674925102225,-0.01445130414411766
2024-04-03,0.007134623313124318,10.289567052205474,-0.007419785442444926
2024-04-04,-0.016283228749283184,10.122019678163324,-0.0235821961280982
2024-04-05,0.015066828395385808,10.27452641166893,-0.008870676634960772
2024-04-08,-5.768364223304753e-05,10.273933739563285,-0.008927848584256437
2024-04-09,-0.003412726284444994,10.23887161584563,-0.012310106565174506
2024-04-10,-0.01318932731170125,10.103827786801753,-0.025337071852145843
2024-04-11,0.006445908304505237,10.16895613423999,-0.019054483989504156
2024-04-12,-0.016065372205727953,10.005588068999703,-0.03481373881775274
2024-04-15,-0.012963679747606701,9.875878829586716,-0.04732610440450935
2024-04-16,0.0010860368460176816,9.886604397882454,-0.0462914654516533
2024-04-17,-0.008757694764399623,9.800020534309429,-0.0546437536914306
2024-04-18,-0.006993817548901549,9.73148097871698,-0.06125540279682706
2024-04-19,-0.01510539537605954,9.584483110938857,-0.07543551109472091
2024-04-22,0.00847353876373531,9.665697600109764,-0.06760117805840882
2024-04-23,0.018535691710748092,9.844857990994718,-0.050318520943434586
2024-04-24,0.0014209403865545285,9.858846947314017,-0.048969080175480184
2024-04-25,-0.0014407199151546689,9.844643110176559,-0.05033924936159939
2024-04-26,0.00863545821214289,9.92965611436795,-0.04213849363374922
2024-04-29,0.002695898480581208,9.956425459199368,-0.039556196254129206
2024-04-30,-0.016289411001110414,9.79424115279255,-0.055201260116815476
2024-05-01,-0.006601126372203373,9.729588129223131,-0.06143799599508293
2024-05-02,0.008615423826638853,9.813412654615023,-0.05335188654300105
2024-05-03,0.011084056754467195,9.922185077433783,-0.04285918512693432
2024-05-06,0.016463250431040213,10.085536495186705,-0.027101536193909204
2024-05-07,-0.0020427669524583397,10.064934094536525,-0.02908894102386972
2024-05-08,0.0007378457329097478,10.072360463210197,-0.028372558441969287
2024-05-09,0.008147016097727725,10.154420146046087,-0.02045669403460193
2024-05-10,0.002469083391962715,10.179492256183702,-0.018038119926134466
2024-05-13,-0.006654979751174041,10.111747941341566,-0.02457305635445095
2024-05-14,0.004702250510215228,10.159295913257907,-0.019986354511015936
2024-05-15,0.016102995283463276,10.322891007432407,-0.004205199399977211
2024-05-16,-0.008738500707013704,10.232684417065533,-0.01290695296906108
2024-05-17,0.0016568426294874437,10.249638364821818,-0.011271495129469677
2024-05-20,0.006240170694716547,10.313597857777422,-0.005101660488345594
2024-05-21,0.0008507079675344586,10.322371717648979,-0.004255292544036338
2024-05-22,-0.006943857127052416,10.250694643229298,-0.011169601527629136
2024-05-23,-0.008353189174142463,10.165068651708035,-0.019429488907211523
2024-05-24,0.011853341719745154,10.285558684041398,-0.007806451558923677
2024-05-28,-0.003811177581864998,10.246358593367821,-0.011587877367613464
2024-05-29,-0.010565310052273822,10.13810263792211,-0.022030757902650744
2024-05-30,-0.001769540990607631,10.12016284973732,-0.02376131456409547
2024-05-31,0.006731371934739196,10.188285429919032,-0.01718988887534545
2024-06-03,-0.00836958688430898,10.103013689811185,-0.02541560349118077
2024-06-04,-0.005242552227342233,10.050048112888796,-0.030524913089831074
2024-06-05,0.018295831718956962,10.23392210192963,-0.01278756004400139
2024-06-06,-0.0062318439540337035,10.170145896352668,-0.01893971391928806
2024-06-07,-0.0010160617084373047,10.159812400538163,-0.019936531709643268
2024-06-10,0.008652982445087267,10.247725078885399,-0.011456059723455536
2024-06-11,-0.0037083092881554213,10.209723344792904,-0.015121886398932971
2024-06-12,0.012933769239271864,10.341773550531263,-0.0023837001488072884
2024-06-13,0.0013237520704840933,10.355463494681256,-0.0010631035063305427
2024-06-14,-0.00941651464586447,10.257951121018875,-0.010469607422457616
2024-06-17,0.012764383698838385,10.38888754509149,0.0
2024-06-18,0.0073079998974086005,10.464809534205209,0.0
2024-06-20,-0.006429241965152525,10.397528741590568,-0.006429241965152599
2024-06-21,-0.001662825054713048,10.380239470291952,-0.008081376315243083
2024-06-24,-0.0001578951775625751,10.37860048053765,-0.008237995482457405
2024-06-25,0.0025590564327533163,10.405159904860346,-0.005700020545036377
2024-06-26,-0.004528504622687489,10.358040090131384,-0.010202712598336272
2024-06-27,0.0013551091158052141,10.372076364679398,-0.008861429271378896
2024-06-28,-0.0002744913765146083,10.369229319160743,-0.009133488261974798
2024-07-01,-0.004959476674186305,10.317803368223077,-0.014047667614171977
2024-07-02,0.004576668741325638,10.365024536377566,-0.009535290394104723
2024-07-03,0.0050508486877227044,10.417376706955343,-0.004532603015356074
2024-07-05,-0.004667895651644189,10.368749479523407,-0.009179340949094228
2024-07-08,0.005150453310071845,10.422153239601524,-0.004076165405997978
2024-07-09,0.00019488797816890572,10.424184391974556,-0.003882071823463673
2024-07-10,0.00869988708991794,10.51487361918922,0.0
2024-07-11,0.0011571149334673365,10.527040536477505,0.0
2024-07-12,0.005942998825564805,10.589602726022465,0.0
2024-07-15,0.004301461287850812,10.635153492202171,0.0
2024-07-16,0.013752955929284584,10.781418289481605,0.0
2024-07-17,-0.02287517199113021,10.534791491801396,-0.022875171991130205
2024-07-18,-0.007214943669921957,10.458783564613677,-0.029925072583696366
2024-07-19,-0.009237159848657207,10.362174109004831,-0.03888580975341527
2024-07-22,0.014154737401312512,10.508847962424474,-0.025281490777799842
2024-07-23,-0.00021741545440616563,10.506563176469438,-0.025493409645400478
2024-07-24,-0.026573523455015225,10.227366773467928,-0.051389483381255374
2024-07-25,-0.0037613084813438932,10.188898492081067,-0.05495750016290557
2024-07-26,0.014421799159806766,10.335840739793518,-0.04132828703277325
2024-07-29,2.677734739371188e-05,10.336117506191613,-0.04130261634727872
2024-07-30,-0.004335370027836778,10.29130661215107,-0.045458924250132315
2024-07-31,0.019548964702088504,10.492491001850382,-0.02679863445360442
2024-08-01,-0.023056238311504502,10.250573628830404,-0.049236997062723664
2024-08-02,-0.03245970775173708,9.917843004550905,-0.08009848627923177
2024-08-05,-0.02048695362984928,9.714656614808545,-0.09894446593485728
2024-08-06,0.019683074416007237,9.905870923883779,-0.081208922804898
2024-08-07,-0.009032936033144921,9.816391825475746,-0.08950830383302566
2024-08-08,0.03100525113238152,10.120751519238478,-0.061278280139420604
2024-08-09,0.006558669039430905,10.18713017888348,-0.05512151505872975
2024-08-12,-0.00016895331198198572,10.185409029500166,-0.055281155408181126
2024-08-13,0.014130969245535812,10.329338731249235,-0.04193136246957607
2024-08-14,0.006526274095772087,10.396750827037442,-0.03567874393848969
2024-08-15,0.01755297873594769,10.579244773227376,-0.018752033436219673
2024-08-16,0.00026275913817713434,10.582024566466556,-0.018494201566187085
2024-08-19,0.009969726240412265,10.687524454463546,-0.008708857452424668
2024-08-20,-0.007015516152590224,10.612545954022053,-0.015663276474886856
2024-08-21,0.00802105008831127,10.69766971668377,-0.007767862311727658
2024-08-22,-0.005607631233353089,10.637681129856398,-0.01333193423776513
2024-08-23,0.0132410443660288,10.778535137648495,-0.000267418604463443
2024-08-26,-0.005801832476154076,10.715999882441519,-0.00606769956267339
2024-08-27,0.0023265251088867424,10.740930925234846,-0.0037552911091724983
2024-08-28,-0.007077180160117448,10.664915421989582,-0.010805894397556637
2024-08-29,0.0027169146331559087,10.693891086760955,-0.008118338457013818
2024-08-30,0.012177541312429038,10.824116387260602,0.0
2024-09-03,-0.02972593241005367,10.50235943513434,-0.029725932410053613
2024-09-04,0.0005018837534403891,10.507630398707624,-0.029238967619145795
2024-09-05,-0.007573202402308107,10.428053986929566,-0.03659073740163954
2024-09-06,-0.01717422423807802,10.248960249391255,-0.053136544110545136
2024-09-09,0.015179433585286969,10.404533660815137,-0.038763693167535807
2024-09-10,-0.0010722701691108123,10.393377189747135,-0.03979439818481856
2024-09-11,0.00899144259954182,10.486828644164135,-0.031160764632338744
2024-09-12,0.009071452059079008,10.581959407461447,-0.022371985955746077
2024-09-13,0.011079743661185932,10.699204805129195,-0.011540118164141466
2024-09-16,0.004904504676404611,10.751679105129762,-0.006692212051239155
2024-09-17,0.0017186633124105382,10.770157621554558,-0.004985050398159996
2024-09-18,-0.0015655862265880243,10.753296011124071,-0.006542832098505813
2024-09-19,0.017325770465436315,10.9396051495597,0.0
2024-09-20,0.0038665471834152154,10.981903649038404,0.0
2024-09-23,0.004555399956761113,11.03193061244639,0.0
2024-09-24,-0.0005415213153447709,11.025956586870345,-0.0005415213153447951
2024-09-25,-0.0037678444368403445,10.984412497683662,-0.004307325384109717
2024-09-26,0.004151389700444284,11.030013074591979,-0.00017381706990138301
2024-09-27,-0.0012568597108935488,11.016149895547896,-0.0014304583171226293
2024-09-30,0.0035938766542694114,11.055740579477437,0.0
2024-10-01,-0.007686426703021706,10.970761439865662,-0.007686426703021665
2024-10-02,0.0032208145401325006,11.006096227827506,-0.004490368717775861
2024-10-03,-0.0014535068273885733,10.990098791817463,-0.005937348763575656
2024-10-04,0.01084133062781263,11.10924608645188,0.0
2024-10-07,-0.007397155209551313,11.027069268889294,-0.007397155209551309
2024-10-08,0.00854736623952029,11.12132166847905,0.0
2024-10-09,0.008887399398308325,11.220161295983884,0.0
2024-10-10,-0.0035493843483826765,11.180336631093589,-0.0035493843483827003
2024-10-11,0.014626796195611582,11.343869136394927,0.0
2024-10-14,0.008503435205127878,11.440330992571711,0.0
2024-10-15,-0.005660734367832278,11.375570317742683,-0.005660734367832321
2024-10-16,0.006565965137306954,11.450261915865966,0.0
2024-10-17,-0.0023775621598869194,11.423038206414008,-0.0023775621598869368
2024-10-18,0.004731709467875928,11.477088704447205,0.0
2024-10-21,-0.00675465129762996,11.399564972336696,-0.006754651297629977
2024-10-22,-0.0061768213669849996,11.329151895841232,-0.012889750390153387
2024-10-23,-0.004625017740666694,11.276754367336258,-0.017455152806592822
2024-10-24,0.002713060836126349,11.307348887968894,-0.014789448861934673
2024-10-25,-0.007938081893839656,11.21759022649398,-0.022610130899543557
2024-10-28,0.005599106267563781,11.280398706238104,-0.017137621157609972
2024-10-29,0.0007390019994372604,11.288734943436465,-0.01641128389447366
2024-10-30,-0.004614020683693238,11.236648486914719,-0.020949582574831815
2024-10-31,-0.015517152684709537,11.062287696678853,-0.036141657388046755
2024-11-01,-0.001917009089108633,11.041081190617986,-0.03798938259144691
2024-11-04,0.00035318002298768524,11.044980679926697,-0.03764961965947622
2024-11-05,0.019433780318547655,11.259626408082994,-0.018947513778467817
2024-11-06,0.02720471923038479,11.565941383153918,0.0
2024-11-07,0.006908352171176137,11.645842979419925,0.0
2024-11-08,0.011966526686415386,11.785203270218956,0.0
2024-11-11,0.002574223683790195,11.815541019595436,0.0
2024-11-12,-0.008982557834449465,11.70940723904161,-0.008982557834449456
2024-11-13,-0.003150635021858112,11.672515170509087,-0.012104892095008535
2024-11-14,-0.007562978742076561,11.58423618640796,-0.0195763217954954
2024-11-15,-0.006699153529080543,11.506631609678083,-0.026144330539333183
2024-11-18,0.0023993617919659815,11.534240181916573,-0.023807698455139747
2024-11-19,0.002931236259917119,11.5680497649684,-0.020946248184199545
2024-11-20,0.0014219625879126588,11.584499098949296,-0.01955407037756207
2024-11-21,0.014323828091112524,11.750433472564293,-0.005510331429019244
2024-11-22,0.00921442064579072,11.858706909350879,0.0
2024-11-25,0.006261793740073172,11.932963686041214,0.0
2024-11-26,0.005714278469298154,12.001151963507276,0.0
2024-11-27,-0.00835857510420434,11.90083943348333,-0.008358575104204347
2024-11-29,0.006517805275393757,11.978406787524502,-0.0018952493937195447
2024-12-02,-0.0037809156919626583,11.933117441336838,-0.005668999307509415
2024-12-03,-0.0005085900422608298,11.927048376633046,-0.0061747061531728376
2024-12-04,0.002710505232762208,11.959376703669319,-0.0034809374937494475
2024-12-05,-0.0026520309577770106,11.927660066415472,-0.006123736897530874
2024-12-06,0.0009337789259607057,11.938797864021513,-0.0051956761880331825
2024-12-09,-0.01638472471262435,11.743183947619853,-0.021495271176620756
2024-12-10,-0.00995849907335899,11.626239461159196,-0.031239709611885713
2024-12-11,0.00611175449385443,11.697296182432565,-0.0253188845536384
2024-12-12,-0.0066359734236094495,11.619673235837855,-0.031786842532234405
2024-12-13,-0.00030831236624417684,11.61609074688753,-0.03208535462184203
2024-12-16,0.0038915472973974938,11.661295313439904,-0.028318668999509078
2024-12-17,-0.01232911743920067,11.517521834027304,-0.040298642242892924
2024-12-18,-0.03769200404469383,11.083403354474298,-0.07647170970117201
2024-12-19,-0.001522599386575589,11.066527771325605,-0.07787787330946616
2024-12-20,0.019301149446684752,11.280124477695848,-0.06007985633411739
2024-12-23,0.0031813339977502693,11.316010321195597,-0.0570896564259028
2024-12-24,0.010352614921037137,11.433160618493416,-0.04732806873381745
2024-12-26,0.0001229384059255092,11.434566193034545,-0.047210948765217475
2024-12-27,-0.011284135977855166,11.305536993264557,-0.057962349977562444
2024-12-30,-0.008948460661451605,11.204369840223743,-0.06639213683039458
2024-12-31,-0.0030898151580807075,11.169750408454677,-0.06927681255771934
2025-01-02,0.0025282471715388517,11.197990298331648,-0.06692371429158273
2025-01-03,0.013228248555904668,11.34612009732459,-0.05458074926261125
2025-01-06,0.004343251113930636,11.395399146076088,-0.050474556048714536
2025-01-07,-0.006684346903308051,11.319228345082054,-0.05682151350960252
2025-01-08,0.005917355929434915,11.386208248046454,-0.05124039070005304
2025-01-10,-0.01365102298886414,11.230774857496378,-0.06419192993751233
2025-01-13,0.0022451855657152414,11.255990031098227,-0.06209086716632817
2025-01-14,0.015424601115786175,11.429609187491183,-0.04762399290951591
2025-01-15,0.017981979264596833,11.635136182903095,-0.03049838729791532
2025-01-16,0.0076205883194254585,11.72380276579345,-0.023110214632493742
2025-01-17,0.009450911886874181,11.834603392712054,-0.013877715347798025
2025-01-21,0.017487745773284484,12.041563928171453,0.0
2025-01-22,0.0009368499608734847,12.052845066866416,0.0
2025-01-23,0.005841340381724472,12.123249837470173,0.0
2025-01-24,-0.0006244206525508408,12.115679829895623,-0.0006244206525508611
2025-01-27,-0.02794279948597718,11.777133817772551,-0.028549772077438917
2025-01-28,0.007949292342191537,11.870753697443135,-0.02082743021979394
2025-01-29,0.0015173748960303204,11.888766081100593,-0.019341658343527968
2025-01-30,0.01412227126100483,12.056662460656527,-0.005492535228288298
2025-01-31,-0.01165420371777989,11.916151660183527,-0.017082727821590704
2025-02-03,-0.003057055708462722,11.879723320727855,-0.020087560679450278
2025-02-04,0.0031033460099152955,11.916590212694134,-0.017046553320818503
2025-02-05,0.011181351330248016,12.049833794520863,-0.006055805492220179
2025-02-06,0.00588386228023163,12.120733357067504,-0.00020757473750077082
2025-02-07,-0.005672630365318875,12.05197691697627,-0.005879027608060472
2025-02-10,0.00254437758847126,12.082641696940598,-0.0033496084856771136
2025-02-11,-0.005178615028363566,12.02007034706649,-0.008510877181197696
2025-02-12,-0.004692014781789079,11.96367199931991,-0.013162958801446467
2025-02-13,0.007604777742976719,12.054653065864612,-0.0056582824345947635
2025-02-14,0.0008582272071654038,12.064998697098675,-0.004804911319360672
2025-02-18,0.007054773950002695,12.150114535613783,0.0
2025-02-19,0.0006429299677783999,12.157926208360669,0.0
2025-02-20,-0.015900553195623272,11.964608455936169,-0.015900553195623224
2025-02-21,-0.024794864219032618,11.667947613837342,-0.04030116535716288
2025-02-24,-0.0060129692586362825,11.59778860352396,-0.04607180494741925
2025-02-25,-0.004916228531885693,11.540771224284537,-0.05076153395730687
2025-02-26,0.010614564765904538,11.663271487893194,-0.04068578078120877
2025-02-27,-0.015579657411872961,11.481561713810153,-0.055631567666975856
2025-02-28,0.017310655602265926,11.680315074414084,-0.03928393097320704
2025-03-03,-0.020365646713107678,11.44243790411078,-0.058849535026612276
2025-03-04,-0.02359364276418911,11.172469111849775,-0.08105470288454475
2025-03-05,0.009164687200793605,11.274861296520406,-0.07263285668184127
2025-03-06,-0.032196533609504245,10.911849845844488,-0.10249086408003438
2025-03-07,-0.0007268589329412335,10.903918470309122,-0.10314322661287423
2025-03-10,-0.033966622048768734,10.533549192777544,-0.13360642166639292
2025-03-11,0.0017423812774522405,10.551902651676162,-0.13209683371659953
2025-03-12,0.011469606761749861,10.672928825679154,-0.1221423256920513
2025-03-13,-0.01891260633588194,10.471075924348197,-0.13874490230517045
2025-03-14,0.028059241287114248,10.764886370245177,-0.11457873770919391
2025-03-17,0.013874606123883285,10.914244928600688,-0.10229386644119753
2025-03-18,-0.01089010873671411,10.795387614549096,-0.11206998384926803
2025-03-19,0.019899112078559836,11.010206242622505,-0.09440096493996719
2025-03-20,-0.0025763354579248473,10.981840257880572,-0.09673409184465487
2025-03-21,-0.0005614321628352295,10.975674699552679,-0.09724121437708588
2025-03-24,0.025952489426005632,11.260520781136098,-0.07381237653897343
2025-03-25,0.0021351161712034688,11.284563301152074,-0.07183485836655323
2025-03-26,-0.014957201051501525,11.115777819078346,-0.08571761099896025
2025-03-27,-0.011386946175221188,10.989203055356784,-0.09612849535146761
2025-03-28,-0.0210474312010686,10.75790856009459,-0.11515266866016394
2025-03-31,0.006423676362051554,10.827013883017182,-0.1094686957738118
2025-04-01,0.004752382150466633,10.878467990537688,-0.10523655069917537
2025-04-02,0.011114657182690002,10.999378432925383,-0.09529156170059538
2025-04-03,-0.056840982172386714,10.374162959512136,-0.14671607791317964
2025-04-04,-0.06642637168100965,9.68504495488422,-0.2033966328711485
2025-04-07,0.0032058894470045206,9.716094138298848,-0.20084281054302178
2025-04-08,-0.01241475014827405,9.595471257154758,-0.21076414737932703
2025-04-09,0.08903019727785236,10.449757956153208,-0.14049832372175453
2025-04-10,-0.03247626956026334,10.11038879992967,-0.16841173184806502
2025-04-11,0.012960387455898672,10.241423356106537,-0.15763402568903617
2025-04-14,0.011754368837657212,10.36180482365681,-0.1477325453306927
2025-04-15,0.0051194965365447785,10.414852047563874,-0.14336936504830333
2025-04-16,-0.013608410420576068,10.27312246643105,-0.15502674630756452
2025-04-17,0.004908555617114778,10.323548659418956,-0.150879148096841
2025-04-21,-0.024834609000517312,10.067167364964472,-0.17196673244804195
2025-04-22,0.028546153292610416,10.354546267787113,-0.14832956786112272
2025-04-23,0.016379135950283633,10.5241447888107,-0.1343799420682832
2025-04-24,0.017468846541760452,10.707989459109703,-0.11925855811280417
2025-04-25,-0.00031611066115654594,10.704604549482125,-0.11953696987230722
2025-04-28,0.005345114490377721,10.761821886373326,-0.11483079417172981
2025-04-29,0.003556828949183671,10.800099846004736,-0.111682398715514
2025-04-30,-0.0005682202537807447,10.793963010529382,-0.11218715876835372
2025-05-01,-0.0006002015188180796,10.787484457536396,-0.11272002538408721
2025-05-02,0.01540374951030605,10.953652165966606,-0.09905258690959295
2025-05-05,-0.0011159992545463455,10.941427898314828,-0.10005804355098724
2025-05-06,-0.0031810079832989826,10.906623128821598,-0.10292076609895728
2025-05-07,0.005028253380672882,10.96146439344082,-0.09841002440836288
2025-05-08,-0.001953566723573214,10.940050441360162,-0.10017134058298593
2025-05-09,0.0017355096491503048,10.959037004463333,-0.09860967926198572
2025-05-12,0.01014324823856952,11.070197237255273,-0.08946665347889626
2025-05-13,0.005737299614894469,11.133710275601384,-0.08424265086055216
2025-05-14,-0.0024853072064621746,11.10603958521877,-0.0865185891997391
2025-05-15,0.013798894447933495,11.259290653189774,-0.073913555631957
2025-05-16,0.010060624186102816,11.372566145053616,-0.06459654795132597
2025-05-19,0.003510611233202059,11.412490803512773,-0.061312710084988065
2025-05-20,-0.002700807113423573,11.381667867168764,-0.06384792339487089
2025-05-21,-0.01783232028757664,11.17870632035459,-0.08054168706277354
2025-05-22,-0.003984824379529623,11.13416113887764,-0.08420556696412695
2025-05-23,0.0028215020047991438,11.165576196852742,-0.08162165113533226
2025-05-27,0.011816810382239681,11.2975176935794,-0.07076934832764414
2025-05-28,-0.005812025139339353,11.231856236732185,-0.07617006023540851
2025-05-29,0.00084153715355248,11.241308261058753,-0.07539262301753258
2025-05-30,0.006320989659486985,11.312364454336011,-0.06954818934854112
2025-06-02,0.005746336747483537,11.377369109900888,-0.06420149991723201
2025-06-03,0.0008343922234102892,11.386862298209056,-0.06342067692608411
2025-06-04,-0.0056829032113943,11.322151861886859,-0.06874316656890644
2025-06-05,-0.002148582895813098,11.29782528005261,-0.0707440490728255
2025-06-06,0.004807980705236599,11.352145006010238,-0.06627620439054138
2025-06-09,-0.007023911938656012,11.272408539173169,-0.07283459810592985
2025-06-10,-0.000872759630005598,11.262570436067248,-0.07364379063904081
2025-06-11,0.0016013295488114011,11.280605522902091,-0.07216038906826638
2025-06-12,0.005508382804959139,11.342743416393972,-0.06704949330964993
2025-06-13,-0.007546381537203177,11.257146746895263,-0.07408989378846254
2025-06-16,0.00640864677444258,11.32928982408418,-0.06815606297286614
2025-06-17,-0.006128505385066619,11.2598582103883,-0.07386687355897859
2025-06-18,0.0011170547507720057,11.272436088495233,-0.07283233215024032
2025-06-20,0.003399251144165429,11.310753929766582,-0.06968065639446885
2025-06-23,0.013487515592433491,11.463307899756487,-0.05713295974164678
2025-06-24,0.006287306240425091,11.535381227050541,-0.05120486591553919
2025-06-25,-0.009336027507709562,11.42768659060288,-0.06006284338653278
2025-06-26,0.006637672079831677,11.50353982682239,-0.053823848765283344
2025-06-27,0.004766311942871205,11.558369286084268,-0.049314078075593404
2025-06-30,0.008119975992610454,11.652222967200998,-0.04159453121305445
2025-07-01,-0.008597107912344167,11.552047548933277,-0.049834046451996517
2025-07-02,-0.0019287083900533452,11.529767017903355,-0.05166663949854755
2025-07-03,0.011501446085460542,11.662376011637692,-0.0407594344816965
2025-07-07,-0.002278526549612626,11.63580297826361,-0.04294508957769527
2025-07-08,-0.008409201909002314,11.537955161646021,-0.050993157557438606
2025-07-09,0.002242107938947578,11.56382450251317,-0.0488653817818826
2025-07-10,-7.615288567395865e-05,11.562943883907876,-0.0489378134277243
2025-07-11,-0.007201858364380139,11.479669199780695,-0.055787228591135496
2025-07-14,0.011307595471720947,11.60947665524099,-0.04511045253281154
2025-07-15,-0.011778911458712064,11.472729657636922,-0.05635801196527712
2025-07-16,0.0036464412124370357,11.514564291879678,-0.05291707693032133
2025-07-17,0.004431502209180992,11.5655911089769,-0.04872007686446034
2025-07-18,0.005434811300451382,11.628447914232368,-0.0435500499883108
2025-07-21,-0.0021127861199924125,11.603879490882122,-0.04557082416716307
2025-07-22,0.001021888821401154,11.61573736561874,-0.0445955036615604
2025-07-23,0.008259474298244283,11.711677249845224,-0.03670436477962602
2025-07-24,0.0002433372383475169,11.714527137043618,-0.03646995908003936
2025-07-25,0.004345267466249851,11.765429890694714,-0.03228316334047554
2025-07-28,-0.0043308697793745955,11.714475345939753,-0.03647421894335623
2025-07-29,0.0015249812684354491,11.732339701411862,-0.035004860175590125
2025-07-30,0.0007960492308799356,11.741679221407592,-0.034236676536730015
2025-07-31,-0.0027133131547994534,11.709820368716711,-0.03685709486670585
2025-08-01,-0.012122095013473373,11.567872813616422,-0.048532404674284324
2025-08-04,0.01611625946189217,11.754303653302832,-0.033198306038432435
2025-08-05,-0.005378440926015014,11.6910838254771,-0.038398191836576
2025-08-06,7.275843119288998e-05,11.691934450395186,-0.03832822719758189
2025-08-07,-0.0033147049833011123,11.653179137008031,-0.041515885415190024
2025-08-08,0.0037965521872071464,11.697421039748557,-0.037876950453559766
2025-08-11,0.00015659548127417916,11.699252803025942,-0.037726286331571046
2025-08-12,0.012228267220925473,11.842314392586506,-0.02595934622116114
2025-08-13,0.0022976366132819895,11.86952372772091,-0.023721354752213597
2025-08-14,-0.005497107630743893,11.804275678263961,-0.029088063542737408
2025-08-15,-0.005624327145580085,11.73788457013279,-0.03454878990292176
2025-08-18,0.0013204698765182838,11.7533840931217,-0.033273940662740475
2025-08-19,-0.004094607457648451,11.705258598961397,-0.03723230439480585
2025-08-20,0.0037721463679140066,11.749412547670962,-0.0336006037286839
2025-08-21,-0.003706845473983122,11.705859290946668,-0.037182896956812206
2025-08-22,0.012349039318737277,11.850415407590175,-0.02529303069457911
2025-08-25,-0.004559734760473788,11.796380656530133,-0.029737435943797075
2025-08-26,0.006053939605272217,11.867795232585566,-0.02386352497974431
2025-08-27,0.001206414156238397,11.882112708757496,-0.022685900117859203
2025-08-28,0.003268231446635154,11.920946203164721,-0.01949181144338441
2025-08-29,-0.006717720741239399,11.840864615600522,-0.026078591638606374
2025-09-02,-0.004117887975991645,11.792105261574594,-0.0300890908956587
2025-09-03,0.0015439771665728174,11.810312002844288,-0.02859157059839168
2025-09-04,0.008748746848398756,11.913637432757778,-0.020092964163156424
2025-09-05,-0.0039060381981534924,11.867102309866475,-0.023920518475774477
2025-09-08,0.0049150562813512315,11.925429785616021,-0.01912303288901085
2025-09-09,0.0034176730262677904,11.966187005320972,-0.01577071613642822
2025-09-10,0.00953880923813625,12.080330180472595,-0.006382340751066029
2025-09-11,0.01280337680220814,12.234999199668273,0.0
2025-09-12,-0.002666994081142512,12.202368529219974,-0.0026669940811425707
2025-09-15,0.00491994399428686,12.262403498981385,0.0
2025-09-16,-0.007355763705402722,12.172204156382575,-0.007355763705402696
2025-09-17,0.0015484426509837258,12.1910521164548,-0.0058187110326708424
2025-09-18,0.010711107282818983,12.321631783564586,0.0
2025-09-19,0.0034607121656928612,12.364273404579155,0.0
2025-09-22,0.003418634460093137,12.406542335714061,0.0
2025-09-23,0.0006065281483246168,12.41406725286405,0.0
2025-09-24,-0.006716383245648996,12.330689619556555,-0.006716383245648938
2025-09-25,-0.0048647689817085445,12.270703663172261,-0.01154847857447483
2025-09-26,0.008265775225339169,12.37213054150879,-0.0033781604772268325
2025-09-29,0.005227111376505596,12.436801045813924,0.0
2025-09-30,-0.0006796676184377286,12.428348154866132,-0.0006796676184377404
2025-10-01,-0.0023424666869322416,12.399235163339762,-0.0030205422066156284
2025-10-02,0.0030790159250952912,12.437412605866687,0.0
2025-10-03,-0.002453629655949372,12.406895801453652,-0.0024536296559495296
2025-10-06,0.0016138337437256141,12.426918468552927,-0.0008437556625571219
2025-10-07,-0.004714360697943434,12.368333492528233,-0.005554138591966407
2025-10-08,0.005679424993758343,12.438578514896838,0.0
2025-10-09,-0.004568642129248396,12.381751101065717,-0.004568642129248346
2025-10-10,-0.026712843812831736,12.05099931777359,-0.03115944451844488
2025-10-13,0.015473905293556143,12.237475339909528,-0.016167697518366886
2025-10-14,0.0033046204658283263,12.277915551367862,-0.012916505156643221
2025-10-15,0.005583963603160022,12.346474984929372,-0.0074046668481578815
2025-10-16,-0.010811962178877484,12.212985364349858,-0.018136570049125944
2025-10-17,0.001976160506337307,12.237120183691362,-0.01619625031624017
2025-10-20,0.009345041090333555,12.351476574635306,-0.007002563850621257
2025-10-21,0.0007566167661213729,12.36082190889803,-0.0062512453417151725
2025-10-22,-0.01000363108744519,12.237168806583805,-0.016192341276924704
2025-10-23,0.01010117202406191,12.360778553786592,-0.0062547308775734445
2025-10-24,0.009091505068265176,12.473156634656046,0.0
2025-10-27,0.006345486346305315,12.552304879776583,0.0
2025-10-28,-0.008169005796293888,12.449765028456842,-0.00816900579629376
2025-10-29,-0.0013481170633707607,12.432981287787022,-0.009506110083559838
2025-10-30,-0.009049517025460087,12.320468811945966,-0.018469601403972913
2025-10-31,0.004676798046048981,12.378089156412083,-0.013879181953681319
2025-11-03,0.00248897905499767,12.408897961063285,-0.011424747891866871
2025-11-04,-0.016981246137355518,12.198179410493141,-0.028211987573213304
2025-11-05,0.011773720957179835,12.341797371057904,-0.01677042668536799
2025-11-06,-0.010149988804891536,12.216528265909426,-0.02675019584714977
2025-11-07,0.009159305791618538,12.328423184008843,-0.017835903279280862
2025-11-10,0.015715850792478215,12.522174843275254,-0.0024003588814890398
2025-11-11,-0.0038305876019707166,12.474207555570894,-0.006221751698488043
2025-11-12,0.0024817734833575754,12.505165713108209,-0.003755419193515741
2025-11-13,-0.023719247648728597,12.208552590670605,-0.02738559112436867
2025-11-14,-0.0006984281377362878,12.200025794020249,-0.028064892394695007
2025-11-17,-0.013861406938001843,12.030916271835215,-0.04153728043854277
2025-11-18,-0.0011933004563666944,12.016559773957525,-0.04268101443920591
2025-11-19,0.004618472333737672,12.072057922820253,-0.03825966318983154
2025-11-20,-0.024399365389902533,11.777507370553295,-0.06172551707787066
2025-11-21,0.010727480859948776,11.90385035544881,-0.05166019552094525
2025-11-24,0.015483796973396309,12.08816715755427,-0.03697629452660123
2025-11-25,0.011998437660865339,12.233206277628303,-0.025421514630543318
2025-11-26,0.012952076867220748,12.391651705668712,-0.012798699174898509
2025-11-28,0.008030544804394761,12.491163419891539,-0.0048709348976658795
2025-12-01,-0.00743260211587113,12.398321572227161,-0.012267333292510285
2025-12-02,0.004663006593082678,12.456135027461615,-0.0076615293554501696
2025-12-03,0.00450095998193237,12.512199592749765,-0.0031950536105471716
2025-12-04,0.006615820915582531,12.59497806451542,0.0
2025-12-05,0.0030836686282647856,12.633816803246647,0.0
2025-12-08,0.0021377629140276323,12.660824908271247,0.0
2025-12-09,0.001005802678825863,12.67355919988013,0.0
2025-12-10,0.014388731864625224,12.855915644977658,0.0
2025-12-11,0.0052191174174770335,12.923012178237975,0.0
2025-12-12,-0.019783325154921122,12.667352026334889,-0.019783325154921094
2025-12-15,-0.002112473503721005,12.64059258081695,-0.02185400690843675
2025-12-16,-0.0023566717166611665,12.610802853799902,-0.024159175905121177
2025-12-17,-0.01855803544072694,12.376771127503062,-0.042268864503182124
2025-12-18,0.012493539512768721,12.531400806625017,-0.03030341271924375
2025-12-19,0.015669780421435735,12.727765105637832,-0.015108480121138745
2025-12-22,0.00915979707596737,12.844348851236054,-0.006087073657207287
2025-12-23,-0.0006228513158885028,12.83634873165233,-0.006706133631258493
2025-12-24,0.003824082356428465,12.885435986358004,-0.002907696082129263
2025-12-26,-0.0009723602658356858,12.8729067003969,-0.0038772290198295645
2025-12-29,-0.005384767287654212,12.803589093499578,-0.009241118331490994
2025-12-30,-0.004390366904312145,12.747376639687065,-0.013590913335721821
