Date,port_ret,equity,drawdown
2001-03-01,-0.01729787821594652,0.9827021217840535,0.0
2001-03-02,0.0022492820010336697,0.9849124959789598,0.0
2001-03-05,-0.014229868936703603,0.9708973202470575,-0.014229868936703638
2001-03-06,-0.006447529581876372,0.9646374310538002,-0.020585651017664408
2001-03-07,-0.00358362979326799,0.9611805276161743,-0.024095509458631592
2001-03-08,0.0061927015697372904,0.9671328317783441,-0.018052024188142224
2001-03-09,0.013231179317596962,0.9799291396995388,-0.005059694439624063
2001-03-12,0.010276648848641573,0.9899995273647825,0.0
2001-03-13,-0.022484545703668517,0.9677398377451387,-0.022484545703668535
2001-03-14,0.0008219621871529272,0.9685352832987668,-0.02168106496287936
2001-03-15,0.011475289555603925,0.9796495061194389,-0.010454571905598398
2001-03-16,0.027558771143677763,1.0066474426596015,0.0
2001-03-19,-0.024450466376351163,0.982034443210013,-0.024450466376351176
2001-03-20,0.01473227117958472,0.9965020409350754,-0.010078406097890125
2001-03-21,-0.006402641846143279,0.9901217952680174,-0.01641651951940859
2001-03-22,-0.036722207953671336,0.9537623368027228,-0.052535876629412726
2001-03-23,0.010091576192468345,0.9633873020940741,-0.04297447023878831
2001-03-26,0.002219603130053562,0.965525639565256,-0.04085025337738901
2001-03-27,-0.013802366539778723,0.9521991007844222,-0.054088789746810195
2001-03-28,0.026867469982127176,0.9777822815417562,-0.028674548699574975
2001-03-29,0.013059314859707863,0.9905514482206534,-0.01598970379979492
2001-03-30,0.013350337877691945,1.0037756447396362,-0.0028528338703944778
2001-04-02,0.01877986192053677,1.0226264127470444,0.0
2001-04-03,0.027461020974537686,1.0507087781166071,0.0
2001-04-04,0.007810066720010086,1.0589148837769982,0.0
2001-04-05,-0.06552899134670387,0.9895252595210793,-0.06552899134670387
2001-04-06,0.03641235073231612,1.025556200329247,-0.03150270523043874
2001-04-09,0.004572412560649982,1.030245466381285,-0.027074336034878854
2001-04-10,-0.052186903015480665,0.9764801461451063,-0.07784831330149877
2001-04-11,-0.0332922885157518,0.9439708873897399,-0.10854885331035247
2001-04-12,-0.021043486578313744,0.924106448690635,-0.12730809355093842
2001-04-16,0.023934394515417214,0.9462243770078377,-0.10642074117157518
2001-04-17,0.008835226990218823,0.9545844841623803,-0.09852576558607451
2001-04-18,-0.06835133269778969,0.8893373624972495,-0.16014273090098596
2001-04-19,-0.042722264331500316,0.8513428566167627,-0.19602333515216608
2001-04-20,0.0043056325648294915,0.8550084261440467,-0.1925617070426343
2001-04-23,0.03901739840443652,0.8883686305460591,-0.1610575654793187
2001-04-24,0.01453295835431683,0.9012792548570664,-0.14886525001676054
2001-04-25,0.0014072993055676878,0.9025476245265492,-0.1476674486741647
2001-04-26,0.017782494529283616,0.9185971727221106,-0.13251084974308258
2001-04-27,-0.014900701098472495,0.9049094308214765,-0.14543704627722887
2001-04-30,-0.013660071434118194,0.8925483033550479,-0.15711043727003293
2001-05-01,-0.011189818618440935,0.8825608497323076,-0.1665422185923583
2001-05-02,-0.03643664752137559,0.8504032911344459,-0.19691062599745612
2001-05-03,0.020991302449945303,0.868254363823078,-0.18005273405343147
2001-05-04,-0.006095979710916437,0.8629615028372978,-0.18505111595066326
2001-05-07,0.006215469301419047,0.8683252135664895,-0.17998582617962888
2001-05-08,-0.006382393769870496,0.8627832201332013,-0.18521947953382545
2001-05-09,0.011612239678260965,0.8728020656757698,-0.17575805284499402
2001-05-10,0.00868357323036662,0.8803811063286807,-0.16860068753733348
2001-05-11,-0.002578845350511924,0.8781107396059464,-0.1707447377886966
2001-05-14,0.00895836901568923,0.8859771796479762,-0.1633159631416058
2001-05-15,-0.002828744489211575,0.8834709765834797,-0.16568272850008026
2001-05-16,-0.022146965840848673,0.8639047750437042,-0.18416032461241905
2001-05-17,-0.015332697744959548,0.8506587842475318,-0.19666934776348266
2001-05-18,0.00354742639034576,0.8536764336679509,-0.19381959140756533
2001-05-21,-0.043867203687040605,0.8162280356694125,-0.22918447159979127
2001-05-22,0.0003168505006980112,0.8164866579311981,-0.22894023831367183
2001-05-23,0.025658087141234905,0.8374361437500524,-0.20915631975722426
2001-05-24,-0.0021211278965196237,0.8356598345839903,-0.21083380034917343
2001-05-25,0.003915648380568823,0.8389319846619856,-0.207743702997511
2001-05-29,0.030854399115674738,0.8648167269476515,-0.18329911100788976
2001-05-30,0.05039743494954626,0.9084012716872752,-0.1421394810816733
2001-05-31,-0.007369909296823221,0.9017064367098211,-0.1484618352954271
2001-06-01,-0.008022981849008999,0.8944720623349637,-0.1552937105345903
2001-06-04,0.005390814189884562,0.8992939950210543,-0.1507400558830554
2001-06-05,-0.03310634337905576,0.8695216592231645,-0.17885594721106868
2001-06-06,-0.0022698474813906866,0.8675479776749622,-0.18071981897115053
2001-06-07,-0.026789385946159774,0.8443069000742172,-0.20266783193877203
2001-06-08,0.0189703136618205,0.8603236667954643,-0.18754219061799127
2001-06-11,0.01870351526239587,0.8764147436279736,-0.17234637358016225
2001-06-12,0.0033970078123023223,0.8793919313588946,-0.1695348277453338
2001-06-13,0.006435280460667448,0.8850510650720372,-0.16419055144905836
2001-06-14,0.019617501573990018,0.9024135557341496,-0.14779405827655445
2001-06-15,0.01268516506349507,0.9138608206441728,-0.1369836852377012
2001-06-18,0.01259953049484719,0.9253750379219252,-0.12611008486230302
2001-06-19,-0.002958703111409803,0.9226371279180047,-0.12869566567325053
2001-06-20,0.009838460086005191,0.9317144564748924,-0.12012337275721352
2001-06-21,-0.01857315118984004,0.9144095830090245,-0.1364654543834004
2001-06-22,-0.0016653064017825465,0.9128868108765883,-0.1379035039903761
2001-06-25,-0.007723952741889691,0.9058357162906832,-0.14456229658450304
2001-06-26,0.0009501390906520115,0.9066963862144398,-0.14374951178287032
2001-06-27,-0.0001538162556737558,0.9065569215712793,-0.14388121702688672
2001-06-28,-0.024958731402708188,0.8839304108645157,-0.1652488557799261
2001-06-29,-0.0027730105257874325,0.8814792625311249,-0.1675636294892615
2001-07-02,-0.014122040173119898,0.8690309769738882,-0.17931932935518025
2001-07-03,-0.0020368377226411584,0.8672609018978441,-0.180990922703392
2001-07-05,0.014784991241146492,0.8800833467361925,-0.16888188066914234
2001-07-06,0.031248105338753968,0.907584283861888,-0.14291101412734464
2001-07-09,-0.008039981386862054,0.9002873231126299,-0.14980199362064528
2001-07-10,0.026037553541141133,0.9237286024905857,-0.12766491750897135
2001-07-11,-0.008941028402780693,0.9154695188192565,-0.13546449025826557
2001-07-12,-0.03921266609916559,0.8795715182538332,-0.16936523253264024
2001-07-13,0.0010550059083892368,0.8804994714024418,-0.16848890794524873
2001-07-16,0.027216857233902974,0.904463899810129,-0.14585778926438786
2001-07-17,-0.009260332521607812,0.896088263344097,-0.15376743015654093
2001-07-18,0.027576024201647467,0.920798814980886,-0.13043170033031537
2001-07-19,-0.017984661645872282,0.9042385598495346,-0.1460705919778511
2001-07-20,-0.013365710824045652,0.8921527687426342,-0.15748396550962374
2001-07-23,0.004405810162017969,0.8960834244772329,-0.153771999803203
2001-07-24,-0.006624057599092818,0.8901477162599034,-0.15937746281847165
2001-07-25,0.00022644313701929738,0.890349284101184,-0.1591871096141031
2001-07-26,-0.012133512637051626,0.8795462198111523,-0.16938912344499624
2001-07-27,-0.014373792226929484,0.8669038051936055,-0.18132815160602567
2001-07-30,0.005788295410983406,0.8719217005109717,-0.17658943710286557
2001-07-31,0.008946020249348456,0.8797219296995893,-0.16922318953366033
2001-08-01,-0.016460862175481393,0.8652409482620559,-0.18289849210933273
2001-08-02,-0.01561661538267468,0.8517288131597066,-0.19565885208666478
2001-08-03,0.011678985563204592,0.8616761416723643,-0.18626496343229348
2001-08-06,-0.005331259531663988,0.857082322528866,-0.19060319610224408
2001-08-07,0.00596871915131809,0.8621980062016001,-0.185772133897804
2001-08-08,0.014761571506829125,0.8749254037231906,-0.17375285102948346
2001-08-09,0.003672997620924144,0.878139002649552,-0.17071804721701933
2001-08-10,0.00738841241186565,0.8846270557560714,-0.16459097014414137
2001-08-13,-0.010225772334858815,0.8755810608826534,-0.17313367268993252
2001-08-14,0.014292539882328046,0.88809533811553,-0.1613156527294991
2001-08-15,-0.00031346504466707746,0.8878169512706989,-0.16157855095587792
2001-08-16,0.0013662400090579461,0.8890299223102448,-0.16043306602774154
2001-08-17,0.014624097839317224,0.9020311828761904,-0.14815515704267557
2001-08-20,0.0026182595214413037,0.904392934609393,-0.14592480617181192
2001-08-21,0.007185511371905112,0.9108914603256993,-0.13978783915409743
2001-08-22,-0.012066106785666487,0.8999005466952578,-0.150167250945193
2001-08-23,0.010137366370009292,0.9090231682336792,-0.14155218501479228
2001-08-24,-0.027544593115458794,0.8839844949321574,-0.16519778078941438
2001-08-27,-0.005653482098725668,0.8789869044145074,-0.1699173201916978
2001-08-28,0.011574466139572645,0.889160708576781,-0.1603095563212109
2001-08-29,0.013072353883920803,0.9007841320189744,-0.14933282568849526
2001-08-30,0.023914346063341557,0.9223257954804429,-0.1289896764972851
2001-08-31,-0.00783119314911231,0.9151028840296269,-0.13581072657550564
2001-09-04,0.025947229802166297,0.9388472688541688,-0.11338740890539312
2001-09-05,0.014247691262674472,0.9522236748836083,-0.10075522643787727
2001-09-06,0.010471156120941402,0.9621945576453711,-0.09133909402296758
2001-09-07,-0.0159996037466475,0.9467998259958643,-0.10587730845866994
2001-09-10,-0.00103774496743418,0.9458172892412696,-0.10680517978208559
2001-09-17,0.01636214816097072,0.961292891861043,-0.0921905937970684
2001-09-18,0.0318530241868108,0.9919129775961021,-0.06327411882427214
2001-09-19,0.0054133022289760005,0.9972825023286732,-0.058203338523764137
2001-09-20,0.014342244584835268,1.0115857718972476,-0.04469586045569063
2001-09-21,-0.006438906842326296,1.0050722653489785,-0.05084697481630507
2001-09-24,-0.009368794831284485,0.9956559495043096,-0.05973939477274415
2001-09-25,0.019887775851008028,1.015457331852774,-0.04103970261445122
2001-09-26,0.03588581235104382,1.0518978431141341,-0.006626633330372389
2001-09-27,0.012390299947500825,1.0649311729044473,0.0
2001-09-28,-0.010827257367643298,1.0534008890165845,-0.01082725736764345
2001-10-01,0.010512346867818967,1.0644746045527957,-0.0004287303849002111
2001-10-02,0.016590973179731294,1.0821352741674364,0.0
2001-10-03,-0.0435937867825515,1.034960899755503,-0.04359378678255166
2001-10-04,-0.025707144271288895,1.0083550105903454,-0.06818025928768967
2001-10-05,0.003709045950766895,1.012095045659311,-0.06472409705155613
2001-10-08,-0.019476792219431337,0.9923826807486887,-0.08294027148112393
2001-10-09,0.011584842208236983,1.0038792775153496,-0.07231627923070405
2001-10-10,-0.017881987158090452,0.985927921166547,-0.0889051076122701
2001-10-11,-0.04683599434550329,0.9397510066257168,-0.13157714284035882
2001-10-12,-0.011835181188757848,0.9286288831899838,-0.141855084703302
2001-10-15,0.021460260771285513,0.9485575011829885,-0.1234390710414821
2001-10-16,-0.012638020557749081,0.9365696119828308,-0.13451706608177938
2001-10-17,0.017565904689978415,0.9530213045224513,-0.11931407535376914
2001-10-18,0.009708241743230836,0.9622734657332044,-0.11076416349744278
2001-10-19,-0.008132063979966795,0.9544481963436375,-0.11799548621316092
2001-10-22,-0.01070613667063343,0.9442297435085429,-0.1274383470818784
2001-10-23,-0.00653527265907702,0.9380589446819042,-0.13314077539555336
2001-10-24,-0.018912617261161484,0.9203177948927264,-0.1495353521298044
2001-10-25,-0.03639108943850884,0.8868264277069339,-0.18048468719473865
2001-10-26,0.007169772013956375,0.8931847710095439,-0.17460894923997883
2001-10-29,0.019885034285172794,0.9109457808040629,-0.1581960198969411
2001-10-30,0.016216663096224163,0.9257182816302892,-0.14454476835854912
2001-10-31,0.0009049483384052292,0.9265560088510818,-0.14377062556809528
2001-11-01,-0.024001934558315986,0.9043168721620237,-0.16432178698011757
2001-11-02,0.002344772570156297,0.9064372895585987,-0.16236231162875148
2001-11-05,-0.014888059216580509,0.8929421975155335,-0.17483311113526223
2001-11-06,-0.007374690417505191,0.8863570252481296,-0.18091846148341562
2001-11-07,-0.013021617679504488,0.8748152229378056,-0.19158422812631892
2001-11-08,-0.000101500181620596,0.8747264290337929,-0.1916662824739891
2001-11-09,-0.002434724470726837,0.8725967111918329,-0.19363435235656312
2001-11-12,-0.0060926330399069225,0.8672802996387114,-0.19854724234364152
2001-11-13,-0.018685681774921317,0.851074575950004,-0.2135229335308414
2001-11-14,-0.002354684408235114,0.8490705639157692,-0.21537483881669084
2001-11-15,0.014840607749407016,0.8616712871064109,-0.2037305245692541
2001-11-16,-0.005386447601602276,0.8570299398686071,-0.20801958837541712
2001-11-19,-0.00853179900517975,0.8497179326802269,-0.21477660606343763
2001-11-20,0.02322500691064728,0.8694526375388261,-0.19653978731285904
2001-11-21,-0.003155065693513819,0.8667094573499922,-0.19907475706601152
2001-11-23,-0.01196008221198852,0.8563435409861783,-0.20865388881715896
2001-11-26,-0.008919832686237203,0.8487050998786416,-0.21571256372581438
2001-11-27,-0.003438273769314021,0.8457870193958458,-0.21840915864555854
2001-11-28,0.029783254605687162,0.8709773095366975,-0.19513083962002598
2001-11-29,-0.004898643633788903,0.866710702084161,-0.19907360680855435
2001-11-30,0.0053609103638899485,0.8713570604694583,-0.19477991220658142
2001-12-03,0.00333002683074805,0.8742587028599834,-0.19209850770957193
2001-12-04,-0.022195706730168324,0.8548539130850058,-0.2100304522993156
2001-12-05,-0.02773710661991558,0.8311427389533149,-0.231941921870376
2001-12-06,-0.0032576389214994087,0.828435176017579,-0.23444397775966308
2001-12-07,0.018124227174010084,0.8434499233466626,-0.22056886649814778
2001-12-10,0.007476247897099836,0.8497557640623921,-0.2147416461253704
2001-12-11,-0.006310326042797242,0.844393528134412,-0.2196968823661496
2001-12-12,-0.002214631341647273,0.8425235077623214,-0.22142496610644669
2001-12-13,0.03413734658126238,0.8712850247496647,-0.19484648033490426
2001-12-14,0.007865067288953233,0.8781377400971782,-0.18851389372480076
2001-12-17,0.003440344949075463,0.881158836835914,-0.18572210159783198
2001-12-18,-0.009529798321448894,0.8727615708317052,-0.19348200574721786
2001-12-19,0.0028246741708293165,0.8752268378981259,-0.19120385520054306
2001-12-20,0.019782185733207516,0.8925407377641145,-0.1752040996438181
2001-12-21,-0.00011270331478214758,0.8924401454643903,-0.175297056875807
2001-12-24,0.008334282368028698,0.8998779936332553,-0.1684237496780655
2001-12-26,-3.9326774202703854e-05,0.8998426043345896,-0.1684564528894943
2001-12-27,-0.005889659111532046,0.8945428381410256,-0.1733539609183694
2001-12-28,-0.013113656070980284,0.8828121110208856,-0.184194312767324
2001-12-31,-0.016225197928464143,0.8684883097859265,-0.1974309215138409
2002-01-02,-0.015959593686108175,0.8546275892406082,-0.21023959791151436
2002-01-03,-0.0077444588069401545,0.8480089610804598,-0.21635586481284108
2002-01-04,-0.0007456240294101488,0.847376665221923,-0.216940168710543
2002-01-07,0.0032203168774449253,0.8501054865984902,-0.21441846791979235
2002-01-08,0.004747772858712521,0.854141594354805,-0.21068870524347627
2002-01-09,-0.0031782260710228496,0.8514269392712815,-0.21319731497862426
2002-01-10,0.0008553429393482331,0.8521552012921582,-0.21252432885733097
2002-01-11,0.009653853208653349,0.8603817825164232,-0.20492215432273375
2002-01-14,0.005882196196332402,0.865442716964935,-0.20024535044310277
2002-01-15,0.0022856867888145136,0.8674208479495775,-0.19841736180631753
2002-01-16,0.016125354474885882,0.8814083166016705,-0.1854915576245303
2002-01-17,-0.0019976397432177537,0.8796475803184244,-0.18711865206020584
2002-01-18,0.01263893421948628,0.8907653882223993,-0.17684469817534743
2002-01-22,0.013373093251157644,0.9026776768240009,-0.16583656556386162
2002-01-23,-0.0024416597591782,0.9004736450649913,-0.1678733088543023
2002-01-24,-0.008568036801065196,0.8927583537356851,-0.17500300096718724
2002-01-25,0.006676587849005151,0.8987189333123347,-0.169494836027979
2002-01-28,0.007445189443956199,0.9054100660277152,-0.16331156774802336
2002-01-29,0.010762311098370881,0.9151543708299019,-0.15430686654771952
2002-01-30,0.0010822763589226911,0.9161448207702159,-0.15339159286248083
2002-01-31,-0.00021157339028574085,0.9159509889044928,-0.15357071267342337
2002-02-01,-0.002845474596564722,0.9133446736338667,-0.15597920570829948
2002-02-04,0.019751996809990957,0.931385054713905,-0.1393081096718839
2002-02-05,0.016436635877913008,0.9466938917203677,-0.12516123046748795
2002-02-06,0.0034995915265562424,0.9500069336420749,-0.12209965212252893
2002-02-07,-0.008329793635148321,0.9420935719328764,-0.12941238085257323
2002-02-08,-0.0023655972257132876,0.9398649579927496,-0.1314718405091687
2002-02-11,-0.013552101757447779,0.9271278124437724,-0.14324222250579743
2002-02-12,0.004091074335583376,0.9309207612430667,-0.13973716275047943
2002-02-13,-0.005514614954582756,0.9257870916915841,-0.1444811810576474
2002-02-14,0.0029854148133320038,0.9285509501891117,-0.14192710250249263
2002-02-15,0.01284305406984075,0.9404763802489925,-0.1309068258840672
2002-02-19,0.014788820127882603,0.9543849162710168,-0.11805396325769624
2002-02-20,0.002853177511151411,0.9571079458511034,-0.11553761465961399
2002-02-21,0.010465125671136718,0.9671242007852787,-0.10628160464563352
2002-02-22,-0.001427634124105947,0.965743501273989,-0.10755750752418258
2002-02-25,-0.007664288765376264,0.9583417642069396,-0.11439744449300937
2002-02-26,-0.00042100496060232256,0.9579382975702561,-0.11477028756199992
2002-02-27,0.007131513361088689,0.9647698473384769,-0.10845726004011558
2002-02-28,0.003968843851028066,0.9685988682147436,-0.10491886611869705
2002-03-01,-0.021211560668960107,0.9480533745577204,-0.12390493389366197
2002-03-04,-0.03351915504060977,0.916275426509147,-0.1532709002447935
2002-03-05,-0.02771549421776445,0.8908804002238531,-0.1767384157130718
2002-03-06,-0.0039823771353563265,0.8873325784876646,-0.1800169538227533
2002-03-07,-0.013865274476847229,0.8750294687346845,-0.1913862438243621
2002-03-08,-0.02388306790946233,0.8541310805101132,-0.2106984210756303
2002-03-11,-0.011712400577964218,0.8441271551490894,-0.21994303734481213
2002-03-12,0.01813143467531613,0.8594323915203356,-0.2057994854834041
2002-03-13,0.012870238411730916,0.8704934912979664,-0.19557793551485614
2002-03-14,0.005943642514037301,0.8756673934210377,-0.19079673833315258
2002-03-15,0.0023252341802298872,0.877703525174733,-0.1889151512503714
2002-03-18,-0.005961625205378481,0.8724709857162019,-0.1937505351283777
2002-03-19,0.01024833166890184,0.8814123577493153,-0.18548782320449864
2002-03-20,0.012630067990010251,0.8925446557549243,-0.17520047903288027
2002-03-21,-0.01883742242692109,0.8757314150395779,-0.19073757602686015
2002-03-22,0.015216913095494231,0.8890573438772293,-0.17842310004981177
2002-03-25,0.0035428594171897656,0.8922071490604065,-0.17551236859287767
2002-03-26,0.004006630063500322,0.8957818930467017,-0.17220895166189787
2002-03-27,0.009002329972757104,0.9038460172315291,-0.16475690349626382
2002-03-28,-0.009048050867347513,0.8956679724913688,-0.1723142255200305
2002-04-01,-0.011852045503222977,0.8850524749256217,-0.1821239949815373
2002-04-02,0.004363672950841379,0.8889145544705298,-0.17855505158129603
2002-04-03,0.007135523837490365,0.8952574254634464,-0.17269361157066832
2002-04-04,0.008626723425885297,0.9029805636678897,-0.16555666816922043
2002-04-05,0.012577033713561784,0.9143373806598317,-0.155061846252728
2002-04-08,0.008433905580755494,0.9220488157972719,-0.14793571764244573
2002-04-09,0.012716888528503171,0.9337744078056042,-0.13710011114458565
2002-04-10,0.008000855560022592,0.9412454019681025,-0.13019617377109394
2002-04-11,0.012367890804180413,0.9528866223195809,-0.11943853502723645
2002-04-12,-0.00024151585286871644,0.9526564850943042,-0.11965120458045264
2002-04-15,-0.005137135819604387,0.9477625593409479,-0.12417367591114792
2002-04-16,-0.020278551190890996,0.9285433077645426,-0.14193416485851362
2002-04-17,-0.024700226212104978,0.9056080780150222,-0.16312858509138717
2002-04-18,0.0036810957516562564,0.9089417080636688,-0.1600479812812845
2002-04-19,0.006950436521893998,0.9152592497076673,-0.15420994809374333
2002-04-22,0.012429576183030323,0.9266355342791319,-0.14369713620872537
2002-04-23,0.008505504039433752,0.934517036559026,-0.13641384874176998
2002-04-24,0.008577488788154472,0.9425328459624503,-0.129006448211747
2002-04-25,0.00850555910793812,0.9505496147949571,-0.12159816107437904
2002-04-26,0.009120791824083046,0.9592193799499642,-0.11358644076364677
2002-04-29,0.004516171090232898,0.9635513787828853,-0.10958324547343312
2002-04-30,-0.005296902865843581,0.9584475407232227,-0.11429969653228012
2002-05-01,-0.00988318489843832,0.9489750264628016,-0.12305323639605448
2002-05-02,0.010789068570275043,0.9592135830947873,-0.11359179763105076
2002-05-03,0.0006751769494421085,0.9598612219956848,-0.11299331524501477
2002-05-06,0.0061798805971976425,0.9657930497374982,-0.10751171984431285
2002-05-07,0.013682686619625928,0.9790076933764693,-0.09530008239525367
2002-05-08,-0.02522995538329914,0.9543073729526744,-0.11812562095169576
2002-05-09,0.011641533210001293,0.9654169739274521,-0.10785925108095562
2002-05-10,0.008530161337737626,0.9736521364732436,-0.10024914655670625
2002-05-13,0.0016952602211327572,0.9753027302094277,-0.09872383472593349
2002-05-14,-0.005466489098922399,0.9699712484665886,-0.10365065105852278
2002-05-15,0.007092789238895266,0.9768510500997502,-0.09729303404205991
2002-05-16,0.003198676469582719,0.9799756805679914,-0.09440556651112175
2002-05-17,0.0036389581029408805,0.9835417710114792,-0.0911101463093994
2002-05-20,-0.004671673860063219,0.9789469846295646,-0.09535618328056239
2002-05-21,0.005369015193127106,0.9842029658633068,-0.09049913688422717
2002-05-22,-0.005677801928539143,0.9786148563656542,-0.09566310263883404
2002-05-23,-0.0048190374335236015,0.9738988747398257,-0.10002113599973406
2002-05-24,0.0018526041304770826,0.9757031238178357,-0.09835383143894505
2002-05-28,-0.0025474942824560915,0.9732175256885354,-0.10065076989815269
2002-05-29,0.014105865307558653,0.9869456010208535,-0.08796467079387937
2002-05-30,0.0030612210503860563,0.9899668596702844,-0.08517272904541784
2002-05-31,0.005366816263618134,0.995279829913206,-0.08026301916925727
2002-06-03,0.0328032159405393,1.027928209095112,-0.05009268837856673
2002-06-04,-0.015937963683736074,1.0115451266290663,-0.06523227661410458
2002-06-05,0.014815316196734006,1.0265314875273412,-0.051383397221641314
2002-06-06,0.01922536979616968,1.0462669349824665,-0.03314589223844122
2002-06-07,0.010866679375391671,1.0576363823059949,-0.022639398646615794
2002-06-10,0.008872789370928749,1.067020567157227,-0.013967483891363042
2002-06-11,0.021785114638362513,1.0902657325342378,0.0
2002-06-12,-0.005144582934312111,1.084656770052777,-0.00514458293431197
2002-06-13,-0.01630800027483435,1.0669681871486554,-0.021368685349239636
2002-06-14,-0.0007381178493661432,1.066180638885015,-0.02209103059053208
2002-06-17,-0.014046462917143673,1.0512045720779402,-0.03582719266568435
2002-06-18,0.0006181555872462404,1.0518543800575089,-0.03523118385775981
2002-06-19,0.030175352297993337,1.0835944565419315,-0.006118944944549787
2002-06-20,0.021485630480475765,1.1068761666258835,0.0
2002-06-21,0.006419311827682539,1.1139815498940848,0.0
2002-06-24,-0.012459532969501023,1.1001018600457637,-0.012459532969500975
2002-06-25,0.007120257527452463,1.107934868595719,-0.005427990525463056
2002-06-26,0.010287141149356596,1.1193323509732571,0.0
2002-06-27,-0.021511585056332615,1.095253737898991,-0.02151158505633266
2002-06-28,-0.012468494902663456,1.0815975722508744,-0.03371186287037309
2002-07-01,0.020025767550490202,1.103257393815945,-0.014361201249418976
2002-07-02,0.012745455135354133,1.1173189114315736,-0.0017987861602792865
2002-07-03,-0.01008196114742465,1.1060541455772377,-0.01186261201552341
2002-07-05,-0.024746394322409822,1.0786832935488473,-0.03631544946330334
2002-07-08,0.01641548643816348,1.0963904045251718,-0.02049609879330061
2002-07-09,0.008240387954526005,1.105425086808079,-0.012424606644385605
2002-07-10,0.010679921779538425,1.1172309402683287,-0.001877378691950815
2002-07-11,-0.03361743123393434,1.0796725059614343,-0.035431697276808505
2002-07-12,-0.00805573816423432,1.0709749469502863,-0.043202006965066486
2002-07-15,-0.024570933545180938,1.0446600927002172,-0.06671142686809017
2002-07-16,-0.0004778268099874167,1.044160926100601,-0.06715737716978754
2002-07-17,-0.00047217801914047503,1.043667896262851,-0.06759784495160537
2002-07-18,0.0057657932250530924,1.0496854695483286,-0.0622218069230025
2002-07-19,-0.0030649598901928594,1.0464682256868447,-0.06509605947068109
2002-07-22,0.016895366930898336,1.0641486903413502,-0.049300514350295366
2002-07-23,0.06415844568514245,1.1324228162915313,0.0
2002-07-24,0.01263156284672462,1.1467270862645826,0.0
2002-07-25,0.03777797130255906,1.190048109221353,0.0
2002-07-26,-0.008873735751218073,1.179487936768886,-0.008873735751218192
2002-07-29,-0.028604176630342235,1.1457496554921909,-0.037224086476761564
2002-07-30,-0.028142640160140623,1.113505235224069,-0.06431914256589666
2002-07-31,0.017408696307168046,1.1328899097005265,-0.048030158678395884
2002-08-01,0.010111072160916251,1.1443446413278826,-0.03840472291777697
2002-08-02,0.006638024648170242,1.1519408292630187,-0.03202162976694101
2002-08-05,0.02728050640328797,1.1833663584319372,-0.005614689639553916
2002-08-06,-0.0162677653814281,1.1641156321526915,-0.0217911165672362
2002-08-07,-0.00020508462769264376,1.1638768899316803,-0.021991732171900646
2002-08-08,-0.014301608844754182,1.1472315779084283,-0.035978823865313814
2002-08-09,0.008813004978259249,1.1573421355157516,-0.02748290044089141
2002-08-12,-0.000454682949271871,1.1568159117802588,-0.027925087383936176
2002-08-13,0.018554000727333174,1.1782794750488204,-0.00988920874823529
2002-08-14,-0.029323542548158964,1.1437281467286038,-0.0389227646628979
2002-08-15,0.0025743784857847167,1.1466725358631285,-0.03644858810506846
2002-08-16,-0.014959227007839328,1.129519201095497,-0.0508625724093289
2002-08-19,-0.021172720897856837,1.105604206301932,-0.0709583942574159
2002-08-20,0.01067318147020782,1.1174045206300176,-0.06104256460595203
2002-08-21,-0.023928924623071522,1.0906662320823826,-0.08351080630176866
2002-08-22,-0.014892746070125902,1.0744232168407186,-0.09715984713953096
2002-08-23,0.016972973367558132,1.0926593734856422,-0.08183596526986814
2002-08-26,-0.011275646050452781,1.0803389331365085,-0.09218885794174081
2002-08-27,0.0190842411578114,1.1009563818686583,-0.07486397118095278
2002-08-28,0.0219491036478289,1.1251213876060322,-0.054558064596062716
2002-08-29,-0.010174348842289955,1.1136740101186071,-0.06417732065699211
2002-08-30,0.019337764744293266,1.1352099761281143,-0.04608060184148299
2002-09-03,0.027013044143479784,1.1658754533253815,-0.02031233502970542
2002-09-04,-0.014238733512654844,1.1492748634365357,-0.0342618466168525
2002-09-05,0.018508678045086307,1.170546421869193,-0.016387310060027693
2002-09-06,-0.01795187872895001,1.1495329144571909,-0.03404500578608649
2002-09-09,-0.008328777081973455,1.1399587110642857,-0.042090229604113016
2002-09-10,-0.01622036928625473,1.12146815979974,-0.057627879822845784
2002-09-11,-0.0121817568544163,1.1078067073570899,-0.06910762785722468
2002-09-12,0.019833073283022057,1.1297779189675263,-0.05064517122191092
2002-09-13,0.013178882167581604,1.1446671290371349,-0.03813373579821988
2002-09-16,0.022281634728203888,1.1701721838917223,-0.016701783041893625
2002-09-17,0.0016845895473671438,1.172143443721326,-0.015045329143661301
2002-09-18,0.017370955137438127,1.1925046948968514,0.0
2002-09-19,0.03409922799611956,1.2331681843745823,0.0
2002-09-20,-2.4844685735963287e-05,1.2331375466985819,-2.4844685736047367e-05
2002-09-23,0.02379469769008185,1.2624796818325639,0.0
2002-09-24,-0.0004611324245458435,1.2618975115159405,-0.00046113242454581815
2002-09-25,-0.02528494609101382,1.2299905009648755,-0.025734418807064174
2002-09-26,0.010255116915915071,1.2426041973577353,-0.01574321136477863
2002-09-27,0.016876349832172618,1.2635748204952706,0.0
2002-09-30,0.006016017489618658,1.271176508714812,0.0
2002-10-01,-0.014168421476284462,1.2531659441685887,-0.014168421476284387
2002-10-02,0.012824012346347467,1.2692365597086288,-0.001526105141877121
2002-10-03,0.01114768977957275,1.2833856151331529,0.0
2002-10-04,0.015691345768096117,1.3035236625740079,0.0
2002-10-07,0.010610404629366979,1.3173545760778724,0.0
2002-10-08,0.020471967632266132,1.3443234163195563,0.0
2002-10-09,0.01668350494801098,1.3667514426874507,0.0
2002-10-10,-0.028629661379265633,1.3276218116936862,-0.028629661379265703
2002-10-11,-0.026716807856080584,1.2921519948451243,-0.05458157607329184
2002-10-14,-0.0016681742529545422,1.2899964601564198,-0.05615869874635526
2002-10-15,-0.02211709488714303,1.2614654860430616,-0.07703372636458661
2002-10-16,0.046935350883367054,1.3206728112577497,-0.033713980457994897
2002-10-17,-0.031140155962133716,1.2795468539402337,-0.06380427781056242
2002-10-18,-0.007711579819255631,1.2696795262435963,-0.07102382584867184
2002-10-21,-0.026900533413501276,1.235524469723442,-0.09601378046177622
2002-10-22,-0.013067173838552317,1.2193796566957806,-0.10782632554013782
2002-10-23,-0.017254738310673704,1.1983395798181358,-0.12322054882061495
2002-10-24,-0.015357335140184133,1.1799362772791213,-0.13668554469640348
2002-10-25,-0.00716375217997316,1.1714835062005335,-0.142870115507587
2002-10-28,-0.021035461752713442,1.1468408097119176,-0.16090023840993484
2002-10-29,0.024784615726911142,1.1752648184805672,-0.14010347326238215
2002-10-30,-0.026770034065495572,1.1438029392538638,-0.16312293257594968
2002-10-31,-0.008056570115135053,1.1345878106758676,-0.16986529134740003
2002-11-01,-0.02208360989343054,1.1095320160750604,-0.18819766241228064
2002-11-04,-0.03318665979890068,1.072710354521589,-0.21513867041375656
2002-11-05,0.004784642022545298,1.0778428895618524,-0.21138338991434746
2002-11-06,-0.018663372084117145,1.0577267066657394,-0.2261016351400913
2002-11-07,0.022572072696598045,1.081601790781732,-0.2086331449886949
2002-11-08,0.007836327868101393,1.090077577037023,-0.20243173484887822
2002-11-11,0.022494296833355368,1.1145981056262788,-0.18449099754770437
2002-11-12,-0.02761226319453016,1.0838215293776012,-0.2070090467609259
2002-11-13,-0.001603289242549116,1.0820838499787069,-0.20828044062569306
2002-11-14,-0.0284005229873391,1.0513521027231583,-0.23076569017122894
2002-11-15,0.00044355895385754377,1.051818439361978,-0.23042448940548999
2002-11-18,-0.01405239128177953,1.037037875094673,-0.2412388656012393
2002-11-19,-0.005849689613659261,1.0309715254077603,-0.24567738272838013
2002-11-20,-0.01763549923180188,1.0127898278634222,-0.25898023866580444
2002-11-21,-0.03752509626552109,0.9747847920761067,-0.2867870765445236
2002-11-22,-0.020508740230679393,0.954793183994601,-0.30141417512083546
2002-11-25,-0.027366092050641472,0.9286642258320797,-0.32053173910975186
2002-11-26,0.00826456393408911,0.9363392306997703,-0.3149162302264401
2002-11-27,-0.01150047040570942,0.9255708890874028,-0.3227950158461529
2002-11-29,-0.013430900788908101,0.9131396383029685,-0.33189048880207717
2002-12-02,-0.004027442175851651,0.9094620212112252,-0.3345812612255633
2002-12-03,0.021134100559024087,0.9286826830221164,-0.32051823468644547
2002-12-04,0.03139087747682456,0.9578348473397124,-0.29918870584375123
2002-12-05,0.005430213551060174,0.9630360951074142,-0.295383150857488
2002-12-06,0.014285135331793465,0.9767931960554255,-0.28531760381042526
2002-12-09,0.02909303517657752,1.0052110748685075,-0.2645253237180013
2002-12-10,-0.020857423582779196,0.9842449616898742,-0.2798654305756224
2002-12-11,0.00478443598229192,0.9889540186999728,-0.2764199928295761
2002-12-12,-0.015265863005306773,0.9738567821319515,-0.28746606609241865
2002-12-13,0.0007908898477278342,0.9746269955740805,-0.28690253023792955
2002-12-16,-0.006720600625200815,0.9680769167782877,-0.2916949735390417
2002-12-17,0.003730400819553095,0.9716882317020279,-0.2890527118878382
2002-12-18,0.019898121416764697,0.9910230021156762,-0.2749061964280628
2002-12-19,0.0005324932765022352,0.9915507152011619,-0.2745200888528273
2002-12-20,0.011455861007843385,1.0029097823767341,-0.2662090918267427
2002-12-23,-0.002849801022800535,1.0000516890531403,-0.26830024990737644
2002-12-24,0.006108793490628322,1.00616079830152,-0.2638304472369164
2002-12-26,-0.003467142710049038,1.0026722952245517,-0.266382852135139
2002-12-27,-0.0012805332601184634,1.0013883400015173,-0.26732227329317315
2002-12-30,0.011350894071254154,1.0127549929730635,-0.2590057260289568
2002-12-31,-0.022544221315449486,0.9899232202731522,-0.27571086493484087
2003-01-02,-0.01591407803846218,0.9741695048936394,-0.287237258752678
2003-01-03,0.0008328292960361388,0.9749808217966199,-0.2866436490606442
2003-01-06,-0.01943598609852245,0.9560311080978549,-0.30050843318079423
2003-01-07,-0.011530270800301941,0.9450078105279739,-0.3085737603687472
2003-01-08,0.006557260914929067,0.9512044733082518,-0.3040398981120567
2003-01-09,-0.01267454518518667,0.9391483892309547,-0.31286087587052247
2003-01-10,-0.012957316516864057,0.9269795462953861,-0.32176435499298883
2003-01-13,0.002397562845069953,0.9292020380137237,-0.3201382424103181
2003-01-14,-0.012191024521289997,0.9178741131830658,-0.32842645376818114
2003-01-15,0.0006210975613666249,0.9184442025564052,-0.3280093410763383
2003-01-16,0.01543257460959814,0.9326181612371099,-0.3176387950955458
2003-01-17,0.018828410809550562,0.95017787910533,-0.3047910180091048
2003-01-21,0.004402319636872458,0.9543608658410373,-0.3017304858559561
2003-01-22,0.019811897428941013,0.9732685654252752,-0.2878964418639779
2003-01-23,-0.016079899823178416,0.9576185043921882,-0.299346995742534
2003-01-24,0.017405623665831007,0.9742864516950747,-0.2871516932300946
2003-01-27,0.013838102802066371,0.9877687277722916,-0.2772872250787337
2003-01-28,-0.01162831465481642,0.9762826421995677,-0.28569115663057365
2003-01-29,-0.0017785491416669836,0.9745462755442593,-0.28696159001083343
2003-01-30,0.015086966379824214,0.9892492224389786,-0.2762040034918035
2003-01-31,0.014211338503402844,1.003307778003287,-0.26591789357801765
2003-02-03,0.008534631444056034,1.0118706401134998,-0.2596527733500298
2003-02-04,0.015081482268371499,1.0271311492302573,-0.24848723977887033
2003-02-05,0.005479537742747618,1.0327593531292163,-0.24436929724508205
2003-02-06,0.0018018569994585122,1.0346202377984084,-0.24300775877431746
2003-02-07,0.005991738886475816,1.04081941210996,-0.23847205892580492
2003-02-10,-0.008354621841504735,1.032123759516484,-0.2448343368952196
2003-02-11,-0.0026256976825967723,1.0294137145529685,-0.24681717362681055
2003-02-12,0.0210274962820455,1.0510597076084178,-0.23097962454554766
2003-02-13,0.0041608132223757855,1.0554329707373413,-0.22777987439908032
2003-02-14,-0.004995461806184302,1.0501605956430353,-0.23163747054248662
2003-02-18,-0.018796928161945285,1.0304208023682275,-0.24608032581103
2003-02-19,0.00731806730460568,1.0379614911520239,-0.24056309089304884
2003-02-20,-0.0031045829321998944,1.0347390536223127,-0.24292082575914486
2003-02-21,-0.002644363822731618,1.0320028271029462,-0.244922818538451
2003-02-24,0.007786115292386586,1.0400381200968387,-0.23904370054894097
2003-02-25,-0.0034960329052513258,1.0364021126062644,-0.24170402881128017
2003-02-26,-0.004176916071607446,1.0320731479654714,-0.24487136744037352
2003-02-27,-0.03311914641815945,0.9978917662637522,-0.2698805831866603
2003-02-28,-0.006772841369684732,0.9911332036267333,-0.27482556617766374
2003-03-03,0.009622173951528803,1.0006700597211657,-0.26784781163022386
2003-03-04,0.004390007074386062,1.005063008362468,-0.2646336583437532
2003-03-05,-0.002369441409457683,1.0026815704513399,-0.266376065804795
2003-03-06,0.0040768860841503525,1.006769388992747,-0.263385164596475
2003-03-07,-0.014183489988900904,0.9924898854428363,-0.27383293374009676
2003-03-10,0.012271984204972991,1.0046697056405862,-0.26492142297278376
2003-03-11,0.005538869155293823,1.010234439684417,-0.2608499189157705
2003-03-12,-0.004211054648936914,1.0059802872506678,-0.2639625203009822
2003-03-13,-0.018623367695684474,0.9872455464665882,-0.277670016923222
2003-03-14,0.008454263318398887,0.9955919802763333,-0.27156324904351636
2003-03-17,-0.026880742913711092,0.9688297282075726,-0.2911441700748766
2003-03-18,-0.014267854464130293,0.9550066066449842,-0.30125802189229844
2003-03-19,-0.0009065969524395644,0.9541408005658402,-0.30189149924019254
2003-03-20,-0.001157796045878194,0.9530361001197339,-0.30269976650196617
2003-03-21,-0.01858882642032071,0.9353202774823088,-0.3156617595053103
2003-03-24,0.019140416231037686,0.95322269690265,-0.30256324073942586
2003-03-25,-0.017669309555426595,0.9363799099958185,-0.31488646673413445
2003-03-26,0.010884445976220333,0.9465718865393861,-0.30742938549372467
2003-03-27,-0.014418521146978535,0.9329237197761826,-0.3174152295447593
2003-03-28,0.015119990174451764,0.9470295172527116,-0.30709455452224566
2003-03-31,-2.9356201470884973e-05,0.9470017160634042,-0.3071148955941033
2003-04-01,-0.00811901809379787,0.9393129919958277,-0.3127404422936979
2003-04-02,-0.022059376050658917,0.9185923334761222,-0.3279009593215507
2003-04-03,-0.005557842663146261,0.9134869418150895,-0.3316363800436931
2003-04-04,0.0035100989915527185,0.9166933714083512,-0.329290357575294
2003-04-07,-0.009713989582135638,0.9077886215484776,-0.3358056240544455
2003-04-08,0.011354357488770235,0.918095978081777,-0.328264123667929
2003-04-09,0.007235176459234592,0.9247385644897123,-0.3234039960686679
2003-04-10,0.0009965490876829965,0.9256601118624999,-0.3227297349382201
2003-04-11,0.00031447235767785635,0.9259512063802855,-0.32251675216118114
2003-04-14,-0.011905075492052034,0.9149276873663715,-0.3305822413713029
2003-04-15,-0.00894805450882741,0.9067408645481818,-0.33657222796468955
2003-04-16,-0.005386331556399665,0.9018568576159888,-0.3401456699085953
2003-04-17,-0.016380678290753483,0.8870838305670714,-0.35095453140858324
2003-04-21,-0.00823821075913998,0.8797758470098347,-0.356301504771104
2003-04-22,-0.01557614077596954,0.8660723345655116,-0.36632784315006917
2003-04-23,-0.011350229800543158,0.8562422145443002,-0.3735201677485217
2003-04-24,0.0022658849768830702,0.8581823609148092,-0.37210063650830283
2003-04-25,0.01285883179700273,0.8692175835449673,-0.36402658420771805
2003-04-28,-0.015488077668793048,0.8557550740999422,-0.3738765898667965
2003-04-29,-0.009439706043322522,0.8476769977553571,-0.37978701080529664
2003-04-30,-0.0018325650946596668,0.8461235744777247,-0.38092359148054944
2003-05-01,-0.004468805222874883,0.8423424130289011,-0.3836901233682998
2003-05-02,-0.015432394579547672,0.8293430525399508,-0.3932012605677525
2003-05-05,-0.007781678680884914,0.8228893713888606,-0.39792317338198024
2003-05-06,-0.008549152737572485,0.8158543644667322,-0.4030704201324907
2003-05-07,0.009180463477518452,0.8233442856626931,-0.3975903299258665
2003-05-08,-0.0012151011543488988,0.8223438390707578,-0.3983223186113646
2003-05-09,-0.018414125123471535,0.807201096723593,-0.40940168672045507
2003-05-12,-0.009447131820038746,0.7995753615575654,-0.41498114683869947
2003-05-13,0.002542534047562645,0.8016083091379177,-0.4134937164860708
2003-05-14,-0.006995702391454693,0.7960004959726716,-0.41759673989625246
2003-05-15,-0.010871278825132981,0.7873469526360086,-0.4239282081255067
2003-05-16,-0.0037764512803637323,0.7843735752286358,-0.4261037151815126
2003-05-19,0.02089753570046081,0.8007650500194743,-0.41411069708115644
2003-05-20,0.008520594311657963,0.8075880441496447,-0.4091185720194449
2003-05-21,0.005766326284155489,0.8122448603153944,-0.40571135691046134
2003-05-22,-0.007418941049376487,0.8062188635790555,-0.41012034931985664
2003-05-23,-0.010117260212560602,0.7980621375479512,-0.416088315239882
2003-05-27,-0.021785235959153108,0.780676165571403,-0.42880896907168786
2003-05-28,-0.020217565917003,0.76489279373413,-0.44035706139068187
2003-05-29,-0.002174628289225465,0.7632294362266511,-0.4415740767568469
2003-05-30,-0.010373684855746888,0.7553119345826065,-0.4473670112998509
2003-06-02,-0.007728979772931791,0.7494741439179635,-0.4516383004913692
2003-06-03,0.0038350881206616204,0.7523484433040464,-0.44953528505175777
2003-06-04,-0.010399923792833025,0.7445240768280277,-0.4552600761378631
2003-06-05,-0.006551628450816047,0.7396462317039636,-0.45882900972133367
2003-06-06,-0.0041303272984395895,0.7365912506819687,-0.46106422303560524
2003-06-09,0.01110991548305873,0.7447747172226059,-0.45507669210273427
2003-06-10,-0.0059294694075571,0.7403585983213125,-0.4583077981863759
2003-06-11,0.0028207682441573974,0.7424469783447462,-0.45677981002539225
2003-06-12,0.0025895527491366197,0.744369583958607,-0.455373112689057
2003-06-13,0.014956593960293654,0.7555028175822686,-0.44722734947568865
2003-06-16,-0.0043319115936923105,0.7522300461677167,-0.449621911729171
2003-06-17,-0.006471067695605241,0.7473623146162972,-0.4531834455965492
2003-06-18,-0.007576970355767254,0.741699572513432,-0.457326658419307
2003-06-19,0.003054764177769697,0.7439652897982131,-0.4556689193352157
2003-06-20,-0.004364324076389501,0.7407183841719486,-0.4580445565760882
2003-06-23,0.02094792063004133,0.756234894092795,-0.4466917169622252
2003-06-24,-0.00043238237736691244,0.7559079114514393,-0.4469309577130619
2003-06-25,0.0009166160326755605,0.756600788762302,-0.44642400576172525
2003-06-26,-0.0034537924876767755,0.7539876466419044,-0.4483359423719836
2003-06-27,0.0002950316680458739,0.7542100968749792,-0.4481731840048606
2003-06-30,-0.003034332320794679,0.7519215728013617,-0.4498476099481159
2003-07-01,0.0016792306846957195,0.7531842225788945,-0.4489237771734821
2003-07-02,0.001223021076098089,0.7541053827572931,-0.4482497993384287
2003-07-03,0.004025410557591165,0.7571409665265807,-0.44602877825553244
2003-07-07,-0.013208839303343937,0.7471400131697525,-0.4533460951022322
2003-07-08,-0.006733536451940977,0.7421091186563703,-0.4570270090974573
2003-07-09,-0.002105219229829765,0.7405468162691429,-0.45817008627918354
2003-07-10,0.013254312485423985,0.75036225518206,-0.4509885032887775
2003-07-11,-0.004625051590323913,0.7468917910404113,-0.45352770978474777
2003-07-14,-0.0034292994208311254,0.7443304754539728,-0.4554017268930832
2003-07-15,-0.007259372748229927,0.7389271030847852,-0.45935516875560867
2003-07-16,-0.004513416122887684,0.7355920175840835,-0.46179532385370303
2003-07-17,0.005005703078947885,0.7392741728113537,-0.4591012310492134
2003-07-18,-0.009667573516081695,0.7321271853971594,-0.46433040966280326
2003-07-21,0.0023415446855235772,0.7338414939172534,-0.46307611538035265
2003-07-22,-0.005134368767334673,0.7300736810707105,-0.46583288060397976
2003-07-23,0.007062940443176163,0.7352301479992432,-0.46206009005298265
2003-07-24,0.00695449086413276,0.740343299346539,-0.45831899186380376
2003-07-25,-0.006986904885505105,0.7351705911313836,-0.46210366554593596
2003-07-28,-0.010908444042673845,0.7271510238762074,-0.4679712776110875
2003-07-29,0.005521369404675364,0.731165893292016,-0.4650337505008807
2003-07-30,0.0008402653519434052,0.731780266658672,-0.4645842368969675
2003-07-31,-0.01012175905199943,0.724373363120545,-0.47000358624373884
2003-08-01,-0.01899170656028781,0.7106162767680708,-0.4800691226118027
2003-08-04,0.003746507261807132,0.7132786058093407,-0.47812119780403006
2003-08-05,-0.00400530977797172,0.7104217040350744,-0.48021148407338177
2003-08-06,0.003973589831326353,0.7132446284941818,-0.47814605771205554
2003-08-07,0.003453954418647616,0.7157081429303459,-0.4763435979822014
2003-08-08,-0.0014122354652007117,0.7146973945081667,-0.4770831241247103
2003-08-11,-0.001317471942773147,0.7137558007433292,-0.47777205243707854
2003-08-12,0.00048601149229803324,0.7141026942651848,-0.4775182436529638
2003-08-13,-0.002416029241962295,0.7123774012740761,-0.47878057485469006
2003-08-14,-0.007112069354477113,0.7073109237896528,-0.4824875235552242
2003-08-15,0.0005283302051884054,0.7076846175151505,-0.4822141060823565
2003-08-18,-0.0002016426611041861,0.7075419181056523,-0.48231851380788837
2003-08-19,-0.003797270558827675,0.7048551900108931,-0.4842842904742558
2003-08-20,0.0006906459951660001,0.7053419954250462,-0.48392811348482767
2003-08-21,-0.0023814458467609277,0.7036622616594951,-0.4851571107355993
2003-08-22,0.00045465586701314595,0.7039821858351543,-0.4849230343954053
2003-08-25,-0.0009717592423118817,0.703298084639646,-0.4854235651972335
2003-08-26,0.003680867722114817,0.7058868318584213,-0.48352947740780705
2003-08-27,0.002305909941429611,0.7075145433215279,-0.4823385428953064
2003-08-28,-0.003088908324337149,0.7053290957590723,-0.4839375516793456
2003-08-29,-0.002038850327914836,0.703891035300896,-0.4849897257713288
2003-09-02,-0.0016728643538492089,0.7027135210789471,-0.485851268100952
2003-09-03,-0.0023840220941597455,0.7010382365188301,-0.4870770100374836
2003-09-04,0.007609175722713931,0.7063725596488434,-0.483174088874639
2003-09-05,-0.00195795715353176,0.7049895124426204,-0.4841860118644574
2003-09-08,0.0019835376411421178,0.7063878856771608,-0.48316287540316294
2003-09-09,0.004099014990000807,0.7092833802093065,-0.48104435228205156
2003-09-10,-0.006300510949316321,0.7048145325061297,-0.484314038022708
2003-09-11,0.001725019556687836,0.7060303513585405,-0.48342446965318786
2003-09-12,0.0034662711389893725,0.7084776439887053,-0.4816338788012384
2003-09-15,0.011000965224944086,0.7162715819128753,-0.4759313511281418
2003-09-16,0.003823753380343187,0.7190104277954584,-0.4739274418604861
2003-09-17,-0.0019286395560701504,0.7176237158431852,-0.474942046205477
2003-09-18,0.009338102876605501,0.7243249599284208,-0.47003900101676366
2003-09-19,0.0017642562431778972,0.7256028547610641,-0.4691040140156667
2003-09-22,0.0016246414102188897,0.7267816992062819,-0.46824149841231766
2003-09-23,0.011163451723245545,0.7348950916187096,-0.4623052380514182
2003-09-24,-0.010311610882753789,0.7273171393942918,-0.46784973721032685
2003-09-25,-0.000969290753289299,0.726612157616368,-0.46836554553940946
2003-09-26,-0.00601276023673316,0.7222432129275255,-0.4715621360476674
2003-09-29,0.0001900525700858044,0.7223804771063693,-0.4714617050734926
2003-09-30,-0.0029650935045513797,0.7202385514458864,-0.4730288705386859
2003-10-01,0.004770461841162263,0.7236744219720931,-0.47051497487419647
2003-10-02,0.004588306936994237,0.726994862342553,-0.4680855350603772
2003-10-03,0.011498362167180634,0.7353541125634473,-0.46196938990053926
2003-10-06,0.00403805149339534,0.7383235103358585,-0.4597967945919347
2003-10-07,0.0070450752567770185,0.7435250550300224,-0.45599102235588274
2003-10-08,-0.0034443173042735817,0.7409641188168216,-0.4578647618912626
2003-10-09,0.007129443527309836,0.746246780657689,-0.4539996393270016
2003-10-10,0.005314542665080407,0.7502127410121733,-0.45109789711505555
2003-10-13,0.005264291349119024,0.7541620794546825,-0.44820831652332516
2003-10-14,0.000812530653317444,0.7547748592618091,-0.4477599688662547
2003-10-15,-0.0010299134984163832,0.7539975064459901,-0.4483287283286852
2003-10-16,-0.0014814783662484361,0.752880475451985,-0.4491460173829471
2003-10-17,-0.013541736272451478,0.7426851666087363,-0.4566055367401768
2003-10-20,0.009487338755418762,0.7497312723729781,-0.45145016938941185
2003-10-21,0.013098415880597566,0.7595515643772089,-0.44426503557684305
2003-10-22,-0.008208266521920556,0.7533169626996591,-0.4488266562803783
2003-10-23,-0.005897083779913186,0.7488745894577895,-0.45207697166554783
2003-10-24,-0.005927403030536083,0.744435707946746,-0.4553247322841979
2003-10-27,0.002743568897862142,0.7464781186015266,-0.4538303781602582
2003-10-28,0.014605645300196925,0.7573809132261788,-0.4458532183899242
2003-10-29,-0.0026103330729246254,0.7554038967795828,-0.4472997260612156
2003-10-30,0.004690469100199754,0.7589470954155978,-0.44470730250463386
2003-10-31,-0.007552710896815038,0.7532149874179462,-0.44890126771192895
2003-11-03,0.014957185488842704,0.7644809636977327,-0.4406583817504304
2003-11-04,0.00982862111196496,0.7719947574372275,-0.4351608249125021
2003-11-05,0.004040608618934219,0.7751140861079003,-0.43287853087333183
2003-11-06,0.006474947081680087,0.7801329087977138,-0.42920644937185193
2003-11-07,0.004286127663849104,0.7834766580395908,-0.426759955344158
2003-11-10,-0.01326913085386329,0.7730806037431159,-0.43436635250737077
2003-11-11,-0.004959211723203117,0.7692467333500521,-0.4371714495230544
2003-11-12,0.010574345624789473,0.7773810141792359,-0.4312199059028119
2003-11-13,-0.004214846949328222,0.7741044721831568,-0.433617226947256
2003-11-14,-0.012480082373289462,0.7644435846047792,-0.44068573060976646
2003-11-17,-0.0069350633869510086,0.759142119889797,-0.4445646105212139
2003-11-18,-0.002827678811001033,0.7569955098028462,-0.4461352034029231
2003-11-19,0.005890537528168057,0.7614546202619947,-0.4428726420330368
2003-11-20,-0.005088372165716395,0.7575800557667974,-0.445707513374075
2003-11-21,0.0026367559310545626,0.7595776094720892,-0.44424597937242516
2003-11-24,0.015042435578484082,0.7710035067294321,-0.43588608531965134
2003-11-25,0.0006522358130920665,0.7715063828285406,-0.43551815002183325
2003-11-26,0.0002449954574456673,0.7716953983877239,-0.43537985453277805
2003-11-28,0.008494417497141755,0.7782505012822524,-0.4305837352898826
2003-12-01,-0.0017099787388458762,0.7769197094715635,-0.43155742499608996
2003-12-02,-0.0015186092544000674,0.7757398720108342,-0.43242066715108585
2003-12-03,-0.004983706753847087,0.7718738119714653,-0.43524931610554907
2003-12-04,-0.01175461311828424,0.7628007339356055,-0.4418877419030147
2003-12-05,-0.01267938146086465,0.7531288924514085,-0.4489642601214109
2003-12-08,-0.003467057085329471,0.7505177515886685,-0.45087473248762666
2003-12-09,-0.015262426283778332,0.7390630297303794,-0.4592557164035944
2003-12-10,-0.01174777723908277,0.7303806818914652,-0.4656082597905924
2003-12-11,0.01067841540828029,0.7381799902188853,-0.4599018027978826
2003-12-12,-0.0028000621221047003,0.7361130403889777,-0.4614141113020853
2003-12-15,-0.00010653004601410305,0.7360346222329135,-0.4614714868815908
2003-12-16,0.003764054649689656,0.7388050967750619,-0.45944443612779695
2003-12-17,0.001346417475755262,0.739799836868537,-0.4587166226699826
2003-12-18,0.0033864969576992187,0.7423051667653988,-0.45688356815940123
2003-12-19,-0.0023878386146941656,0.7405326618243094,-0.45818044254762513
2003-12-22,-0.0018402809935439443,0.7391698736416557,-0.4591775427811351
2003-12-23,0.004449385343219607,0.7424587252435864,-0.4567712152667015
2003-12-24,-0.0010615736060034585,0.7416705506573208,-0.4573478926065957
2003-12-26,0.0015934037157474888,0.7428523312685986,-0.45648322872231684
2003-12-29,0.0029858936116099258,0.745070409298903,-0.45486034546715604
2003-12-30,-0.004807732977231163,0.7414883097217576,-0.4574812313614499
2003-12-31,-0.00032027552384443394,0.741250829164937,-0.4576549868442711
2004-01-02,0.0009418446427691385,0.7419489722873341,-0.4571441820990978
2004-01-05,0.003889785983190575,0.7448349949999801,-0.45503258914773337
2004-01-06,0.003310951167945191,0.7473011072966017,-0.4532282286622801
2004-01-07,0.002856613957682227,0.7494358580702966,-0.45166631278861
2004-01-08,0.007586324827252455,0.7551213219268086,-0.44750647532369936
2004-01-09,0.0027848572488916056,0.7572242270139691,-0.44596785972653885
2004-01-12,0.002641892704072539,0.7592247321746642,-0.4445041662573287
2004-01-13,-0.004433477002109075,0.7558587267851354,-0.44696694426099426
2004-01-14,-0.003373180708818123,0.753309078709352,-0.44883242469595175
2004-01-15,0.005406311197556488,0.7573817020167993,-0.44585264126185553
2004-01-16,0.01063707903088461,0.7654380310376978,-0.4399581320122019
2004-01-20,-0.006939597629420823,0.76012619909204,-0.44384459723166647
2004-01-21,-0.0038909589534885988,0.7571685792519016,-0.446008575075599
2004-01-22,0.00028550170662329315,0.7573847521734796,-0.44585040957832844
2004-01-23,-0.0004147967998943123,0.7570705914019893,-0.446080269055098
2004-01-26,0.00047468684222404776,0.7574299628503626,-0.4458173306471702
2004-01-27,-0.0046187779601651255,0.7539315620315806,-0.44837697734628257
2004-01-28,-0.0029378313423412137,0.751716638258664,-0.44999755275139164
2004-01-29,-0.018509473999129906,0.7378027586881019,-0.4601778087481976
2004-01-30,0.010294787426824294,0.7453982812517204,-0.45462045404097784
2004-02-02,-0.005618178777429252,0.7412105004472598,-0.4576844938317288
2004-02-03,-0.008199338662256967,0.7351330645340717,-0.46213112232859577
2004-02-04,-0.011547924640137708,0.7266438033043587,-0.46834239159422064
2004-02-05,0.004197664800650114,0.7296940104201,-0.4661106711654178
2004-02-06,0.017535295073974336,0.7424894102065281,-0.45674876424745736
2004-02-09,0.002794772832087272,0.7445644994382857,-0.45523050045277835
2004-02-10,-0.0028265679139903655,0.7424599373142772,-0.4567703284407191
2004-02-11,0.010615151188118703,0.7503412617999894,-0.4510038633472453
2004-02-12,-0.002246507281271615,0.7486556146919172,-0.45223718716562566
2004-02-13,-0.0023442200331342364,0.7469006012020379,-0.453521263724878
2004-02-17,0.006574374727665633,0.7518110056386589,-0.4499285077319042
2004-02-18,0.0008550261882776391,0.7524538237371152,-0.4494581822005901
2004-02-19,-0.007638931499252861,0.7467058805212365,-0.45366373343423383
2004-02-20,-0.009547734862849136,0.7395765307534895,-0.45888000725336264
2004-02-23,-0.010281149172694473,0.731972834116189,-0.46444334261911824
2004-02-24,0.004700302311382735,0.7354133277202547,-0.4619260644245544
2004-02-25,0.011567200158593772,0.7439200008812924,-0.4557020555116309
2004-02-26,0.002774982857760944,0.7459843661312835,-0.45419163804616114
2004-02-27,0.0007122307622731755,0.746515679145017,-0.4538028965404718
2004-03-01,0.007428726397825901,0.7520613398770726,-0.44974534769958585
2004-03-02,0.001386277412226816,0.7531039055251533,-0.448982542104129
2004-03-03,-0.003712298115340628,0.7503081593160166,-0.45102808317459564
2004-03-04,0.0032425101576663406,0.7527410411439787,-0.4492480361580158
2004-03-05,0.0013387590216472646,0.7537487800037744,-0.4485107119977323
2004-03-08,-0.014049414022974079,0.7431590513241898,-0.45625881333411134
2004-03-09,-0.0028500742171531372,0.7410409928727668,-0.457808516071032
2004-03-10,-0.007534952919580849,0.7354572838799911,-0.46189390337583436
2004-03-11,-0.0029266385162241854,0.7333048662659503,-0.4634687454040297
2004-03-12,0.013510403591259698,0.7432121109646379,-0.4562199916151133
2004-03-15,-0.011429222669627878,0.7347177742576588,-0.4624349744142363
2004-03-16,0.0056905388230109105,0.7388987142760282,-0.4593759397662478
2004-03-17,0.014658985953319005,0.749730220149526,-0.4514509392612549
2004-03-18,-0.0021797300534151906,0.7480960106567124,-0.4526466281347198
2004-03-19,-0.00414991137812737,0.7449914785101563,-0.45491809612047995
2004-03-22,-0.009290089733230469,0.738070440824305,-0.4599819559194809
2004-03-23,0.005356325786936815,0.7420237865590681,-0.45708944334456114
2004-03-24,0.005621642169822919,0.7461951787686003,-0.45403739446482483
2004-03-25,0.011204282654132588,0.7545557604666747,-0.44792027511382193
2004-03-26,0.0024664736485958917,0.7564168523662621,-0.4465585850204661
2004-03-29,0.00566131835208564,0.7606991689743902,-0.4434253769810381
2004-03-30,0.00737588181508884,0.7663099961415816,-0.4393201483403726
2004-03-31,-0.0027551674653309988,0.7641986837718544,-0.4408649152261318
2004-04-01,0.008194629543346363,0.7704610088828776,-0.43628301034172245
2004-04-02,0.010866091285286079,0.7788329085371525,-0.430157610073029
2004-04-05,-0.0014246609813251827,0.7777233356813875,-0.43096944229146306
2004-04-06,-0.006659791513358664,0.7725438604106756,-0.43475906717053214
2004-04-07,0.0006100969728982048,0.7730151870813432,-0.4344142153884548
2004-04-08,0.00017780735543704504,0.7731526348674708,-0.43431365007582023
2004-04-12,0.006902721346759141,0.7784894920644736,-0.43040887483262835
2004-04-13,-0.014245665757427214,0.7673993909648538,-0.4385230796201596
2004-04-14,-0.007965550523932273,0.7612866323440884,-0.442995552397467
2004-04-15,-0.01373380769361895,0.750831268135752,-0.45064534436533066
2004-04-16,0.0008818914454845289,0.7514934198081231,-0.45016087319398945
2004-04-19,0.005094990621317468,0.7553222717340273,-0.4473594479996794
2004-04-20,-0.015935073180763003,0.7432861560588854,-0.4561658156384618
2004-04-21,0.008268129433260336,0.7494317422031307,-0.45166932421192907
2004-04-22,0.0007213145968141452,0.7499723182580976,-0.4512738052916022
2004-04-23,0.002788346770758774,0.7520635011498711,-0.4497437663785563
2004-04-26,0.0023006217991920967,0.7537937148349932,-0.4484778348923455
2004-04-27,-0.004155551003375296,0.7506612866069727,-0.4507697133789422
2004-04-28,-0.007602652336683063,0.7449542698222926,-0.45494532030089907
2004-04-29,-0.013056407279388253,0.7352278434709735,-0.462061776188587
2004-04-30,-0.010406661277575361,0.7275765763421288,-0.4676599170720529
2004-05-03,-0.0008040180054984338,0.7269915916743708,-0.46808792808377564
2004-05-04,0.007493015886301833,0.7324389512199947,-0.4641023024787916
2004-05-05,0.0066706591513895075,0.7373248018127844,-0.46052751159861327
2004-05-06,-0.008372364123945972,0.7311516500943914,-0.4650441717063609
2004-05-07,-0.0005875356202856,0.7307220724561304,-0.46535847731076274
2004-05-10,-0.012249002615991232,0.7217714558790527,-0.47190730272080084
2004-05-11,0.009012158929638284,0.7282761749503112,-0.46714804740333926
2004-05-12,-0.0033972344255312407,0.7258020500574758,-0.46895827040041216
2004-05-13,-0.0034958844101170834,0.7232647299858489,-0.4708147309040409
2004-05-14,-0.00352531217937382,0.7207149960243183,-0.47268027417833014
2004-05-17,-0.007823824097827992,0.7150762486707573,-0.4768059309564737
2004-05-18,0.007333375627031744,0.7203201714042287,-0.4729691523223424
2004-05-19,0.001622875386127532,0.7214891612805318,-0.4721138469319164
2004-05-20,0.0020131010521915044,0.7229415918702504,-0.47105115876173764
2004-05-21,0.0049102017597886455,0.7264913809468762,-0.46845391323065133
2004-05-24,0.004239163010330659,0.7295710963363102,-0.4662006027213327
2004-05-25,0.015363972407793695,0.740780206529945,-0.4579993235102464
2004-05-26,0.004741053966421445,0.7442922854663603,-0.4554296690531715
2004-05-27,0.0009253516346303349,0.7449810175493593,-0.45492575000725877
2004-05-28,0.0021208028451359085,0.7465609754109501,-0.45376975498706384
2004-06-01,0.0017802019664573765,0.747890004727457,-0.45279735483075334
2004-06-02,-0.0010055915155694267,0.7471379328841239,-0.45334761716803273
2004-06-03,-0.011987633658993172,0.7381815170519717,-0.45990068567223796
2004-06-04,0.0026969990187839404,0.7401723918791453,-0.4584440383514501
2004-06-07,0.013685663604922453,0.7503021422440541,-0.45103248563708775
2004-06-08,-0.0019072700101878538,0.7488711134695724,-0.4520795149137995
2004-06-09,-0.008255192285924187,0.7426890384305069,-0.4566027038755829
2004-06-10,-4.7181598718402893e-05,0.7426539971743231,-0.45662834222875337
2004-06-14,0.003408587933077351,0.7451853986275432,-0.454776212152898
2004-06-15,0.003932622877333392,0.7481159317740406,-0.45263205261154427
2004-06-16,0.0018810506216192663,0.7495231757125475,-0.4516024257938547
2004-06-17,-0.00730486787927376,0.7440480079415136,-0.45560839761874483
2004-06-18,0.004757602162665162,0.7475878923532229,-0.45301839895391893
2004-06-21,-0.006914206987752093,0.7424189149239553,-0.45680034296204364
2004-06-22,0.008367722963979455,0.7486312707272571,-0.4522549987178215
2004-06-23,0.005437486896462421,0.7527019434521186,-0.44927664245074683
2004-06-24,0.001855305293356864,0.7540984353521253,-0.4482548824903104
2004-06-25,0.006911393444000684,0.759310306334349,-0.4444415549023947
2004-06-28,-0.003636565763754667,0.7565490244702674,-0.4464618797236014
2004-06-29,0.003147568538286948,0.7589303143773617,-0.444719580551477
2004-06-30,0.008751758384047046,0.7655722891191212,-0.4398599004850712
2004-07-01,-0.001085201491546233,0.7647414889290827,-0.44046776535653964
2004-07-02,-0.0043816563317719,0.7613906545419479,-0.44291944331529565
2004-07-06,7.012086105898991e-05,0.7614440439102466,-0.44288038034698174
2004-07-07,0.005717913031092344,0.7657979147313685,-0.4396948188138906
2004-07-08,-0.0057503061902529524,0.7613943422418059,-0.4429167451656959
2004-07-09,0.0031839776539311438,0.7638186048133334,-0.44114300453092425
2004-07-12,-0.0035411402375368846,0.7611138160176496,-0.44312199552460874
2004-07-13,0.0024262425637351826,0.7629604627539185,-0.44177087440734275
2004-07-14,-0.0012248726318250963,0.7620259333639265,-0.44245463398556883
2004-07-15,0.005275121413607177,0.7660457126827385,-0.43951351448624876
2004-07-16,-0.008820781340420669,0.7592885909543974,-0.4444574432192264
2004-07-19,-0.008462402069900657,0.7528631856106529,-0.4491586677016459
2004-07-20,-0.0008096782858960763,0.7522536086370134,-0.44960467196738196
2004-07-21,-0.006349916094501232,0.7474768613403826,-0.45309963611919457
2004-07-22,0.004291199965878512,0.7506844340222615,-0.4507527772963703
2004-07-23,0.004459793776116502,0.7540323317889416,-0.4483032479510073
2004-07-26,-0.00042849920692014426,0.7537092295327779,-0.44853964957172077
2004-07-27,0.00792028938189404,0.7596788247404818,-0.4441719240136881
2004-07-28,0.0013553018237367253,0.7607084188371067,-0.44341860920861975
2004-07-29,0.003701702833739921,0.7635243353467658,-0.44135831029712047
2004-07-30,0.004220393595514845,0.7667467085616829,-0.4390006224877109
2004-08-02,-0.0044575648987478286,0.763328885347368,-0.441501313621129
2004-08-03,-0.004052410031435395,0.7602355637151019,-0.4437645793003543
2004-08-04,-0.0023906898304418916,0.758418076284188,-0.44509436566395244
2004-08-05,-0.006212808704010244,0.753706169858571,-0.44854188821885965
2004-08-06,-0.00916623713239544,0.7467975203774978,-0.4535966840400286
2004-08-09,0.00653266406369781,0.7516760977017265,-0.45002721473357166
2004-08-10,0.007099369520612174,0.7570125240791228,-0.446122754704685
2004-08-11,-0.007555502136256109,0.7512929143362703,-0.4503075754147374
2004-08-12,-0.002092738503783844,0.7497206547268188,-0.45145793791690536
2004-08-13,0.0014273964450403137,0.7507908033241493,-0.45067495092753274
2004-08-16,0.005020126011094755,0.7545598677648075,-0.44791726996013814
2004-08-17,-0.0011359157127910772,0.7537027513547719,-0.44854438940795105
2004-08-18,-0.002196482822227336,0.7520472562083558,-0.4497556521838373
2004-08-19,-0.0023366187477080152,0.750290008490337,-0.4510413634427649
2004-08-20,0.005947203379492694,0.7547521357644303,-0.44777659478423004
2004-08-23,-0.003369503728611444,0.7522089956287946,-0.4496373136071311
2004-08-24,-0.0014422648308431642,0.7511241110489554,-0.4504310823539238
2004-08-25,0.0029921494691173252,0.7533715866590718,-0.4487866900087457
2004-08-26,-0.0023476323923884317,0.7516029471187259,-0.4500807362303968
2004-08-27,0.003663576787563901,0.7543565022292547,-0.4480660647806163
2004-08-30,-0.0017049975511908924,0.7530703262402288,-0.44900711078858446
2004-08-31,0.0009096031250092227,0.7537553213623287,-0.44850592593469996
2004-09-01,0.009375862954341627,0.7608224279565277,-0.4433351930761321
2004-09-02,-0.0011553811373564283,0.7599433880743889,-0.4439783530938821
2004-09-03,0.0016435951318484654,0.7611924273275085,-0.44306447862182485
2004-09-07,-0.000360748648603305,0.760917828188023,-0.44326539235852114
2004-09-08,0.0054447786871228065,0.7650608573615929,-0.4402340956324512
2004-09-09,-0.003109923456839993,0.762681576655374,-0.4419749247487831
2004-09-10,-0.0030939774067474755,0.7603218570886597,-0.44370144172400894
2004-09-13,0.002098115698679667,0.7619171003130667,-0.44253426298573717
2004-09-14,0.002786015083876734,0.7640398128472026,-0.44098115503367097
2004-09-15,0.0027838058988119904,0.7661667513851338,-0.4394249550755066
2004-09-16,0.004814838853550772,0.7698557208280017,-0.4367258765688733
2004-09-17,-0.005132817468553632,0.7659041919358698,-0.43961705982920474
2004-09-20,0.00011295266313337665,0.7659907028540539,-0.43955376308373795
2004-09-21,0.006478660928200172,0.770953296891999,-0.43592282194627185
2004-09-22,0.001830472105081245,0.7723645053962802,-0.43489029440673155
2004-09-23,0.0003943359870786341,0.7726690765159001,-0.43466745131316875
2004-09-24,0.006730901064772437,0.7778698356257377,-0.430862253859262
2004-09-27,-0.0024964090353244974,0.7759279543397753,-0.43228305447107196
2004-09-28,0.007117662511899961,0.7814507476523148,-0.4282422368505103
2004-09-29,-0.00930813187874349,0.7741769010364243,-0.4335642335126012
2004-09-30,0.014253896932599567,0.7852119387913968,-0.4254903164781517
2004-10-01,-0.011997241966711696,0.7757915611665657,-0.4323828481635823
2004-10-04,-0.0025963858744341792,0.7737773069156475,-0.43385660131869697
2004-10-05,0.0007824013476855091,0.7743827113233869,-0.4334136499605854
2004-10-06,0.005344849885927365,0.7785216706696678,-0.4303853309722092
2004-10-07,-0.0011544814463740037,0.7776228818452796,-0.43104294053918424
2004-10-08,0.010318737789851802,0.7856469684624299,-0.425172021828923
2004-10-11,-0.0019837319574145464,0.7840884554638451,-0.426312326459237
2004-10-12,0.0029327676205487254,0.7863880046976754,-0.42462983382596875
2004-10-13,-0.01393078807453124,0.7754330000598787,-0.43264519367534704
2004-10-14,0.015568704713180706,0.7875054874626668,-0.4238122142280747
2004-10-15,-0.0003148458783171454,0.7872575446057871,-0.4239936245775615
2004-10-18,-0.010680864637375298,0.7788489533371002,-0.4301458707037138
2004-10-19,-0.004646930052483678,0.7752296967294927,-0.4327939429826726
2004-10-20,-0.0007435769287252514,0.7746532538125419,-0.43321570432050394
2004-10-21,0.00030253007108481915,0.774887609716484,-0.4330442350272422
2004-10-22,0.007116975174077399,0.7804024655975363,-0.4290092249231311
2004-10-25,0.0040818890013538806,0.7835879818384883,-0.4266785039584703
2004-10-26,0.010926559297398858,0.7921499023867756,-0.4204140726354991
2004-10-27,-0.018153909427783062,0.7777692848056189,-0.4309358230664919
2004-10-28,-0.011878052944140108,0.7685309000623718,-0.43769519748872165
2004-10-29,0.006385748510405157,0.7734385451126453,-0.43410446043369166
2004-11-01,0.004753932006834154,0.7771154193675756,-0.43141423151562264
2004-11-02,-0.0022461762464335545,0.7753698811718549,-0.4326913753628524
2004-11-03,0.010690896812878903,0.7836592805632774,-0.42662633739580047
2004-11-04,0.003006281017963226,0.7860151805829855,-0.4249026150377134
2004-11-05,-0.0023447362352299293,0.7841721823076317,-0.42625106671502044
2004-11-08,-0.0033636661897251284,0.7815344888510806,-0.42818096660330196
2004-11-09,0.009236322175753013,0.7887529931815715,-0.42289946178462245
2004-11-10,0.006112301023986704,0.7935740889094679,-0.41937204957394525
2004-11-11,-0.00047818996187314104,0.7931946097461487,-0.419649700031422
2004-11-12,0.009369762191797422,0.8006266546112857,-0.41421195573277814
2004-11-15,-0.011123113843161819,0.7917211931861746,-0.42072774283712555
2004-11-16,-0.0005505573149503463,0.7912853052918648,-0.4210466654156544
2004-11-17,0.001016481235916892,0.7920896319569507,-0.4204581702145779
2004-11-18,0.0023546566841544025,0.7939547311032875,-0.4190935481713266
2004-11-19,0.00970439555172563,0.8016595818640777,-0.41345620218423174
2004-11-22,0.012303139391768591,0.8115225114444983,-0.4062398720803271
2004-11-23,0.005580446764464633,0.816051169617779,-0.4029264252956096
2004-11-24,0.009713570847953048,0.8239779404694162,-0.397126708826278
2004-11-26,0.0006274501438093763,0.8244949455466594,-0.3967484358930322
2004-11-29,0.0014698022177638058,0.8257067900461588,-0.39586177540623846
2004-11-30,-0.0030425647840688513,0.8231945236447978,-0.3976999050930973
2004-12-01,-0.012544811477651354,0.8128677035362388,-0.40525564623667587
2004-12-02,-0.014919101892842582,0.8007404474417807,-0.41412869785066375
2004-12-03,0.00393420408501009,0.803890723781139,-0.41182376058045755
2004-12-06,0.005263667880427874,0.8081221375632797,-0.4087277962009941
2004-12-07,-0.01785283823379587,0.7936948637682131,-0.4192836832075578
2004-12-08,0.006017204026961313,0.7984706876986576,-0.4157893946476322
2004-12-09,-0.0033334787670620133,0.7958090026150927,-0.41773684829606683
2004-12-10,-0.0022651195869471466,0.7940064000558004,-0.41905574396574896
2004-12-13,0.015074324183306636,0.8059755099338618,-0.4102984019178587
2004-12-14,-0.006454713714721845,0.8007731687561618,-0.4141047569105929
2004-12-15,0.0036454749899288443,0.8036923673154684,-0.41196889045519225
2004-12-16,-0.002427684317878339,0.8017412559589382,-0.41339644435825873
2004-12-17,0.0017670874772555527,0.8031580028923423,-0.4123598645609706
2004-12-20,0.006007711877044636,0.8079831447654622,-0.4088294919398654
2004-12-21,-0.0008154584313051843,0.8073242680977107,-0.40931156691500203
2004-12-22,-0.006596087259661288,0.8019990867784961,-0.4132077993629032
2004-12-23,-0.0011646348363649583,0.8010650507033009,-0.41389119800147245
2004-12-27,-0.003494561756869167,0.7982656794123487,-0.4159393914063009
2004-12-28,0.0052922394602756525,0.8024902925407186,-0.41284840280630863
2004-12-29,-0.005126193465851665,0.798376572046687,-0.41585825548730726
2004-12-30,-0.006669550333945343,0.7930517593139789,-0.4197542182544933
2004-12-31,0.00029342583923302665,0.7932844611920108,-0.41958395914902324
2005-01-03,-0.012032400215959542,0.7837393450698467,-0.42656775724430496
2005-01-04,0.00513711308825462,0.7877655027171852,-0.42362197096481746
2005-01-05,-0.0011686384407945591,0.7868448896683781,-0.4242955484859773
2005-01-06,0.00374689756122135,0.789793116866536,-0.4221384428806152
2005-01-07,-0.0021443602158546697,0.7880995159279716,-0.4233775862139737
2005-01-10,0.0010848193516795031,0.7889544615338995,-0.42275205506088653
2005-01-11,0.006206865639756643,0.793851395872527,-0.4191691546258238
2005-01-12,0.005820693830270113,0.7984721617946334,-0.4157883161077238
2005-01-13,0.012963754065532766,0.8088233585283133,-0.40821473951553355
2005-01-14,0.002823595413642868,0.8111071484539011,-0.40654377736816816
2005-01-18,0.00899798665021163,0.8184054797475806,-0.4012038661994419
2005-01-19,0.00989095800046204,0.8265002939751119,-0.39528119878918144
2005-01-20,-0.008706689509662541,0.8193042125358257,-0.40054629763197946
2005-01-21,0.005333607975573089,0.8236740600182274,-0.3973490465840427
2005-01-24,-0.0012356520359573762,0.8226562854890006,-0.3980937134616027
2005-01-25,0.0010243795511112885,0.8234989977654488,-0.39747713296998743
2005-01-26,-0.0038854747702034365,0.8202993131863433,-0.39981822036830317
2005-01-27,0.0075526453508131235,0.8264947429803553,-0.3952852602407251
2005-01-28,0.005397203396745227,0.830955503214561,-0.3920214917932344
2005-01-31,0.007562103436481619,0.8372392746809832,-0.38742389542701694
2005-02-01,-0.0029292207208158633,0.8347868160493068,-0.38921826604560883
2005-02-02,0.005202559312760085,0.8391298439733135,-0.3860406378475607
2005-02-03,0.005448271719776823,0.843701651371454,-0.38269562041765337
2005-02-04,-0.0018093804086923395,0.8421750741326811,-0.3838125588682696
2005-02-07,-0.00417207461601344,0.8386614568836529,-0.38638333885012166
2005-02-08,0.00014236209512254232,0.8387808504857535,-0.38629598309663815
2005-02-09,-0.0014901055074486831,0.8375309785209022,-0.3872104668321692
2005-02-10,0.0017163543876793032,0.8389684784907039,-0.38615870282819265
2005-02-11,-0.0033704488724120084,0.8361407781283857,-0.3882276235360852
2005-02-14,0.005513490480947231,0.8407508323493285,-0.3848546223619449
2005-02-15,-0.0004950112196800904,0.8403346512543601,-0.3851591262256101
2005-02-16,0.00779146168864199,0.8468820864952469,-0.38036861711298575
2005-02-17,0.0010327526765402195,0.8477567062367888,-0.3797286911438409
2005-02-18,-0.006843525376614382,0.8419550617044623,-0.38397353358638386
2005-02-22,-0.009172011275052298,0.8342326403854217,-0.3896237352820602
2005-02-23,0.005345426796067315,0.8386919698954919,-0.3863610136409533
2005-02-24,0.008579307269235151,0.8458873660094653,-0.3810964162245972
2005-02-25,0.007596606343382514,0.85231323933988,-0.3763948493341468
2005-02-28,-0.015584007477158048,0.8390307834451265,-0.38611311666491765
2005-03-01,-0.010501316556921284,0.8302198555871675,-0.39255973715696124
2005-03-02,0.011864136740084706,0.840069697478187,-0.38535298281715846
2005-03-03,0.003035875053701423,0.8426200441161316,-0.38348699127086106
2005-03-04,0.012464754894116284,0.8531230964349087,-0.37580230772801815
2005-03-07,-0.0056611737950393775,0.8482934183174285,-0.37933599934643225
2005-03-08,0.001729793657476584,0.8497607908921131,-0.3782623786946777
2005-03-09,-0.007566754970933121,0.8433308592035261,-0.38296691493130597
2005-03-10,-0.010536708542036448,0.8344449277355934,-0.3894684127094683
2005-03-11,0.01307633406874913,0.8453564083726374,-0.38148489771453364
2005-03-14,0.003997644492485389,0.8487358427627555,-0.37901229422236304
2005-03-15,0.006320330583178556,0.8541001338668087,-0.3750874466337588
2005-03-16,0.00113939637507594,0.8550732924632883,-0.37437542353571396
2005-03-17,0.009759292804218413,0.8634182030935047,-0.36826977010848383
2005-03-18,0.0060122950063742605,0.8686093280443765,-0.36447162160193125
2005-03-21,-0.00027728606769909824,0.8683684747794364,-0.3646478447668885
2005-03-22,-0.002753174559635444,0.8659777047862842,-0.36639708015708583
2005-03-23,-0.0129291891678928,0.8547813152259247,-0.374589052165064
2005-03-24,0.009532848161425288,0.8629298157151968,-0.36862710456086056
2005-03-28,0.00016380719251654662,0.8630711698256479,-0.3685236811394277
2005-03-29,-0.012955781973202725,0.8518894079220298,-0.37670495064782583
2005-03-30,0.0027824706736818677,0.8542597652167931,-0.3749706504519523
2005-03-31,0.008259765392950072,0.8613157504621205,-0.3698080546609772
2005-04-01,0.016992291339947268,0.875951478629658,-0.3590996495256885
2005-04-04,-0.0009625823416142634,0.8751083032042182,-0.3597165688857895
2005-04-05,-0.0023015890764065093,0.8730941634928907,-0.3611902382366461
2005-04-06,0.0006198486361453916,0.8736353497193582,-0.3607942728770608
2005-04-07,-0.009335333635235987,0.8654796722541919,-0.366761471601307
2005-04-08,-0.010091624847486002,0.8567455760886774,-0.37315187726888077
2005-04-11,0.007437369434453388,0.8631175094493825,-0.3684897762008359
2005-04-12,-0.0029274592960656467,0.8605907680727478,-0.3703384966760572
2005-04-13,-0.007735218941042144,0.8539339100630655,-0.37520906626301365
2005-04-14,-0.009202976046338447,0.846075176743599,-0.38095900226016455
2005-04-15,-0.01238397648668091,0.8355974016488419,-0.38862519142046614
2005-04-18,-9.736652234265843e-05,0.8355160424357647,-0.38868471885942557
2005-04-19,0.012268261047544969,0.8457663713537783,-0.38118494340803966
2005-04-20,-0.007099034776709231,0.8397622464705666,-0.3855779330151373
2005-04-21,0.0038563238422462533,0.8430006416434493,-0.3832085225490214
2005-04-22,-0.0023193276665519533,0.8410454469323646,-0.38463906408716686
2005-04-25,0.008768452274454944,0.8484201137944386,-0.37924330108905135
2005-04-26,-0.00493407630200706,0.8442339442168193,-0.38230616200645995
2005-04-27,-0.01513661508650614,0.8314550999602465,-0.3916559558734748
2005-04-28,0.0013980807067291922,0.8326175412940124,-0.3908054418023279
2005-04-29,-0.0034198509558451403,0.8297701133995646,-0.39288879639447594
2005-05-02,0.009483766798882068,0.837639459651728,-0.38713109531849255
2005-05-03,-0.009398471261947223,0.8297669292623182,-0.3928911261064828
2005-05-04,-0.0025599570871287754,0.8276427615310881,-0.3944452987708653
2005-05-05,0.003830323522909457,0.8308129010691463,-0.39212582835433896
2005-05-06,0.006424317009460505,0.836150306521164,-0.38822065197382405
2005-05-09,-0.0026860087448062676,0.8339043994858757,-0.3898638966525143
2005-05-10,-0.0004901402319246603,0.8334956693901088,-0.3901629489037145
2005-05-11,-0.004596534064363686,0.8296644781532575,-0.3929660856827897
2005-05-12,-0.01607476198822217,0.8163278191368613,-0.40272401137421776
2005-05-13,-0.012289356502534632,0.8062956755445517,-0.4100641489288439
2005-05-16,0.0014206962088560886,0.8074411767540149,-0.4092260293017588
2005-05-17,0.0020203326607755746,0.8090724765350661,-0.40803246935362114
2005-05-18,0.002870161977329429,0.8113946455941208,-0.4063334266553462
2005-05-19,-0.0013566841561883317,0.8102938393340272,-0.4071388446894616
2005-05-20,-0.00597002790539249,0.8054563625016354,-0.4106782423306887
2005-05-23,0.004855228415415206,0.8093670371202304,-0.40781695058703016
2005-05-24,0.0009033409176017657,0.8100981714822192,-0.4072820074077853
2005-05-25,0.005823712093117444,0.8148159500000925,-0.40383018846651775
2005-05-26,-0.0014118517022171763,0.8136655507140912,-0.4046718918297417
2005-05-27,0.0028202589493386385,0.8159602982652612,-0.4029929124048818
2005-05-31,0.006341509739248,0.8211347184435501,-0.3992069861444971
2005-06-01,0.0040251280178210565,0.8244398908051628,-0.3967887173515162
2005-06-02,-0.010049138484860273,0.8161549801700186,-0.4028504710664811
2005-06-03,0.011513027163190177,0.8255513946260891,-0.39597547231938324
2005-06-06,0.004558118269865492,0.8293143555206473,-0.39322225708431524
2005-06-07,0.0005652273257296118,0.8297831066560074,-0.3928792897233747
2005-06-08,-0.00029119726223005753,0.8295414760871045,-0.3930560816120504
2005-06-09,0.000695111089496729,0.8301180995663302,-0.39263418816367623
2005-06-10,-0.0008386371795016844,0.8294219316646566,-0.39314354771504045
2005-06-13,0.003026762215455161,0.831932394628089,-0.3913067375350592
2005-06-14,-0.002608927235118806,0.8297619435459661,-0.39289477396533734
2005-06-15,0.003297450066443742,0.8324980421218443,-0.39089287479741097
2005-06-16,0.0011171981439629447,0.8334281073893557,-0.3902123814476599
2005-06-17,0.006782116907002741,0.8390805142472524,-0.3860767305301951
2005-06-20,0.000999968159980814,0.83991956804516,-0.385462826808054
2005-06-21,-0.010203315021171576,0.8313496040999488,-0.39173314317835173
2005-06-22,0.0031745020203864326,0.8339887250978115,-0.3898021988124374
2005-06-23,0.0062555730641708635,0.8392058025023557,-0.3859850618835121
2005-06-24,-8.031246600698986e-05,0.8391384038148693,-0.38603437493735737
2005-06-27,0.014903416110442666,0.851644432621175,-0.37688418974954074
2005-06-28,-0.004551145668399165,0.8477684747506348,-0.3797200805702732
2005-06-29,-0.000720149832045319,0.8471579544259298,-0.3801667750500717
2005-06-30,0.007327455056031271,0.8533654662623451,-0.3756249749520162
2005-07-01,0.005790703475412152,0.8583070526336272,-0.37200940432451024
2005-07-05,0.0030427058581463827,0.8609186285307638,-0.3700986136601876
2005-07-06,-0.008767011953188943,0.8533709446237115,-0.37562096664355904
2005-07-07,0.006281564921602531,0.8587314496145747,-0.3716988892098432
2005-07-08,-0.007811818595082469,0.8520231953082934,-0.3766070635104247
2005-07-11,-0.00461968395248844,0.8480871174257797,-0.37948694185522025
2005-07-12,0.004612108375804877,0.8519985871234713,-0.37662506838245446
2005-07-13,-0.004693867635797975,0.8479994185296269,-0.37955110779894174
2005-07-14,-0.014474276039353907,0.8357252408646175,-0.38853165633297126
2005-07-15,-0.000533534359954693,0.8352793527331348,-0.38885789570434215
2005-07-18,0.0001562765291217006,0.8354098872912269,-0.3887623885374828
2005-07-19,-0.005273312471703715,0.8310045099135894,-0.39198563545718246
2005-07-20,0.0013624048093720835,0.8321366744545056,-0.3911572737627621
2005-07-21,-0.014158370329196202,0.8203549752530729,-0.3997774945530663
2005-07-22,0.015221462670213312,0.8328419778852114,-0.3906412300925838
2005-07-25,0.0033375533833399722,0.8356216324462897,-0.3886074626684115
2005-07-26,0.0015556870635478474,0.8369215982099071,-0.3876563272073351
2005-07-27,0.001258878176823065,0.8379751805456054,-0.3868854611209407
2005-07-28,0.005129362073126715,0.8422734586549175,-0.3837405746587319
2005-07-29,-0.0017278496905796712,0.8408181367199972,-0.3848053783161246
2005-08-01,0.002358729949909328,0.8428013996415056,-0.38335430033693574
2005-08-02,0.00966801501516788,0.8509496162280441,-0.3773925604535545
2005-08-03,0.002673857299898308,0.8532249340712411,-0.3757277970063523
2005-08-04,0.004984946274080556,0.8574782145272921,-0.37261583361402706
2005-08-05,-0.00948935398314725,0.8493413002168057,-0.3785693040522853
2005-08-08,-0.005870621747221851,0.8443551387089392,-0.38221748861030713
2005-08-09,-0.0020005091181082035,0.8426659985550304,-0.38345336815735
2005-08-10,0.011154134448262569,0.8520652083978927,-0.3765763241321537
2005-08-11,-0.0027653738776954435,0.849708929528496,-0.37830032368013544
2005-08-12,0.003280562773195121,0.8524964530107586,-0.37626079886589314
2005-08-15,-0.007962681650931665,0.8457082951468855,-0.3812274355577304
2005-08-16,-0.00395889237644748,0.8423602270245301,-0.3836770895458558
2005-08-17,-0.009514414299573814,0.8343456628351357,-0.3895410410582356
2005-08-18,0.004348798427914171,0.8379740639420101,-0.3868862780972836
2005-08-19,0.0055164064300289315,0.8425966694565374,-0.3835040936194404
2005-08-22,0.0031712436012688266,0.8452687487530018,-0.3815490349211227
2005-08-23,0.008339867551126411,0.8523181781627082,-0.3763912357854986
2005-08-24,0.001218121533107712,0.8533564052885874,-0.3756316045215742
2005-08-25,0.0011616970024612909,0.8543477468666423,-0.37490627762811524
2005-08-26,-0.002348638402980241,0.8523411929388516,-0.3763743967499398
2005-08-29,-0.0017583938805385332,0.8508424414010569,-0.3774709761944419
2005-08-30,0.010099314116114377,0.8594353664800878,-0.3711838600366315
2005-08-31,0.0073673965284491525,0.8657671676155195,-0.3665511221900327
2005-09-01,0.01228206025321031,0.8764005721334246,-0.3587710649054422
2005-09-02,-0.011731760927159494,0.8661188501447296,-0.36629380947154855
2005-09-06,0.0006805076159281593,0.8667082506185521,-0.365862567582633
2005-09-07,0.005188478737136172,0.8712051479481868,-0.36257235899811346
2005-09-08,0.0013387753112531259,0.8723714958912964,-0.36171898660963
2005-09-09,0.00950867194408207,0.8806665902590948,-0.3556497818451647
2005-09-12,-0.009512093548408292,0.8722896072675925,-0.3617789013981908
2005-09-13,-0.00010142889024736501,0.8722011319007531,-0.3618436354559543
2005-09-14,-0.0011640682503437862,0.8711858302551936,-0.36258649301867485
2005-09-15,0.006089208549684593,0.8764906624611476,-0.3587051492422797
2005-09-16,-0.0037343179410424137,0.8732175676551628,-0.3610999481089624
2005-09-19,0.010201630735361261,0.882125810832011,-0.3545821257027669
2005-09-20,-0.0016075877943914337,0.8807077161453999,-0.35561969159976925
2005-09-21,0.0015752744308319883,0.8820950724916802,-0.3546046157762147
2005-09-22,0.0002028070033295002,0.882273967549984,-0.3544737250723775
2005-09-23,-0.003113227294003253,0.8795272481534189,-0.35648339509047844
2005-09-26,0.010631615104611422,0.8888780433298041,-0.34964177423365406
2005-09-27,0.004970361282865999,0.8932960883415603,-0.34640925888831153
2005-09-28,-0.0027415277660492194,0.8908470923120687,-0.348201096052702
2005-09-29,0.003416058868180355,0.8938902784219541,-0.3459745126266025
2005-09-30,-0.004008832114315441,0.8903068223671418,-0.3485963910039659
2005-10-03,0.007846719522396975,0.8972928102911333,-0.34348500958829675
2005-10-04,-0.015808579500807208,0.8831078855641432,-0.35386357900769183
2005-10-05,-0.01615214870239827,0.8688437956762507,-0.36430007056159497
2005-10-06,-0.0202007567553379,0.8512924935014102,-0.37714169020556565
2005-10-07,0.007171990901602206,0.8573979555194046,-0.37267455607473265
2005-10-10,-0.010106349304983529,0.8487327922875467,-0.37901452613894526
2005-10-11,0.009754961114237046,0.8570121476726896,-0.37295683698892457
2005-10-12,-0.012675834619812873,0.8461488034216199,-0.3809051324227374
2005-10-13,-0.011983192385870766,0.8360092395231443,-0.3883238653260209
2005-10-14,0.007925460511621045,0.8426349977383353,-0.3834760502747614
2005-10-17,0.010724018684698886,0.8516714311984623,-0.3768644359183436
2005-10-18,-0.02007528945548236,0.8345738806961883,-0.38937406273728803
2005-10-19,0.01200882222490233,0.8445961300630157,-0.38204116441078584
2005-10-20,-0.01036847288741589,0.8358389579876409,-0.38844845384313176
2005-10-21,0.006137595612438963,0.8409689995088914,-0.38469499775665905
2005-10-24,0.01281016106474603,0.8517419478430586,-0.376812841573978
2005-10-25,0.0004701463125490717,0.8521423911790804,-0.376519852429416
2005-10-26,-0.008432801693579291,0.8449564433795748,-0.38177753687376226
2005-10-27,-0.007649656694614605,0.8384928166658184,-0.386506726477577
2005-10-28,0.00363815434637338,0.8415433829511741,-0.38427474325804045
2005-10-31,0.013989722123342464,0.8533163410333987,-0.3756609180118967
2005-11-01,-0.00029552878917047374,0.8530641614883537,-0.37584542818482847
2005-11-02,0.0018883928263690346,0.8546750817313409,-0.37466677916886726
2005-11-03,0.0017935623065289663,0.8562079947422638,-0.37354520507496414
2005-11-04,-0.013316215519378474,0.844806544554861,-0.3818872121373339
2005-11-07,-0.009587012875637993,0.8367073733347903,-0.3878130673931699
2005-11-08,-0.0036542716623651273,0.8336498172907211,-0.3900501647530652
2005-11-09,-0.005274488226652657,0.8292527411442701,-0.3932673379779238
2005-11-10,-0.012352382674999307,0.8190094939513639,-0.4007619320006415
2005-11-11,-0.0005249633016435084,0.8185795440233418,-0.401076509995289
2005-11-14,0.003957594063240592,0.8218191495670587,-0.3987062139469111
2005-11-15,0.006876246209069717,0.82747018037881,-0.3945715698300263
2005-11-16,0.015240031633488135,0.8400808521035513,-0.38534482140242277
2005-11-17,0.0036011648278349937,0.8431061217206842,-0.38313134679201066
2005-11-18,-0.009343688315192555,0.8352284009026953,-0.38889517521899863
2005-11-21,0.007877211429134945,0.8418076716082242,-0.3840813733088342
2005-11-22,0.004180747858960572,0.845327057228957,-0.38150637282900113
2005-11-23,-0.00569628418327393,0.8405118340831701,-0.3850294882949111
2005-11-25,0.003374728557463881,0.8433483333725369,-0.3829541297470618
2005-11-28,-0.01094850490832345,0.8341149300051813,-0.38970985948618675
2005-11-29,0.0010309489344497305,0.8349748599034789,-0.38908068151611874
2005-11-30,0.004876208055866952,0.8390463710417865,-0.386101711813843
2005-12-01,0.002882718869766292,0.8414651058481974,-0.3843320156343716
2005-12-02,-0.002839316461360871,0.8390759201215019,-0.3860800918771138
2005-12-05,0.008097515312602952,0.8458703502331223,-0.38110886602037686
2005-12-06,0.001616942015084644,0.8472380735417286,-0.3801081549430818
2005-12-07,-0.0060654079442516535,0.8420992289997962,-0.3838680518646669
2005-12-08,0.01377379187647837,0.8536981285193823,-0.3753815786426016
2005-12-09,-0.00592083283819068,0.8486435246061428,-0.37907983990311334
2005-12-12,0.0017077609981260376,0.8500928049187774,-0.37801945667074965
2005-12-13,0.001098538023799182,0.8510266641887387,-0.37733618739383923
2005-12-14,0.0012241160010594992,0.8520684195457005,-0.3765739746575473
2005-12-15,0.0034922606945471837,0.8550440645963447,-0.37439680845328616
2005-12-16,0.002756141397023077,0.8574006869390577,-0.37267255759895446
2005-12-19,-0.007269332585119913,0.8511679561869875,-0.3772328094175402
2005-12-20,0.012410782052239253,0.8617316161810741,-0.369503781545936
2005-12-21,-0.002829028070378741,0.859293753249765,-0.37128747304621024
2005-12-22,0.002156518492568966,0.8611468361191971,-0.36993164285532465
2005-12-23,8.985454415456684e-05,0.8612242140756067,-0.36987502835030717
2005-12-27,-0.004166593955218454,0.8576358424711514,-0.37250050324821504
2005-12-28,0.004835178096410994,0.861782664511365,-0.3694664314260119
2005-12-29,0.001581868264965492,0.8631458911596529,-0.36846901038388924
2005-12-30,-0.0037245473522151957,0.8599310634161588,-0.3708211774591057
2006-01-03,0.017690073964039245,0.8751433075319656,-0.3596909575517502
2006-01-04,0.0017278556773571846,0.8766554288643859,-0.3585845959374928
2006-01-05,-0.010367761595781684,0.8675664743762722,-0.3652346379306748
2006-01-06,0.0021297621102623066,0.8694141845815326,-0.36388273871363264
2006-01-09,0.0016352792258539093,0.8708359195362415,-0.362842509371044
2006-01-10,0.0032223606188638444,0.8736420669088473,-0.36078935816522706
2006-01-11,0.0009201150083446136,0.8744459180865314,-0.3602012108601812
2006-01-12,-0.0010060936805716494,0.8735661435743428,-0.36084490837877226
2006-01-13,0.007624125438526409,0.8802263214318032,-0.35597190978557924
2006-01-17,0.010234947472543538,0.889235391595608,-0.3493803161113921
2006-01-18,-0.004902761611451303,0.8848756824541493,-0.35257014932121566
2006-01-19,-0.0020772993206042228,0.8830375308001681,-0.3539150549101696
2006-01-20,0.00787294750555893,0.8899896389255962,-0.3488284620533454
2006-01-23,0.00022251821902361294,0.8901876778349994,-0.34868356452244265
2006-01-24,-0.0015416463918980219,0.888815323213353,-0.3496876641551805
2006-01-25,-0.006129813632783038,0.8833670509280933,-0.35367395757700915
2006-01-26,0.004897050658199994,0.887692944126273,-0.3505088662055498
2006-01-27,0.0024848294455986734,0.8898987096924881,-0.34889499151164205
2006-01-30,0.004674569708222403,0.8940586032442028,-0.3458513557620905
2006-01-31,-0.004698288299355832,0.8898580581696421,-0.34892473468335294
2006-02-01,-0.0026040445741810658,0.8875408281214742,-0.3506201636953843
2006-02-02,-0.004136517198942884,0.8838695002211856,-0.3533063345569051
2006-02-03,0.00671433062082742,0.8898040922713362,-0.3489642194767254
2006-02-06,0.004742042011640942,0.8940235806590168,-0.3458769804544026
2006-02-07,-0.020600698228826885,0.8756060706644051,-0.35935237138459053
2006-02-08,-0.014246605325019559,0.8631316565554582,-0.36847942530188393
2006-02-09,-0.008536195587237694,0.8557637959175644,-0.37387020844487173
2006-02-10,-0.002368534131998669,0.8537368901580049,-0.3753532182272312
2006-02-13,-0.003869274080057546,0.8504335481377276,-0.377770147829136
2006-02-14,-0.0013187651349448502,0.8493120260248561,-0.3785907228641008
2006-02-15,-0.0026071180910339498,0.847097769276874,-0.3802108102324582
2006-02-16,0.0020517935607280765,0.8488358390251833,-0.3789391307638843
2006-02-17,0.0008642926932133606,0.8495694816385905,-0.3784023523925627
2006-02-21,0.010368140877045955,0.8583779377090583,-0.3719575404133284
2006-02-22,-0.0022787496510118187,0.8564219092830676,-0.3733886919489321
2006-02-23,-0.0010372928550420714,0.8555335489556668,-0.37403867138166214
2006-02-24,0.0019952746405652202,0.8572405733500508,-0.3727897066166954
2006-02-27,-0.006923047635754634,0.8513058560254467,-0.37713191335542373
2006-02-28,0.0008460931887776437,0.8520261401117964,-0.3766049089098067
2006-03-01,0.01454750599528637,0.8644209954932136,-0.36753606508474
2006-03-02,0.0093031647927807,0.8724628464646265,-0.3616521488727328
2006-03-03,0.00021669137579674315,0.8726519016391585,-0.3615138243986351
2006-03-06,-0.01170224965572078,0.8624399112236376,-0.36898554902724856
2006-03-07,-0.012082413716373525,0.8520195554107212,-0.37660972668491166
2006-03-08,-0.0033410335098556566,0.8491729295250415,-0.37869249447777553
2006-03-09,-0.0010082723778501086,0.8483167319161834,-0.3793189416737446
2006-03-10,0.0008057056541822768,0.8490002255036257,-0.3788188554356072
2006-03-13,0.0038233951733370355,0.8522462888679784,-0.3764438344457117
2006-03-14,0.0033549254307861315,0.8551055116157946,-0.37435185000837023
2006-03-15,0.008082683276367787,0.8620170586340615,-0.3692949341695424
2006-03-16,0.0007614988468172231,0.8626734836301482,-0.36881465298923066
2006-03-17,-0.0008534591714433469,0.8619372270335831,-0.3693533439125176
2006-03-20,-0.011185817087750892,0.8522957548708622,-0.37640764205451405
2006-03-21,-0.004743428637540478,0.8482529507795535,-0.37936560790334406
2006-03-22,-0.006133676028982828,0.843050041988843,-0.38317237819690964
2006-03-23,0.008740408035032014,0.8504186433497763,-0.37778105309507226
2006-03-24,0.006817725966690264,0.8562165646170995,-0.37353893482379197
2006-03-27,0.0006952109508176086,0.8568118157490927,-0.3731034122310206
2006-03-28,0.006072723978481752,0.8620149974076387,-0.36929644229044756
2006-03-29,0.007393271515188061,0.8683881083336374,-0.36463347964270576
2006-03-30,-0.00023970971624111362,0.8681799472666016,-0.36478578317100974
2006-03-31,-0.0008266699941126978,0.8674622489547059,-0.3653108957038961
2006-04-03,0.007392161740727145,0.873874670202954,-0.3606191711898621
2006-04-04,0.004959402947653608,0.8782085668182383,-0.35744822402278786
2006-04-05,0.006353492884777071,0.8837882586988682,-0.3533657758860158
2006-04-06,2.5405345467175827e-05,0.8838107116449003,-0.35334934792016126
2006-04-07,-0.006784596544167065,0.8778144125449765,-0.3577366116995455
2006-04-10,-0.003273553057922814,0.8749408404905012,-0.35983909497830835
2006-04-11,-0.002815134261917906,0.8724777645532852,-0.3616412338751752
2006-04-12,0.004824865052518137,0.8766873520285775,-0.358561238973531
2006-04-13,-0.0021614288309234346,0.8747924547101971,-0.35994766320488536
2006-04-17,-0.0014328777565713838,0.8735389840602263,-0.3608647799613206
2006-04-18,0.013244453362057576,0.8851085303945511,-0.35239978334747
2006-04-19,0.003521142867878757,0.8882251239836485,-0.3501194904633672
2006-04-20,-0.00042006141122252186,0.8878520148845847,-0.35039248018732916
2006-04-21,-0.0014912047438906512,0.886528045748116,-0.35136117800254074
2006-04-24,0.0007301278789953024,0.8871753245898278,-0.35088758871520176
2006-04-25,-0.009730667756367445,0.8785425162645968,-0.35720388592594865
2006-04-26,-0.023897220402569537,0.8575477921203937,-0.3725649263378915
2006-04-27,-0.009853368439737163,0.8490980577699483,-0.37874727529069796
2006-04-28,0.0027199947581140007,0.8514076000362073,-0.3770574711360246
2006-05-01,0.01779126973369853,0.8665552223017724,-0.3659745325764133
2006-05-02,0.0048465642207207865,0.8707550378374589,-0.3629016874309724
2006-05-03,-0.0028941602812348356,0.8682349331922646,-0.3647455520624514
2006-05-04,-0.0003879793473749801,0.8678980759695165,-0.36499201766857925
2006-05-05,-0.0002218817447442056,0.8677055052301602,-0.3651329143476255
2006-05-08,-0.006185117339241491,0.8623386448644058,-0.36905964176720774
2006-05-09,0.007489219088779561,0.8687968879045167,-0.36433439119244926
2006-05-10,0.0028905228154207582,0.8713081651309713,-0.36249698524721263
2006-05-11,-0.012428108261796121,0.8604794529253367,-0.3704199417317817
2006-05-12,-0.014284711722446367,0.8481877519972099,-0.3794133113703442
2006-05-15,-0.009262769624206845,0.8403311842523858,-0.38516166289897
2006-05-16,0.0030794065181251424,0.8429189055785565,-0.3832683257161079
2006-05-17,-0.008675509650622509,0.8356061544785176,-0.3886187873082023
2006-05-18,-0.011581451271752054,0.8259286225180485,-0.39569946903145703
2006-05-19,0.0026905818816035532,0.8281508511052935,-0.3940735489717896
2006-05-22,-0.010463173522332747,0.8194857650475112,-0.400413462570669
2006-05-23,0.009797484486345986,0.8275146641173456,-0.39453902277198327
2006-05-24,-0.004880319131218263,0.8234761284706902,-0.3974938655623552
2006-05-25,0.011218527358968043,0.8327143179473957,-0.39073463400922037
2006-05-26,0.003747392375371676,0.8358348252333346,-0.3884514776221285
2006-05-30,-0.0101340008335712,0.8273644744176922,-0.39464891085767506
2006-05-31,0.006885348905584205,0.8330611674961433,-0.39048085739855476
2006-06-01,0.005289710016976802,0.8374678194986022,-0.38725667788439666
2006-06-02,0.005989803503211519,0.8424840871776618,-0.38358646578701927
2006-06-05,-0.015758822417038937,0.8292075300586478,-0.393300417208141
2006-06-06,-0.00262698171318869,0.8270292170407454,-0.3948942059175343
2006-06-07,-0.018793710752151423,0.8114862691521033,-0.40626638918597113
2006-06-08,-0.006000367704745155,0.8066170531498389,-0.40982900916952136
2006-06-09,-0.0017734984759765291,0.805186519035381,-0.4108756765223248
2006-06-12,-0.020322171388000243,0.7888233805962367,-0.4228479619928778
2006-06-13,-0.016532107937867854,0.7757824673243059,-0.43238950178177193
2006-06-14,0.017642726780220393,0.7894693854361938,-0.422375304844123
2006-06-15,0.024613137788285163,0.8089007041995677,-0.4081581486323351
2006-06-16,-0.005037760908993212,0.804825655852694,-0.4111397063754614
2006-06-19,-0.009366378492634872,0.7972873541393947,-0.4166551947648328
2006-06-20,0.003069833479278739,0.7997348935517373,-0.41486442335175866
2006-06-21,0.012249725980805246,0.8095314268550345,-0.40769667287619726
2006-06-22,-0.0005584546824027025,0.8090793402391552,-0.4080274474426322
2006-06-23,0.006839505901609369,0.814613043161591,-0.40397864767582536
2006-06-26,0.003586170683884066,0.8175343845756866,-0.40184121337515155
2006-06-27,-0.0017268446957789602,0.8161226296600651,-0.40287414070306826
2006-06-28,0.0018379109095044489,0.8176225903446107,-0.4017766765719193
2006-06-29,0.021131638641126386,0.8349002954685948,-0.38913523747454337
2006-06-30,0.002629667374397117,0.837095805536463,-0.38752886633836137
2006-07-03,0.002152668033956044,0.8388977949184001,-0.3862104193072071
2006-07-05,-7.691299227542553e-05,0.8388332727787797,-0.38625762770048566
2006-07-06,-0.0015444479730636804,0.8375377384308982,-0.3872055208633669
2006-07-07,-0.0041270817803645676,0.8340811516902522,-0.38973457379331977
2006-07-10,-0.007227881279120078,0.8280525121486833,-0.3941454998426933
2006-07-11,0.001590800109302076,0.8293697781755173,-0.39318170643762196
2006-07-12,-0.0037051031050513586,0.8262968776351635,-0.3954300307813018
2006-07-13,-0.010614316160420426,0.8175263013335756,-0.40184712757568464
2006-07-14,0.0058018010948628004,0.8222694263237319,-0.39837676358555796
2006-07-17,-0.016198743825959937,0.8089496945307947,-0.4081223042719805
2006-07-18,0.004436500024015326,0.8125385998700078,-0.405496438860669
2006-07-19,0.010717749037262131,0.8212471846665028,-0.3991246988906191
2006-07-20,-0.011343074892180558,0.8119317163458383,-0.4059404724319643
2006-07-21,-0.017605281030173947,0.7976374303022583,-0.41639905736345184
2006-07-24,0.0075918243330242545,0.8036929535545578,-0.4119684615263679
2006-07-25,0.004839438538888082,0.8075823762074226,-0.40912271903699693
2006-07-26,0.001322947141789535,0.8086507650037857,-0.40834101962699865
2006-07-27,0.003036596581855437,0.811106311152711,-0.4065443899895739
2006-07-28,0.004145520237076319,0.814468768780015,-0.4040842077484692
2006-07-31,0.012470877393178394,0.8246259089360434,-0.3966526149666416
2006-08-01,-0.006471784026771439,0.8192891081505292,-0.40055734893569483
2006-08-02,0.0010980426506027588,0.8201887225344527,-0.39989913533823584
2006-08-03,0.005741244604710012,0.8248976266125477,-0.3964538094867147
2006-08-04,-0.011511503460364763,0.8154018147293507,-0.40340153354729835
2006-08-07,0.00368435189912408,0.818406041953998,-0.4012034548544088
2006-08-08,-0.004792980895137047,0.8144834374304478,-0.40407347525536563
2006-08-09,0.0012264267912819357,0.815482341739168,-0.4033426149997832
2006-08-10,-0.0038435513609208854,0.8123479934747695,-0.40563589830390434
2006-08-11,-0.0037898057364965164,0.8092693523890674,-0.40788842278607973
2006-08-14,-0.0012710177392613444,0.8082407566863403,-0.4086410071043407
2006-08-15,0.009794870647949839,0.8161573703504841,-0.40284872226242585
2006-08-16,-0.0004748525466995383,0.8157698159446656,-0.4031322810674244
2006-08-17,-0.011247160589485437,0.806594721820681,-0.4098453481529388
2006-08-18,0.0017918836067107337,0.808040045679971,-0.4087878597068699
2006-08-21,0.0011363168255125674,0.8089582351795651,-0.40811605540440754
2006-08-22,0.006228298558956721,0.8139966685899902,-0.4044296254852132
2006-08-23,-0.00700197852657725,0.8082970813958177,-0.4085997964586313
2006-08-24,-0.004001722584637747,0.8050625007100993,-0.4109664160097021
2006-08-25,0.003893090793055992,0.8081966821194484,-0.40867325478706873
2006-08-28,-0.00568989642076014,0.8035981267105867,-0.4120378427181556
2006-08-29,-0.00686796722287212,0.798079041115977,-0.4160759475426564
2006-08-30,-0.004552063542994333,0.7944461346084851,-0.418734006933725
2006-08-31,-0.006153354127285344,0.7895576262071861,-0.42231074243121003
2006-09-01,0.0022520308222117973,0.7913357343173171,-0.42100976841750437
2006-09-05,0.005383672396933908,0.7955960266668686,-0.4178926746896394
2006-09-06,-0.0024390480256631358,0.7936555297488014,-0.4193124624121616
2006-09-07,-0.005567957694424734,0.7892364893352138,-0.4225457060551303
2006-09-08,-0.008977136870244033,0.7821514053474607,-0.4277295922881835
2006-09-11,-0.012325265014490725,0.7725111819950969,-0.43478297672318234
2006-09-12,-0.018012374718809655,0.7585964211105307,-0.44496387754389455
2006-09-13,0.009243756335318336,0.765608701584121,-0.4398332588706104
2006-09-14,-0.006843846305043503,0.7603689933006753,-0.4436669539520971
2006-09-15,0.004383867477509295,0.7637023502013125,-0.4412280636048641
2006-09-18,0.008894594365279953,0.7704951728221642,-0.4362580138879273
2006-09-19,-0.0001758332460644116,0.77035969415485,-0.4363571384712881
2006-09-20,-0.007551963843318175,0.764541965598243,-0.4406137489820974
2006-09-21,0.004216732621620817,0.7677658346451792,-0.43825496672934394
2006-09-22,-0.004153325489836135,0.7645770532339221,-0.4405880766948158
2006-09-25,-0.00827782042933734,0.7582480216828598,-0.44521878814196636
2006-09-26,0.0004969793141522664,0.7586248552646331,-0.44494307335579253
2006-09-27,0.009179973314885318,0.7655890111919712,-0.43984766558095645
2006-09-28,0.001633934307966382,0.7668399333431598,-0.43893241346406164
2006-09-29,0.004678867142889905,0.770427875511135,-0.43630725276847815
2006-10-02,0.00034909441109440026,0.7706968275766273,-0.4361104707808452
2006-10-03,-0.006856338612962429,0.765412669158826,-0.4399766883334757
2006-10-04,-0.0011729163315396707,0.7645149041388022,-0.4406335488217723
2006-10-05,0.0021286009678687765,0.7661422513037021,-0.439442880852401
2006-10-06,-0.00039377464810815504,0.7658405639082941,-0.43966361403473797
2006-10-09,-0.003492360363938294,0.7631659726778046,-0.44162051061955554
2006-10-10,-0.007058199991320916,0.7577793946160737,-0.44556166472665437
2006-10-11,0.002369109501650232,0.7595746569800134,-0.4442481395984792
2006-10-12,-0.0029135736953820168,0.7573615802397575,-0.4458673636001047
2006-10-13,0.007068606186454759,0.7627150709912234,-0.4419504182183319
2006-10-16,0.004365979969644811,0.7660450697137172,-0.4395139849222045
2006-10-17,-0.0006488669301071858,0.7655480084010083,-0.439877665762176
2006-10-18,2.986894404660999e-05,0.7655708745116362,-0.43986093549951555
2006-10-19,0.0033770694309488364,0.7681562605091741,-0.43796930698771075
2006-10-20,-0.002114700389307161,0.7665318401660266,-0.4391578335130264
2006-10-23,-0.00406013200684934,0.7634196197074994,-0.4414349267439709
2006-10-24,-0.002443220092894909,0.7615544175533199,-0.4427996241541393
2006-10-25,-0.009696552347782607,0.754169965277829,-0.4482025467667329
2006-10-26,2.101260260765366e-05,0.754185812351608,-0.44819095206612813
2006-10-27,-0.005860732469263225,0.7497657310733012,-0.4514249572701875
2006-10-30,0.004352920898871822,0.7530294019933481,-0.44903705350208933
2006-10-31,0.0023130617350560724,0.754771205488471,-0.44776264219311135
2006-11-01,-0.009635383280926887,0.7474986956341824,-0.4530836607976271
2006-11-02,-0.004604362270556089,0.7440569408427145,-0.45560186175500117
2006-11-03,-0.004774344861156225,0.7405045564107944,-0.45820100620875415
2006-11-06,0.011294603445742915,0.74886826172522,-0.4520816014265796
2006-11-07,0.0016710387339487834,0.7501196495971877,-0.45116600855952027
2006-11-08,-4.654223022169306e-05,0.7500847373557623,-0.4511915525175034
2006-11-09,-0.0030709244354416403,0.7477812838071647,-0.4528769017892541
2006-11-10,-0.0017369889883039052,0.7464823959515319,-0.4538272485860929
2006-11-13,-0.00017389362782538537,0.7463525874195921,-0.4539222245472556
2006-11-14,-0.00019584810576912654,0.7462064156791101,-0.45402917284518074
2006-11-15,-0.004676655193666914,0.7427166655696767,-0.45658249014958496
2006-11-16,0.009374983105720698,0.7496796217617296,-0.4514879601753845
2006-11-17,-0.005122505133559006,0.7458393840507306,-0.45429771591520507
2006-11-20,0.007017308681369734,0.7510731692353372,-0.4504683545396536
2006-11-21,-0.0010014029560174418,0.7503210423434795,-0.4510186571538427
2006-11-22,0.00033273691154865945,0.7505707018497788,-0.4508359907973263
2006-11-24,-0.0007132462755250084,0.7500353600921662,-0.45122767998154245
2006-11-27,-0.004928175790048718,0.7463390539888796,-0.45393212644330627
2006-11-28,0.0034460358696336794,0.7489109651398338,-0.45205035696377527
2006-11-29,-0.004575155738987084,0.7454845808396839,-0.45455731191778836
2006-11-30,-0.006598698476653322,0.7405653528717286,-0.4581565237527381
2006-12-01,0.000529044678210894,0.7409571450305328,-0.45786986434520627
2006-12-04,0.010427921680594318,0.7486837881075878,-0.4522165737499081
2006-12-05,-0.006270021704032898,0.7439895245066956,-0.45565118772160573
2006-12-06,-0.005923849708118355,0.7395822423791035,-0.4588758282743357
2006-12-07,0.0004363092027884236,0.7399049289176723,-0.4586397308183606
2006-12-08,0.0007626027619432518,0.7404691824600403,-0.4582268879818764
2006-12-11,-0.0016169441879333578,0.7392718851191178,-0.4591029048665326
2006-12-12,-0.000105566528619132,0.7391938427525,-0.4591600054952061
2006-12-13,-0.0005951042065553873,0.7387539453872182,-0.45948186165100924
2006-12-14,0.0006641552231402713,0.7392445926786626,-0.45912287370622273
2006-12-15,-0.002742026114087347,0.7372175647008399,-0.4606059729110328
2006-12-18,0.00524655906255194,0.7410854201959935,-0.45777601028992276
2006-12-19,-0.0012819345116328131,0.7401353972197764,-0.45847110593536733
2006-12-20,0.00019211104700304085,0.7402775854058603,-0.45836707225254614
2006-12-21,0.00035449382233540777,0.7405400092367,-0.4581750667256863
2006-12-22,-0.005468454801306498,0.7364903996676301,-0.4611380118835178
2006-12-26,0.0007253763965821631,0.7370246324198584,-0.4607471341163226
2006-12-27,0.0008617036048662246,0.7376597292024897,-0.4602824579778564
2006-12-28,-0.007710190882662721,0.7319722318838853,-0.4644437832495686
2006-12-29,0.006142226074078323,0.7364681708120637,-0.4611542758909093
2007-01-03,0.0007826476862511162,0.7370445659219474,-0.46073254953168896
2007-01-04,-0.010343443299730803,0.7294209872449591,-0.46631043182899834
2007-01-05,-0.004971347490713933,0.7257947820503448,-0.4689635881245455
2007-01-08,0.006878127298930983,0.7307868909541868,-0.4653110520832986
2007-01-09,0.0051694915336047385,0.7345646875998437,-0.4625469820939313
2007-01-10,0.0021234949028771525,0.7361245319697955,-0.46140570334987174
2007-01-11,-0.0005197267801781999,0.7357419483369847,-0.4616856252294921
2007-01-12,-0.0007670594763618984,0.7351775905033558,-0.46209854437192166
2007-01-16,0.005935408429408832,0.7395411697711419,-0.45890587953799544
2007-01-17,0.0032767217943163204,0.7419644404399253,-0.45713286464070113
2007-01-18,-8.454793390257039e-05,0.741901708879457,-0.4571787629353794
2007-01-19,-0.002800309558191193,0.7398241544328434,-0.45869883043392057
2007-01-22,-0.00020140618834947995,0.7396751492698502,-0.458807851839232
2007-01-23,0.008469735986297773,0.7459400024997912,-0.45422409722645296
2007-01-24,0.007436863524739221,0.7514874564960258,-0.45016523632243477
2007-01-25,-0.003204523401038687,0.7490792973560972,-0.45192719468934417
2007-01-26,0.0019303574762256721,0.7505252881780345,-0.4508692182520967
2007-01-29,-0.0010888798619879806,0.7497080563058247,-0.45146715570193974
2007-01-30,-0.004308013309939405,0.7464783040206905,-0.4538302424961146
2007-01-31,-0.0006551287842958064,0.7459892645968742,-0.4541880540253673
2007-02-01,-0.0014299360003012264,0.7449225476915888,-0.4549685301763109
2007-02-02,0.0021373644059820745,0.7465147186302383,-0.45380359931256964
2007-02-05,0.006796744333231994,0.7515885883137626,-0.45009124202136574
2007-02-06,-0.001990883741189557,0.7500922628132252,-0.4511860464267631
2007-02-07,0.005587467299916038,0.7542833788036142,-0.4481195664074349
2007-02-08,0.002952752236654378,0.7565105907374478,-0.44649000022277874
2007-02-09,-0.0032203621333295207,0.7540743526775741,-0.44827250286648057
2007-02-12,0.0031756485638295344,0.7564690278126752,-0.44652041023258326
2007-02-13,0.0020264037588393694,0.7580019394940803,-0.4453988371114377
2007-02-14,0.0004936659774862167,0.758376139262477,-0.4451250493862454
2007-02-15,0.00032758410486031467,0.7586245712312047,-0.44494328117223925
2007-02-16,0.002589236352153603,0.7605888295486735,-0.44350610813834335
2007-02-20,0.0007299682423247806,0.761144035239711,-0.4430998852702366
2007-02-21,0.0021794890531593196,0.7628029403323934,-0.44188612756647994
2007-02-22,-0.012862678224269883,0.7529912515623709,-0.44906496672009355
2007-02-23,-0.002186331141574395,0.751344963339747,-0.4502694931403377
2007-02-26,-0.004755377937827545,0.7477720340773834,-0.45288366946440883
2007-02-27,-0.0036238416973093726,0.7450622266002119,-0.4548663324362826
2007-02-28,0.004494347945958883,0.7484107954879442,-0.45241631205719457
2007-03-01,0.004446690771505852,0.7517387468655359,-0.44998137672539207
2007-03-02,-0.0020179432539327168,0.7502217807325787,-0.4510912830957664
2007-03-05,-0.0020880264147916734,0.7486552978374571,-0.4522374189959718
2007-03-06,0.008762015215049958,0.7552150269479367,-0.4474379149269795
2007-03-07,-0.0038451878578473313,0.7523110832962526,-0.44956261994720903
2007-03-08,0.008302667997637245,0.7585572724518043,-0.4449925211271415
2007-03-09,0.004517278967499474,0.7619838872642946,-0.4424853975160242
2007-03-12,0.009181718928067238,0.7689802091448713,-0.4373664551377232
2007-03-13,-0.006569099228425981,0.7639287018463029,-0.44106245072316463
2007-03-14,-0.0033910446792625427,0.7613381854865711,-0.4429578329256798
2007-03-15,-0.000673326490447217,0.7608255563180939,-0.44333290417306714
2007-03-16,0.001597569958163855,0.762041028370271,-0.4424435895440757
2007-03-19,0.006816984343158856,0.7672358501295159,-0.43864273622356975
2007-03-20,0.0034063624453567953,0.7698493335161285,-0.4367305499218135
2007-03-21,0.0007113677925424134,0.7703969795371021,-0.4363298581765048
2007-03-22,0.0013861592217125915,0.771464872414667,-0.4355485216114121
2007-03-23,0.0007008167505647971,0.7720055279197275,-0.43515294456047626
2007-03-26,-0.0011127471891273363,0.7711464809385441,-0.43578147653370347
2007-03-27,-0.003105520744526435,0.7687516695449209,-0.4375336688627741
2007-03-28,-0.001849653530917017,0.7673297453049488,-0.43857403669818396
2007-03-29,0.0037648785015446475,0.7702186485666432,-0.4364603361587399
2007-03-30,0.0037773240193744767,0.7731280139680442,-0.43433166425064207
2007-04-02,0.0005030474081763471,0.7735169340116594,-0.43404710626045584
2007-04-03,-0.0011526400504531028,0.772625347413814,-0.4346994462324498
2007-04-04,0.0013386650957510203,0.7736596339984892,-0.4339426981125126
2007-04-05,-0.0016598214300617856,0.7723754971584048,-0.4348822521528284
2007-04-09,0.00716015027365668,0.7779058217857493,-0.4308359241559322
2007-04-10,-0.0033991740632933606,0.7752615844926503,-0.43277061192029975
2007-04-11,-0.0024006401697881435,0.7734004603908236,-0.4341323255748082
2007-04-12,-0.003787537046200736,0.7704711774955446,-0.436275570354941
2007-04-13,0.0002995766669303282,0.7707019926828645,-0.4361066916692409
2007-04-16,-0.005183554281498851,0.7667070170689336,-0.43902966324194725
2007-04-17,-0.0015600472712791582,0.7655109178790847,-0.4399048034850752
2007-04-18,-0.007800762511052336,0.7595393490090923,-0.4442739730966694
2007-04-19,-0.0008010968306082329,0.7589308844438788,-0.4447191634555081
2007-04-20,0.000983140068595883,0.7596770198056704,-0.4441732446157779
2007-04-23,0.010281880207585489,0.7674879279197678,-0.4384583005007464
2007-04-24,0.0009151805464464694,0.7681903179410325,-0.4379443884613462
2007-04-25,-0.0023823685298228962,0.7663602055026552,-0.43928341206228627
2007-04-26,-0.0057303873311234585,0.7619686646899656,-0.4424965352941552
2007-04-27,0.00445407986186576,0.7653625339747339,-0.4400133703390886
2007-04-30,0.008110440116055119,0.7715699609736082,-0.4354716323134322
2007-05-01,-0.006922265665032146,0.7662289487245904,-0.4393794476500056
2007-05-02,-0.002168940129645745,0.7645670440092053,-0.44059540006350173
2007-05-03,0.0019979384139988906,0.7660946018765089,-0.43947774412432083
2007-05-04,0.00038735094242189227,0.7663913493425302,-0.4392606253002589
2007-05-07,0.00388537046268237,0.7693690636541209,-0.4370819450965375
2007-05-08,-0.0019947790006741603,0.7678343424021754,-0.4382048422115593
2007-05-09,-0.002557203251134096,0.7658708339254522,-0.4396414666155273
2007-05-10,0.003974912132801062,0.7689151031953809,-0.43741409068245873
2007-05-11,-0.0038821678665427626,0.7659300456896564,-0.43959814362178096
2007-05-14,0.003244051082832386,0.7684147618837498,-0.4377801713727759
2007-05-15,0.004385270976578379,0.771784468837013,-0.43531468507584015
2007-05-16,-0.005759031326388284,0.7673397379037606,-0.43856672549403986
2007-05-17,0.0009124409408369636,0.7680398900961551,-0.43805445078883243
2007-05-18,0.00039736621651198306,0.7683450832014129,-0.43783115261205663
2007-05-21,-0.0005452553611662907,0.7679261389255716,-0.4381376781899756
2007-05-22,-0.005604570133612282,0.7636222430225291,-0.4412866749779941
2007-05-23,-0.007461095510501739,0.7579247845333944,-0.4454552884589733
2007-05-24,-0.006119411966727133,0.7532867305370416,-0.44884877600286277
2007-05-25,0.002959302091742021,0.7555159335344014,-0.44721775303282185
2007-05-29,0.003534459027799972,0.7581862736463287,-0.4452639668296212
2007-05-30,0.006262292246810166,0.7629342576694219,-0.44179004767007224
2007-05-31,-0.001858672417225879,0.761516212808535,-0.4428275771114889
2007-06-01,-0.002158227418888851,0.7598726876381232,-0.44403008191161564
2007-06-04,-0.004102662583832965,0.7567551863940737,-0.4463110388922935
2007-06-05,-0.00019602428674345243,0.7566068439984214,-0.4464195753759723
2007-06-06,-0.0017860654186238098,0.7552554946788617,-0.44740830622882044
2007-06-07,-0.006198562890282363,0.7505739959968635,-0.45083358059530876
2007-06-08,-0.004820598198726,0.7469557803437504,-0.4534808912474918
2007-06-11,0.0007632357457988357,0.7475258836958397,-0.45306376832792983
2007-06-12,-0.0007950439160424275,0.7469315677899231,-0.45349860665138386
2007-06-13,0.0027862325326040867,0.7490126928237283,-0.45197592669012254
2007-06-14,-0.0002490847563893769,0.7488261251796037,-0.45211243113291855
2007-06-15,0.003302624542243316,0.7512992167184949,-0.450302964201588
2007-06-18,-0.003548082876445555,0.7486335448325689,-0.4522533348415373
2007-06-19,0.004903092605769165,0.7523041644306683,-0.4495676822177641
2007-06-20,-0.007628950750558565,0.7465648730107866,-0.4537669032616406
2007-06-21,-0.0009923625357509775,0.745824010000303,-0.45430896452263103
2007-06-22,-0.007360219588139785,0.7403345815125938,-0.45832537037102383
2007-06-25,0.002760337492140967,0.7423781548146715,-0.45683016558231737
2007-06-26,5.182159824014516e-06,0.7423820019369195,-0.45682735078942394
2007-06-27,0.006411120706470624,0.7471415025616484,-0.4533450053708815
2007-06-28,0.0015233629883074,0.7482796702736791,-0.4525122513846901
2007-06-29,0.003015825274337651,0.7505363510155636,-0.45086112399502587
2007-07-02,0.01189499274956601,0.7594639754691794,-0.44432912104644184
2007-07-03,-0.00015401639395504286,0.7593470055663389,-0.4444147034714441
2007-07-05,0.0025829928069327915,0.7613083934196827,-0.4429796306468732
2007-07-06,-0.004879979824148034,0.7575932238198401,-0.445697878810956
2007-07-09,0.0026511283414178285,0.759601700686775,-0.4442283527477636
2007-07-10,-0.0003686023574277283,0.7593217097091958,-0.44443321148713233
2007-07-11,0.0018167142438185796,0.7607011802748651,-0.4434239053890484
2007-07-12,0.006051811965587659,0.7653048007798892,-0.4400556115199219
2007-07-13,0.0009443865724852426,0.7660275443576041,-0.4395268075581029
2007-07-16,-0.0007696981060370648,0.7654379344075398,-0.43995820271280994
2007-07-17,0.0023222786828579474,0.7672154946056652,-0.4386576295854605
2007-07-18,0.0005089955170441827,0.7676060038530262,-0.4383719088353927
2007-07-19,0.0037631550962722127,0.7704946242983549,-0.4362584152219169
2007-07-20,-0.0023482885857093877,0.7686852805667647,-0.437582243150741
2007-07-23,0.00903014272168164,0.7756266183583385,-0.43250353053718416
2007-07-24,-0.00261198768324021,0.7736006911843932,-0.4339858243257033
2007-07-25,0.0005122465807836239,0.7739969654933443,-0.4336958854995391
2007-07-26,0.00046145772837590654,0.7743541323748107,-0.4334345600892918
2007-07-27,-0.0013864032632998238,0.7732805652787365,-0.4342200482640569
2007-07-30,0.010655872881295011,0.7815205446839227,-0.42819116901957344
2007-07-31,0.003514986158306219,0.7842675785809186,-0.42618126889348007
2007-08-01,0.0008499406098887354,0.7849341594449736,-0.4256935570511977
2007-08-02,0.00178259940628788,0.7863333826115753,-0.42466979872696997
2007-08-03,0.001526693183684247,0.7875338724269116,-0.4237914460303188
2007-08-06,0.0017849905931294114,0.7889396129809644,-0.4227629191818022
2007-08-07,-0.002711028012524064,0.7868007755899831,-0.424327825077768
2007-08-08,-0.018613704260568496,0.7721554986411652,-0.43504321669280877
2007-08-09,-0.015460594530519378,0.7602175155621631,-0.4437777844467877
2007-08-10,0.003759362095220747,0.7630754484742904,-0.4416867437331172
2007-08-13,0.019246276983115963,0.7777618099146419,-0.4309412921596595
2007-08-14,-0.002172675913782778,0.7760719855635803,-0.43217767230771253
2007-08-15,-0.0014587522675622384,0.7749398887948479,-0.4330059844158062
2007-08-16,-0.016950418113009826,0.7618043336673259,-0.44261677004753264
2007-08-17,0.008757099844986849,0.7684755302795944,-0.43773570945091755
2007-08-20,0.0051276999986300505,0.7724160422551563,-0.4348525868490394
2007-08-21,0.002525663781491824,0.7743669054773235,-0.4334252144964401
2007-08-22,0.008290534071909059,0.780786820691342,-0.4287280069329382
2007-08-23,0.0025072127490470084,0.7827444193624673,-0.42729570650874693
2007-08-24,0.005776657540465446,0.7872660658148347,-0.42398738993329377
2007-08-27,-0.001216041211214702,0.7863087178346131,-0.4246878450053142
2007-08-28,-0.002162481348936377,0.7846083398977897,-0.42593194681030655
2007-08-29,0.006134225417435377,0.7894213043191225,-0.4224104839670927
2007-08-30,0.0045400463274239055,0.7930053136125867,-0.41978820080606893
2007-08-31,0.006400651912018557,0.798081064589402,-0.4160744670441826
2007-09-04,0.0033928865091730344,0.8007888630666739,-0.4140932739810551
2007-09-05,0.00014016292952632857,0.8009011039796533,-0.41401115157790713
2007-09-06,0.0011033478921193551,0.8017847765245254,-0.41336460201719516
2007-09-07,-0.007698798273548037,0.7956119972712613,-0.4178809896063873
2007-09-10,0.003812257753176833,0.7986450752763791,-0.41566180189574264
2007-09-11,0.0001501415573857581,0.7987649850917795,-0.4155740684486393
2007-09-12,-0.004090088102144601,0.7954979659298459,-0.4179644219978623
2007-09-13,0.0023167610389265014,0.7973409446238575,-0.41661598464747784
2007-09-14,-0.0006064093969085148,0.7968574295824977,-0.4169697541963938
2007-09-17,-0.001933643768646281,0.7953165911792861,-0.4180971269981243
2007-09-18,0.00385301534989247,0.7983809582131242,-0.41585504629630143
2007-09-19,0.003537089200523534,0.8012049028783235,-0.4137888734890157
2007-09-20,0.008270877571653956,0.807831570539839,-0.408940393030502
2007-09-21,0.004708090528445033,0.8116349147056766,-0.40615763089318235
2007-09-24,0.0029070762491955784,0.8139943992892354,-0.4044312858461858
2007-09-25,0.004163329911028727,0.8173833265192061,-0.4019517368044764
2007-09-26,0.007204128666373168,0.8232718611731985,-0.39764332016771486
2007-09-27,0.0034901785965581987,0.8261452270022138,-0.39554098777627045
2007-09-28,0.004821184737978019,0.8301282257619903,-0.3926267792118041
2007-10-01,-0.0013200242363538418,0.8290324363847031,-0.3934285265837567
2007-10-02,-0.01406463257485784,0.8173723997743131,-0.40195973148774633
2007-10-03,-0.010454871590950326,0.8088268762926857,-0.4082121657012595
2007-10-04,0.0056500534270840395,0.8133967913570008,-0.40486853281997326
2007-10-05,0.00013420413527676325,0.8135059525700218,-0.4047886637160444
2007-10-08,0.007984264907795025,0.820001199599409,-0.4000363387310306
2007-10-09,0.003734208132014153,0.8230632547472145,-0.39779594954820696
2007-10-10,0.001927412253144477,0.8246496369495273,-0.3966352540824729
2007-10-11,-0.007137189421297006,0.8187639562844147,-0.4009415825642191
2007-10-12,0.011856183119984298,0.8284713716821656,-0.39383903626753247
2007-10-15,0.008944314478363616,0.8358814801668122,-0.3884173419834013
2007-10-16,0.012498212268064838,0.8463285043368812,-0.38077365210404246
2007-10-17,0.011661321119887533,0.8561978127988676,-0.3735526548153326
2007-10-18,0.011875976538288641,0.8663659979358009,-0.3661129808414464
2007-10-19,-0.005165794637078593,0.8618905291099169,-0.36938751100552936
2007-10-22,-0.005032184587149943,0.8575533368735195,-0.3725608694531115
2007-10-23,0.008933588142620266,0.8652143651954772,-0.36695558667624195
2007-10-24,0.007116782369263607,0.8713719075353339,-0.3624503473565387
2007-10-25,-0.002442635512765766,0.8692434635691616,-0.3640076487792371
2007-10-26,-0.008688991590363872,0.8616906144242304,-0.36953378097053
2007-10-29,0.0012603019285835034,0.8627766047674316,-0.3687392031787804
2007-10-30,-0.008868833903026447,0.8551247823643322,-0.37433775033527994
2007-10-31,0.005495147623604225,0.8598238192800267,-0.37089964391085584
2007-11-01,0.013731457910535922,0.8716304538649466,-0.36226117884971465
2007-11-02,0.015659430895153658,0.8852796907233562,-0.35227455185075496
2007-11-05,0.003625942501013572,0.8884896639792342,-0.3499259366193225
2007-11-06,0.005815478332816108,0.8936566563690366,-0.34614544498900646
2007-11-07,0.005522766640651993,0.8985921135390282,-0.34253435886475325
2007-11-08,-0.003569351760032013,0.8953847221970168,-0.3448810850080999
2007-11-09,-0.019823920488882936,0.8776346866572227,-0.3578681102896626
2007-11-12,-0.03251952534235481,0.8490944232231435,-0.3787499345502321
2007-11-13,-0.010219089097759421,0.8404174516598156,-0.38509854432105206
2007-11-14,0.015414178709842926,0.8533717964505708,-0.3756203433942742
2007-11-15,0.0010533074691943052,0.8542706593377719,-0.3749626796383585
2007-11-16,0.015588495424750565,0.8675874536023573,-0.3652192882296027
2007-11-19,0.010925443967420196,0.8770662317135267,-0.35828402713155605
2007-11-20,0.026331295484182407,0.900160521819974,-0.3413868142330375
2007-11-21,0.001179592036079879,0.9012223440027064,-0.34060991936424956
2007-11-23,-0.006886643109371764,0.8950159473573682,-0.3451509035194479
2007-11-26,0.017836374737392642,0.9109797871903768,-0.3334707696381778
2007-11-27,-0.0028857922239247037,0.9083508888043502,-0.3353942345081744
2007-11-28,-0.0007021698117660253,0.9077130722317409,-0.33586090061342844
2007-11-29,0.008463651126925452,0.91539563899846,-0.3302398589764701
2007-11-30,-0.017780384727668644,0.8991195523590373,-0.342148451959126
2007-12-03,0.008699915840953186,0.9069418167955163,-0.33642519885532973
2007-12-04,0.006963873102046821,0.91325764451862,-0.3318041481464423
2007-12-05,0.006142402683624227,0.9188672407251516,-0.3276998201528305
2007-12-06,-0.01600856748685681,0.904157492490541,-0.33846238295333986
2007-12-07,0.0022703240616762446,0.9062102230012871,-0.33696047818365493
2007-12-10,-0.01591172460842969,0.8917908554955469,-0.3475105804593015
2007-12-11,0.022184532357493132,0.9115748185854045,-0.333035407818579
2007-12-12,0.020748231924526083,0.9304883843379722,-0.3191970717745519
2007-12-13,0.004442108271285228,0.9346217144863749,-0.3161728714559663
2007-12-14,0.010574596725863123,0.9445049622083029,-0.30894167534140826
2007-12-17,-0.014897380910482346,0.9304343120144452,-0.3192366344352071
2007-12-18,-0.0011755099958854708,0.9293405771801574,-0.32003687857626106
2007-12-19,0.008080722961291949,0.9368503209210375,-0.3145422849681405
2007-12-20,0.01425390299383123,0.9502040945151857,-0.3047718371917031
2007-12-21,0.0028688484948052105,0.9529300861014933,-0.30277733292328435
2007-12-24,-0.0007304521343928418,0.9522340162861733,-0.3032866207085976
2007-12-26,0.00825349729044903,0.9600932771594647,-0.29753629872039633
2007-12-27,0.0008189017376552491,0.9608794992124416,-0.2969610499747788
2007-12-28,0.014810652146114985,0.9751107512296102,-0.28654858464078536
2007-12-31,-0.01126554130207214,0.9641256007875385,-0.2945860010275364
2008-01-02,0.004577318453374415,0.968538710691394,-0.2913570965127711
2008-01-03,0.02164879575759736,0.9895064074224785,-0.2760158310301054
2008-01-04,0.015274004556020356,1.004620132797661,-0.2649576935347725
2008-01-07,-0.006287323444039537,0.9983037610843681,-0.2695791422605722
2008-01-08,0.025650737209673848,1.0239109885153723,-0.2508433087862336
2008-01-09,-8.815144977142777e-05,1.0238207292772978,-0.25090934803467
2008-01-10,-0.016472439087539866,1.006955904677717,-0.26324869817021435
2008-01-11,-0.009523906775998786,0.9973657505140249,-0.27026544888593695
2008-01-14,0.0074897147169180915,1.0048357354538,-0.2647999452790143
2008-01-15,-0.0018344931289191047,1.0029923712014175,-0.266148664727781
2008-01-16,-0.02910042886170048,0.9738048630544424,-0.2875040533049341
2008-01-17,-0.005629356756973093,0.9683229680686336,-0.29151494717677784
2008-01-18,0.0021191407776701005,0.9703749807562224,-0.2900135676109704
2008-01-22,-0.03982462037057451,0.9317301655305023,-0.3182885077491221
2008-01-23,-0.055726278704615446,0.8798083106486521,-0.35627775236243375
2008-01-24,-0.0019587819322679847,0.8780849580258943,-0.35753866387050515
2008-01-25,0.005829408539835465,0.8832036739789114,-0.3537934942711578
2008-01-28,-0.02155727118398055,0.8641642128682601,-0.367723943156007
2008-01-29,-0.014516755714684167,0.8516193520926792,-0.37690254021745495
2008-01-30,0.005047158025006214,0.8559176095398444,-0.3737576688729525
2008-01-31,-0.013310778107266183,0.8445246801611578,-0.38209344158396175
2008-02-01,-0.013917056799637458,0.8327713822186592,-0.3906928822543063
2008-02-04,0.01838394592082822,0.8480810062737804,-0.3794914131524938
2008-02-05,0.0014253448590189216,0.8492898141761043,-0.37860697442825364
2008-02-06,0.0011369334886572277,0.8502554002074166,-0.377900491887863
2008-02-07,-0.006213190163120529,0.8449726017187078,-0.38176571443214746
2008-02-08,0.027408045242391987,0.8681316490151958,-0.3648211211629059
2008-02-11,0.016088347135713856,0.8820984523440519,-0.3546021428669013
2008-02-12,-0.005012036395201833,0.8776773427967522,-0.3578369004162377
2008-02-13,0.006064301536646746,0.8829998428553547,-0.35394262974465396
2008-02-14,0.0026217735683680197,0.885314868504226,-0.35224881360766913
2008-02-15,0.0006313701782296122,0.8858738299105429,-0.35183984282566816
2008-02-19,0.009463861682386485,0.8942576173048623,-0.3457057447501364
2008-02-20,-0.010182616797357788,0.8851517346697286,-0.3523681724240584
2008-02-21,-0.0013961911863100446,0.8839158936192357,-0.3532723902736937
2008-02-22,-0.002363562609330617,0.8818267030632843,-0.3548009714704645
2008-02-25,-0.005157943641276787,0.877278290627511,-0.35812887169702645
2008-02-26,-0.006271052902572471,0.8717768320567075,-0.36215407949924816
2008-02-27,-0.010850319380521768,0.8623177750003528,-0.36907491145224425
2008-02-28,0.032097191439631044,0.8899957537063359,-0.34882398810106074
2008-02-29,0.006963170584331653,0.8961929459587239,-0.3442897384497836
2008-03-03,0.017358648293114395,0.9117496441103914,-0.33290749463734737
2008-03-04,-0.0001174897467583757,0.9116425228755978,-0.33298587116686695
2008-03-05,0.003186393711492839,0.9145473748776181,-0.3308605015412761
2008-03-06,0.016288512956886398,0.9294439916429985,-0.3199612141506668
2008-03-07,-0.007759190239766593,0.9222322588946325,-0.3252377644604917
2008-03-10,0.017863727975465198,0.938706765097725,-0.31318399543669706
2008-03-11,-0.03110499444194252,0.9095082963867465,-0.33454740344127576
2008-03-12,0.00841544618203606,0.9171622145071044,-0.3289473229282397
2008-03-13,-0.0033293196517020264,0.9141086883225474,-0.3311814717933419
2008-03-14,0.011425001179532155,0.924552381164853,-0.3235402193196879
2008-03-17,0.00607654984209419,0.9301704697906282,-0.3194296777462119
2008-03-18,-0.02634707514165025,0.9056631985285104,-0.33736071516580957
2008-03-19,-0.020050008148659135,0.8875046440180732,-0.35064663822635667
2008-03-20,-0.03395688985374619,0.8573677465764632,-0.3726966588082641
2008-03-24,-0.013177202912020305,0.8460700378096035,-0.3809627622225359
2008-03-25,0.014942380064630261,0.8587123378758507,-0.3717128725415062
2008-03-26,0.0338669705883835,0.887794323366574,-0.3504346908748095
2008-03-27,0.006297142731599273,0.8933848909371169,-0.3463442854097528
2008-03-28,0.019361451493130143,0.9106821191676913,-0.3336885619985064
2008-03-31,-0.004395450521755093,0.9066792609718426,-0.3366173009563215
2008-04-01,-0.03189267236019143,0.8777628363658871,-0.357774348026341
2008-04-02,-0.004009259988546167,0.8742436569466125,-0.36034919763641693
2008-04-03,-0.004579546955901463,0.8702400170687266,-0.363278508521221
2008-04-04,0.020875010974387254,0.888406286975387,-0.3499869403989734
2008-04-07,-0.005020007683337429,0.8839464805888453,-0.35325001095244024
2008-04-08,0.019382668795193632,0.901079722454776,-0.3407142701214363
2008-04-09,0.021423559049536363,0.9203840570971258,-0.32659002335686604
2008-04-10,0.0008857390330530694,0.9211992771818964,-0.3259935578553059
2008-04-11,0.003834856220748122,0.9247319439605461,-0.323408840057823
2008-04-14,0.02183283638192753,0.9449214651901786,-0.3086369359653468
2008-04-15,-0.005704022567488998,0.9395316118282291,-0.31258048648492887
2008-04-16,-0.004475872999587192,0.9353263876545885,-0.3156572889248602
2008-04-17,-0.013809989913136615,0.9224095396755881,-0.3251080548619365
2008-04-18,0.0007464101163084762,0.9230980354873813,-0.32460430868667045
2008-04-21,0.009258085986222133,0.9316441564736363,-0.3183514373017676
2008-04-22,0.01014815059579769,0.9410986216752256,-0.3114339650340969
2008-04-23,0.0103998063881935,0.9508858651328438,-0.30427301158496545
2008-04-24,-0.036134216242832855,0.9165263496598804,-0.3294125610303291
2008-04-25,-0.006524519654312133,0.9105464554778296,-0.3337878219558216
2008-04-28,-0.005990708486711336,0.9050916370994536,-0.33777890490478135
2008-04-29,-0.012395580701443358,0.8938725006695859,-0.34598751993123233
2008-04-30,0.014271180701053649,0.9066291166503442,-0.33665398964742677
2008-05-01,-0.029979012733232047,0.8794492708179646,-0.3565404481383252
2008-05-02,-0.004616993718717034,0.8753888590586678,-0.35951129684751904
2008-05-05,0.012080989762668713,0.8859644229033099,-0.3517735593816288
2008-05-06,0.0010695246213723569,0.8869119836672649,-0.35108026524316294
2008-05-07,0.008340077600796105,0.8943088984361258,-0.345668224298603
2008-05-08,0.021311780735018104,0.913368213588972,-0.33172324896689986
2008-05-09,0.0021881986720514654,0.9153668447010415,-0.33026092666772633
2008-05-12,-0.011469492957170103,0.9048680511225158,-0.3379424942524525
2008-05-13,0.014324281183065809,0.9178296355203673,-0.3284589963807655
2008-05-14,-0.015909638909523093,0.903227297438779,-0.33914297126128634
2008-05-15,-0.0015059034813099004,0.9018671243071519,-0.34013815816151205
2008-05-16,0.012368042665186837,0.9130214553789121,-0.33197695874852484
2008-05-19,0.004229488726411884,0.9168830693314093,-0.32915156282656843
2008-05-20,0.017628173912008493,0.9330460435345596,-0.317325729907476
2008-05-21,0.012827370884934216,0.9450145711876978,-0.30856881385139745
2008-05-22,0.0032027459786672643,0.9480412128053511,-0.3063543354004349
2008-05-23,0.008704851313236407,0.956293770601642,-0.3003162530260247
2008-05-27,-0.008034529691915164,0.9486103999075496,-0.3059378828660375
2008-05-28,0.006846178655270442,0.9551047561795643,-0.3011862096142832
2008-05-29,-0.016021565160613645,0.9398024830932215,-0.31238230029208325
2008-05-30,0.003851816580617666,0.9434224298801055,-0.3097337230352222
2008-06-02,0.0059245633081874615,0.9490117957922942,-0.3056441967778375
2008-06-03,-0.008668887286506012,0.9407849195010061,-0.3116634889727019
2008-06-04,0.0003691718596158295,0.9411322308192369,-0.3114093745028843
2008-06-05,0.009354845401976728,0.9499363773413684,-0.30496771565610836
2008-06-06,0.020070076978053308,0.9690016735588627,-0.29101836420709426
2008-06-09,0.026850654736167316,0.99502000293436,-0.2719817430901359
2008-06-10,-0.012503312331857424,0.982578957061226,-0.28108438273957426
2008-06-11,0.019621560361629285,1.0018586893772696,-0.2669781365605809
2008-06-12,-0.011612441553071255,0.9902246639024395,-0.2754903101068945
2008-06-13,-0.0023316063158115986,0.9879158498220121,-0.277179581475716
2008-06-16,-0.004801881918134203,0.9831719945661135,-0.280650479773486
2008-06-17,0.01994524610829285,1.002781601964516,-0.26630287655468576
2008-06-18,0.01988488342265574,1.0227217972179643,-0.2517133947874378
2008-06-19,-0.004874141352766526,1.0177369066137685,-0.2553606494736257
2008-06-20,0.005830411138837718,1.0236707312104956,-0.2510190959098998
2008-06-23,0.04526357744955707,1.0700057306354867,-0.21711754074937828
2008-06-24,-0.011403409111931198,1.0578040175369394,-0.2260450697187678
2008-06-25,-0.016041045336258337,1.040835735334753,-0.2384601158436298
2008-06-26,0.011205155309961657,1.052498461401337,-0.22992694316692752
2008-06-27,0.018843101527487877,1.0723307967670472,-0.21541637837343897
2008-06-30,0.021624651574287713,1.095519576619513,-0.1984500309248719
2008-07-01,0.0007896149942890573,1.0963846153037489,-0.19781711505061828
2008-07-02,-0.004163348547587308,1.091819984008027,-0.2011568819995716
2008-07-03,0.013468865554211312,1.106525560582032,-0.190397371444317
2008-07-07,0.014023085951989972,1.1220424636261477,-0.17904424419712373
2008-07-08,-0.04690490407483178,1.0694131695018754,-0.21755109517273863
2008-07-09,0.037220958173785235,1.1092177523543998,-0.18842759721303903
2008-07-10,0.0410439396460152,1.1547444188363223,-0.15511746849467956
2008-07-11,0.034540485840950486,1.1946298520850547,-0.1259348153779538
2008-07-14,0.03447711749012612,1.235817245852603,-0.09579956731371064
2008-07-15,-0.000662768985617272,1.2349981845101612,-0.09639884331727677
2008-07-16,-0.08198689550571844,1.1337445174069747,-0.17048229692906947
2008-07-17,-0.07955983320404969,1.04354399270607,-0.2364785870251992
2008-07-18,-0.01225149637224703,1.0307590172651513,-0.24583286684639294
2008-07-21,0.011344367591302652,1.0424523264550571,-0.2372773176626194
2008-07-22,-0.042916002418155026,0.9977144398921005,-0.2700103261421921
2008-07-23,-0.04311392895634829,0.9546990504118698,-0.30148304907976553
2008-07-24,0.05727984210844163,1.009384061280541,-0.26147210842098434
2008-07-25,0.0124526899778937,1.0219536080642946,-0.25227544954712344
2008-07-28,0.027947590084151326,1.0505147485874948,-0.23137835031521026
2008-07-29,-0.0507889933897507,0.9971601619656489,-0.27041587020027025
2008-07-30,0.016908877204853737,1.0140210206978981,-0.25807942173887655
2008-07-31,-0.024835601062237717,0.988837199159122,-0.2765054652404345
2008-08-01,-0.020159700121813447,0.9689025377547802,-0.29109089810095834
2008-08-04,-0.01885932780585597,0.9506296871833371,-0.3044604472382273
2008-08-05,-0.03821891481952185,0.9142976521439684,-0.33104321415883786
2008-08-06,0.016314774327620185,0.9292142120069702,-0.3201293351629092
2008-08-07,0.011592819843629717,0.9399864249629073,-0.3122477170284841
2008-08-08,-0.035489201575935485,0.9066270572487557,-0.33665549643317005
2008-08-11,-0.024436796609778842,0.8844719962498455,-0.3528655111490474
2008-08-12,0.022037369333657107,0.9039634322964804,-0.3386043694096915
2008-08-13,0.03290658981735188,0.9337097861729462,-0.31684009468686747
2008-08-14,-0.037602628046406565,0.8985998443801951,-0.3425287025025755
2008-08-15,-0.024925505183139848,0.8762017893015279,-0.3589165067361132
2008-08-18,0.030985152003234397,0.9033510349285419,-0.3390524372505671
2008-08-19,0.03953548855380197,0.9390654594300244,-0.3129215524488236
2008-08-20,0.020086764501495893,0.9579282461650844,-0.2991203694788096
2008-08-21,0.011349310100014375,0.9688000708843749,-0.29116586920924103
2008-08-22,-0.020816751693693524,0.9486328003679422,-0.3059214933019274
2008-08-25,0.00805050367511014,0.9562697722136344,-0.3003338117329395
2008-08-26,0.005397566441491084,0.9614313018451471,-0.2965573169949032
2008-08-27,-0.01363505346945253,0.9483221346372832,-0.3061487955903729
2008-08-28,-0.03992422200336762,0.9104611112033169,-0.3338502651125268
2008-08-29,-0.004352624240392626,0.9064982161007585,-0.3367497645963291
2008-09-02,-0.04675581122660584,0.8641141566314965,-0.3677605673988651
2008-09-03,-0.019919629878945,0.8469013224582403,-0.3803545428911539
2008-09-04,0.006966187372733289,0.8528009957567001,-0.37603797653227067
2008-09-05,-0.018012331940376155,0.8374400611420472,-0.3872769876171601
2008-09-08,-0.0042459097920071855,0.833884366186225,-0.38987855425522466
2008-09-09,0.00853195232740416,0.8409990278450934,-0.38467302716620333
2008-09-10,0.030847434474184064,0.8669416902493974,-0.36569176869151476
2008-09-11,0.008427529740586557,0.8742478671273285,-0.3603461172074637
2008-09-12,0.011935802283053928,0.884682716815742,-0.3527113349328642
2008-09-15,0.031708566879567586,0.9127347379090914,-0.3321867390061969
2008-09-16,0.013514762867294116,0.9250701314526746,-0.3231614011442313
2008-09-17,0.03193811676725531,0.9546151293289102,-0.3015444509413904
2008-09-18,-0.07003931313698748,0.8877545413605369,-0.3504637978541728
2008-09-19,-0.05364515178597013,0.8401308142405666,-0.38530826600876833
2008-09-22,0.020381128240066288,0.8572536281040349,-0.37278015495018424
2008-09-23,-0.017732736228515324,0.8420521756359283,-0.38390247901974295
2008-09-24,-0.009508713058360409,0.8340453431176381,-0.38976077356271144
2008-09-25,-0.006821401679734598,0.8283559848131207,-0.3939234604469707
2008-09-26,-0.009924720516957612,0.8201347831753013,-0.3999386007139193
2008-09-29,0.06029181741746376,0.8695821997802179,-0.363759808388895
2008-09-30,-0.0434658287124587,0.8317850888331678,-0.3914145155774452
2008-10-01,-0.03717459552895702,0.8008638145887772,-0.41403843480564806
2008-10-02,-0.006996186284388699,0.795260822153488,-0.41813793107123975
2008-10-03,0.012241771152031398,0.8049962231444673,-0.4110149087813664
2008-10-06,0.0043432014197866105,0.8084924838837512,-0.4084568278969525
2008-10-07,0.02274138239890477,0.8268787206263918,-0.3950043184146961
2008-10-08,0.03419627147440487,0.8551548898333404,-0.3743157218463624
2008-10-09,0.04050448787077755,0.8897925006962312,-0.3489727005909521
2008-10-10,-0.04083793192638599,0.8534552151241898,-0.37555930912643765
2008-10-13,0.008158244269988358,0.8604179112426683,-0.37046496943817087
2008-10-14,-0.053932212135340385,0.8140136699284822,-0.40441718625305945
2008-10-15,-0.005848782715486119,0.8092526808456351,-0.4079006207197432
2008-10-16,0.0029944621598828906,0.8116759573762111,-0.4061276015335983
2008-10-17,-0.0031545566744381665,0.8091154795673889,-0.4080010056719452
2008-10-20,0.01619261923131205,0.8222171784421841,-0.3984149913714713
2008-10-21,0.0028937710554994703,0.8245964867144946,-0.39667414208607965
2008-10-22,0.0076395662728001934,0.8308960462230681,-0.39206499421045227
2008-10-23,0.04279885666006485,0.8664574470047838,-0.36604607103902975
2008-10-24,0.020445858065300963,0.8841729129858665,-0.35308433898755387
2008-10-27,-0.01902039532828095,0.8673555946423176,-0.36538893060406685
2008-10-28,-0.021387067198802845,0.8488054022544448,-0.37896140019034175
2008-10-29,0.0015092126894019533,0.85008643013836,-0.37802412085490067
2008-10-30,-0.000440250691239638,0.8497121789998782,-0.37829794616562873
2008-10-31,-0.03649712900066389,0.8187001239894843,-0.4009882862243995
2008-11-03,-0.02071282475756744,0.8017425317922914,-0.4133955108795636
2008-11-04,-0.010625286657297327,0.7932237875666509,-0.41962835173092583
2008-11-05,0.01911279383680477,0.8083845102848617,-0.4085358280688324
2008-11-06,0.03002699275670273,0.832657866119816,-0.39077593766240604
2008-11-07,0.007160916924323194,0.8386204599254842,-0.38641333476370787
2008-11-10,0.036153428681823994,0.8689394649145186,-0.3642300730219694
2008-11-11,0.02321684355628867,0.8891134965313242,-0.3494695020895273
2008-11-12,0.03541644852796123,0.9206027389167416,-0.326430022194412
2008-11-13,-0.012758977467998681,0.908856789313925,-0.3350240863643539
2008-11-14,0.017064761427864297,0.9243662135956618,-0.32367643104288546
2008-11-17,0.020715269386641297,0.9435147087222056,-0.3096662061194042
2008-11-18,0.023746668103588386,0.9659200393610857,-0.2932730786354306
2008-11-19,0.04417784004902715,1.0085923003601298,-0.26205140974504526
2008-11-20,0.0066944858565045895,1.01534430724987,-0.2571112233447561
2008-11-21,0.020527096062538434,1.0361863773813396,-0.2418618740625723
2008-11-24,-0.0836212923626734,0.9495391333761152,-0.3052583639428752
2008-11-25,-0.00637372137687969,0.9434870355035321,-0.3096864535600208
2008-11-26,-0.04155297422682947,0.9042823430339061,-0.33837103456367246
2008-11-28,-0.01997305771626367,0.8862210596046918,-0.35158578807708407
2008-12-01,0.04712489914687875,0.9279841376604028,-0.3210293337348139
2008-12-02,-0.02941722380622015,0.9006854205942245,-0.34100276578219524
2008-12-03,-0.004418625264275696,0.896705629239622,-0.3439146276103979
2008-12-04,0.011463629148967897,0.9069851300290169,-0.336393508211261
2008-12-05,-0.0625445101928697,0.8502581893191359,-0.3778984512009963
2008-12-08,-0.05338309306009997,0.8048687772736003,-0.4111081560733658
2008-12-09,-0.01360428669103682,0.7939191116789059,-0.4191196095481571
2008-12-10,-0.011545822550801473,0.7847526624957714,-0.4258263514595544
2008-12-11,0.022198774893098565,0.8021732101972747,-0.41308039988605594
2008-12-12,-0.020091932217338456,0.7860560004314263,-0.4248727487085727
2008-12-15,0.023838286263902386,0.8047942283891688,-0.4111627006541163
2008-12-16,-0.05198102898543165,0.7629601962759633,-0.44177106937911803
2008-12-17,-0.02534760342725508,0.7436209837899795,-0.45592083493411684
2008-12-18,0.01817431984222471,0.7571357893907683,-0.4460325661687189
2008-12-19,-0.024454257827860613,0.7386205955863057,-0.45957942862386736
2008-12-22,0.04461254804162041,0.77157234239143,-0.4354698899206697
2008-12-23,0.013779281764085908,0.7822040550986172,-0.4276910704695762
2008-12-24,-0.001098401343402801,0.7813448811136818,-0.42831969536661385
2008-12-26,-0.0010828867099120902,0.780498773126066,-0.4289387603708199
2008-12-29,0.009481266179988772,0.7878988897472289,-0.4235243767528213
2008-12-30,-0.016109373936467344,0.7752063319081632,-0.4328110381329682
2008-12-31,-0.01240369628003991,0.7655909080128106,-0.4398462777493579
2009-01-02,-0.03518683847813023,0.7386521843922388,-0.4595563162971147
2009-01-05,-0.028870698275804112,0.7173267800458868,-0.4751593028243648
2009-01-06,-0.06119592826040577,0.6734293018749309,-0.5072774164768663
2009-01-07,0.025147968029333934,0.6903646804284983,-0.4948864446990958
2009-01-08,-0.010551754143028632,0.6830801220515862,-0.500216278748942
2009-01-09,0.006785540171244802,0.687715189659946,-0.4968249762314587
2009-01-12,0.04408321668988843,0.7180318873866531,-0.47464340262573046
2009-01-13,0.0031403522104017415,0.7202867604113466,-0.47299359787391704
2009-01-14,0.0313145055373335,0.7428421841587157,-0.4564906529763296
2009-01-15,0.023978715812261228,0.7606545857860171,-0.44345799680274134
2009-01-16,-0.021793567097318986,0.7440772090328062,-0.4555870322918971
2009-01-20,0.06310030797783382,0.7910287100820633,-0.4212344063623893
2009-01-21,-0.05841693865736616,0.7448192344489839,-0.45504412054291177
2009-01-22,0.03152114488329252,0.7682967894499134,-0.43786648731154265
2009-01-23,-0.037766774310330306,0.7392806979994072,-0.45909645681752087
2009-01-26,0.014101199843802661,0.7497054428625628,-0.45146906785888374
2009-01-27,-0.016515109608984935,0.737323975299235,-0.460528116327113
2009-01-28,-0.06047100055249469,0.6927372567815474,-0.49315052090275147
2009-01-29,0.04689114592077529,0.7252205005740485,-0.46938376801853343
2009-01-30,0.029128425956025713,0.7463450322268115,-0.4539277523941959
2009-02-02,0.00031207692333611096,0.746577949288216,-0.453757335847244
2009-02-03,0.017509819948728755,0.7596503947579437,-0.4441927251496153
2009-02-04,-0.01232638510310344,0.7502866514484328,-0.4510438196625276
2009-02-05,-0.031817479623818784,0.7264144212039491,-0.4685102217447845
2009-02-06,-0.03403683972470027,0.7016895699757193,-0.4866004541425738
2009-02-09,-0.018647754500732885,0.6886046351390873,-0.49617420283451075
2009-02-10,0.048847073624025766,0.7222409564495718,-0.47156378702668467
2009-02-11,0.0010925134045006396,0.7230300143757722,-0.4709864633805878
2009-02-12,0.0016723853274117164,0.7242391991630924,-0.4701017489039434
2009-02-13,5.641954946707025e-05,0.7242800604124155,-0.47007185228335313
2009-02-17,0.0485183716803848,0.7594209495841967,-0.44436060144853906
2009-02-18,0.0004485714775169031,0.759761604161609,-0.44411135746256425
2009-02-19,0.04465250984007336,0.7936868666675452,-0.41928953438167627
2009-02-20,0.014077497440126029,0.8048599915013193,-0.4111145842884799
2009-02-23,0.014947730586735408,0.8168908218143232,-0.40231208374796645
2009-02-24,-0.05686467754627346,0.7704385886413414,-0.4362994143789424
2009-02-25,-0.0073201053884518865,0.7647988969771566,-0.4404257620732206
2009-02-26,-0.018614888176465685,0.7505622510324426,-0.45084217393865855
2009-02-27,0.037932520550955987,0.7790329690445025,-0.43001123341586844
2009-03-02,0.055931215887219894,0.8226052302193924,-0.39813106865876124
2009-03-03,0.01922337319631011,0.8384184775531363,-0.3865611175763243
2009-03-04,-0.02009737722054382,0.8215684651410768,-0.3988896301981417
2009-03-05,0.052816064144513106,0.864960477895077,-0.36714134634875484
2009-03-06,0.02023514284079624,0.8824630767169274,-0.3543353610940878
2009-03-09,-0.03548463729489919,0.8511491945134865,-0.3772465366198061
2009-03-10,-0.11093580406400787,0.7567262742417002,-0.44633219281353365
2009-03-11,-0.019300615136478863,0.7421209916588997,-0.4570183220734978
2009-03-12,-0.05945231955158613,0.6980001773168548,-0.4892998423002406
2009-03-13,-0.007155932998784073,0.6930053348148361,-0.4929543784112085
2009-03-16,-0.009685927895776776,0.6862929351104309,-0.49786558574178685
2009-03-17,-0.033887218822764936,0.6630363762418261,-0.5148815245161957
2009-03-18,-0.0816524697134466,0.608897818611827,-0.5544926461430705
2009-03-19,0.026725124500213946,0.6251706886221369,-0.5425864066454831
2009-03-20,0.0427829488298793,0.6519173342033981,-0.5230169042869056
2009-03-23,-0.09962523636864487,0.5869699156905678,-0.5705364579411706
2009-03-24,0.005607525619790853,0.5902613645308492,-0.5681282301263095
2009-03-25,-0.01266045006990032,0.5827883899970151,-0.5735959211053949
2009-03-26,-0.02837623339597911,0.5662510506219929,-0.5856956627691057
2009-03-27,0.01735460312414982,0.5760781128741704,-0.5785055754238496
2009-03-30,0.08283585549882418,0.6237980361882506,-0.5435907241760995
2009-03-31,-0.02169318617596026,0.6102658692530205,-0.5534916955689826
2009-04-01,-0.028133418589118064,0.5930970041026733,-0.5660535006010577
2009-04-02,-0.052742117897327155,0.5618158119877386,-0.5889407580334891
2009-04-03,-0.041455793595747366,0.5385252916471477,-0.6059815451240772
2009-04-06,0.0001060995071281199,0.5385824289151674,-0.6059397399602156
2009-04-07,0.025572178767711725,0.5523551550685344,-0.5958627605452272
2009-04-08,-0.013218961334470317,0.5450535936307881,-0.6012050350873994
2009-04-09,-0.1171191392198358,0.481217385916072,-0.6479115581031678
2009-04-13,-0.039519671648703104,0.4621998328330216,-0.6618259777182341
2009-04-14,0.0324877167219695,0.47721565007104244,-0.6508394758796152
2009-04-15,-0.0364586433240898,0.4598170148964287,-0.6635693948913726
2009-04-16,-0.02389329950105087,0.44883046924382913,-0.6716078321005527
2009-04-17,-0.02741450648133556,0.4365260034357233,-0.680610541315852
2009-04-20,0.09277799556902581,0.4770260110482474,-0.6509782275332605
2009-04-21,-0.055792363752626216,0.4504116023203793,-0.6704509772203111
2009-04-22,-0.011045204950315343,0.4454367138607508,-0.6740909137180889
2009-04-23,-0.0213245032701025,0.4359379971994035,-0.6810407630942636
2009-04-24,-0.04809817601625998,0.41497017467793074,-0.6963821206129678
2009-04-27,0.03938649497346799,0.43131439537702215,-0.6844236765326355
2009-04-28,0.011965012540324014,0.43647507752653053,-0.680647801864919
2009-04-29,-0.04157625015148909,0.41832808051839687,-0.6939252687410111
2009-04-30,-0.029179637822153298,0.40612141863803347,-0.7028564185456613
2009-05-01,-0.008562765715550424,0.402643896078169,-0.7054007894175344
2009-05-04,-0.06942139051842502,0.3746917969286663,-0.7258522762617994
2009-05-05,-0.00877390451555436,0.37140428687965266,-0.728257622213035
2009-05-06,-0.06251417187902165,0.3481862554530526,-0.7452453719248233
2009-05-07,0.022215626891170574,0.35592143139283144,-0.7395858381587064
2009-05-08,-0.08839846549702342,0.324458523020201,-0.7626060504591702
2009-05-11,0.043642034860466764,0.3386185531926241,-0.7522456954376455
2009-05-12,0.027917107769454844,0.3480718038348395,-0.7453291118168319
2009-05-13,0.05916846278871423,0.3686666774078418,-0.7302606268459972
2009-05-14,-0.04165836418106807,0.3533086266989616,-0.7414975278868197
2009-05-15,0.018758799289707407,0.35993627231452957,-0.7366483318965554
2009-05-18,-0.056587580853792424,0.33956834940271846,-0.7515507657083402
2009-05-19,-0.003812408047579922,0.33827377629475214,-0.7524979555685688
2009-05-20,0.0010497497915634925,0.338628879120909,-0.7522381403490153
2009-05-21,0.015606435571969184,0.3439136689057176,-0.7483714608491809
2009-05-22,0.009804300834703667,0.347285501976836,-0.7459044189527493
2009-05-26,-0.005288846831626726,0.3454487621500359,-0.7472482915615014
2009-05-27,0.00841378069254612,0.34835529227527784,-0.7451216941170336
2009-05-28,-0.014017596454973559,0.3434721883652086,-0.7486944753540283
2009-05-29,-0.01624093566123576,0.3378938786525454,-0.7527759122111166
2009-06-01,-0.018145852843636127,0.33176250605375085,-0.7572620041275359
2009-06-02,0.007365340630361816,0.3342060499192192,-0.7554741561040038
2009-06-03,0.02668923979830749,0.34312575532755835,-0.7489479472193801
2009-06-04,-0.03895287943366056,0.32976001914970027,-0.7587271475629165
2009-06-05,0.009621847617236166,0.3329329198042155,-0.756405656942591
2009-06-08,0.013234540179114207,0.33733913390831427,-0.7531817978219928
2009-06-09,-0.003686007048663011,0.3360956994829383,-0.7540915714549592
2009-06-10,0.002030738301508443,0.33677822189285056,-0.7535921957904491
2009-06-11,-0.011026272327363286,0.3330648135043348,-0.7563091553432513
2009-06-12,0.005825394543493174,0.3350050474515525,-0.7548895600264885
2009-06-15,0.022295709581546884,0.34247422269788463,-0.749424648841434
2009-06-16,0.006071160168599102,0.3445534385575,-0.7479033657502474
2009-06-17,0.037242613891561915,0.35738550923470697,-0.7385146281375216
2009-06-18,-0.007659129851921754,0.35464824721228316,-0.7405173785549943
2009-06-19,-0.011049404142971626,0.3507295954002381,-0.7433845069074179
2009-06-22,0.05725167316729298,0.37080945156618944,-0.7286928405672177
2009-06-23,-0.01614855285215761,0.3648214155394932,-0.7330740585704867
2009-06-24,-0.009086892146264763,0.3615063226838382,-0.7354995858112969
2009-06-25,-0.0027537163885017414,0.3605108367985167,-0.7362279449366138
2009-06-26,0.0015035332464237512,0.3610528768273393,-0.7358313548823485
2009-06-29,-0.005766218182249587,0.35897096716422394,-0.7373546089270062
2009-06-30,0.004009289890018927,0.36041018583368584,-0.7363015874159171
2009-07-01,0.007868626444645357,0.3632461189528563,-0.734226643113247
2009-07-02,0.01963154982578249,0.3703772032361014,-0.7290091002151593
2009-07-06,0.02390410497334093,0.37923073878198954,-0.7225313052998824
2009-07-07,0.021963161203102242,0.3875598446310299,-0.7164372156293695
2009-07-08,0.012080549515120588,0.39224178052416747,-0.7130116213721345
2009-07-09,-0.00999914971399692,0.3883196962366216,-0.7158812611362118
2009-07-10,-0.0014842045972022263,0.38774335035828306,-0.7163029514745847
2009-07-13,-0.020676904963004974,0.3797260179528877,-0.7221689283852297
2009-07-14,-0.0027040911667954807,0.37869920418193886,-0.7229202089318445
2009-07-15,-0.028198930560178054,0.36802029162001765,-0.7307335627198042
2009-07-16,-0.007156039650464288,0.36538672382100934,-0.7326604440215205
2009-07-17,0.0062451412180220735,0.3676686155104619,-0.7309908707412716
2009-07-20,-0.02521715431454502,0.3583970592965195,-0.7377745154658104
2009-07-21,0.007862628479234933,0.36121500222181835,-0.7357127339031306
2009-07-22,-0.011404035594329188,0.357095693479275,-0.7387266752928273
2009-07-23,-0.024666509168173898,0.348287389282153,-0.7451713761521161
2009-07-24,-0.009408864767602092,0.34501040033613606,-0.747569024212815
2009-07-27,-0.014712963187529174,0.3399342750166758,-0.7512830318669639
2009-07-28,0.004538742808486712,0.34147714926276584,-0.7501541695165015
2009-07-29,0.019928679821296626,0.3482823380367126,-0.7451750719561099
2009-07-30,-0.029909243192915255,0.33786547688857543,-0.7527966927005918
2009-07-31,-0.011722757035124222,0.3339047619924543,-0.7556945970103419
2009-08-03,-0.022171661163586792,0.32650153874864946,-0.7611112536258622
2009-08-04,-0.010651660549608422,0.323023755188974,-0.763655815461361
2009-08-05,-0.02484083240380867,0.3149995762238758,-0.7695268017391002
2009-08-06,0.0016035010492289857,0.3155046783748575,-0.7691572377238696
2009-08-07,-0.017180170231863374,0.31008425429142816,-0.773123155676567
2009-08-10,0.006267958096665397,0.31202784940376255,-0.7717011011232441
2009-08-11,0.014360338292235908,0.31650867487779943,-0.7684226517036289
2009-08-12,-0.01697587081281762,0.3111356645019378,-0.772353878851483
2009-08-13,-0.014258110468147435,0.30669945782688873,-0.7755996823944638
2009-08-14,0.005848781287971783,0.3084932758768577,-0.7742872140158377
2009-08-17,0.029099754729191105,0.31747035454047895,-0.7677190273044561
2009-08-18,-0.014934129924830867,0.31272921101848933,-0.7711879415297574
2009-08-19,0.010721986789939936,0.31608228948785794,-0.7687346216614606
2009-08-20,-0.01664303886636814,0.3108217196589409,-0.7725835803415941
2009-08-21,-0.018694983210593714,0.3050109128284291,-0.7768351264889214
2009-08-24,-0.005177406829992891,0.30343174724512884,-0.7779905418292522
2009-08-25,0.0026616258123893354,0.3042393690158948,-0.7773996357247903
2009-08-26,0.0015685196361744664,0.3047165744402936,-0.7770504826824052
2009-08-27,-0.007917094476848121,0.3023041045317883,-0.7788155950745762
2009-08-28,-0.009895525534174473,0.29931264654630824,-0.7810043310012769
2009-08-31,0.012017218597496394,0.30290955204885045,-0.7783726121750143
2009-09-01,0.022648183476461227,0.30976990316042546,-0.7733531544321451
2009-09-02,0.0009889207525251766,0.3100762410461685,-0.7731290186630688
2009-09-03,-0.010249107589862121,0.3068982362906263,-0.7754542437598085
2009-09-04,-0.007873270477585174,0.30448194346721635,-0.7772221532332815
2009-09-08,-0.013750854234919122,0.30029505664543377,-0.7802855389309398
2009-09-09,-0.011055495995627386,0.2969751458491835,-0.7827145912754702
2009-09-10,-0.013892385958789753,0.29284945250287875,-0.7857332040366848
2009-09-11,-0.00909718836635519,0.29018534587047606,-0.7876824294402185
2009-09-14,-0.006794515874935521,0.28821367693128547,-0.7891250245439146
2009-09-15,-0.01549091366922995,0.2837489837436516,-0.7923916705837059
2009-09-16,-0.02107672180828437,0.2777684853499032,-0.7967673735878957
2009-09-17,0.0027437053205837964,0.2785306002210483,-0.7962097631494925
2009-09-18,0.0049887483659451885,0.2799201192977668,-0.795193104938409
2009-09-21,0.0006769229993917117,0.28010960366451193,-0.7950544664407078
2009-09-22,-0.018817597937914394,0.2748386137642046,-0.7989110490903979
2009-09-23,0.011714538530493455,0.2780582212948128,-0.7965553848269109
2009-09-24,0.01841860817019389,0.283179666721343,-0.7928082181757019
2009-09-25,0.0019286852505280942,0.28372583116779787,-0.7924086104420668
2009-09-28,-0.011404475121342725,0.2804900869849625,-0.7947760812796851
2009-09-29,0.001654882259877007,0.28095426505398524,-0.7944364598572924
2009-09-30,0.0029801461898140615,0.28179154983649785,-0.7938238504563715
2009-10-01,0.0215094718439353,0.28785273724356486,-0.7893891103728718
2009-10-02,0.0027679460153278296,0.2886494980806194,-0.7888061508001438
2009-10-05,-0.009039737038396249,0.28604018252170554,-0.7907152876610372
2009-10-06,0.0029145490119422517,0.28687386065304993,-0.7901053171094751
2009-10-07,-0.004515591440977958,0.28557845550324473,-0.7910531157430423
2009-10-08,-0.013004586702225126,0.28186462571836524,-0.7937703836155217
2009-10-09,0.005153036199536843,0.2833170843380609,-0.7927076749368759
2009-10-12,-0.0011108500235007361,0.2830023615482658,-0.7929379456210438
2009-10-13,0.006418729249070998,0.2848188770838918,-0.7916088703562288
2009-10-14,-0.016494395445008792,0.28012096189506674,-0.7950461560558053
2009-10-15,-0.0001382297529591344,0.2800822408437053,-0.7950744867750217
2009-10-16,0.009791005714227865,0.28282452766425975,-0.7930680599040449
2009-10-19,-0.0019451485488683872,0.28227439194468923,-0.7934705732670371
2009-10-20,0.00706986184585677,0.2842700328983614,-0.792010438752931
2009-10-21,-0.004115437772508073,0.28310013726737937,-0.7928664068495745
2009-10-22,-0.009574311640582313,0.28038964832768987,-0.7948495684216303
2009-10-23,0.0112309846432979,0.28353870016219784,-0.7925455270750077
2009-10-26,0.01822277633278658,0.2887055624769426,-0.7887651306156594
2009-10-27,0.00517228903602864,0.2901988310923826,-0.7876725628167159
2009-10-28,0.01450206540903162,0.2944073135225088,-0.7845933764345518
2009-10-29,-0.019780123805861975,0.28858390041168236,-0.7888541461172791
2009-10-30,0.01715709963154243,0.29353516314310474,-0.7852314956654263
2009-11-02,0.007770040456775535,0.29581594323621285,-0.7835627356979054
2009-11-03,-0.0023242106631308733,0.29512840466661916,-0.7840657814954952
2009-11-04,0.006234735227314174,0.2969684521277752,-0.7827194888166026
2009-11-05,0.005311008849442616,0.29854565420503104,-0.7815655100988962
2009-11-06,0.002684102918650665,0.29934698146683325,-0.7809792094470187
2009-11-09,-0.007698760332184747,0.29704238080035716,-0.7826653980212517
2009-11-10,0.010655242932579717,0.3002074395290568,-0.7803496450395127
2009-11-11,-0.0062050890842496355,0.29834462562302455,-0.7817125950594295
2009-11-12,0.0036028470799294877,0.2994195156862631,-0.780926138919954
2009-11-13,0.006007046370026598,0.30121814260108143,-0.7796101520779853
2009-11-16,-0.00385811886868756,0.30005600720152115,-0.7804604423087205
2009-11-17,-0.0010540876913205498,0.2997397218576232,-0.7806918562542409
2009-11-18,-0.009683479822236161,0.2968371983090922,-0.7828155222390549
2009-11-19,0.002842206362457564,0.2976808708827404,-0.7821982391345357
2009-11-20,0.00019102551962728483,0.2977377355257839,-0.7821566334399906
2009-11-23,-0.0051294273585448455,0.2962105114395068,-0.7832740451643011
2009-11-24,0.003064076618390121,0.2971181231417299,-0.7826099802334907
2009-11-25,0.0035909569186017946,0.29818506152166774,-0.7818293420379752
2009-11-27,0.008015110163850894,0.3005750476389785,-0.7800806801798899
2009-11-30,-0.009087571489694996,0.29784355040554084,-0.7820792127207201
2009-12-01,-0.0001801200571207962,0.29778990280822876,-0.7821184646253727
2009-12-02,-0.000672909971117346,0.29758951701333103,-0.7822650792830486
2009-12-03,-0.0011883179729626691,0.2972358860416988,-0.7825238176026781
2009-12-04,-0.0031004853655494454,0.29631431052691043,-0.7831980993235566
2009-12-07,-0.002573219425608501,0.2955518287869768,-0.783755978185886
2009-12-08,0.0007966386996992644,0.2957872768115554,-0.7835837098295303
2009-12-09,0.003929134184733072,0.29694946471228484,-0.7827333811856884
2009-12-10,0.007507256244575315,0.2991787404355694,-0.7811023050048569
2009-12-11,-0.008854864651679577,0.29652955318235247,-0.7830406144666036
2009-12-14,0.005024682015725407,0.2980195198953589,-0.781950462543971
2009-12-15,0.003790642162081524,0.2991492052525975,-0.7811239147738679
2009-12-16,0.005270104428776557,0.3007257528040643,-0.7799704149477643
2009-12-17,-0.003611738560425208,0.29963961000654893,-0.7807651042845318
2009-12-18,0.000878265261451468,0.29990277306697255,-0.780572557891527
2009-12-21,0.0020587917911131007,0.3005202104342949,-0.7801208024749691
2009-12-22,0.0008554250588769185,0.3007772829529993,-0.7799327122994805
2009-12-23,0.008640879671339719,0.3033762632628687,-0.7780311373468622
2009-12-24,-0.002665196514712724,0.30256770590337395,-0.7786227279859801
2009-12-28,0.0033701098500173495,0.30358739230933607,-0.7778766622609956
2009-12-29,-0.003990508449569579,0.30237592425514287,-0.7787630473170898
2009-12-30,-0.0002686486760576324,0.30229469136342,-0.7788224823315231
2009-12-31,-0.00012833397702264736,0.30225589668344455,-0.7788508669219933
2010-01-04,0.002081997234006875,0.30288519262430175,-0.7783904350386219
2010-01-05,0.010732589443568452,0.3061359350452745,-0.7760119905611238
2010-01-06,-0.005031970486467194,0.3045954680552796,-0.7771390916139427
2010-01-07,0.0011453242863069314,0.30494432864234233,-0.7768838436030997
2010-01-08,0.003941390089076672,0.30614623319697337,-0.7760044557955641
2010-01-11,-0.006806789196476511,0.3040623603243062,-0.7775291462459137
2010-01-12,-0.005481796220885184,0.302395552426567,-0.77874868613128
2010-01-13,0.004611854764626929,0.3037901567958275,-0.7777283072052346
2010-01-14,0.0001846556975705772,0.3038462533791457,-0.7776872634707513
2010-01-15,-0.007283295526514161,0.3016332513211613,-0.779306432830202
2010-01-19,0.003925986784614264,0.3028174594796484,-0.778439992802044
2010-01-20,-0.005886284809135367,0.3010349896679724,-0.7797441581067253
2010-01-21,-0.00829621460692911,0.2985375387894922,-0.7815714478395017
2010-01-22,-0.014508473386304952,0.29420621485315185,-0.7847405126753314
2010-01-25,0.0006912277392078709,0.2944095783499057,-0.7845917193465649
2010-01-26,0.006977716849566127,0.29646388502543153,-0.7830886613571133
2010-01-27,0.0009551825636207786,0.2967470621591511,-0.78288147142859
2010-01-28,-0.011385883374587657,0.2933683347176555,-0.7853535576733661
2010-01-29,-0.007660689107016103,0.29112093111154047,-0.7869978973359576
2010-02-01,0.010074386597110947,0.294053795918069,-0.7848520318077226
2010-02-02,0.007430170044510788,0.2962386656239741,-0.7832534458193229
2010-02-03,0.0021165933863181953,0.29686568242440553,-0.7827946814962369
2010-02-04,-0.014531029624317847,0.29255191839865313,-0.7859508984139745
2010-02-05,0.0011772248095482099,0.29289631777507297,-0.7856989145011258
2010-02-08,0.0038486418776375016,0.29402357080946795,-0.7848741463690517
2010-02-09,0.010710086995322311,0.29717258883151265,-0.7825701297617212
2010-02-10,-0.004461285676373514,0.2958468170175478,-0.7835401465274311
2010-02-11,0.010022960931354793,0.2988120781061803,-0.7813705778728688
2010-02-12,0.005110770993702676,0.3003392382075334,-0.7802532129638915
2010-02-16,0.0029591143699033906,0.3012279763631592,-0.7796029570886327
2010-02-17,-0.0025239531671409623,0.30046769105818594,-0.7801592289031174
2010-02-18,0.003966316067876881,0.3016594408891079,-0.7792872709203413
2010-02-19,-0.0020473371582968676,0.30104184230662456,-0.7797391442918953
2010-02-22,-0.00407740673270831,0.2998143722719766,-0.7806372373879116
2010-02-23,-0.0020731585209783077,0.29919280955138916,-0.7810920111684062
2010-02-24,0.00649808475484945,0.30113698978589565,-0.7796695285034648
2010-02-25,0.005741497766189602,0.3028659671400684,-0.778404501593544
2010-02-26,0.007448447309819875,0.3051218483382489,-0.7767539591995702
2010-03-01,0.018233414210366446,0.3106852613836328,-0.7726834216668317
2010-03-02,-0.0006518835288229051,0.3104827307790887,-0.7728316056000755
2010-03-03,6.359037942266602e-05,0.31050247449374313,-0.7728171598756827
2010-03-04,0.001124814721515618,0.31085173224812074,-0.7725616212726352
2010-03-05,0.005410246996827313,0.31253351689897474,-0.771331123467162
2010-03-08,-0.005546001795180194,0.31080020545319903,-0.7725993214669151
2010-03-09,-0.0019042962924399893,0.3102083497742649,-0.773032359735944
2010-03-10,0.005310614282698305,0.31185574666718846,-0.7718270221438472
2010-03-11,-0.0032490915478244255,0.3108424987965516,-0.7725683770376417
2010-03-12,0.0035017004630031852,0.31193097611850856,-0.7717719796182128
2010-03-15,-0.0023675267055556274,0.31119247120225796,-0.7723123155514228
2010-03-16,0.005304189309324812,0.31284309498115137,-0.7711046169697057
2010-03-17,0.004160348062868351,0.3141446311453379,-0.7701523325063161
2010-03-18,-0.004269131777716505,0.3128035063177163,-0.7711335824876474
2010-03-19,-0.009905073317596859,0.30970516465363795,-0.773400521133043
2010-03-22,0.017162330608935388,0.3150204270807185,-0.7695115459609159
2010-03-23,-0.00017645297677873495,0.314964840788614,-0.7695522163347441
2010-03-24,0.0016021290647564627,0.3154694551144178,-0.7691830092426253
2010-03-25,0.0012386433880172089,0.3158602092691167,-0.7688971093031817
2010-03-26,-4.930313438516158e-05,0.31584463637077215,-0.7689085034000585
2010-03-29,0.0017357281745311874,0.31639285680489543,-0.7685073913785154
2010-03-30,-0.0010332195151414678,0.31606595353079325,-0.7687465740593542
2010-03-31,-0.0051260452346672675,0.31444578515585614,-0.7699319895813976
2010-04-01,0.0028899189086416524,0.3153545079761207,-0.7692671116878155
2010-04-05,0.011490012776422772,0.31897793530186885,-0.7666159878531675
2010-04-06,-0.0037904712511264167,0.31776885860836346,-0.7675006232416826
2010-04-07,-0.0019243720732811055,0.3171573530910991,-0.7679480385493715
2010-04-08,0.006710189567619234,0.3192855390531047,-0.7663909258985
2010-04-09,0.003280283796783053,0.3203328862334078,-0.7656246218379433
2010-04-12,0.00048632909249784746,0.3204886734352669,-0.7655106382729779
2010-04-13,0.0019905924974853756,0.3211266357841362,-0.765043865508784
2010-04-14,0.016122022796545205,0.32630384672682594,-0.7612558973523285
2010-04-15,0.008617956048569846,0.32911591893639697,-0.7591984111688556
2010-04-16,-0.015130457118731209,0.324136244637838,-0.7628418492827875
2010-04-19,-0.004667341261295674,0.3226233901689584,-0.7639487473050826
2010-04-20,0.010782539765043285,0.32610208970258825,-0.7614035152863113
2010-04-21,0.009862829183904203,0.3293183789098391,-0.7590502789137001
2010-04-22,0.015305499712348866,0.3343587612635149,-0.7553624230269232
2010-04-23,0.003192060759431852,0.3354260547449164,-0.754581525017185
2010-04-26,0.003102404301601807,0.3364666819800264,-0.7538201376847058
2010-04-27,-0.024412406932004478,0.3282527204204686,-0.7598299806620116
2010-04-28,0.004179055243644674,0.3296245066729824,-0.7588262968833309
2010-04-29,0.008834884837361485,0.33253670122901025,-0.7566955549904952
2010-04-30,-0.023146021711197354,0.3248397995225936,-0.762327084957116
2010-05-03,0.010862442820325263,0.3283683532706737,-0.7597453765075226
2010-05-04,-0.013846517548002722,0.32382159510490255,-0.7630720663677
2010-05-05,-0.03993999938330061,0.3108881607961133,-0.7725349678908608
2010-05-06,-0.01459858863396895,0.3063496324254797,-0.7758556363232346
2010-05-07,-0.015862669320035345,0.30149010950999994,-0.7794111642441889
2010-05-10,0.04378688805484911,0.3146914231847585,-0.7697522655867997
2010-05-11,-0.005141194849885771,0.3130735332605778,-0.7709360140531627
2010-05-12,0.013016728980206421,0.31714872659390636,-0.767954350228967
2010-05-13,-0.011830332595763004,0.31339675167597775,-0.7706995274431582
2010-05-14,-0.022002912716314212,0.3065011103032748,-0.775744805726636
2010-05-17,-0.005767402842637008,0.3047333949284403,-0.7770381757715643
2010-05-18,-0.014715167981411401,0.3002491918325225,-0.7803190964685276
2010-05-19,-0.0029063432419021997,0.2993765646229535,-0.7809575645778813
2010-05-20,-0.018195763786868536,0.29392917936975005,-0.7849432089921226
2010-05-21,0.022770050997614488,0.3006219617736862,-0.78004635489349
2010-05-24,-0.006937088307837468,0.29853652067758685,-0.7815721927532244
2010-05-25,0.0068922455816331,0.30059410769318307,-0.7800667346638221
2010-05-26,0.0039533331302372176,0.30178245633788064,-0.7791972651995274
2010-05-27,0.029466641831978696,0.31067497188996374,-0.7726909500976404
2010-05-28,-0.005354151658317425,0.3090115709740214,-0.7739079972241256
2010-06-01,-0.011257768641300878,0.3055327902005109,-0.7764532886830249
2010-06-02,0.014531136142577998,0.30997252877093623,-0.7732049009866523
2010-06-03,-0.0021127693551524322,0.3093176283112099,-0.7736840667217464
2010-06-04,-0.019341254222772216,0.30333503742645784,-0.778061300721945
2010-06-07,-0.015973874105063818,0.29848960172695277,-0.7816065215632544
2010-06-08,0.00745126845831864,0.30071372788143685,-0.7799792131258761
2010-06-09,0.012500231601022115,0.30447271912556156,-0.7772289023329105
2010-06-10,0.016615204935843182,0.3095315957512062,-0.773527514891389
2010-06-11,0.005194316944521911,0.3111394009638816,-0.7723511450245214
2010-06-14,0.003612093214639616,0.3122632654829102,-0.7715288561401441
2010-06-15,-0.019694540834445898,0.3061133838497596,-0.7760284904123845
2010-06-16,-0.0025222907909084177,0.30534127688070156,-0.7765934116884432
2010-06-17,-0.005867771414925091,0.30354960406442427,-0.7779043104812438
2010-06-18,0.006655579681438288,0.3055699026415441,-0.7764261349227477
2010-06-21,-0.013006967847085424,0.3015953647428485,-0.7793341529972562
2010-06-22,-0.0074109355493772395,0.2993602609327483,-0.7809694933673422
2010-06-23,0.0036073823357339672,0.3004401678500578,-0.7801793665867287
2010-06-24,-0.007864708944546824,0.29807729337466626,-0.78190819188853
2010-06-25,0.004983020133216044,0.2995626185288067,-0.7808214360178212
2010-06-28,-0.004244896738905938,0.29829100614631565,-0.7817518263893072
2010-06-29,-0.020782799737934322,0.29209168390194984,-0.7862876344746281
2010-06-30,0.0023927591094162278,0.2927905889393909,-0.7857762722652224
2010-07-01,0.0007471900391191295,0.29300935915099424,-0.7856162064297161
2010-07-02,-0.0156357357225648,0.2884279422470712,-0.7889682547691819
2010-07-06,-0.007310413159906313,0.2863194148223835,-0.7905109840166753
2010-07-07,0.012205486950432776,0.2898140827036536,-0.7879540685658318
2010-07-08,0.002087865443143342,0.29041917551186686,-0.7875113451932313
2010-07-09,0.00813633166340911,0.29278212224524525,-0.7857824670230118
2010-07-12,-0.005497432134498478,0.2911725723980076,-0.7869601133725724
2010-07-13,0.011452599801319775,0.29450725534280275,-0.78452025280931
2010-07-14,-0.0001570886400687847,0.29446099159857053,-0.7845541022297585
2010-07-15,-0.003017948980441989,0.2935723233491957,-0.7852043069572746
2010-07-16,-0.011381870718716762,0.29023092111824184,-0.7876490837664241
2010-07-19,-0.0011775979824432577,0.2898891457710904,-0.7878991477769508
2010-07-20,0.0006660228735008702,0.2900822185729536,-0.7877578837578811
2010-07-21,-0.003326153089012521,0.28911736070557953,-0.7884638335284384
2010-07-22,0.014071628389699322,0.2931857127664391,-0.785487175202869
2010-07-23,0.006167869711473509,0.294994044044048,-0.7841640880480802
2010-07-26,0.0072343830391541014,0.29712814395293174,-0.7826026483874149
2010-07-27,-0.008196138481310266,0.29469284053839884,-0.7843844671867017
2010-07-28,-0.003121439221050284,0.2937729747477796,-0.7850574979674928
2010-07-29,0.0031172310368386275,0.29468873298244774,-0.7843874725290213
2010-07-30,0.0007442066755150023,0.29490804230473233,-0.7842270122467527
2010-08-02,0.0004750900961031667,0.2950481501948925,-0.7841245006372646
2010-08-03,-0.005404501141878987,0.2934535621302549,-0.7852912000200742
2010-08-04,0.0040407992368871075,0.2946393490601727,-0.7844236048649623
2010-08-05,-0.0037344440530833038,0.2935390348952706,-0.7852286628517595
2010-08-06,-0.00301568253222364,0.29265381435521115,-0.7858763450216197
2010-08-09,0.0010039609623649782,0.29294762736031094,-0.7856613732309026
2010-08-10,-0.0013147128449024369,0.2925624853517366,-0.7859431669766747
2010-08-11,-0.003848319238944612,0.2914366115107641,-0.7867669260054259
2010-08-12,-0.0065670778782507344,0.28952272458639944,-0.788167244208567
2010-08-13,-0.0010083842538989186,0.2892307744297806,-0.7883808530239671
2010-08-16,-0.009162329320155782,0.2865807468249313,-0.790319777339012
2010-08-17,0.009384289325479588,0.2892701034682485,-0.7883520774637303
2010-08-18,0.002816193183998334,0.29008474396197026,-0.7877560360268763
2010-08-19,-0.008178199659732651,0.2877123730076068,-0.7894918095408215
2010-08-20,0.006968233156646407,0.28971721990477584,-0.7880249393883183
2010-08-23,-0.006685400263317167,0.28778034432653693,-0.7894420775143483
2010-08-24,-0.006635466391261287,0.2858707875236926,-0.7908392275324156
2010-08-25,0.0038041828661252827,0.28695829227551595,-0.7900435417055289
2010-08-26,-0.0018934855199164626,0.28641494090427233,-0.7904410912191224
2010-08-27,0.008748507956990222,0.28892064429377423,-0.7886077634381947
2010-08-30,-0.0026303148128376717,0.2881606920433537,-0.7891637915693421
2010-08-31,0.005143202065663774,0.28964276070991424,-0.7880794183466249
2010-09-01,0.005979070020161439,0.2913745550570317,-0.7868123303502059
2010-09-02,0.0010815911487455014,0.291689703196751,-0.786581748453691
2010-09-03,-0.0075250193296658744,0.289494732541931,-0.7881877249218805
2010-09-07,0.0013198094770077496,0.2898768104334836,-0.7879081730738858
2010-09-08,0.007595391645962144,0.2920785383378082,-0.7862972525834744
2010-09-09,-0.0045692975263827845,0.2907439445950718,-0.7872737240186259
2010-09-10,-0.00019376247022327876,0.2906876093301646,-0.7873149423873416
2010-09-13,0.0062403844372911806,0.2925016117635419,-0.7859877058637711
2010-09-14,-0.002658361977344502,0.2917240366005177,-0.7865566280091871
2010-09-15,-0.00022363113716020048,0.2916587980224758,-0.7866043605931847
2010-09-16,0.0011678769823736039,0.29199941961939296,-0.7863551407377827
2010-09-17,0.001191034832062389,0.2923472010991016,-0.7861006822687103
2010-09-20,0.005635496343178836,0.2939947226818342,-0.7848952534458271
2010-09-21,-0.006092687393466951,0.29220350474120477,-0.7862058194234327
2010-09-22,0.006771852285630832,0.2941822637126558,-0.7847580368130407
2010-09-23,-0.005668984263186439,0.29251454908916025,-0.7859782401151248
2010-09-24,0.004217232598436268,0.2937481509810959,-0.7850756605725637
2010-09-27,-0.004395791695074461,0.2924568952985697,-0.7860204231988882
2010-09-28,0.002433872610340776,0.2931686981257422,-0.7854996241677397
2010-09-29,0.002451431405958863,0.29388738107957174,-0.7849737912098345
2010-09-30,-0.00487756621579089,0.29245392591837077,-0.7860225957813389
2010-10-01,-0.0014034700600059381,0.2920434755894131,-0.7863229066616777
2010-10-04,0.0068622462790031875,0.29404754984308373,-0.7848566018230085
2010-10-05,0.0031059067575455973,0.2949608341151811,-0.7841883864887693
2010-10-06,-0.00937789953281298,0.2921947210467342,-0.7862122461182919
2010-10-07,-0.024319762831458116,0.2850886147302736,-0.7914115135889652
2010-10-08,0.0017426930546104607,0.28558543667911257,-0.7910480078824249
2010-10-11,-0.003852662474444649,0.2844851723839711,-0.7918530293814168
2010-10-12,0.0041999818420555834,0.28568000494231777,-0.7909788158843398
2010-10-13,-0.0013441306729689857,0.28529601368502083,-0.79125976766921
2010-10-14,0.009683876951843712,0.2880587851763981,-0.7892383529444194
2010-10-15,0.003699984121485594,0.2891245981076052,-0.7884585381968956
2010-10-18,-0.010202046175286274,0.28617493560730034,-0.7906166939581984
2010-10-19,0.0004906166306564296,0.2863153377899863,-0.7905139670260725
2010-10-20,0.0038582275472027645,0.2874200075134343,-0.7897057222428983
2010-10-21,0.0013225270290866452,0.2878001282420711,-0.7894276023765022
2010-10-22,0.0014768277375841283,0.28822515945433924,-0.7891166232189223
2010-10-25,0.003995291414071393,0.2893767029592265,-0.7882740826742984
2010-10-26,-0.0017525594677520442,0.2888695530787085,-0.788645144935276
2010-10-27,-0.005709683168670549,0.2872201994535536,-0.7898519141938559
2010-10-28,0.00701880404069933,0.28923614175004864,-0.7883769259600546
2010-10-29,0.002979368896684619,0.2900978829145758,-0.7877464227554392
2010-11-01,0.0023253303089148386,0.29077245631426907,-0.7872528630790968
2010-11-02,0.0004105964425567939,0.2908918464504252,-0.7871655098615129
2010-11-03,-0.0003484969833747364,0.2907904715194489,-0.7872396820392843
2010-11-04,-0.002061088723038879,0.290191126557833,-0.7876781999313434
2010-11-05,-0.010519929173387359,0.2871383364596991,-0.7899118102300318
2010-11-08,-0.001038403689607283,0.2868401709516917,-0.7901299665814318
2010-11-09,-0.0031030594240489136,0.28595008885602424,-0.7907812057664567
2010-11-10,0.00036627080086511167,0.286054824024077,-0.7907045750311367
2010-11-11,0.0013612157399975973,0.2864442063530408,-0.7904196788043596
2010-11-12,0.009705465808339104,0.2892242808037971,-0.7883856041628946
2010-11-15,0.00011507557608509,0.28925756345452835,-0.7883612525143857
2010-11-16,-0.0035219201388915575,0.28823882141647117,-0.7891066272813251
2010-11-17,0.003227107696654561,0.2891689991355389,-0.7884260516550512
2010-11-18,-0.0074736392028554605,0.28700785436734905,-0.790007279009705
2010-11-19,0.0005945083445232347,0.2871784829317141,-0.7898824365847872
2010-11-22,0.010283900923330785,0.29013179799749633,-0.7877216083803734
2010-11-23,0.011347290705557941,0.2934240078523001,-0.7853128237601572
2010-11-24,-0.0042777249060213796,0.2921688206658857,-0.7862311964409618
2010-11-26,0.009371436909373953,0.29490686233564223,-0.7842278755852159
2010-11-29,-0.002871517601913756,0.2940600320895203,-0.7848474690384752
2010-11-30,0.0020479362712287593,0.2946622482951551,-0.7844068503664725
2010-12-01,-0.0037830720476447824,0.2935475197801335,-0.7852224547845148
2010-12-02,-0.004020823653517337,0.2923672169691702,-0.7860860374185616
2010-12-03,0.003375825611721795,0.2933541977082425,-0.7853639011849743
2010-12-06,-0.0012922832626702503,0.2929751009885101,-0.7856412718230379
2010-12-07,-0.002227860674576853,0.2923223932823876,-0.7861188332037956
2010-12-08,-0.004866568232405542,0.29089978640961883,-0.7871597004956359
2010-12-09,-0.0036193600198643127,0.2898469153529008,-0.7879300461662779
2010-12-10,-0.009826469366470055,0.2869987435182197,-0.7900139450711736
2010-12-13,-0.0004976364723068582,0.2868559224759388,-0.7901184417907821
2010-12-14,-0.006310996539105838,0.2850455757419711,-0.7914430035782626
2010-12-15,-0.006141553019272212,0.2832949532256428,-0.7927238674293269
2010-12-16,0.014760002847562377,0.2874763875419533,-0.789664471122352
2010-12-17,0.0017742153076841045,0.287986432549328,-0.7892912906072674
2010-12-20,0.0003929909585126323,0.28809960861349415,-0.7892084839895963
2010-12-21,-0.0001623031694240336,0.2880528491339064,-0.7892426961207324
2010-12-22,-0.007226113466172193,0.2859713465618106,-0.7907656523123885
2010-12-23,-0.000979102917006275,0.28569135118221173,-0.7909705142725474
2010-12-27,-0.008271242860125401,0.2833283286335463,-0.7926994479139262
2010-12-28,-0.00184081135939814,0.2828067746277584,-0.7930810491250158
2010-12-29,0.0012509071564935248,0.2831605396460451,-0.7928222127285521
2010-12-30,-0.0014688919319943928,0.28274460741389984,-0.7931265345087637
2010-12-31,-0.004603630251963481,0.28144295578562967,-0.7940789034528276
2011-01-03,0.007504475464232113,0.2835550375419039,-0.7925335736362216
2011-01-04,-0.009563373507014238,0.2808432948080953,-0.7945176525617038
2011-01-05,-0.0006771249029011059,0.28065312881936794,-0.7946567897762609
2011-01-06,-0.018628622529192784,0.27542494762095504,-0.7984820509284516
2011-01-07,0.0019529718322960604,0.2759628447855704,-0.7980884920502127
2011-01-10,-0.0003321995038976125,0.2758711700654385,-0.7981555669529848
2011-01-11,3.02833805177573e-05,0.27587952437705543,-0.7981494544212135
2011-01-12,-0.0032233401976331684,0.27499027081642696,-0.7988000873986918
2011-01-13,-0.011720203664750158,0.2717673288366336,-0.8011581913517091
2011-01-14,-0.0006696263437009698,0.27158534627388736,-0.8012913410650091
2011-01-18,-0.0033432591885456855,0.27067736606948284,-0.8019556756148372
2011-01-19,-0.0002682825809729269,0.27060474804710277,-0.8020088074573302
2011-01-20,-0.01664790324401662,0.2660997463842431,-0.8053049456739481
2011-01-21,-0.00244456876530007,0.2654492472557779,-0.8057808911225119
2011-01-24,0.002804957747393913,0.26619382117840784,-0.8052361147283741
2011-01-25,-0.008741278816532895,0.26386694676824907,-0.8069386001529246
2011-01-26,0.011223861381706182,0.2668285528019899,-0.8047717057628829
2011-01-27,0.005572563146520762,0.2683154717617737,-0.8036837837652591
2011-01-28,-0.0076201890334215774,0.26627085714635734,-0.8051797504432938
2011-01-31,0.004011458406446705,0.2673389916146489,-0.8043982371154635
2011-02-01,-0.0003115144891663252,0.2672557116452418,-0.8044591698987085
2011-02-02,-0.006270492299205851,0.26557988676345157,-0.805685307168039
2011-02-03,0.008818192131724698,0.2679218212312534,-0.8039718028726297
2011-02-04,0.007470994042550501,0.2699234635615414,-0.8025072773797192
2011-02-07,0.0032529907462279625,0.2708015220906969,-0.801864835380588
2011-02-08,0.001438790622273518,0.2711911487811784,-0.801579760363791
2011-02-09,0.006368635283017224,0.2729182662997482,-0.8003160942247791
2011-02-10,0.0055620891361998995,0.2744362620238045,-0.7992054345417927
2011-02-11,0.012678141319239845,0.27791560373686625,-0.7966597326647782
2011-02-14,0.002652663716512868,0.2786528203751518,-0.7961203393155121
2011-02-15,-0.0047086184597959525,0.2773407505612592,-0.797080330849388
2011-02-16,0.008783680142523856,0.27977682300467677,-0.7952979493809422
2011-02-17,-0.009087078916835571,0.27723446893493175,-0.7971580930693557
2011-02-18,-0.00745321664338954,0.2751681803769447,-0.798669917746068
2011-02-22,-0.009992282268758534,0.27241862224723756,-0.8006816647571416
2011-02-23,-0.0047218116040952255,0.2711323128355389,-0.8016228083854003
2011-02-24,-0.001636054091240881,0.2706887257058567,-0.8019473642013503
2011-02-25,0.0015873541407363861,0.27111840457545655,-0.8016329845298316
2011-02-28,-0.0006143319068049951,0.2709518478890038,-0.8017548477166926
2011-03-01,-0.008860618900683544,0.2685510468244233,-0.803511422459983
2011-03-02,0.0006260891271279925,0.26871918371491893,-0.8033884030979803
2011-03-03,0.009263393057968732,0.2712084351358867,-0.801567112596122
2011-03-04,0.0003700438344262238,0.27130879414515313,-0.8014936837295908
2011-03-07,-0.012079912181921648,0.2680314077376966,-0.8038916225976941
2011-03-08,-0.00288235705718539,0.2672588455180565,-0.8044568769632728
2011-03-09,-0.01187876902067186,0.2640841394234161,-0.8067796885554069
2011-03-10,-0.008205166531904432,0.2619172850810123,-0.8083650933881563
2011-03-11,0.0037323334685244163,0.26289484773010524,-0.8076498480124713
2011-03-14,-0.0010247652749506622,0.262625442219188,-0.8078469617688596
2011-03-15,0.007355955094443724,0.26455730317881077,-0.8064334926483704
2011-03-16,0.0003540157862919209,0.2646509606405149,-0.8063649670490706
2011-03-17,0.0056703756518850885,0.2661516310039789,-0.8052669836728736
2011-03-18,-0.005492266115274993,0.2646898554194905,-0.8063365092199724
2011-03-21,0.005936380846201006,0.26626115520738647,-0.8051868489826974
2011-03-22,-0.0029052025182183363,0.26548761262877424,-0.805752820639615
2011-03-23,0.007665503663050142,0.26752270889587454,-0.8042638181746908
2011-03-24,0.0061896837226816616,0.26917858985257503,-0.8030522731161068
2011-03-25,0.0032592758024559644,0.2700559171170207,-0.8024103661555255
2011-03-28,-0.0001704999058507373,0.27000987260857784,-0.802444055169493
2011-03-29,0.005470983331881302,0.27148709212106276,-0.8013632298882113
2011-03-30,2.9506500014270546e-05,0.27149510275495026,-0.8013573688123512
2011-03-31,0.010286159117577253,0.2742877445815307,-0.7993140991004207
2011-04-01,-0.004328710322560511,0.2731004323902088,-0.8001828102312372
2011-04-04,-0.0005483872633732867,0.2729506675914643,-0.8002923874331094
2011-04-05,0.004193861549911507,0.2740953849012988,-0.7994548413555405
2011-04-06,-0.019041975647239473,0.26887606725698754,-0.80327361738262
2011-04-07,-0.004019276448272799,0.2677953800123573,-0.804064315099028
2011-04-08,-0.0022721630581636347,0.2671869052427463,-0.8045095129240359
2011-04-11,-0.006590688249736479,0.26542595964587945,-0.8057979297801428
2011-04-12,-0.005160656087130787,0.2640561875515504,-0.8068001398759563
2011-04-13,0.010321232783110021,0.2667815729310905,-0.8048060791459517
2011-04-14,-0.003247689913212349,0.2659151491076513,-0.8054400084738298
2011-04-15,-0.0007260448942617084,0.26572208277133486,-0.805581267762305
2011-04-18,-0.0019413924918192025,0.265206211914932,-0.8059587108293402
2011-04-19,0.004747174851124146,0.26646519217449643,-0.8050375629013096
2011-04-20,0.019050794823009188,0.2715415658780865,-0.8013233735139487
2011-04-21,0.007977620193809926,0.2737078213574943,-0.7997384068464555
2011-04-25,-0.0008528726975173129,0.27347438342956154,-0.7999092044916174
2011-04-26,-0.004925905283117556,0.27212727451942853,-0.8008948327983154
2011-04-27,0.00034178994232739646,0.27222028488489225,-0.8008267806547005
2011-04-28,-0.007937985436012629,0.2700594042280888,-0.8024078147691072
2011-04-29,0.0018304415060936094,0.2705537321706988,-0.8020461338319809
2011-05-02,-0.009633799363664562,0.26794727179787564,-0.8039531816619052
2011-05-03,-0.010302504351794901,0.26518674386412644,-0.805972954860989
2011-05-04,-0.00901642639785643,0.26279570710638833,-0.8077223854326785
2011-05-05,0.006023967152275786,0.2643787798137563,-0.806564111398407
2011-05-06,0.006100827499224189,0.2659917091438554,-0.8053839924098896
2011-05-09,0.009840104946927079,0.2686090954768434,-0.8034689504708509
2011-05-10,0.0040306257131167205,0.2696917582038494,-0.8026768073691929
2011-05-11,-0.01326627206842875,0.2661139539649042,-0.8052945505280441
2011-05-12,-0.0028479111266456565,0.2653560850744519,-0.8058490543440139
2011-05-13,-0.0015463238027315991,0.26494575864390163,-0.8061492745726045
2011-05-16,-0.0031995561175634426,0.26409804982101004,-0.8067695108470399
2011-05-17,-0.008361211448866306,0.26188987018322335,-0.8083851518252156
2011-05-18,0.017191741133527776,0.2663922130369065,-0.8050909589580545
2011-05-19,0.0008842558525875045,0.2666277719103681,-0.8049186094977909
2011-05-20,-0.00017408319690857967,0.26658135649544934,-0.8049525698899069
2011-05-23,0.009842226022561788,0.26920511045947865,-0.8030328689976436
2011-05-24,0.0031345224166935684,0.27004893991290235,-0.802415471110165
2011-05-25,0.013204468464288957,0.2736147926237969,-0.7998064724294077
2011-05-26,0.007123082288889181,0.27556377330711357,-0.7983804774588195
2011-05-27,-0.00047997900173334806,0.27543150848228776,-0.7984772505959787
2011-05-31,-0.0008315125110466421,0.2752024837370483,-0.7986448192833686
2011-06-01,-0.0029794703330095536,0.2743825261011832,-0.7992447510707117
2011-06-02,0.006983253712708605,0.2762986088952816,-0.7978428262332804
2011-06-03,0.05989674521034307,0.29284799627425456,-0.7857342695037322
2011-06-06,-0.0025833483918054137,0.29209146787403606,-0.7862877925340287
2011-06-07,0.005277362419829615,0.2936329404097474,-0.785159955761689
2011-06-08,0.00011696494066924663,0.29366728516920093,-0.7851348270086612
2011-06-09,0.003720322380552531,0.294759822142652,-0.7843354592967803
2011-06-10,-0.006246011179525046,0.2929187489982742,-0.7856825024290397
2011-06-13,-0.010222233319620883,0.28992446520232235,-0.7878733058936873
2011-06-14,0.005510440214363642,0.2915220766345011,-0.7867043944279439
2011-06-15,-0.0004893121750715419,0.2913794313331017,-0.7868087625646396
2011-06-16,-0.008629767249452686,0.28886489465941917,-0.7886485533233295
2011-06-17,-0.005319171557453924,0.2873283727277999,-0.7897727679271188
2011-06-20,0.007512281060402504,0.2894868642203592,-0.7881934818732369
2011-06-21,0.009778177862441824,0.2923175182675464,-0.786122400066569
2011-06-22,0.004190469072147398,0.2935424657870934,-0.7852261525988227
2011-06-23,0.0030901668027956838,0.29444956097007946,-0.7845624655854749
2011-06-24,-0.000174156260626949,0.29439828073559765,-0.7845999853808673
2011-06-27,-0.008064078466602545,0.2920242298993129,-0.7863369880004633
2011-06-28,0.007669525986958964,0.2942639173193474,-0.7846982939774809
2011-06-29,-0.000609395437952809,0.29408459423057887,-0.7848294978549144
2011-06-30,0.005890999872938572,0.2958170465378244,-0.7835619284541177
2011-07-01,-0.0019874527341155737,0.29522912413988484,-0.7839920888911782
2011-07-05,0.011673323860074705,0.29867542931889596,-0.7814705585884667
2011-07-06,0.0061088596490563194,0.30049999559722673,-0.7801355929016969
2011-07-07,-0.004402090865627128,0.2991771673114872,-0.7811034559998609
2011-07-08,0.004435077809032267,0.3005040413271995,-0.780132632795092
2011-07-11,-0.0002517125077659356,0.30042840070136323,-0.7801879761614671
2011-07-12,-0.006166049624206412,0.29857594427411766,-0.7815433480084527
2011-07-13,0.0037261703000900817,0.29968848908999324,-0.7807293413199446
2011-07-14,0.0014148682843249105,0.3001125088283839,-0.7804191022192952
2011-07-15,0.00556691756443024,0.3017832104250859,-0.7791967134626264
2011-07-18,0.005312025966662498,0.30338629067516676,-0.7780238006710154
2011-07-19,0.0043036369784815705,0.3046919551344807,-0.7770684956912405
2011-07-20,-0.01043957095388949,0.301511101849775,-0.7793958049483292
2011-07-21,-0.0016115478596506843,0.30102520227892804,-0.7797513191666946
2011-07-22,-0.003922112213196174,0.29984454765659,-0.7806151592077313
2011-07-25,-0.00011089700863388607,0.2998112957931997,-0.7806394883303147
2011-07-26,-0.003720179612375868,0.29869594392302984,-0.7814555488335886
2011-07-27,-0.00471236993253356,0.29728837813791725,-0.7824854111341872
2011-07-28,0.0054266752865327625,0.29890166563253173,-0.7813050300903288
2011-07-29,-0.0009128981258213934,0.2986287988621709,-0.7815046763184859
2011-08-01,0.0043923399561207575,0.2999404780674616,-0.780544970578054
2011-08-02,-0.011568209954034481,0.29647070364346373,-0.7830836724338759
2011-08-03,0.0018438941601939182,0.2970173642425805,-0.7826837016842261
2011-08-04,-0.015359975661961699,0.29245518475663446,-0.7860216747373039
2011-08-05,-0.0045764797435546125,0.2911167695276982,-0.7870009422084283
2011-08-08,-0.012464006666295591,0.2874882881716346,-0.7896557638846572
2011-08-09,0.011953643289871618,0.29092482061845415,-0.7871413839180539
2011-08-10,0.01750728856824082,0.29601812540468514,-0.7834148067020708
2011-08-11,0.00022031510446371633,0.29608334266890685,-0.7833670897125841
2011-08-12,0.019688963139477888,0.30191291668892833,-0.7791018123271373
2011-08-15,-0.006226572848835821,0.30003303391916025,-0.7804772509848582
2011-08-16,-0.05208839655859256,0.2844047942677014,-0.7919118389891913
2011-08-17,-0.005970924922312711,0.28270663459358314,-0.7931543177758089
2011-08-18,-0.022189839607666052,0.27643341971592844,-0.797744190287902
2011-08-19,-0.009475617083716588,0.273814042481558,-0.7996606888936909
2011-08-22,0.0027012445003575447,0.274553681157932,-0.7991195234313595
2011-08-23,0.02374692364948972,0.2810734864620758,-0.7943492300916108
2011-08-24,-0.0044557840004882335,0.27982108371813663,-0.7952655655018568
2011-08-25,-0.009163587846136054,0.2772569186362845,-0.7971416674775095
2011-08-26,0.011359741460264118,0.2804064855500622,-0.7948372492669937
2011-08-29,-0.001132149081437606,0.28008902360501753,-0.7950695240867813
2011-08-30,0.011029808512586874,0.2831783519018583,-0.7928091801790652
2011-08-31,0.0011824704159117533,0.2835132019254089,-0.7925641831641784
2011-09-01,0.013956636991610951,0.28747009276701113,-0.7896690767695426
2011-09-02,0.009941001584996981,0.29032783341484725,-0.7875781767283347
2011-09-06,0.009589050643065249,0.2931118017125536,-0.7855412531072905
2011-09-07,0.002528236316415647,0.29385285761441327,-0.7849990507150233
2011-09-08,0.008514356407244296,0.2963548255754296,-0.7831684560049152
2011-09-09,-0.0038480930414564515,0.2952144246333307,-0.784002843960531
2011-09-12,-6.790951234381175e-06,0.2952124198465693,-0.7840043107866844
2011-09-13,-0.0018419049659839902,0.29466866662443375,-0.7844021543192776
2011-09-14,0.00030778305520641437,0.29475936064692104,-0.784335796955638
2011-09-15,-0.006001754107425945,0.2929902874434561,-0.7856301604720843
2011-09-16,0.004680791498558343,0.2943617138900816,-0.7846267399496747
2011-09-19,0.014477863899649914,0.29862344272104985,-0.7815085952030423
2011-09-20,-0.006259977568426482,0.2967540666682098,-0.7828763464959652
2011-09-21,0.0037658570911802184,0.29787160007450886,-0.782058689845754
2011-09-22,-0.010280660750383216,0.294809283206969,-0.7842992705189439
2011-09-23,-0.009431471695628604,0.29202879779679386,-0.786333645843771
2011-09-26,-0.00908038345117014,0.2893770643340147,-0.788273818270123
2011-09-27,0.0021543887274382703,0.29000049501939507,-0.7878176777709007
2011-09-28,-0.000270856251144278,0.2899219465724841,-0.7878751486792588
2011-09-29,-0.02819504742054567,0.281747583540616,-0.7938560189213233
2011-09-30,0.0030899970470815914,0.2826181827417789,-0.7932190346285165
2011-10-03,0.015369523151460838,0.28696188944445244,-0.790040909793958
2011-10-04,-0.004967057077195124,0.2855365333606021,-0.7910837885788874
2011-10-05,-0.003890711698382362,0.2844255930299404,-0.7918966213266453
2011-10-06,-0.006993700167089176,0.2824364057124425,-0.793352033960845
2011-10-07,0.008046668211333171,0.284709077760012,-0.791689206341581
2011-10-10,0.006147912023519575,0.2864594441223779,-0.7904085299086195
2011-10-11,0.0009760200370319109,0.28673903427963837,-0.7902039644342194
2011-10-12,-0.00787399758281969,0.28448125181682044,-0.7918558979111495
2011-10-13,0.004831039569401199,0.2858555920011003,-0.7908503455178209
2011-10-14,0.008526979994944964,0.2882930769155368,-0.7890669305981016
2011-10-17,0.00891900344926738,0.2908643638629464,-0.7871856178245416
2011-10-18,-0.033134245884056654,0.2812267925118018,-0.7942370618912067
2011-10-19,0.0042170708609766214,0.28241274582382925,-0.7933693450006392
2011-10-20,-0.007880927504693654,0.2801870714475902,-0.7949977862129365
2011-10-21,-0.0011330008567375515,0.2798696192555933,-0.7952300538967904
2011-10-24,-0.001802406436999708,0.27936518045232633,-0.7955991325657509
2011-10-25,0.0064266769519222295,0.28116057021870894,-0.7942855142220583
2011-10-26,-0.00913513412274853,0.27859213069973254,-0.796164743640632
2011-10-27,-0.013594928781429233,0.2748046905238031,-0.798935869433982
2011-10-28,0.006210166276281898,0.2765112733454581,-0.797687227750971
2011-10-31,0.008680562375852652,0.27891154670135976,-0.7959310391120316
2011-11-01,0.018806133710393753,0.28415679454199827,-0.7920932909474314
2011-11-02,-0.016189976920823582,0.27955630259646813,-0.7954592957686768
2011-11-03,-0.008953356625642757,0.27705333532237586,-0.7972906216381199
2011-11-04,-0.002854008175290569,0.27626262283837427,-0.7978691558611728
2011-11-07,-0.0007029628852648174,0.27606842046793295,-0.7980112463425697
2011-11-08,-0.009079789188668192,0.2735617774084355,-0.7998452616442611
2011-11-09,0.022617158429608823,0.27974896746836747,-0.7953183302164324
2011-11-10,-0.0005046050807955197,0.27960780471803565,-0.7954216136269509
2011-11-11,-0.003414443511308635,0.27865309966350493,-0.7961201349708562
2011-11-14,0.004960771712307869,0.2800354340778626,-0.7951087335037106
2011-11-15,-0.0004931883987211912,0.27989732385054455,-0.7952097834993458
2011-11-16,-0.0047181364724759286,0.2785767300783369,-0.7961760116890237
2011-11-17,0.009099388981306706,0.28111160810646013,-0.7943213379356608
2011-11-18,0.0004715327712564905,0.28124416144206293,-0.7942243537061493
2011-11-21,0.0061943511993313854,0.28298628655079655,-0.7929497070847358
2011-11-22,0.012891350284673614,0.2866343618964819,-0.7902805492322209
2011-11-23,0.011953439412521282,0.2900606283749582,-0.787773680483841
2011-11-25,0.0004341834147629052,0.2901865678890744,-0.7876815353357309
2011-11-28,-0.014037216873186325,0.28611315610192983,-0.7906618956704051
2011-11-29,0.008608605205964464,0.2885761913070438,-0.7888597865756667
2011-11-30,-0.02273084244512741,0.28201661136902845,-0.7936591815008458
2011-12-01,0.005244286472053754,0.28349558726892543,-0.7925770711377582
2011-12-02,-0.003285892516042507,0.2825640512403874,-0.7932586405873623
2011-12-05,-0.010032813608785707,0.2797291387817492,-0.7953328381115763
2011-12-06,-0.0006301608243979537,0.27955286443704636,-0.795461811339039
2011-12-07,-0.008257410872176074,0.27724448157489595,-0.7971507672018633
2011-12-08,0.017914251673702548,0.2822111089929738,-0.7935168749936999
2011-12-09,-0.00028197660112112865,0.2821315320636613,-0.7935750984034782
2011-12-12,-0.000382639309531884,0.28202357744903533,-0.7936540846852952
2011-12-13,0.0032794913137363093,0.2829484713215483,-0.7929773750483956
2011-12-14,0.003508286344092902,0.2839411355795677,-0.7922510804003596
2011-12-15,0.004952673135398575,0.28534740321378715,-0.7912221679073504
2011-12-16,0.00022120203301131055,0.2854105226394925,-0.7911759858264439
2011-12-19,0.015959793475733047,0.2899656156366198,-0.7878431976874604
2011-12-20,-0.012684401081471066,0.2862875754680493,-0.790534279660155
2011-12-21,0.0048196937743717515,0.28766739391321267,-0.7895247190318887
2011-12-22,-0.023235097751410336,0.2809834138957457,-0.7944151327594383
2011-12-23,-0.012275212866599076,0.27753428267819175,-0.7969387307669678
2011-12-27,0.01345787056158187,0.2812693031308763,-0.7942059584895591
2011-12-28,0.006113688598138984,0.282988896062434,-0.7929477978044117
2011-12-29,-0.007090490940271133,0.28098236585870595,-0.7944158995682428
2011-12-30,-0.005640463128540611,0.27939749518430984,-0.7955754891065423
2012-01-03,-0.02072468168422228,0.273607071033246,-0.799812122023262
2012-01-04,-0.0012421211572523443,0.2732672179015418,-0.8000607796219223
2012-01-05,-0.0023506339833694557,0.2726248666926016,-0.8005307635479515
2012-01-06,-0.003394135343694807,0.2716995409969902,-0.8012077891333731
2012-01-09,-0.009676822859247501,0.2690703526678234,-0.8031314661437277
2012-01-10,-0.017087188287649643,0.264472696889164,-0.8064953958496434
2012-01-11,-0.012005403165963905,0.26129759553661985,-0.8088184966369386
2012-01-12,-0.0022773077935637443,0.26070254048586483,-0.8092538757645326
2012-01-13,0.008317694764581277,0.26287098464197717,-0.807667307725615
2012-01-17,0.007821156915493193,0.26492693986139226,-0.8061630435593579
2012-01-18,-0.017038253038448782,0.26041304762333195,-0.8094656866713963
2012-01-19,-0.014221300460321792,0.2567096354292925,-0.8121753323892434
2012-01-20,-0.0062400896235276886,0.25510774429699057,-0.8133473751486439
2012-01-23,0.0021616568008449694,0.25565919968739836,-0.8129438962327383
2012-01-24,-0.0013561529148215959,0.25531248671854134,-0.8131975729130975
2012-01-25,0.0010361365761494016,0.25557702532437804,-0.8130040200858792
2012-01-26,-0.004330840341351753,0.25447016203278056,-0.813813869819362
2012-01-27,-0.011545711037390903,0.25153212307431205,-0.8159635210775976
2012-01-30,0.007639980213381289,0.2534538235176296,-0.8145574860200901
2012-01-31,0.002624064311767435,0.25411890265060316,-0.814070872937271
2012-02-01,-0.0125470045640073,0.25093047161924553,-0.816403726543109
2012-02-02,-0.0037469075069824194,0.24999025835140476,-0.8170916447983786
2012-02-03,-0.02217963371678299,0.24444556598840664,-0.8211484851204898
2012-02-06,-0.0016004638914946848,0.2440543396866062,-0.8214347305119936
2012-02-07,0.005165170028253201,0.24531492184722056,-0.8205124105339472
2012-02-08,-0.006642478653333138,0.2436854227155063,-0.8217046530155137
2012-02-09,-0.0025206664003528355,0.24307117305821155,-0.8221540761059967
2012-02-10,0.0035509791271767194,0.24393431372015958,-0.8215225489423956
2012-02-13,-0.003100946772466136,0.2431778863973353,-0.8220759980182107
2012-02-14,0.005993030483401582,0.24463525888340368,-0.8210096940506051
2012-02-15,-0.004636060416619563,0.24350111504318486,-0.8218395039229757
2012-02-16,-0.012765127288363445,0.24039279231480018,-0.8241137453331568
2012-02-17,0.002411024373467658,0.24097238519627712,-0.8236896792861972
2012-02-21,0.0014580906630335124,0.2413237447811807,-0.823432602853768
2012-02-22,0.012631619547333741,0.24437205451299446,-0.8212022706685538
2012-02-23,-0.004395872126727575,0.24329782621000964,-0.8219882426232441
2012-02-24,0.002398091560541279,0.2438812766737419,-0.8215613541302017
2012-02-27,-0.0006123197519824546,0.24373194335089587,-0.8216706156375848
2012-02-28,-0.0010502656686310864,0.24347596005844568,-0.8218579088676887
2012-02-29,0.011994196739614778,0.24639625862475328,-0.8197212375790415
2012-03-01,0.0012054494173142387,0.24669327685114087,-0.819503920649927
2012-03-02,0.006625523284464633,0.24832774890103895,-0.8183080396734386
2012-03-05,0.006092777062355955,0.2498407545134897,-0.8172010310651463
2012-03-06,0.011911397425756875,0.25281670703365083,-0.8150236398971448
2012-03-07,-0.0022739149880493595,0.25224182333429773,-0.8154442604148174
2012-03-08,-0.002303520367256683,0.2516607791567732,-0.815869388319846
2012-03-09,-0.006216253754192171,0.250096391893557,-0.8170139909259645
2012-03-12,0.011994097167335589,0.25309607231912834,-0.8148192389528676
2012-03-13,-0.016796310774043297,0.24884499203276653,-0.817929592564789
2012-03-14,-0.000741759194571886,0.24866040897190306,-0.8180646449635636
2012-03-15,-0.018866334612876914,0.24396909849126433,-0.8214970982495935
2012-03-16,-0.004222798818444257,0.2429388660704185,-0.822250880092194
2012-03-19,-0.002417753049977687,0.24235149988601862,-0.822680633568982
2012-03-20,0.005616783989377874,0.24371273591038015,-0.8216846689906055
2012-03-21,0.0009835151657171302,0.24395243108222642,-0.8215092931582779
2012-03-22,0.0158135887234354,0.24781019449544298,-0.8186867145293277
2012-03-23,-0.008618904723935727,0.24567434203946675,-0.8202494364619832
2012-03-26,-0.0017511943344034621,0.24524411852357894,-0.8205642146304568
2012-03-27,0.012148885423580022,0.2482235612203288,-0.8183842698331121
2012-03-28,0.002142674690163035,0.2487554235624577,-0.817995126404748
2012-03-29,0.009123694007536823,0.25102499192975675,-0.8163345696301846
2012-03-30,0.00197646881429853,0.25152113499791545,-0.8159715606347939
2012-04-02,0.0034277463460889515,0.25238328564936874,-0.8153407578241834
2012-04-03,0.010020515936138227,0.25491229638523316,-0.8134903769452054
2012-04-04,0.005400494136369365,0.2562889487471501,-0.8124831328195214
2012-04-05,0.011680955861357601,0.25928264864521927,-0.8102927565707263
2012-04-09,0.009488901062598918,0.2617429560454624,-0.8084926433069675
2012-04-10,0.000518506703893684,0.2618786715228689,-0.8083933454586771
2012-04-11,-0.0002266892338391439,0.2618193064474626,-0.8084367806243936
2012-04-12,-0.012310801831261837,0.25859610085018947,-0.8107950774562853
2012-04-13,0.020507314766488243,0.26389921248771087,-0.8069149925543123
2012-04-16,0.0037601316005495063,0.26489150825594604,-0.8061889675162234
2012-04-17,-0.008270968501687157,0.2627005989347967,-0.8077919724611762
2012-04-18,0.011370695611251397,0.2656876874821777,-0.8056064334859931
2012-04-19,-0.004435196237832263,0.26450931045021836,-0.8064686071008549
2012-04-20,0.015830899045712644,0.2686967306406068,-0.8034048311576925
2012-04-23,0.000964088589719852,0.26895577809271237,-0.8032152959986176
2012-04-24,-0.00679895569409577,0.26712715967378897,-0.8045532264823987
2012-04-25,0.002998365962097348,0.2679281046569066,-0.8039672055292818
2012-04-26,0.007448447416788793,0.2699237530559235,-0.8025070655677005
2012-04-27,0.0038509036873071822,0.2709632034318583,-0.8017465392982781
2012-04-30,-0.0027482590803127502,0.2702185263475961,-0.802291391171855
2012-05-01,-0.006610945818767393,0.2684321263106849,-0.8035984320727217
2012-05-02,0.011497627023772718,0.2715184587802034,-0.8013402800978098
2012-05-03,0.013273949599813002,0.2751225811174708,-0.798703280988315
2012-05-04,0.005569252285601131,0.27665480818117977,-0.7975822087758753
2012-05-07,0.00011710839004686378,0.27668720678036457,-0.7975585039542281
2012-05-08,-0.004485421544476685,0.27544614802199086,-0.7984665394020879
2012-05-09,-0.01448921082873996,0.2714551507113359,-0.8013866002017367
2012-05-10,0.0009466123245389748,0.27171211350255886,-0.801198590309669
2012-05-11,0.003047007490459147,0.2725400223476496,-0.8005928409252288
2012-05-14,0.0019747849029919644,0.2730782302692428,-0.8001990546779394
2012-05-15,0.015429180840390777,0.27729160366764083,-0.7971162897604843
2012-05-16,0.017262388790132567,0.28207831913839104,-0.7936140322751452
2012-05-17,-0.006200341210843591,0.2803293373115518,-0.7948936956961694
2012-05-18,0.0076941103169958225,0.28248622215791724,-0.7933155851641444
2012-05-21,-0.005041777120143743,0.2810619895862856,-0.7943576419179541
2012-05-22,0.006215394125012123,0.28280890062512437,-0.7930794936136774
2012-05-23,-0.004676481623861194,0.2814863499982866,-0.794047153559393
2012-05-24,0.006793663219672346,0.28339867346110975,-0.7926479792815426
2012-05-25,-0.011144825914398353,0.28024024458101426,-0.7949588814554486
2012-05-29,-0.006726965325129484,0.27835507817301197,-0.7963381859501235
2012-05-30,0.014655325956632341,0.28243446257532134,-0.7933534556803036
2012-05-31,0.004128085404011476,0.2836003761578684,-0.792500401096908
2012-06-01,-0.0003215853643537206,0.2835091744275708,-0.7925671299310245
2012-06-04,0.009897290866752438,0.28631514719027334,-0.7905141064806266
2012-06-05,-0.010638155158395926,0.28326928223026426,-0.7927426499193808
2012-06-06,-0.011896485392450171,0.2798993733520821,-0.7952082839570929
2012-06-07,0.004971265136393339,0.2812908273485256,-0.7941902100389067
2012-06-08,0.0037855453062031045,0.2823556665196728,-0.7934111077545487
2012-06-11,0.011659276407940929,0.28564772928097404,-0.7910024307570487
2012-06-12,-0.008109527233285773,0.28333126124124375,-0.7926973022365149
2012-06-13,0.003429719621127594,0.2843030080272017,-0.7919863121064828
2012-06-14,0.002098724468041823,0.2848996817064863,-0.7915497486900132
2012-06-15,-0.0076807894778999535,0.282711427228978,-0.7931508111869405
2012-06-18,0.012150371821545363,0.28614647618800987,-0.7906375166318768
2012-06-19,-0.013729600191701219,0.28221779947368436,-0.7935119798236627
2012-06-20,-0.005171121809736715,0.2807584168557301,-0.7945797545282459
2012-06-21,0.016064560256636634,0.2852686773608669,-0.7912797686169318
2012-06-22,0.0028018188456320975,0.2860679485171651,-0.7906949723391781
2012-06-25,0.013758856932009893,0.2900039164936464,-0.7878151744084425
2012-06-26,0.0014480335038523414,0.2904238518809775,-0.7875079236719769
2012-06-27,-0.020368711776096268,0.2845082921491102,-0.7918361135294066
2012-06-28,-0.012246468230476329,0.28102407038799904,-0.7943853859518013
2012-06-29,-0.01083383903788127,0.27797950084364526,-0.7966129815842355
2012-07-02,0.004864067489613836,0.2793316118964779,-0.7956236934001499
2012-07-03,-0.016346158818853287,0.27476561300529184,-0.7989644609666416
2012-07-05,0.013654490166498452,0.27851739736616454,-0.796219423175794
2012-07-06,0.011961842706406534,0.28184897866445635,-0.7937818319692019
2012-07-09,0.009825276856707355,0.2846182229116148,-0.7917556813754164
2012-07-10,0.01174828971865347,0.28796200025358876,-0.7893091667879513
2012-07-11,-0.008073617312656088,0.2856371052629543,-0.7910102039465899
2012-07-12,0.017166920279416235,0.2905406146778467,-0.7874224927785296
2012-07-13,-0.004713438696756179,0.28917116930164477,-0.7884244638271273
2012-07-16,0.004018607773461821,0.2903332348104614,-0.7875742247327886
2012-07-17,0.0012070802744319929,0.29068369033121316,-0.7873178097696826
2012-07-18,-0.0031485380809259983,0.28976846166270126,-0.7879874477447575
2012-07-19,-0.0013303803227335252,0.28938295940315645,-0.7882695050724504
2012-07-20,0.00870976168711245,0.2919034160158692,-0.7864253829197371
2012-07-23,0.0007685192191652068,0.2921277494012174,-0.7862612467217851
2012-07-24,0.0021074021759316915,0.29274338005595557,-0.7858108132080456
2012-07-25,0.004895678433602378,0.29417655750827537,-0.7847622118255574
2012-07-26,-0.0025862476209553764,0.29341574408627874,-0.7853188700431633
2012-07-27,-0.016210604888175908,0.28865929739092594,-0.7887989810178406
2012-07-30,0.0023108088389044656,0.28932633384676887,-0.7883109358363911
2012-07-31,-0.007904544849871289,0.2870393408646283,-0.7899842415382996
2012-08-01,-0.0016008673363434541,0.28657982895959255,-0.7903204489061383
2012-08-02,0.013695821546274755,0.2905047751557851,-0.7874487151924537
2012-08-03,-0.016092204201505336,0.2858299129924658,-0.7908691338708691
2012-08-06,-0.01833226963004248,0.28059000195915634,-0.7947029772967127
2012-08-07,-0.017976560150127188,0.27554595891141326,-0.7983935115739803
2012-08-08,-0.010130312539713296,0.27275459222858567,-0.80043584831177
2012-08-09,-0.009548300769807786,0.27015024934564086,-0.8023413468549607
2012-08-10,-0.00410968074306215,0.2690400180681716,-0.8031536608154906
2012-08-13,0.0028783917978186476,0.26981442064946404,-0.8025870599273512
2012-08-14,0.009294127725234783,0.27232211033709036,-0.8007522788477018
2012-08-15,-0.005936303435189853,0.27070552365801814,-0.801935073779232
2012-08-16,-0.007755872716428858,0.26860596607289233,-0.8034712401365891
2012-08-17,-0.0040025851595184795,0.26753084781933084,-0.804257863234237
2012-08-20,-0.005397123964611871,0.26608695066929217,-0.8053143078114599
2012-08-21,-0.00879461191912339,0.26374681920141285,-0.807026492920464
2012-08-22,0.010494768568880116,0.26651478102970994,-0.8050012806237391
2012-08-23,0.004252060631843583,0.2676480180379308,-0.8041721342458193
2012-08-24,0.004679648877769256,0.2689005167851792,-0.8032557285936068
2012-08-27,0.005192883794952816,0.2702968859212474,-0.8022340584548708
2012-08-28,0.003247833877114423,0.27117476530422097,-0.801591747530181
2012-08-29,0.0004480665776064552,0.2712962696532441,-0.8015028474235281
2012-08-30,0.007915788378440244,0.2734437935116794,-0.7999315859700098
2012-08-31,-0.004076969950067527,0.27232897138249984,-0.8007472588819676
2012-09-04,0.012044505664603937,0.2756090392209521,-0.7983473581128837
2012-09-05,-0.0023749022432787426,0.27495449469543837,-0.7988262634244645
2012-09-06,-0.014982484314703186,0.2708349932914068,-0.8018403457772376
2012-09-07,-0.022893845898267668,0.26463453869113496,-0.8063769823642676
2012-09-10,-0.00013800752172272348,0.26459801713428793,-0.80640370379708
2012-09-11,-0.012974799871086748,0.26116491081568416,-0.8089155769960965
2012-09-12,-0.005500453006847343,0.259728385496705,-0.80996662788517
2012-09-13,-0.006463884950178607,0.2580495310945587,-0.8111949817392148
2012-09-14,-0.0245585007677984,0.251712221487043,-0.8158317499251364
2012-09-17,0.01572134930084752,0.25566947724433303,-0.8129363765355837
2012-09-18,0.004801829903419152,0.2568971585855564,-0.8120381288345904
2012-09-19,-0.0005985368114327929,0.25674339617939046,-0.8121506309336286
2012-09-20,0.01174783022768282,0.2597595740097846,-0.8099438084374596
2012-09-21,0.006623265447048208,0.26148003062086356,-0.8086850158308858
2012-09-24,0.006561730767238413,0.2631957921828069,-0.8074296584130296
2012-09-25,0.021235190873315837,0.2687848050668624,-0.8033403904528906
2012-09-26,-0.00042709802183235287,0.26867000760831977,-0.8034243833831025
2012-09-27,-0.009105103947966472,0.26622373926134507,-0.805214224806035
2012-09-28,0.00583493964659834,0.26777713871242675,-0.8040776615637624
2012-10-01,-0.00017782780407662937,0.2677295204918676,-0.804112502002976
2012-10-02,0.0005060172406200826,0.26786499624505944,-0.8040133795517677
2012-10-03,0.014415985634088987,0.2717265341828035,-0.8011880392469123
2012-10-04,-0.008924763143508641,0.2693014392254155,-0.8029623889067301
2012-10-05,0.00513272660224112,0.2706836898865496,-0.8019510487186297
2012-10-08,-0.0062485340014857595,0.2689923136466459,-0.8031885643246699
2012-10-09,-0.013458587868536155,0.2653720569574717,-0.805837368325239
2012-10-10,0.005278371903277719,0.26677278936683096,-0.8048125057455405
2012-10-11,-0.014297688093849154,0.2629585552325379,-0.8076032356582108
2012-10-12,0.0035735038283175847,0.26389823863635026,-0.8069157050842795
2012-10-15,0.004771141578435135,0.2651573344951839,-0.8059944725766642
2012-10-16,-0.007175456209509493,0.26325470965288345,-0.8073865507430932
2012-10-17,-0.004989793178162817,0.26194112309853823,-0.8083476520182178
2012-10-18,-0.001607752380623886,0.26151998663429327,-0.8086557815369376
2012-10-19,0.008149058404538907,0.26365112827933035,-0.8070965063253113
2012-10-22,-0.0030480484046003474,0.26284750687840747,-0.8076844855114482
2012-10-23,-0.00020199756158609575,0.26279441232294903,-0.8077233327764302
2012-10-24,0.013572545424960086,0.26636120142162795,-0.8051136489763783
2012-10-25,-0.008454075492334257,0.26410936371658067,-0.8067612329003575
2012-10-26,0.004264140116184487,0.2652355630494645,-0.805937235721566
2012-10-31,-0.006031377258137623,0.26363582730643864,-0.8071077014646861
2012-11-01,-0.0014369528726136736,0.2632569950470668,-0.8073848786071716
2012-11-02,0.002527174221665913,0.263922291338623,-0.8068981066376845
2012-11-05,0.0019835483866352094,0.2644457939738048,-0.8065150796886494
2012-11-06,0.0008540658189192187,0.26467164808739474,-0.8063498308317353
2012-11-07,0.005848882152263744,0.26621968136610336,-0.8052171938135041
2012-11-08,-0.001271563311248803,0.2658811661865459,-0.805464872483513
2012-11-09,-0.001207675898902758,0.2655600679101702,-0.8056998078685046
2012-11-12,0.001917967298918753,0.2660694034363206,-0.8053271464538228
2012-11-13,0.003427193605389672,0.26698127479436734,-0.8046599648950064
2012-11-14,-0.009654793432145032,0.264403625735977,-0.806545932582973
2012-11-15,-0.002279549525161117,0.26380090457647964,-0.806986920710494
2012-11-16,0.010221389517642461,0.26649731637726226,-0.8050140588450764
2012-11-19,0.005465209195697402,0.267953779961356,-0.8039484198864447
2012-11-20,0.014864603107891644,0.27193680655174085,-0.8010341909593817
2012-11-21,-0.002686917459630881,0.2712061347983007,-0.8015687956655626
2012-11-23,0.0018455904061134825,0.27170667023876355,-0.8012025729385694
2012-11-26,-0.0024012606320184546,0.27105423170806237,-0.8016799373739185
2012-11-27,-0.0065682978776309695,0.2692738667732114,-0.802982562620357
2012-11-28,-0.005164919284676279,0.2678830889858551,-0.8040001417820968
2012-11-29,0.0037295890324812986,0.268882182816524,-0.8032691428605193
2012-11-30,-0.0024417241712030324,0.26822564669153504,-0.8037495053496183
2012-12-03,-0.001808366157697717,0.2677405965094315,-0.8041043981025755
2012-12-04,-0.007432851499105346,0.265750520415295,-0.8055604610208069
2012-12-05,-0.006670546057188117,0.2639778193291431,-0.806857478920906
2012-12-06,0.0014435873132073401,0.2643588943600948,-0.8065786608278354
2012-12-07,-0.0013952386167379483,0.2639900506220054,-0.8068485297495496
2012-12-10,-0.005725867485388428,0.26247847857468287,-0.8079544894728115
2012-12-11,-0.00483979888088372,0.2612081355278211,-0.8088839511197398
2012-12-12,-0.0002391865293226654,0.2611456580604533,-0.8089296635041693
2012-12-13,-0.0044497131014440815,0.2599836348043965,-0.8097798716837721
2012-12-14,0.001922912504045281,0.260483560586609,-0.8094140950205118
2012-12-17,0.010400501655866614,0.26319272028981605,-0.8074319060001878
2012-12-18,-0.008803376620867947,0.26087573564923405,-0.8091271554568308
2012-12-19,-0.004572286306586402,0.2596829370954044,-0.8099998807502347
2012-12-20,0.00412021523595385,0.26075288668934216,-0.8092170393640687
2012-12-21,-0.0038797229059694092,0.2597412377420559,-0.8099572243865166
2012-12-24,0.0051344507462585676,0.26107486633401467,-0.8089814591154469
2012-12-26,-0.0013854092591061007,0.2607131707968756,-0.8092460979706494
2012-12-27,0.0018939568956871944,0.26120695030450286,-0.8088848183025217
2012-12-28,0.002841648597933461,0.2619492086686061,-0.8083417361144072
2012-12-31,-0.0031763825971180084,0.2611171577608623,-0.8089505160884072
2013-01-02,0.00565070701648886,0.26259265431634726,-0.8078709514291714
2013-01-03,-0.006296317621799477,0.26093928755962015,-0.8090806569433475
2013-01-04,-0.001792620616390633,0.2604715224131145,-0.8094229028937786
2013-01-07,0.0027746825735242746,0.2611942482072535,-0.8088941119435251
2013-01-08,0.005094569862970503,0.26252492055255144,-0.8079205096455964
2013-01-09,0.0034860754843252617,0.26344010224211417,-0.8072509060432301
2013-01-10,-0.005998714220371214,0.26185980035457834,-0.8084071527741123
2013-01-11,-0.003547924184403539,0.26093074163597724,-0.8090869096703438
2013-01-14,-0.001125766940938345,0.2606369944331689,-0.8093018333160293
2013-01-15,-0.00394458913760377,0.2596088885760701,-0.8100540592328919
2013-01-16,0.0010052612788886354,0.259869863339411,-0.8098631139335566
2013-01-17,0.0023805235072912544,0.26048848965792704,-0.8094104886066722
2013-01-18,-0.0006514495789162649,0.26031879454102685,-0.8095346480636153
2013-01-22,-0.0029437168185488787,0.25955248972735206,-0.8100953241234612
2013-01-23,0.005408949595168257,0.26095639606158777,-0.8090681393037582
2013-01-24,-0.0025288206939673196,0.26029648412700407,-0.8095509717442246
2013-01-25,-0.0028495926251508766,0.25955474518548305,-0.8100936738906095
2013-01-28,-0.0057123318715950454,0.2580720823421363,-0.8111784818498616
2013-01-29,0.003969251349060658,0.2590964353031277,-0.8104290017842125
2013-01-30,-0.00015068381574514353,0.25905739366361025,-0.8104575670655783
2013-01-31,-0.007010012211006632,0.2572413981706768,-0.8117862618349525
2013-02-01,0.0032613866214986054,0.25808036182516625,-0.8111724240673188
2013-02-04,-0.001843089078714527,0.2576046967288556,-0.8115204501102804
2013-02-05,0.0010995828678348478,0.25788795444005247,-0.8113132012262845
2013-02-06,-0.003447784093897261,0.2569988124527264,-0.8119637525698248
2013-02-07,-0.003227334020037904,0.25616939144218837,-0.8125706083481565
2013-02-08,0.0010437604226756832,0.25643677091447664,-0.8123749769671041
2013-02-11,-0.0040663501486879645,0.2553940092129395,-0.8131379260074115
2013-02-12,0.0016759755739873502,0.25582204333412306,-0.8128247497356953
2013-02-13,0.006445328209143395,0.2574709003665452,-0.8116183438151133
2013-02-14,0.001712441276355224,0.25791180416379317,-0.8112957512913542
2013-02-15,0.0015908673066644516,0.2583221076210402,-0.810995547871455
2013-02-19,-0.00284985847149387,0.25758592617426224,-0.8115341838105035
2013-02-20,-0.005487486126360373,0.2561724269780353,-0.8125683873621365
2013-02-21,0.0017403908233475935,0.2566182671191425,-0.8122421831034964
2013-02-22,0.002241924629025048,0.2571935859324546,-0.8118212442295042
2013-02-25,-0.004985295162544751,0.255911399992668,-0.8127593708703406
2013-02-26,0.011236971892175663,0.2587870692012729,-0.8106553531837373
2013-02-27,0.0040450545831530686,0.25983387702160626,-0.8098894437523376
2013-02-28,0.0004141029226781614,0.25994147498949166,-0.8098107184153636
2013-03-01,0.006900079656605699,0.2617350918729747,-0.808498397222597
2013-03-04,0.012489400427501194,0.2650040062413051,-0.8061066570230018
2013-03-05,0.0013291525101183734,0.26535623698139216,-0.8058489431994886
2013-03-06,-0.0026660937715185036,0.26464877237074247,-0.8063665681227582
2013-03-07,-0.0022036219650367257,0.2640655865229263,-0.8067932630064083
2013-03-08,0.0018134018604689546,0.2645444435488128,-0.806442901550089
2013-03-11,-0.0025617843483257603,0.2638667377338929,-0.8069387530954053
2013-03-12,-0.003435454168174745,0.26296023564990234,-0.8076020061607967
2013-03-13,0.0015981627185042038,0.2633804888949671,-0.8072945228599279
2013-03-14,-0.002995973888236074,0.26259140782756696,-0.8078718634375596
2013-03-15,-0.007007662069619411,0.26075125597912574,-0.8092182324926549
2013-03-18,0.0005092315775486972,0.26088403875255584,-0.8091210803922195
2013-03-19,0.0046384951785278265,0.26209414810846443,-0.8082356894439363
2013-03-20,0.005060046146643767,0.2634203565926585,-0.8072653531832433
2013-03-21,-0.0011977452824395113,0.2631048461032511,-0.8074962001972308
2013-03-22,0.0015059497542471549,0.26350106878158147,-0.8072062991472262
2013-03-25,-0.000868095536814506,0.2632723246798263,-0.8073736624984624
2013-03-26,0.0010185902580445367,0.26354049130495794,-0.8071774551876405
2013-03-27,-0.00018651850030069073,0.2634913361277512,-0.8072134201595231
2013-03-28,-0.0011273475972824764,0.26319428980306286,-0.8074307576470945
2013-04-01,0.00033309179737823027,0.26328195766211304,-0.8073666144120395
2013-04-02,0.001470615184461971,0.2636691441068458,-0.8070833248301595
2013-04-03,-0.009603673937043963,0.26113695161958417,-0.8089360336755094
2013-04-04,-0.0033082703327279935,0.2602730399897621,-0.809568124926954
2013-04-05,0.000786148272388684,0.2604776531904994,-0.8094184172373575
2013-04-08,0.0017301767719109084,0.2609283255756515,-0.8090886774097076
2013-04-09,-0.01400416147671156,0.2572742431704421,-0.8117622303989946
2013-04-10,0.0010075883799692605,0.257533469708326,-0.8115725642096733
2013-04-11,0.005042547215913846,0.2588320943890084,-0.810622409967927
2013-04-12,0.003937499838075615,0.2598512457187539,-0.8098767357378405
2013-04-15,-0.0005218731055147511,0.25971563634217876,-0.8099759559561917
2013-04-16,0.004768031404086202,0.26095396865239046,-0.8090699153466594
2013-04-17,0.0040878896023120994,0.2620207196675266,-0.8082894142388364
2013-04-18,0.001525041203558024,0.26242031206120553,-0.8079970476963924
2013-04-19,0.014873532381727379,0.26632342907027085,-0.8051412855679174
2013-04-22,0.0014608357378515576,0.2667124838532839,-0.8048566289940432
2013-04-23,0.006310768512247758,0.2683956445982085,-0.803625124352925
2013-04-24,-0.014194025739368154,0.2645860299104473,-0.8064124743924248
2013-04-25,-0.0035666714419883313,0.2636423384736166,-0.8071029374915345
2013-04-26,-0.001707298009933225,0.26319222243380647,-0.8074322702624772
2013-04-29,-0.007492151122240894,0.26122034652913395,-0.8088750167949375
2013-04-30,-0.0063494896399931755,0.2595617306450918,-0.8100885628957419
2013-05-01,-0.00404657064210777,0.2585113957660487,-0.8108570529417285
2013-05-02,0.006962108855472097,0.26031118024375194,-0.809540219155064
2013-05-03,0.0004982012565584691,0.26044086760084556,-0.8094453318529232
2013-05-06,-0.0018296776709088012,0.25996434476080416,-0.8097939854743195
2013-05-07,-0.0001504939958665997,0.25992522168777826,-0.8098226103374833
2013-05-08,-0.010316501459352725,0.25724370275891373,-0.8117845756554725
2013-05-09,-0.003381206085372753,0.25637390878572147,-0.8124209707936272
2013-05-10,5.888405461890731e-05,0.2563890051209693,-0.812409925379826
2013-05-13,0.009595344727001659,0.25884914600931797,-0.8106099339464815
2013-05-14,0.008539572624924005,0.2610596070905641,-0.8089926237229783
2013-05-15,0.0003866706010990587,0.2611605511657605,-0.808918766785979
2013-05-16,-0.008193158899789435,0.25902082127170284,-0.8104843256924692
2013-05-17,1.0347244666495073e-05,0.2590235014235142,-0.810482364727419
2013-05-20,-0.009141373244486597,0.2566556709179081,-0.8122148161678581
2013-05-21,-0.0027777871228770686,0.25594273610021895,-0.8127364434333741
2013-05-22,0.0025876888828470592,0.25660503627307096,-0.8122518636098842
2013-05-23,0.0001652406022277167,0.2566474378437994,-0.81222083999476
2013-05-24,0.0019066447001626055,0.25713677332097457,-0.811862811854535
2013-05-28,0.001334454295770892,0.2574799105927334,-0.81161175137562
2013-05-29,-0.010273156179500153,0.2548347792581305,-0.8135470932761208
2013-05-30,-0.0014018667543598514,0.2544775348532339,-0.8138084754073108
2013-05-31,-0.00017007399481884983,0.25443425484228976,-0.8138401417436997
2013-06-03,-0.007820605998678665,0.2524444247826008,-0.8152960246478921
2013-06-04,-0.004830788037316375,0.2512249192752738,-0.8161882904024679
2013-06-05,-0.003654706850193018,0.2503067658418593,-0.8168600683166796
2013-06-06,0.008152052776032533,0.2523472798072002,-0.8153671019281982
2013-06-07,0.0028625005770066157,0.2530696240412543,-0.8148385901509333
2013-06-10,-0.0010306658841401192,0.25280879381344284,-0.815029429699124
2013-06-11,0.002348595335224489,0.25340253936729684,-0.8145950086805616
2013-06-12,-0.006250419937849969,0.2518186670829337,-0.8157538677348815
2013-06-13,0.0008668997291790561,0.25203696861723013,-0.8155941448127185
2013-06-14,0.005289473412093898,0.2533701114615957,-0.814618734944671
2013-06-17,-0.0017932799622697845,0.2529157479176736,-0.8149511754526748
2013-06-18,-4.7823670674281796e-05,0.2529036525582368,-0.8149600251667186
2013-06-19,-0.00400796057586394,0.2518900246892914,-0.8157016580908094
2013-06-20,-0.006657625194782807,0.2502130353146055,-0.8169286473752607
2013-06-21,-0.002098912266299012,0.24968786010559577,-0.8173128980828928
2013-06-24,0.005232014077809799,0.2509942305047264,-0.8163570765938282
2013-06-25,0.003717838497441393,0.2519273865175326,-0.8156743218634059
2013-06-26,0.007398611871405421,0.25379129947015333,-0.8143105677129397
2013-06-27,0.002154463165813478,0.2543380834766657,-0.8139105066707965
2013-06-28,-0.0028697069356573325,0.2536082077145109,-0.8144445289804563
2013-07-01,0.0018315973567679382,0.2540727158374155,-0.8141046660702029
2013-07-02,-0.0017694029577498094,0.2536231588225292,-0.8144335898238902
2013-07-03,-0.0033002146830562067,0.25278614794982,-0.8150459988154355
2013-07-05,0.0083866475366842,0.2549061762748313,-0.813494854797001
2013-07-08,0.0009530079004495674,0.25514910387469464,-0.813317113920148
2013-07-09,0.00565626308067291,0.25659229433100783,-0.8122611864038212
2013-07-10,-0.007256474296153558,0.25473033894260383,-0.8136235082790721
2013-07-11,-0.00271996625618794,0.2540374810162526,-0.8141304460474998
2013-07-12,0.010365812101981035,0.25667078581132763,-0.8122037571757492
2013-07-15,-0.004197508862601463,0.2555934079131137,-0.8129920335693672
2013-07-16,-0.005988414490324017,0.2540628086455355,-0.8141119147853465
2013-07-17,0.004912877516871001,0.2553109881060032,-0.8131986693908412
2013-07-18,0.00350440678879676,0.25620570166597634,-0.8125440415396982
2013-07-19,0.003986337666900064,0.257227024105002,-0.8117967787916031
2013-07-22,0.0026322263520235844,0.25790410385630375,-0.8113013853132026
2013-07-23,-0.003437436655594473,0.25701757483607984,-0.8119500248481869
2013-07-24,0.002704827643731459,0.25771276307742125,-0.8114413820769932
2013-07-25,-0.0043916496779366114,0.25658097890445214,-0.812269465470667
2013-07-26,-0.0037665875081350046,0.2556145441944856,-0.8129765689569207
2013-07-29,-0.004535153857459914,0.2544552929083591,-0.8138247489916511
2013-07-30,0.00876045568228641,0.256684437225006,-0.8121937689560539
2013-07-31,0.004367537674582425,0.2578055161750652,-0.8113735181664481
2013-08-01,0.007737047870750886,0.25980016979505527,-0.8099141060468107
2013-08-02,-0.0016065896871211378,0.2593827775215502,-0.810219496083703
2013-08-05,-0.0007517563976557249,0.25918778485910665,-0.8103621647916726
2013-08-06,-0.00335832363631699,0.25831734839496967,-0.8109990300159926
2013-08-07,-0.0070196697760913414,0.2565040459118014,-0.8123257544126413
2013-08-08,-0.0034974812350627538,0.2556069278245072,-0.8129821415648877
2013-08-09,-0.002836806067895983,0.25488182054065844,-0.8135126749605013
2013-08-12,-0.0012845015010663104,0.25455442445957943,-0.8137522182094443
2013-08-13,0.005564047517474483,0.2559707773730559,-0.8127159267015375
2013-08-14,-0.0059867310484849005,0.2544383491726518,-0.8138371460780401
2013-08-15,-0.005811166846727259,0.25295976547340365,-0.8149189694828436
2013-08-16,0.010366489613182135,0.25558207025473667,-0.8130003289023904
2013-08-19,-0.00291626340844077,0.2548367256153993,-0.8135456692006028
2013-08-20,0.003719940799372004,0.25578470314819435,-0.8128520701282426
2013-08-21,0.00032635908087640016,0.255868180808816,-0.8127909927018617
2013-08-22,0.0019982595173933105,0.2563794718363153,-0.8124169005212865
2013-08-23,-0.006457944483725043,0.25472378744042967,-0.8136283017638051
2013-08-26,8.564447564853511e-05,0.2547456031256402,-0.8136123400574339
2013-08-27,-0.01205450369759234,0.2516747713108168,-0.8158591507933971
2013-08-28,0.005016822766119172,0.2529373790331867,-0.8149353487889249
2013-08-29,0.006690200401846277,0.2546295807880365,-0.8136972291850251
2013-08-30,-0.00592074800350149,0.2531219832059533,-0.8148002809433746
2013-09-03,0.011651888406502787,0.2560713323075018,-0.8126423544840111
2013-09-04,0.004286198946210363,0.2571689049821929,-0.811839302341236
2013-09-05,0.0038139888752701467,0.25814974432486043,-0.8111216595336024
2013-09-06,-0.008110905929032504,0.2560559160330377,-0.8126536339851571
2013-09-09,-0.0010117882040164337,0.25579684167762684,-0.8128431888283563
2013-09-10,0.0057007756322094765,0.2572550820794588,-0.811776249839827
2013-09-11,-0.00033064305989491676,0.25717002247194654,-0.8118384847165248
2013-09-12,-8.699910842237175e-05,0.2571476489092785,-0.8118548546005939
2013-09-13,0.002180717812822717,0.25770841536778044,-0.8114445631306253
2013-09-16,0.0004811124206202864,0.2578324020873123,-0.811353846767972
2013-09-17,-3.128400512405428e-06,0.25783159548429346,-0.8113544369286944
2013-09-18,-0.011574753394991116,0.25484725834912564,-0.813537962800304
2013-09-19,-0.0017174312023358431,0.25440957571580713,-0.8138581985210418
2013-09-20,0.0047834271822148906,0.2556265253957019,-0.8129678027681009
2013-09-23,-0.008916444761247186,0.2533472456025016,-0.8146354650232939
2013-09-24,0.007227444755423506,0.25517829882403237,-0.813295753087135
2013-09-25,0.0030463711264499095,0.2559556666256665,-0.812726982660154
2013-09-26,0.002380797963523132,0.25656504535552105,-0.8122811234418486
2013-09-27,0.0025528774850633014,0.2572200244832634,-0.8118019001483618
2013-09-30,0.0019073414785689975,0.2577106309050789,-0.811442942106327
2013-10-01,0.004293292805846332,0.2588170581027338,-0.8106334114461804
2013-10-02,-0.002317505031471476,0.2582172482683501,-0.8110722694679465
2013-10-03,-0.003835835566916795,0.25722676936345096,-0.8117969651762982
2013-10-04,0.008702117586807888,0.2594651869569264,-0.8101592002370683
2013-10-07,-0.008057449405103377,0.2573745593406353,-0.8116888328761824
2013-10-08,-0.012194433005441992,0.25423602251945077,-0.8139851807878504
2013-10-09,0.0013020155292528459,0.2545670417688666,-0.813742986604565
2013-10-10,0.013145693434572068,0.25791350205850605,-0.8112945090064296
2013-10-11,0.0027772472773930448,0.25862979162990096,-0.8107704271953386
2013-10-14,0.0034181260068434677,0.2595138208468157,-0.8101236166712711
2013-10-15,0.002549865669107177,0.2601755462292518,-0.809639457400047
2013-10-16,0.00883729538997744,0.2624747943845284,-0.8079571850544948
2013-10-17,-0.004802205811011583,0.261214336401691,-0.8088794141763891
2013-10-18,-0.0003563153559624539,0.26112126172243355,-0.8089475133759585
2013-10-21,-0.0035301281000760325,0.2601994702188999,-0.8096219531275795
2013-10-22,-8.925381464325831e-05,0.2601762464236147,-0.8096389450944872
2013-10-23,-0.004198055520314524,0.25908401209606136,-0.8104380913718862
2013-10-24,0.0008027842415570035,0.25929200065821145,-0.81028591405884
2013-10-25,-0.0023966993643498523,0.2586705556850529,-0.8107406016880234
2013-10-28,-0.003611338340885167,0.25773640878964943,-0.8114240814095203
2013-10-29,0.005211462638551008,0.259079592454651,-0.8104413250552556
2013-10-30,-0.0035847673327243086,0.25815085239504404,-0.811120848800832
2013-10-31,0.0002469341986485046,0.2582145986689106,-0.8110742080789892
2013-11-01,0.00173601566574676,0.25866286325732435,-0.8107462299445507
2013-11-04,0.00010828429245310941,0.2586908723824561,-0.8107257367339662
2013-11-05,0.006523789285209891,0.2603785171238864,-0.8094909513233052
2013-11-06,-0.005955613167547757,0.2588278033987568,-0.8106255495221412
2013-11-07,-0.01282555383877965,0.25550819347129294,-0.8130543817324343
2013-11-08,0.0172976337265791,0.2599278806160993,-0.809820664900853
2013-11-11,0.001928120695258546,0.26042905294198987,-0.8094539761890378
2013-11-12,0.0032674235773069438,0.2612799849697882,-0.8088313816182758
2013-11-13,0.007980993532528811,0.26336525884001133,-0.8073056661113488
2013-11-14,0.0017958063026034888,0.263838211831723,-0.8069596244120756
2013-11-15,-0.002211715238541268,0.26325467683810533,-0.8073865747524172
2013-11-18,-0.003953224357860999,0.26221397203730806,-0.8081480188367569
2013-11-19,-0.008795623547755232,0.2599076366503063,-0.8098354766399598
2013-11-20,0.004527123431597401,0.261084270602237,-0.8089745783703981
2013-11-21,0.01196491686881068,0.26420812219574685,-0.8066889750807704
2013-11-22,0.01249385822649876,0.26750910101675,-0.8042737745418103
2013-11-25,0.0021049369543101677,0.2680721908090945,-0.8038617831769157
2013-11-26,0.0014016784427198952,0.26844794182004433,-0.8035868604666012
2013-11-27,-0.0006988407325565817,0.2682603394637295,-0.8037241219689165
2013-11-29,-0.001115637028045453,0.26796105829586775,-0.8039430946061601
2013-12-02,0.005707235414300024,0.26949037513742724,-0.8028241516924783
2013-12-03,-0.0069887901766223,0.2676069634509725,-0.8042021723241971
2013-12-04,-0.003370369154304653,0.26670502919588024,-0.8048620832830755
2013-12-05,-0.001174142961377623,0.2663918793630859,-0.8050912030944866
2013-12-06,0.007585863599386604,0.2684126918239185,-0.8036126515468407
2013-12-09,-0.004731793432733277,0.26714261841148385,-0.8045419159125233
2013-12-10,0.0036955735318587885,0.2681298636013168,-0.8038195861903817
2013-12-11,-0.004262480652844136,0.26698696524526644,-0.8046558014087122
2013-12-12,0.006982731566999929,0.26885126355546207,-0.8032917653067786
2013-12-13,0.008117808547511965,0.271033746640762,-0.8016949255178198
2013-12-16,-0.0014904214036027615,0.27062979214367,-0.8019904836452711
2013-12-17,0.0003025079218848312,0.2707116597996915,-0.8019305841979654
2013-12-18,-0.0006628871821307391,0.2705322085103569,-0.8020618818748726
2013-12-19,0.0018089604014973764,0.27102159056288183,-0.8017038196572372
2013-12-20,0.00031061258619254843,0.27110577328004054,-0.801642226367829
2013-12-23,-0.001560158519504158,0.2706828052981709,-0.8019516959382711
2013-12-24,-0.0012992853372332373,0.27033111109820585,-0.8022090171958024
2013-12-26,0.002006184946102135,0.2708734453037541,-0.8018122119036258
2013-12-27,-0.008501565661720795,0.26857059692248775,-0.8034971183974784
2013-12-30,-0.002768220498208739,0.2678271342908708,-0.8040410817022876
2013-12-31,0.002192093274474803,0.2684142363506717,-0.8036115214754138
2014-01-02,0.0023972115465508313,0.2690576820573102,-0.8031407367470851
2014-01-03,0.004445923319316363,0.27025389188021,-0.8022655155579654
2014-01-06,-0.0026120655146325156,0.26954797100903444,-0.8027820109858301
2014-01-07,0.0005401665126584337,0.2696935717965286,-0.8026754804324708
2014-01-08,0.012631181405896185,0.27310012022589464,-0.8001830386299821
2014-01-09,0.0039301758487805035,0.27417345172270546,-0.7993977228342289
2014-01-10,-0.007833250486629174,0.2720257823985778,-0.8009690907194567
2014-01-13,-0.009516840769511481,0.26943695634228876,-0.8028632361912906
2014-01-14,-0.00043823138460616275,0.2693188806118468,-0.8029496277082513
2014-01-15,0.0023973398154507985,0.2699645294873902,-0.8024772310051069
2014-01-16,-0.010750018164343,0.26706240589167246,-0.8046006043596733
2014-01-17,-0.002855530251900282,0.2662998011125035,-0.8051585732451273
2014-01-21,-2.401095104857577e-05,0.2662934070010148,-0.8051632515730873
2014-01-22,0.006645323482404281,0.26806301283176803,-0.8038684983535307
2014-01-23,-0.005586550118807392,0.26656546537558484,-0.8049641968173556
2014-01-24,-0.011026042556999306,0.2636263032101273,-0.807114669883386
2014-01-27,-0.005389648016094356,0.2622054502280406,-0.8081542539201827
2014-01-28,0.003986268690832651,0.26325067160485033,-0.8073895052291153
2014-01-29,-0.005210303172682148,0.2618790557953769,-0.8083930643011119
2014-01-30,0.007624220456698699,0.263875679449753,-0.8069322107823111
2014-01-31,-0.004093913715844206,0.26279539518637596,-0.8077226136526771
2014-02-03,-0.011936403360482935,0.25965856334815385,-0.8100177140932181
2014-02-04,0.0008685712719137696,0.25988409531678447,-0.8098527009375069
2014-02-05,0.0029695480953865114,0.26065583363705364,-0.8092880493877331
2014-02-06,0.0019180642978492881,0.261155788285579,-0.8089222516040906
2014-02-07,0.009690110930416607,0.26368641684418664,-0.8070706870258
2014-02-10,-0.006514166234784007,0.2619687196910091,-0.8083274606420765
2014-02-11,0.0014954670091622247,0.26236048526873945,-0.8080408206829044
2014-02-12,0.001961133586258279,0.262875009228107,-0.8076643630891551
2014-02-13,0.002330328245049921,0.26348759428702906,-0.807216157921932
2014-02-14,-0.004103746461447661,0.26240630800433834,-0.8080072939316841
2014-02-18,0.004271879750534048,0.2635272761979145,-0.8071871241783807
2014-02-19,-0.005473910630398705,0.26208475143933474,-0.8082425646290183
2014-02-20,0.001258046882739122,0.2624144663438965,-0.8080013247852078
2014-02-21,0.0017771460498587752,0.26288081517618533,-0.8076601150979718
2014-02-24,0.003833704743949602,0.26388862260441964,-0.8069227407687721
2014-02-25,0.0020186009671525605,0.2644213084332295,-0.8065329948265528
2014-02-26,-0.004696022025061002,0.2631795801449316,-0.8074415201439699
2014-02-27,0.000740075428110422,0.26337435288537725,-0.8072990123445541
2014-02-28,-0.000740437215679949,0.26317934071284527,-0.8074416953273126
2014-03-03,-0.0008129426034714475,0.2629653910144263,-0.8075982341768332
2014-03-04,0.010717605783103584,0.2657837504099186,-0.8055361478987675
2014-03-05,0.00232103079471905,0.2664006426793559,-0.8050847913095809
2014-03-06,0.000294729011236809,0.26647915867736566,-0.8050273441428485
2014-03-07,0.00036789130937297577,0.26657719404397207,-0.8049556153971933
2014-03-10,0.0023342671078397464,0.2671994564197291,-0.8045003297056461
2014-03-11,0.0008062288787077408,0.2674148803378697,-0.804342712225677
2014-03-12,-0.0047576532035454614,0.2661426130757545,-0.8052735817476535
2014-03-13,-0.005531214736459157,0.26467052113231015,-0.8063506553818688
2014-03-14,-0.0006444206590291907,0.2644999619806565,-0.8064754470201482
2014-03-17,0.0024950377590809173,0.2651598993730737,-0.8059925959531542
2014-03-18,0.0037421290119346693,0.2661521619253194,-0.8052665952179403
2014-03-19,0.0023541211438926147,0.2667787163572005,-0.8048081691923207
2014-03-20,0.004921324588897756,0.2680916210138038,-0.8038475668358149
2014-03-21,-0.01379053831263933,0.26439449324291536,-0.806552614480483
2014-03-24,-0.0066962051816286845,0.262624053467268,-0.8078479778657713
2014-03-25,-0.003841638098132927,0.26161514689798204,-0.8085861563946355
2014-03-26,-0.004360607274458102,0.2604743459853103,-0.809420836993493
2014-03-27,-0.011344577350728484,0.2575193746193995,-0.8115828770496574
2014-03-28,-0.003326929283496277,0.25666262587091054,-0.8122097274935131
2014-03-31,0.007647280632303456,0.2586253969987693,-0.8107736425796392
2014-04-01,0.012057210360062746,0.2617436978148382,-0.8084921005825535
2014-04-02,-0.00546262998940369,0.26031388884161744,-0.8095382373771189
2014-04-03,-0.008247148760353047,0.2581670414759546,-0.8111090038666289
2014-04-04,-0.018163929671660875,0.2534777134910446,-0.8145400066360055
2014-04-07,-0.009866246290944009,0.2509768399404766,-0.8163698006076514
2014-04-08,-0.001328771923877775,0.2506433489620201,-0.8166138032609801
2014-04-09,0.016160318508750833,0.25469382531334633,-0.813650223911569
2014-04-10,-0.02171388428895113,0.249163433061382,-0.8176966013868252
2014-04-11,-0.007083603607913408,0.2473984580679883,-0.8189879663989764
2014-04-14,0.0006924098647702393,0.24756975920088353,-0.818862631881269
2014-04-15,-0.00025169368571918986,0.24750744745571765,-0.8189082230130722
2014-04-16,0.009144574158026702,0.24977079766364035,-0.8172522158290064
2014-04-17,0.00792578933586867,0.25175042838817424,-0.8158037953900703
2014-04-21,0.004723321812428867,0.25293952667786845,-0.8149337774390696
2014-04-22,0.006056011241197746,0.2544713312947729,-0.8138130143148746
2014-04-23,-0.003897411858762616,0.25347955171046954,-0.814538661680831
2014-04-24,-0.008818115422239274,0.25124433976630917,-0.8161740811684924
2014-04-25,-0.015137884817593483,0.24744103188985445,-0.8189568167542521
2014-04-28,-0.012135100867254096,0.24443831000917363,-0.821153794044268
2014-04-29,0.014034242240972229,0.24786881646481623,-0.8186438230660065
2014-04-30,0.005736638251385644,0.249290750198674,-0.8176034482842819
2014-05-01,-0.004501161362593318,0.24816865230582782,-0.8184244445955349
2014-05-02,0.0032879164806645495,0.24898461010772846,-0.8178274393344347
2014-05-05,0.004225329921834074,0.25003665223089283,-0.8170577001629173
2014-05-06,-0.004073660875497211,0.24901808770325953,-0.8178029450522373
2014-05-07,0.00047612094619263516,0.24913665043079586,-0.817716197218042
2014-05-08,0.002809755168859469,0.24983666342209612,-0.8172040243609761
2014-05-09,0.003913504305483666,0.2508144002800662,-0.8164886515232876
2014-05-12,0.011054306062591144,0.25358697942566727,-0.8144600609112672
2014-05-13,-0.0010407918516616515,0.25332304816379353,-0.8146531693680286
2014-05-14,-0.005650375761443467,0.2518916777526339,-0.8157004486072919
2014-05-15,-0.007216755321770642,0.25007383714670284,-0.8170304933756051
2014-05-16,0.001851349908220147,0.25053681132215266,-0.8166917527963089
2014-05-19,0.0108792551108146,0.2532624652071764,-0.8146974956110637
2014-05-20,-0.002103637370271948,0.25272969282087937,-0.8150873048841012
2014-05-21,0.006124812897399698,0.25427761490302453,-0.8139547492241624
2014-05-22,0.001265041788753099,0.25459928671182136,-0.813719394207332
2014-05-23,0.006951444634500382,0.2563691195573819,-0.812424474889683
2014-05-27,0.003628920665728185,0.25729946275339827,-0.8117437781902254
2014-05-28,0.0014780888967458464,0.2576797742324327,-0.811465518759025
2014-05-29,0.0006535595561851415,0.257848183311318,-0.8113423002471395
2014-05-30,-0.01115054292327857,0.2549730360756157,-0.8134459360260408
2014-06-02,0.011790397436064573,0.25797926950642724,-0.8112463894684748
2014-06-03,-0.0016286481800794558,0.2575591120386474,-0.8115538026927505
2014-06-04,0.0005504657352953552,0.25770088950463776,-0.8114500695181861
2014-06-05,-0.003813587020619553,0.2567181247372208,-0.8121691210858102
2014-06-06,0.006142206955603193,0.25829494058861113,-0.8110154249548664
2014-06-09,-0.0022384297880789134,0.2577167654994875,-0.8114384536571349
2014-06-10,-0.00017954307490584384,0.25767049423895494,-0.8114723085769743
2014-06-11,0.0030898865788757815,0.25846666684087616,-0.8108897793934998
2014-06-12,-0.00622242399006951,0.2568583776524922,-0.8120665033669691
2014-06-13,0.0049240126864833495,0.2581231515626826,-0.8111411164453328
2014-06-16,-0.00035514783948356013,0.25803147968308443,-0.8112081892697945
2014-06-17,0.0039127130115683174,0.25904108281103466,-0.810469501095473
2014-06-18,0.0012171555266489572,0.2593563760966072,-0.8102388130012628
2014-06-19,-0.0012656144606766272,0.2590281309165507,-0.8104789775036035
2014-06-20,0.001866335338570207,0.25951156427096406,-0.8101252677219165
2014-06-23,-0.001242655673903622,0.25918908075317915,-0.8103612166353128
2014-06-24,-0.01210670559320458,0.25605115485952706,-0.8126571175545626
2014-06-25,0.006300684462767867,0.25766445239262425,-0.8114767291659285
2014-06-26,-0.002001319417071029,0.25714878352096193,-0.8118540244484185
2014-06-27,0.0016429487249160811,0.25757126578696143,-0.8115449102577879
2014-06-30,-0.0035425019709300434,0.2566588190702562,-0.8122125127846315
2014-07-01,0.007760242714442571,0.25865055380104357,-0.8107552363051049
2014-07-02,-0.0012626601592052222,0.2583239660516026,-0.8109941881285607
2014-07-03,0.0006845353500365542,0.25850079793812664,-0.8108648069689722
2014-07-07,-0.006189429536397816,0.256900825464186,-0.8120354459190908
2014-07-08,-0.00045046161058657597,0.2567851015045864,-0.8121201167348553
2014-07-09,0.0014665929650603039,0.25716170072798533,-0.8118445734197822
2014-07-10,0.0024564796028092727,0.25779341320044735,-0.8113823734522301
2014-07-11,0.002932583643373683,0.25854941394736847,-0.8108292364857641
2014-07-14,0.004389541946004187,0.25968432744500525,-0.8099988634843607
2014-07-15,-0.0023930246550266467,0.25906289644690533,-0.8104535408885257
2014-07-16,-0.003544950130530798,0.2581445313983302,-0.8111254736334946
2014-07-17,-0.0015347933477791458,0.25774833288877447,-0.8114153570001269
2014-07-18,0.004519687674787843,0.258913274852129,-0.810563013313506
2014-07-21,-0.0004294617678931207,0.25880208149938,-0.8106443692567128
2014-07-22,0.006311867610200792,0.26043560597504845,-0.8094491815842151
2014-07-23,-0.002842158558990507,0.2596954066884606,-0.8099907572236982
2014-07-24,-0.0005821059542565995,0.25954423644593416,-0.810101362735282
2014-07-25,-0.0018732234736494142,0.2590580520897732,-0.8104570853202203
2014-07-28,-0.001046647620851778,0.25878690959589096,-0.8106554699609192
2014-07-29,-0.0005320353489416943,0.25864922581214256,-0.8107562079440288
2014-07-30,-0.004653213504107163,0.25744567574176663,-0.8116367997127921
2014-07-31,-0.0037424615770629828,0.25648219519212206,-0.8123417417523996
2014-08-01,0.003966862229334616,0.2574996247247265,-0.8115973272957345
2014-08-04,0.003035373166075936,0.25828123217589055,-0.8110254548785909
2014-08-05,-0.005440884703568007,0.2568759537705261,-0.8120536435905057
2014-08-06,-0.0056485006226576805,0.2554249897857075,-0.813115258701711
2014-08-07,-0.0008213342013782127,0.25521520050570984,-0.813268753531455
2014-08-08,-0.001347117967273226,0.25487139552358734,-0.8135203025486241
2014-08-11,0.0027509270123476106,0.2555725281302079,-0.8130073105116506
2014-08-12,-0.0010826780990909404,0.25529582535127204,-0.8132097634012498
2014-08-13,0.00855844540071178,0.2574807607335705,-0.8116111293599334
2014-08-14,-0.005335231651727305,0.2561070412291939,-0.8126162276254055
2014-08-15,0.005046556316447733,0.25739949983579585,-0.8116705848653287
2014-08-18,0.0024126246669660977,0.2580205082183644,-0.8112162166728595
2014-08-19,-0.0015824672226143596,0.25761219922134654,-0.8115149608221358
2014-08-20,0.0007072743215236628,0.25779440171476703,-0.8113816501939339
2014-08-21,-0.0032812722538116987,0.25694850809723235,-0.8120005583517124
2014-08-22,2.7093115731662338e-05,0.2569554696328993,-0.8119954648610823
2014-08-25,0.0019745091987031635,0.2574628305713465,-0.8116242481770526
2014-08-26,-0.0015327397090837062,0.2570682070673167,-0.8119129791721001
2014-08-27,-0.0027112481098778177,0.2563712313767958,-0.8124229297518123
2014-08-28,-0.0038535798756694985,0.2553832843588616,-0.8131457729748578
2014-08-29,0.0013434854801751461,0.25572638809327713,-0.8128947370339401
2014-09-02,0.003466884296291796,0.2566129618923051,-0.8122460647360096
2014-09-03,-0.0016534039981680986,0.2561886769951306,-0.8125564978432469
2014-09-04,-0.007262169983344363,0.25432819127498385,-0.8139177444181827
2014-09-05,-0.0013996461901406786,0.25397222179102047,-0.8141781937382605
2014-09-08,0.005106061825027396,0.25526901965732496,-0.8132293761070498
2014-09-09,-0.0010748697364563354,0.2549946387134404,-0.8134301301983314
2014-09-10,0.001704377022291265,0.2554292457164711,-0.8131121447991896
2014-09-11,-0.0049490473784863835,0.2541651142775692,-0.8140370616490421
2014-09-12,-0.0037917748158020226,0.2532013773981961,-0.8147421912353537
2014-09-15,-0.003985658535140831,0.25219220316725954,-0.8154805656020581
2014-09-16,0.006601177104949783,0.25385696856485407,-0.8142625201362921
2014-09-17,3.4143759639846836e-05,0.25386563619617164,-0.8142561783604235
2014-09-18,0.0008135328165264247,0.2540721642222056,-0.8141050696660528
2014-09-19,-0.0007840581092993903,0.2538729568814999,-0.8142508220936587
2014-09-22,-0.0038973315930410863,0.2528835297860269,-0.8149747482330945
2014-09-23,0.0014183149091641623,0.2532421982666045,-0.8147123241599417
2014-09-24,0.00290305591284299,0.25397737452766367,-0.8141744236770172
2014-09-25,-0.0032320180995990136,0.2531565150563016,-0.8147750153030615
2014-09-26,0.006736356391908836,0.25486186756465445,-0.8135272737934571
2014-09-29,0.002074544550817982,0.255390589863222,-0.8131404278154292
2014-09-30,0.0009676577863507787,0.2556377205560639,-0.8129596116954506
2014-10-01,-0.011758421477954212,0.2526318244921022,-0.8151589114145357
2014-10-02,-0.006851080578501938,0.25090102350581284,-0.8164252726066528
2014-10-03,0.006769549739916272,0.25259951046423135,-0.8151825543585719
2014-10-06,-0.0030328176172283376,0.2518334222187922,-0.8157430719636843
2014-10-07,-0.0025195635342703067,0.2511989119114592,-0.8162073190005014
2014-10-08,0.0014581155576174744,0.25156518895297386,-0.8159393280329598
2014-10-09,-0.00623249715222566,0.24999730962922534,-0.8170864856468311
2014-10-10,-0.01413277153955927,0.24646415476673103,-0.8196715605566823
2014-10-13,-0.016662047661389377,0.24235755727318373,-0.8226762016093908
2014-10-14,-0.005123601032342149,0.24111581384254294,-0.8235847380058838
2014-10-15,-0.00026233585122455817,0.24105256052027485,-0.823631018053808
2014-10-16,0.008748551029207739,0.24316142114670766,-0.8220880450152823
2014-10-17,0.01273456228629123,0.24625797540992353,-0.8198224141430536
2014-10-20,0.0032326370842552837,0.24705403807352727,-0.8192399653972608
2014-10-21,0.009709768223403428,0.24945287552187714,-0.8174848273572138
2014-10-22,-0.006352179405264851,0.24786830610340296,-0.8186441964780237
2014-10-23,0.0017827887959442382,0.2483102029423938,-0.8183208773834252
2014-10-24,0.004695616631121911,0.24947617246100734,-0.8174677818737393
2014-10-27,-0.0019918674008319957,0.2489792490057979,-0.8178313618486265
2014-10-28,0.006250044020753839,0.25053538027233835,-0.8166927998409796
2014-10-29,0.0005310242419484415,0.25066842063272876,-0.8165954592739715
2014-10-30,-0.0007644380400238175,0.2504768001565644,-0.8167356606816156
2014-10-31,0.006957253836454611,0.25221943083539655,-0.8154606441538075
2014-11-03,0.0006850090069354605,0.25239220341724294,-0.8153342330329187
2014-11-04,0.001952210893804571,0.2528849262262654,-0.8149737265109328
2014-11-05,-0.005425729959544439,0.25151284090572235,-0.8159776291063053
2014-11-06,0.005763768579106155,0.25296250271537646,-0.8149169667470957
2014-11-07,-0.006956354519992705,0.2512028058662237,-0.8162044699420384
2014-11-10,0.006652578114092129,0.25287395215472785,-0.8149817558213068
2014-11-11,0.0006191288919956771,0.25303051372454,-0.8148672056807895
2014-11-12,-0.003643002957159604,0.2521087228147899,-0.8155416449979616
2014-11-13,0.0021397701168447865,0.25264817752606494,-0.8151469465221259
2014-11-14,-0.0026870266194312362,0.2519693051477016,-0.8156436515975041
2014-11-17,-0.0011981596306687094,0.251667405698106,-0.8158645399318174
2014-11-18,0.004523384405417127,0.2528057941163926,-0.8150316244632607
2014-11-19,-0.0036473308391522393,0.2518837277471955,-0.8157062653236238
2014-11-20,-0.003294552267745699,0.2510538836407377,-0.8163134306651332
2014-11-21,-0.0004955220334480189,0.25092948090981104,-0.8164044514074871
2014-11-24,0.0013390939420305846,0.2512654990575742,-0.816158599720583
2014-11-25,0.003591017126611986,0.2521677977680167,-0.8154984221035994
2014-11-26,0.004699037250905194,0.2533527436432073,-0.8146314423162133
2014-11-28,-0.0036334291733616116,0.2524322043933029,-0.8153049658415256
2014-12-01,-0.002705987168692622,0.2517491260872498,-0.8158047482340797
2014-12-02,0.007990714269220042,0.25376078142133884,-0.8143328966074712
2014-12-03,-0.008905643783156517,0.251500878295865,-0.8159863816925355
2014-12-04,0.006173411738585752,0.2530534967702013,-0.8148503898612166
2014-12-05,0.004964682519575375,0.2543098270421337,-0.8139311808282544
2014-12-08,0.012561744269476,0.25750440205465164,-0.8115938319052955
2014-12-09,-0.002617135171972392,0.2568304782270967,-0.8120869163144327
2014-12-10,0.005155568380826809,0.25815458531987695,-0.8111181175618398
2014-12-11,0.0004257504664361947,0.2582644947549895,-0.8110377010122904
2014-12-12,0.0018797477245439695,0.2587499668513357,-0.8106824995607437
2014-12-15,0.004164868988874147,0.2598276265641471,-0.809894016974113
2014-12-16,-0.007985178147731597,0.2577528566783301,-0.8114120471155244
2014-12-17,-0.00535067423064676,0.2563737051102258,-0.8124211198152337
2014-12-18,0.0039756072099528215,0.2573929462607043,-0.8116753798667363
2014-12-19,-0.009899316461860125,0.25484493203061903,-0.8135396648789951
2014-12-22,0.003861683394766321,0.255829062472882,-0.8128196140990758
2014-12-23,-0.010509415094005731,0.25314044866224417,-0.8147867704719647
2014-12-24,0.005865124279614868,0.2546251488538457,-0.813700471862554
2014-12-26,0.0002741514180382153,0.2546949546994722,-0.8136493975827352
2014-12-29,-0.0031194035207242838,0.25390045836107195,-0.8142307003080047
2014-12-30,-0.00491799480566304,0.25265177722569676,-0.8151443127589416
2014-12-31,-0.004351960334285596,0.2515522467128238,-0.8159487973773818
2015-01-02,0.003376453063140613,0.25240160106677717,-0.815327357130512
2015-01-05,0.011074550963449014,0.2551968354610473,-0.813282190535499
2015-01-06,0.007022007313571677,0.2569888295060551,-0.8119710567118652
2015-01-07,0.009703422193107027,0.25948250061766476,-0.8101465324906166
2015-01-08,0.0017452843554074647,0.2599353713664948,-0.8098151842039526
2015-01-09,0.005766136619360191,0.26143419422999814,-0.8087185525731448
2015-01-12,0.003632527056897758,0.26238386101413685,-0.8080237175398841
2015-01-13,0.0024622872670645103,0.2630299254541952,-0.8075510167840043
2015-01-14,0.008015339295952467,0.26513819955169965,-0.806008472886367
2015-01-15,0.011231641922381299,0.2681161368690092,-0.8038296295178508
2015-01-16,-0.0062814665941498,0.266431974311914,-0.8050618671467964
2015-01-20,0.0034550105848252465,0.26735249960329754,-0.8043883538344025
2015-01-21,-0.007726870106724908,0.26528670156615464,-0.8058998196156867
2015-01-22,-0.0004961688861324336,0.2651550745589328,-0.8059961260859861
2015-01-23,0.007888807513760268,0.2672468319034249,-0.8044656668677547
2015-01-26,-0.007029100691800683,0.26536832701241103,-0.8058400973840453
2015-01-27,-0.006398094843126892,0.2636704752878237,-0.8070823508557144
2015-01-28,0.016022371106839305,0.26789510149280193,-0.8039913526880657
2015-01-29,0.0037052219725183327,0.2688877123091831,-0.8032650971412418
2015-01-30,-0.025914027641247794,0.26191974870001106,-0.8083632908519219
2015-02-02,-0.01699399216018557,0.2574686865440053,-0.8116199635847882
2015-02-03,-0.021419152032889563,0.25195392560321084,-0.8156549042247269
2015-02-04,0.010818581394268157,0.2546797096549545,-0.8136605518014479
2015-02-05,-0.005922028472200974,0.25317148916308596,-0.8147640593191741
2015-02-06,-0.014155317957484944,0.24958776623621254,-0.817386132956665
2015-02-09,-0.015841524098358515,0.2456339156227261,-0.8202790149321264
2015-02-10,0.013889440437460616,0.24904563326318815,-0.8177827910146644
2015-02-11,0.0028344708553408454,0.2497515458523226,-0.8172663016464539
2015-02-12,-0.007880400798325063,0.24778340357100503,-0.8187063164288401
2015-02-13,-0.01699544986315271,0.24357221315869268,-0.82178748413848
2015-02-17,0.0009194670579555774,0.2437961697849254,-0.82162362360083
2015-02-18,0.011987459958974473,0.24671866660837355,-0.8194853439311179
2015-02-19,-0.0038629604801835335,0.24576560214954182,-0.8201826649136059
2015-02-20,0.004102814634013135,0.24677393285857802,-0.8194449077197643
2015-02-23,0.011021646931793697,0.2494937880185154,-0.817454893240914
2015-02-24,-0.005869602088830052,0.2480293587592118,-0.8185263603808529
2015-02-25,-0.011131844541947962,0.24526833449566524,-0.8205464967255547
2015-02-26,0.007683404342718103,0.24715283028206045,-0.8191676828991798
2015-02-27,-0.0017882640710442973,0.24671085575561014,-0.8194910588347349
2015-03-02,0.00104578241335619,0.24696886162974344,-0.8193022857586107
2015-03-03,-0.0019177124662601566,0.246495246365018,-0.8196488120178362
2015-03-04,-0.00013081755164755915,0.24646300046039576,-0.8196724051186848
2015-03-05,0.0051862976280463505,0.2477412309350847,-0.8187371725410805
2015-03-06,-0.006282227338198653,0.24618486420130534,-0.8198759068311421
2015-03-09,0.012014724993205226,0.24914270764217358,-0.8177117653870678
2015-03-10,0.006324836912785801,0.2507184946360202,-0.8165588220320213
2015-03-11,-0.002998086692954869,0.24996681885357427,-0.8171087945866271
2015-03-12,0.009707228226357124,0.25239330381320235,-0.815333427915086
2015-03-13,0.0075667919964786355,0.2543031114444609,-0.8139360943754167
2015-03-16,0.006808980396101588,0.25603465634495387,-0.8126691888895968
2015-03-17,-0.00014085578368736235,0.2559985923827833,-0.8126955755178046
2015-03-18,-0.005828754596162367,0.254506439410821,-0.8137873270428867
2015-03-19,0.012342436241134732,0.25764766891220725,-0.8114890089996223
2015-03-20,-0.004471891583526154,0.25649549647008363,-0.812332009713679
2015-03-23,-0.004257188915421629,0.2554035466856556,-0.8131309478017055
2015-03-24,0.003937842408686226,0.25640928560312326,-0.812395086923088
2015-03-25,-0.013349649480984032,0.252986311516652,-0.8148995467535753
2015-03-26,-0.001564532634027735,0.2525905061763219,-0.8151891424532527
2015-03-27,0.011699660048647084,0.25554572923010055,-0.8130269182466567
2015-03-30,-0.0031352760194163372,0.25474452283338117,-0.8136131304661544
2015-03-31,-0.00488819468206624,0.2534992820115815,-0.8145242257706167
2015-04-01,-0.0056519985829842825,0.2520665044288645,-0.8155725345837391
2015-04-02,-0.007097741896162474,0.2502774014397605,-0.8168815531318272
2015-04-06,-0.009957023106705017,0.24778538357053875,-0.8187048677385576
2015-04-07,-0.002375503765831973,0.24719676845874883,-0.8191355350079715
2015-04-08,0.006514404192019655,0.24880710812345025,-0.8179573107790401
2015-04-09,-0.007485152726563843,0.24694474891969154,-0.8193199281106134
2015-04-10,0.004471136009539597,0.24804887247895308,-0.8185120829349826
2015-04-13,-0.002286875181657262,0.24748161566864288,-0.8189271231482892
2015-04-14,-0.010203707817068886,0.2449563855722639,-0.8207747378772802
2015-04-15,-0.020093564364750825,0.24003433867221088,-0.8243760122175323
2015-04-16,0.00521666545488255,0.2412865175147478,-0.8234598406274188
2015-04-17,-0.0016821187759141233,0.2408806449332613,-0.8237568021442023
2015-04-20,0.0023390008668113076,0.2414440649705583,-0.823344569151648
2015-04-21,0.013454106373952357,0.24469247910403166,-0.8209678281934779
2015-04-22,-0.00811315282252169,0.24270725162653897,-0.8224203435634921
2015-04-23,-0.0016786735019538568,0.24229982539450146,-0.8227184418272382
2015-04-24,0.005139463011534291,0.2435451163848177,-0.8218073098163821
2015-04-27,-0.016408432171854715,0.23954892286183097,-0.8247311724867803
2015-04-28,-0.003017816226956031,0.23882600823526867,-0.8252601015985292
2015-04-29,-0.020928215608927127,0.23382780604190156,-0.8289170958677573
2015-04-30,-0.010399368302961185,0.23139614456739846,-0.8306962499981687
2015-05-01,0.010746777511383988,0.23388290745005635,-0.8288767802650561
2015-05-04,0.00011095726237643605,0.23390885845718368,-0.8288577929010652
2015-05-05,-0.008771725316087454,0.23185707420179766,-0.830359005331726
2015-05-06,0.006956123507165676,0.2334699006459554,-0.8291789616209351
2015-05-07,0.017477954224292682,0.23755047688219558,-0.8261933593315997
2015-05-08,-0.0009867958310300832,0.23731606306194902,-0.8263648710000165
2015-05-11,0.002264496598217188,0.23785346447945513,-0.825971674841065
2015-05-12,0.00029549147261382887,0.23792374814994047,-0.8259202509549873
2015-05-13,-0.0046846137751277855,0.23680916728192722,-0.8267357473453344
2015-05-14,0.0072420762975017455,0.2385241573393308,-0.8254809544079796
2015-05-15,0.003525844449711775,0.23936515641560785,-0.82486562739971
2015-05-18,0.00607193781822852,0.24081856676121396,-0.8238022223794466
2015-05-19,0.010322768127653249,0.24330448098672375,-0.8219833735764619
2015-05-20,-0.007426992665177958,0.2414974603910304,-0.8233055017551891
2015-05-21,-0.00549272256786853,0.24017098184025767,-0.8242760356133166
2015-05-22,0.002813872959201813,0.24084679247164292,-0.8237815707016453
2015-05-26,0.007373774977771603,0.24262274252344687,-0.8224821756570628
2015-05-27,0.009161807348417546,0.24484560534879143,-0.8208557915495226
2015-05-28,0.002259323021396381,0.24539879066164366,-0.8204510469152206
2015-05-29,0.00657727076731223,0.24701284495379625,-0.8192701048347946
2015-06-01,0.0072603710645455155,0.24880624986586988,-0.8179579387334388
2015-06-02,-0.012900186772205646,0.2455966027725081,-0.8203063153241748
2015-06-03,0.0009589880801326497,0.245832126987088,-0.8201339912224954
2015-06-04,0.0027285203591857947,0.24650288495051423,-0.8196432231556205
2015-06-05,-0.002445314299933706,0.24590010792096983,-0.820084252161128
2015-06-08,-0.0013512188413521526,0.2455678430620565,-0.8203273577094639
2015-06-09,-0.002272241191442281,0.24500985369375727,-0.8207356172882517
2015-06-10,0.001395154049755625,0.24535168018336817,-0.8204855158587345
2015-06-11,0.003609391164352018,0.24623725036998093,-0.8198375778658018
2015-06-12,0.00137983615423135,0.24657701743055996,-0.819588983242107
2015-06-15,0.002665048237604732,0.2472341570762971,-0.819108179179852
2015-06-16,-0.0007979519895056112,0.24703687608878433,-0.8192525221681608
2015-06-17,0.0002029614131356542,0.24708701504225192,-0.8192158374046393
2015-06-18,0.0073901395109275325,0.2489130225547528,-0.8178798172216933
2015-06-19,0.003770129274077265,0.24985145682778553,-0.8171932005892006
2015-06-22,-0.001673247300786544,0.24943339355205085,-0.8174990815728801
2015-06-23,-0.003145913423262377,0.24864869769106557,-0.8180732136619178
2015-06-24,-0.0016531527687109974,0.2482376434080412,-0.8183739664324552
2015-06-25,0.014045510413001946,0.2517242678134279,-0.81582293608671
2015-06-26,-0.0021480335751810587,0.2511835556344768,-0.816218554603774
2015-06-29,-0.0023174091689022918,0.250601460559572,-0.8166444514104093
2015-06-30,0.0012795467008279776,0.25092211683165366,-0.816409839423133
2015-07-01,0.012418761403637388,0.25403825873148156,-0.8141298770228735
2015-07-02,-0.004190990472774523,0.25297358680941767,-0.8149088569374441
2015-07-06,0.011725647780543578,0.25593986598612567,-0.8127385433865943
2015-07-07,-0.002018868788242151,0.2554231569790194,-0.8131165996965919
2015-07-08,0.009681537138038555,0.2578960457592268,-0.8113072811160715
2015-07-09,0.0002336845473436425,0.25795631207994174,-0.8112631865434721
2015-07-10,0.013878580119767904,0.26153637942454305,-0.808643787556366
2015-07-13,-0.004016133756564085,0.2604860143425666,-0.8094122997006892
2015-07-14,-0.0003373827341723678,0.260398130858834,-0.8094766007001157
2015-07-15,0.010769439150370486,0.26320247268398844,-0.8074247705446339
2015-07-16,0.006605848057423034,0.26494114822687687,-0.8061526478392285
2015-07-17,0.005474406108635533,0.266391543667159,-0.8050914487104167
2015-07-20,0.0116520513006251,0.2694955516000214,-0.80282036427186
2015-07-21,-0.00011162743866565895,0.26946546850186454,-0.8028423749295532
2015-07-22,0.012808265447527624,0.2729168537513788,-0.8003171277326468
2015-07-23,0.002179736456830435,0.27351174056718414,-0.7998818716961611
2015-07-24,0.007855954326739594,0.27566043630890696,-0.7983097528202536
2015-07-27,-0.0008719796582511175,0.27542006601586094,-0.798485622613062
2015-07-28,-0.008116346954714197,0.2731846612017859,-0.8001211832162975
2015-07-29,-0.0035348303063772834,0.27221899978213243,-0.8008277209154675
2015-07-30,0.00558421907012208,0.2737391303119654,-0.7997154992763639
2015-07-31,0.011880578241007533,0.2769913094672621,-0.7973360035950556
2015-08-03,0.010754680008526517,0.27997026236572525,-0.7951564171644713
2015-08-04,0.0093200240464729,0.2825795919432711,-0.7932472700466785
2015-08-05,0.008582896397331117,0.28500494330492027,-0.7914727327856238
2015-08-06,-0.01572703738586928,0.28052265990640624,-0.7947522489130774
2015-08-07,0.010698866392955251,0.2835239343649413,-0.7925563306467439
2015-08-10,-0.018762252688819984,0.2782043866650578,-0.7964484411898457
2015-08-11,0.005797099857456998,0.27981716527533773,-0.7952684324772823
2015-08-12,-0.01095416169289952,0.27675200280246287,-0.7975110951715669
2015-08-13,0.01818040898960959,0.28178346740210525,-0.7938297640659278
2015-08-14,0.001986606061410152,0.28234326014645145,-0.7934201850255388
2015-08-17,0.0024939406455889756,0.2830474074789388,-0.7929049872284157
2015-08-18,0.006694012030783759,0.28494213022988496,-0.7915186907214075
2015-08-19,0.009511171110870624,0.28765226358719737,-0.7895357893154404
2015-08-20,-0.0045710037841769895,0.28633740400181323,-0.7904978220189134
2015-08-21,-0.012978596736356167,0.2826211463047386,-0.7932168663023182
2015-08-24,0.0019191987294775057,0.28316355244965014,-0.7928200083748482
2015-08-25,0.009883112297770698,0.2859620896371457,-0.7907724252517656
2015-08-26,0.011544945993194807,0.2892635065181077,-0.7883569042010101
2015-08-27,-0.023290021787268685,0.28252655314903924,-0.7932860765132936
2015-08-28,-0.010593207665261239,0.279533690700581,-0.7954758400320893
2015-08-31,-0.012537610642154256,0.2760290061252127,-0.7980400843166806
2015-09-01,0.004816589924020428,0.2773585246548528,-0.7970673262217443
2015-09-02,0.012017578157301262,0.28069170240248625,-0.794628566953944
2015-09-03,-0.0020177157344686055,0.28012534633801395,-0.7950429481258114
2015-09-04,0.006933206819725216,0.28206751329962254,-0.7936219384960065
2015-09-08,0.002694296176585712,0.2828274867222447,-0.7930658948739652
2015-09-09,0.0006023700694880708,0.2829978535350748,-0.7929412439626808
2015-09-10,0.002409018284813547,0.28367960053880376,-0.7924424356333563
2015-09-11,0.010347480927322229,0.28661496979484946,-0.7902947376947509
2015-09-14,0.0015242777681442239,0.28705185062132504,-0.7899750886255562
2015-09-15,-0.000657982712636188,0.286862975465986,-0.7901132813864635
2015-09-16,-0.016057320205421374,0.2822567248138487,-0.7934834996341062
2015-09-17,0.014411006837014587,0.2863243284049345,-0.790507388935377
2015-09-18,0.011950628528381916,0.2897460840923403,-0.7880038205611029
2015-09-21,0.003850690012772327,0.2908618064445946,-0.7871874889901916
2015-09-22,0.007578384205997583,0.29306606896468224,-0.7855747140179162
2015-09-23,0.017957913983616045,0.2983289242226665,-0.7817240831763377
2015-09-24,-0.004510530039544408,0.2969833026482952,-0.7827086232560799
2015-09-25,0.00046674345366223293,0.29712191766065327,-0.7826072039284474
2015-09-28,0.0006631402975161002,0.2973189511775293,-0.7824630420049826
2015-09-29,-0.0036044760688790133,0.2962472721331857,-0.7832471487641725
2015-09-30,-0.0024318219203353243,0.29552685152297264,-0.783774253099103
2015-10-01,0.0162654512882697,0.30033372913079526,-0.7802572437456167
2015-10-02,-0.02167613545022808,0.29382365453788406,-0.7850204174943931
2015-10-05,-0.023042177205208552,0.2870533178229402,-0.789974015129989
2015-10-06,-0.03380009076635293,0.27735088962574206,-0.797072912481888
2015-10-07,-0.00876151586009775,0.2749208754074739,-0.7988508613776215
2015-10-08,-0.012084111888001613,0.27159870078870263,-0.8012815700749094
2015-10-09,0.009475133118938259,0.27417213463360623,-0.7993986864981828
2015-10-12,0.020147198224462943,0.2796959349776936,-0.795357132070974
2015-10-13,-0.0017447814035016947,0.2792079267117095,-0.7957141891412959
2015-10-14,-0.018831385623818864,0.27395005457457433,-0.7995611740230507
2015-10-15,0.004623225368671182,0.27521658741663235,-0.7986345001579274
2015-10-16,0.016795730933505202,0.2798390511673196,-0.7952524194032892
2015-10-19,0.013048340610941263,0.2834904864231934,-0.7925808032323971
2015-10-20,-0.004921382217941637,0.28209532138435467,-0.7936015923790289
2015-10-21,0.003282852224156012,0.2830213986375853,-0.7929240169075082
2015-10-22,-0.003954744435406268,0.28190212133622244,-0.7937429494993495
2015-10-23,0.006230889777039507,0.2836586223821821,-0.7924577845519427
2015-10-26,0.01871182128126183,0.2889663918290864,-0.7885742917081615
2015-10-27,0.01879061438920974,0.29439624786938806,-0.784601472751684
2015-10-28,-0.009525270175872602,0.291592044069669,-0.7866532019192093
2015-10-29,0.0004249164335772488,0.29171594632109454,-0.7865625473586537
2015-10-30,-0.010756394461259212,0.28857813453182535,-0.7888583647920703
2015-11-02,-0.010740357531427467,0.2854787021912012,-0.7911261014439737
2015-11-03,-0.01699830000369584,0.2806260495666894,-0.7946766026345706
2015-11-04,0.0035629373038242643,0.2816259025871154,-0.7939450482427494
2015-11-05,0.013419281577198534,0.2854051198733646,-0.7911799388247427
2015-11-06,-0.0028725686951877913,0.28458527406057005,-0.791779788795402
2015-11-09,-4.035702201961949e-05,0.2845737890463983,-0.7917881919430505
2015-11-10,0.009951846598325086,0.2874058237408922,-0.7897160999693078
2015-11-11,0.014072501382023192,0.2914503425926874,-0.7867568794955087
2015-11-12,0.00861997067999371,0.2939626360005104,-0.7849187300490497
2015-11-13,-0.009335563152030036,0.29121832924779045,-0.7869266348274956
2015-11-16,-0.0030677744080296835,0.29032493711017493,-0.7875802958442045
2015-11-17,0.009986790559039454,0.29322435145116055,-0.7854589047481875
2015-11-18,-0.0054777120483660464,0.2916181528883422,-0.786634099090518
2015-11-19,0.007381326578060164,0.29377068171090176,-0.785059175695283
2015-11-20,0.011953358474612825,0.29728222797872356,-0.78248991097154
2015-11-23,-0.0004825287445164641,0.29713878075848993,-0.7825948658417186
2015-11-24,-0.01741753473050974,0.2919633557248476,-0.7863815273165116
2015-11-25,0.011664728934661979,0.29536902912823226,-0.7838897257372222
2015-11-27,0.011522885182793935,0.2987725325374302,-0.7813995118600701
2015-11-30,-0.016357220983714046,0.29388544419885154,-0.7849752083517227
2015-12-01,0.005045293550530145,0.2953681825350627,-0.7838903451572156
2015-12-02,0.016448426343623285,0.30022652432974056,-0.7803356814173881
2015-12-03,-0.0006297443646134017,0.30003745836793644,-0.7804740137841222
2015-12-04,0.029407157561823587,0.3088607071806114,-0.7740183785185571
2015-12-07,0.017842028051148668,0.3143714085820255,-0.7699864080890412
2015-12-08,0.015531483340927117,0.319254062877281,-0.7664139558180894
2015-12-09,-0.02219508461116065,0.31216819193926293,-0.7715984178326931
2015-12-10,-0.0009791610954650281,0.31186252899047434,-0.7718220597760941
2015-12-11,0.01202456126649512,0.3156125390770444,-0.7690783201542091
2015-12-14,0.017065980164379716,0.3209987764085628,-0.7651374153464355
2015-12-15,-0.005125702708840705,0.31935343211079087,-0.7663412511327996
2015-12-16,0.006204970022176768,0.32133501058351754,-0.7648914056006594
2015-12-17,0.010196554954916979,0.3246115206778712,-0.7624941078974932
2015-12-18,-0.0073560672654469,0.32222365649662577,-0.7642412172157392
2015-12-21,-0.00196890719128589,0.3215892280221471,-0.7647054043785719
2015-12-22,-0.008571480567750138,0.3188327322033575,-0.7667222274326376
2015-12-23,-0.02761852894304773,0.3100270411610081,-0.773165016346059
2015-12-24,2.2048021208182145e-05,0.3100338766437867,-0.7731600150835287
2015-12-28,0.017147656702163276,0.31535023112651517,-0.7692702408958572
2015-12-29,-0.001622917287578991,0.31483844378477793,-0.7696446962106662
2015-12-30,0.006742907406475693,0.3169613702592176,-0.7680914317266241
2015-12-31,-0.010991376015552954,0.31347752865629364,-0.7706404260017454
2016-01-04,-0.017687055663064343,0.3079330341578299,-0.7746971215539092
2016-01-05,0.0016435332431651588,0.30843913233613707,-0.7743268287834022
2016-01-06,0.025856687853420938,0.31641434670273255,-0.7684916680383631
2016-01-07,0.0063045326875717615,0.3184091912943366,-0.7670321161920657
2016-01-08,0.0009857865699549576,0.31872307479886475,-0.766802459580977
2016-01-11,0.01957419410368271,0.3249618221303003,-0.7622378056603137
2016-01-12,0.017422046418064434,0.33062332207955314,-0.7580955016740669
2016-01-13,-0.0004148636470387063,0.3304861584823592,-0.7581958590564775
2016-01-14,-0.009050077463014903,0.3274952331476396,-0.7603842052628941
2016-01-15,0.001316033531143222,0.3279262278557515,-0.7600688628424285
2016-01-19,0.016064510938418316,0.33319420233013447,-0.7562144864650935
2016-01-20,-0.0019812041152310472,0.33253407660530687,-0.7566974753277427
2016-01-21,-0.025631315281679848,0.324010790845934,-0.762933639046446
2016-01-22,0.004055611678368354,0.3253248527932061,-0.7619721899444144
2016-01-25,0.014704949733326911,0.3301087384005322,-0.7584720029624131
2016-01-26,-0.02100331927529697,0.3231753591723403,-0.7635448925981165
2016-01-27,-0.007807767778804671,0.3206520810160909,-0.7653910791668228
2016-01-28,0.002774973007240143,0.32154188188562594,-0.764740045744253
2016-01-29,-0.016594172966094226,0.3162061602817724,-0.7686439901171682
2016-02-01,0.011241818237029074,0.31976089246108896,-0.7660431279060211
2016-02-02,0.009033661430854304,0.3226495041024103,-0.7639296407341025
2016-02-03,-0.029318181420710927,0.31319000740583336,-0.7708507943551125
2016-02-04,-0.029200974313448577,0.3040445540443468,-0.777542174423096
2016-02-05,-0.018539302389546403,0.2984077801170239,-0.7816663873203872
2016-02-08,0.010889791559200298,0.301657378642142,-0.7792887797879391
2016-02-09,0.02444606972195464,0.30903171595256984,-0.7738932579102173
2016-02-10,0.006344041838215495,0.31099222608790844,-0.7724588272784971
2016-02-11,0.00795761428446774,0.313466982268584,-0.770648142392144
2016-02-12,-0.012327319709372637,0.30960277455982693,-0.7734754360668146
2016-02-16,-0.005994640799349154,0.3077468171358589,-0.7748333694598232
2016-02-17,-0.014943863828923262,0.3031478906067961,-0.778198228925433
2016-02-18,-0.009201526984795164,0.30035846711099395,-0.780239143907251
2016-02-19,0.021447811671841354,0.3068004989476335,-0.775525754452931
2016-02-22,-0.017859530739876294,0.3013211860056689,-0.7795347591415895
2016-02-23,0.012263899750579784,0.3050165588235682,-0.7768309955292145
2016-02-24,0.0006352773784750116,0.3052103289434491,-0.7766892213090975
2016-02-25,0.011039533398047667,0.30857970856324946,-0.7742239745095951
2016-02-26,-0.017542630697405026,0.3031664086952115,-0.7781846799451012
2016-02-29,-0.00614153508168649,0.30130450156062094,-0.779546966514874
2016-03-01,-0.007099752266315742,0.2991653142428148,-0.7811121284389761
2016-03-02,-0.01893687179606074,0.2935000590411704,-0.7852571800004399
2016-03-03,-0.020392288846337595,0.2875149210607857,-0.7896362776135479
2016-03-04,-0.02248014026937708,0.28105154530580034,-0.7943652836003837
2016-03-07,-0.02200728466872379,0.27486636394167085,-0.7988907453419624
2016-03-08,0.03615010013122073,0.2848028105208668,-0.7916206256487591
2016-03-09,-0.0008190656111783883,0.28456953833280224,-0.7917913020283691
2016-03-10,0.0052307400320339105,0.28605804760885706,-0.7907022164568712
2016-03-11,-0.0159796389981742,0.28148694327554497,-0.7940467194810085
2016-03-14,0.00042770282881354527,0.28160733603745797,-0.7939586326803271
2016-03-15,0.020630417010875673,0.28741701281323256,-0.7897079133510312
2016-03-16,-0.013531681531336631,0.2835277773291558,-0.7925535188961252
2016-03-17,-0.014998210900371154,0.27927536792865965,-0.795664844970261
2016-03-18,-0.007753241952573098,0.27711007842971486,-0.7972491048666231
2016-03-21,-0.0005690736576942369,0.27695238238379893,-0.7973644850601175
2016-03-22,0.0001822973724639156,0.27700287007540514,-0.797327545138176
2016-03-23,0.02585291090477173,0.2841642005958307,-0.7920878722197819
2016-03-24,-0.00048760233943132263,0.2840256414668375,-0.7921892506596837
2016-03-28,0.006754457893668505,0.28594408070284744,-0.7907856017034128
2016-03-29,-0.0021068222913601434,0.2853416473395402,-0.7912263792614176
2016-03-30,0.002003687558867497,0.2859133828483412,-0.7908080621549239
2016-03-31,-0.0060378067569139965,0.2841870930934874,-0.7920711226507369
2016-04-01,0.012090370347332574,0.2876230202969195,-0.7895571855176792
2016-04-04,0.009683151995818044,0.29040811771995084,-0.7875194357586192
2016-04-05,0.0021635369271224606,0.29103642640657407,-0.7870597262115872
2016-04-06,-0.007876417821399778,0.2887441019109488,-0.788736932778948
2016-04-07,0.00787446855077889,0.2910178082606694,-0.7870733484001747
2016-04-08,-0.008665126797934207,0.28849610205163384,-0.7889183848349467
2016-04-11,-0.007388948916708376,0.2863644190909048,-0.7904780561066576
2016-04-12,-0.014276195397812335,0.28227622468898206,-0.7934692323178084
2016-04-13,-0.023723950157288013,0.2755795176038732,-0.7983689579562472
2016-04-14,0.003167429773453129,0.2764523963728856,-0.7977303057904254
2016-04-15,0.008029122477422362,0.2786720665225404,-0.7961062576421459
2016-04-18,-0.001086532379598811,0.27836928029897395,-0.7963277947952153
2016-04-19,-0.020193000865934462,0.2727481691808472,-0.8004405478112824
2016-04-20,-0.015053898007577749,0.26864224606024517,-0.8034446954509794
2016-04-21,-0.011471559856436818,0.26556050045459745,-0.8056994913922136
2016-04-22,-0.013659201288165116,0.26193315612470225,-0.8083534811496802
2016-04-25,0.014363255314054054,0.2656953689213373,-0.8056008132693835
2016-04-26,-0.011395651450962434,0.2626675971049749,-0.807816118643716
2016-04-27,-0.010938992458177655,0.2597942782412359,-0.8099184166724558
2016-04-28,0.010382198231024433,0.2624915139372223,-0.8079449519942823
2016-04-29,0.006150355774651367,0.2641059301357631,-0.8067637451207293
2016-05-02,0.010511516226637034,0.2668820839059362,-0.8047325390919914
2016-05-03,0.01443447262520291,0.27073438604023353,-0.8019139562729218
2016-05-04,0.013113986380482586,0.27428479309149345,-0.7993162585933213
2016-05-05,0.00343919923567629,0.2752281131422514,-0.7986260672232628
2016-05-06,0.003907917521062672,0.27630368190788895,-0.7978391145030792
2016-05-09,0.012677946564181338,0.27980664522260373,-0.7952761295993818
2016-05-10,-0.008111519217827193,0.27753698824260487,-0.7969367512084843
2016-05-11,0.004546010834085534,0.2787986743980152,-0.7960136234794735
2016-05-12,0.01489154855642648,0.28295041839528057,-0.7929759504486685
2016-05-13,0.008368803046156241,0.2853183747186582,-0.7912434069521558
2016-05-16,-0.007491516318597294,0.2831809074584577,-0.7928073103755884
2016-05-17,-0.02015114475790487,0.27747448799958746,-0.7969824802569896
2016-05-18,-0.006542751796279004,0.27565904129480656,-0.7983107734989643
2016-05-19,0.004951807805881527,0.277024051887252,-0.7973120472128143
2016-05-20,-0.013284585057109282,0.2733439023070907,-0.800004672561667
2016-05-23,-0.004769852383590757,0.27204009224313125,-0.8009586207509558
2016-05-24,0.0037916232703313507,0.27307156578734343,-0.8002039308256362
2016-05-25,-0.01725139090411424,0.26836070146114743,-0.8036506909160686
2016-05-26,0.010074894283399308,0.27106440715818736,-0.8016724923844295
2016-05-27,-0.0005772305485853936,0.27090794050174144,-0.80178697308045
2016-05-31,-0.002404446050327493,0.27025655697419965,-0.8022635656101502
2016-06-01,-0.002573585801853637,0.269561028536313,-0.8027724572902051
2016-06-02,-0.0016692457754370164,0.26911106492820625,-0.8031016785326732
2016-06-03,0.010064765031081576,0.2718196045639728,-0.8011199431920902
2016-06-06,-0.01844551900004848,0.2668057508834024,-0.8047883890586712
2016-06-07,-0.004594188180264667,0.2655799950562672,-0.8056852279343083
2016-06-08,0.005167943985171316,0.26695249759430006,-0.8046810200767816
2016-06-09,0.01298027106916916,0.2704176133756658,-0.8021457267724246
2016-06-10,0.01699809953527662,0.27501419888391726,-0.7987825801426225
2016-06-13,0.006600088965369478,0.27682931706329095,-0.7974545272701816
2016-06-14,0.010842673288075593,0.27983088690476926,-0.7952583928833934
2016-06-15,-0.004975087047702189,0.27843870388378233,-0.796277000201085
2016-06-16,0.010466901029494501,0.28135309424011457,-0.794144651724758
2016-06-17,-0.01641414545755974,0.27673492362632285,-0.7975235913545644
2016-06-20,-0.0057524870187252155,0.2751430095705345,-0.7986883342668954
2016-06-21,0.001515707806365068,0.2755600459780073,-0.7983832046036314
2016-06-22,0.0028791677339521293,0.27635342957115355,-0.7978027160317034
2016-06-23,-0.016954301877375712,0.27166805010135614,-0.8012308298228874
2016-06-24,0.04165153382324229,0.2829834410788471,-0.7929517890082375
2016-06-27,0.04122323782957267,0.2946489347722713,-0.7844165913643365
2016-06-28,-0.016637777930271835,0.28974663122813904,-0.7880034202426678
2016-06-29,-0.015193860394263526,0.28534426136355057,-0.791224466679562
2016-06-30,0.0037289171337269193,0.28640828646875977,-0.7904459600162604
2016-07-01,-0.004373429147847947,0.2851557001205321,-0.7913624297627746
2016-07-05,0.029879036396555765,0.2936758776631188,-0.7851285402079676
2016-07-06,-0.009074841020089848,0.29101081576189064,-0.7870784645453349
2016-07-07,-0.00914649932291729,0.2883490855325629,-0.7890259512252056
2016-07-08,-0.007527093190587113,0.2861786550943387,-0.790613972551129
2016-07-11,-0.01190717072030331,0.2827710769916236,-0.7931071677264088
2016-07-12,-0.030587892857722652,0.274121705585341,-0.7994355835130241
2016-07-13,0.005628322029166808,0.27566455081955976,-0.7983067423894434
2016-07-14,-0.010336483607461764,0.2728151487088551,-0.8003915414404705
2016-07-15,-0.0029636315661399387,0.27200662512242035,-0.8009831073691261
2016-07-18,-0.007434114407881368,0.2699844967515586,-0.802462621718045
2016-07-19,0.008588863569727908,0.2723033567600994,-0.8007660001260596
2016-07-20,-0.008070297673185753,0.27010578761363774,-0.8023738778116618
2016-07-21,-0.005649593788011051,0.2685797996338299,-0.8034903851239257
2016-07-22,0.004118720707122752,0.2696860048160966,-0.8026810169039869
2016-07-25,0.001767204977379962,0.27016259526613734,-0.8023323138149281
2016-07-26,-0.004663197634407046,0.26890277369098703,-0.803254077301545
2016-07-27,-0.0004314091596170109,0.2687867665713703,-0.8033389552947144
2016-07-28,0.006325136654591352,0.27048687960087997,-0.8020950473123187
2016-07-29,0.0005691859303445192,0.27064083692709157,-0.8019824025977035
2016-08-01,0.009857893430485829,0.27330878545545634,-0.8000303662251508
2016-08-02,0.008801200383254548,0.2757142308427537,-0.7982703934077323
2016-08-03,-0.01708137886741428,0.27100465160659093,-0.8017162132467093
2016-08-04,0.004757416707890051,0.2722939336640601,-0.8007728946467054
2016-08-05,-0.023914176555119508,0.26578224845952975,-0.8055372468186895
2016-08-08,-0.006210779181124651,0.2641315336040848,-0.8067450120376521
2016-08-09,0.008184550791981547,0.26629333155663143,-0.8051633067728705
2016-08-10,0.00973924412762217,0.2688868273222193,-0.8032657446525129
2016-08-11,-0.016164059069920574,0.2645405247622594,-0.8064457687770266
2016-08-12,0.0037263042362351653,0.2655262832403369,-0.8057245268252791
2016-08-15,-0.02044588270071122,0.26009736399924915,-0.8096966603614346
2016-08-16,-0.008083376057266329,0.25799489919453955,-0.8112349538206869
2016-08-17,0.0039966101920199445,0.2590260042381496,-0.8104805335132295
2016-08-18,-0.006608474009496249,0.25731423762135813,-0.8117329679818008
2016-08-19,-0.002052923001776336,0.2567859913042607,-0.8121194657023072
2016-08-22,0.006208928472438165,0.25838035715699303,-0.8109529289034894
2016-08-23,-0.012256362632896492,0.2552135538024596,-0.8132699583615352
2016-08-24,0.004495777401313147,0.2563609371301535,-0.8124304616601907
2016-08-25,0.0011426833860105226,0.2566538765138342,-0.8122161290650081
2016-08-26,-0.009998480577856066,0.2540877277142792,-0.8140936824513862
2016-08-29,0.0017158824465192887,0.2545237123861401,-0.8137746890644075
2016-08-30,-0.011367980144525374,0.2516302918774236,-0.8158916947015314
2016-08-31,0.006115993351942211,0.2531692610696932,-0.8147656895302886
2016-09-01,0.005603911901893588,0.2545879993049952,-0.8137276527732084
2016-09-02,0.0022461545598294677,0.255159843300512,-0.8133092562911148
2016-09-06,0.005167672839432731,0.25647842589244996,-0.8123444996054769
2016-09-07,-0.012463088756466026,0.25328191250643367,-0.8146832667625329
2016-09-08,-0.00644624915256878,0.2516491941925781,-0.8158778645971216
2016-09-09,-0.010072735726965144,0.24911439836357252,-0.8177324782085194
2016-09-12,0.0003869249371240116,0.24921078693649604,-0.8176619543591105
2016-09-13,0.00026198103481201064,0.249276075436344,-0.8176141852492278
2016-09-14,0.005857877966686359,0.25073630426626464,-0.8165457914035631
2016-09-15,-0.0009976142480858446,0.25048616615661623,-0.8167288079359303
2016-09-16,0.0014916545043418957,0.2508598049746391,-0.8164554306367717
2016-09-19,0.006789783376822384,0.25256308870836885,-0.8152092027708032
2016-09-20,-0.003456854881962867,0.2516900147621637,-0.8158479977403468
2016-09-21,0.007979424887943669,0.2536983563300038,-0.8143785706703515
2016-09-22,0.0005317689047625406,0.2538332652270895,-0.8142798629661764
2016-09-23,0.004091313850724737,0.2548717767808878,-0.8135200235971713
2016-09-26,0.006989992515277268,0.2566533285929416,-0.8122165299578665
2016-09-27,-0.00308402283159579,0.2558618038677559,-0.8127956584668727
2016-09-28,-0.010214549052697435,0.2532482909214371,-0.8147078663963407
2016-09-29,0.0009471365625932921,0.253488151637183,-0.8145323694418438
2016-09-30,-0.011784251720332106,0.25050098345016875,-0.8167179666863147
2016-10-03,-0.010225124667950357,0.24793957966494662,-0.8185920483263426
2016-10-04,-0.007393971261104334,0.24610632153841372,-0.8199333735075534
2016-10-05,-0.012547819773115025,0.2430182237707254,-0.8221928170839334
2016-10-06,0.0012855965783819465,0.2433306471676895,-0.8219642287779648
2016-10-07,0.00033677071243239906,0.24341259380309282,-0.8219042715444519
2016-10-10,-0.002668510688780164,0.24276304469474558,-0.8223795218994616
2016-10-11,0.006190929264389228,0.2442659735324585,-0.8212798860836342
2016-10-12,0.00624909510081692,0.24579241483095646,-0.820163047095342
2016-10-13,0.007904528616178158,0.24773528800762726,-0.8187415207548608
2016-10-14,0.0027333252930842357,0.24841242913632805,-0.8182460823689541
2016-10-17,0.006467295006804165,0.2500189855989095,-0.8170706261649918
2016-10-18,-0.006139399921196551,0.24848401905842593,-0.818193702748299
2016-10-19,-0.011246356435835998,0.2456894792114858,-0.8202383611694711
2016-10-20,-0.004761771988536929,0.24451956193149832,-0.8210943451058679
2016-10-21,-0.001839141919385493,0.2440698557550403,-0.8214233779953988
2016-10-24,0.006967443970637294,0.2457703987999351,-0.820179155387116
2016-10-25,-0.0014108010587815878,0.24542366566109097,-0.8204328468250869
2016-10-26,-0.010829565043078044,0.24276583411070354,-0.822377480989995
2016-10-27,-0.005344778357385967,0.24146830453463589,-0.823326833985384
2016-10-28,0.007313799379034115,0.24323435527039775,-0.8220346818934943
2016-10-31,0.011552467426927528,0.24604431223676876,-0.8199787433529461
2016-11-01,-0.003309872839350714,0.24522993685041955,-0.820574590820828
2016-11-02,-0.000874227384887107,0.24501555012403078,-0.820731449427077
2016-11-03,0.005078108392114094,0.24625976564531407,-0.8198211042959704
2016-11-04,-0.001432273853349638,0.24590705422184828,-0.8200791698172127
2016-11-07,-0.005078119116665877,0.24465830890888132,-0.8209928292244504
2016-11-08,0.006964064574925372,0.24636212517091483,-0.8197462117277947
2016-11-09,-0.02591383332858106,0.2399779381207607,-0.824417278353926
2016-11-10,-0.027189152950801456,0.23345314125637737,-0.8291912238282791
2016-11-11,-0.004699994508610887,0.23235591277445442,-0.8299940241383088
2016-11-14,-0.016557131210207618,0.22850876543918022,-0.8328088353871702
2016-11-15,0.01331398046028583,0.23155112667724148,-0.8305828554883825
2016-11-16,0.007998151575477466,0.23340310768587863,-0.829227831487094
2016-11-17,-0.004474911597382391,0.23235864941243,-0.8299920218444826
2016-11-18,0.0012326291237060177,0.23264506145084074,-0.8297824650593457
2016-11-21,-0.0019298559480976426,0.23219608999520427,-0.8301109603816215
2016-11-22,0.0034359297384911865,0.23299389944598017,-0.8295272335781531
2016-11-23,-0.0028319896479479445,0.23233406313471414,-0.8300100106879167
2016-11-25,0.003673365676200739,0.23318751110764543,-0.82938557529588
2016-11-28,0.0037018709753385273,0.23405074118682626,-0.8287539827090937
2016-11-29,0.005097354210163389,0.23524378071780677,-0.8278810811018822
2016-11-30,-0.008959032853053233,0.2331362239578795,-0.8294231001509225
2016-12-01,-0.01759504177307226,0.2290341823585243,-0.8324244078292882
2016-12-02,0.008763220652818699,0.23104125943556997,-0.8309559059390694
2016-12-05,-0.003560847872797768,0.2302185566583803,-0.8315578462418154
2016-12-06,-0.004217497031651737,0.22924761057904244,-0.8322682505252955
2016-12-07,-0.005175348535341643,0.22806117429340164,-0.8331363207892697
2016-12-08,-0.005293559400723229,0.22685391892028084,-0.8340196235869949
2016-12-09,-0.002498069876651365,0.2262872219790258,-0.8344342541654275
2016-12-12,0.008709424166098868,0.22825805337860927,-0.8329922718575777
2016-12-13,0.004048574353637248,0.22918217307952904,-0.8323161286525611
2016-12-14,0.001660027909089632,0.2295626218831069,-0.8320377687462202
2016-12-15,0.0011716956638786237,0.2298315994117559,-0.8318409681281647
2016-12-16,0.0006388450735253475,0.22997842619678055,-0.8317335405590847
2016-12-19,0.004833168947488204,0.23108995078486705,-0.8309202803324109
2016-12-20,-0.0036805756556229706,0.23023940673774915,-0.8315425910324791
2016-12-21,0.0007002875664474522,0.23040064053159384,-0.8314246224035031
2016-12-22,0.007469898308833837,0.23212170988665504,-0.830165381475484
2016-12-23,-0.0018710540755433249,0.2316873976153495,-0.8304831512306428
2016-12-27,-0.0033746010012263047,0.23090554509138522,-0.8310552029582245
2016-12-28,0.001556978053089961,0.2312650599574293,-0.8307921596170467
2016-12-29,0.006278575699505529,0.23271707514302273,-0.8297297753822525
2016-12-30,-0.00018851459949314488,0.23267320457680693,-0.8297618738054519
2017-01-03,-0.012916783394231794,0.22966781519164656,-0.8319608028069467
2017-01-04,-0.00508547431632242,0.22849984541620355,-0.8328153618284074
2017-01-05,-0.0017358591971062263,0.2281032018580005,-0.8331055708201924
2017-01-06,-0.0011920186215506983,0.22783129859375043,-0.8333045120876079
2017-01-09,-0.0011632960090325445,0.2275662633533636,-0.8334984282834201
2017-01-10,0.0033643096951459814,0.22833186673945144,-0.832938265431437
2017-01-11,0.005765482734607492,0.22964831017489842,-0.8319750738851683
2017-01-12,-0.0041097342646030585,0.22870451664576447,-0.8326656116813299
2017-01-13,0.0018960283002674798,0.22913814688172385,-0.8323483409454697
2017-01-17,-0.007359955179426164,0.2274517003907776,-0.8335822496418674
2017-01-18,0.005086670733982243,0.2286086722985499,-0.8327357373415056
2017-01-19,0.005470577555644884,0.22985929377025213,-0.8318207052203446
2017-01-20,-0.0007570061132622605,0.2296852888796779,-0.8319480179746169
2017-01-23,-0.000786456577685086,0.22950465137344098,-0.8320801835612738
2017-01-24,0.006196397089140483,0.2309267533271556,-0.8310396856994838
2017-01-25,0.003114203630129687,0.2316459062606611,-0.8305135088753413
2017-01-26,0.0016180327686632643,0.23202071692771753,-0.8302392741788558
2017-01-27,0.0039003028606972535,0.23292566799369172,-0.8295771559343016
2017-01-30,-0.004689032849624198,0.23183347188494863,-0.8303762742484521
2017-01-31,-0.001416135877058345,0.23150516418790934,-0.8306164844920891
2017-02-01,0.00545882020129696,0.2327689092548829,-0.8296918503358679
2017-02-02,-0.0013508532397287713,0.2324544726197078,-0.8299219116515939
2017-02-03,0.0052781304949038954,0.2336813976603187,-0.8290242173069672
2017-02-06,-0.0022682973529070515,0.2331513387645822,-0.829412041222261
2017-02-07,-0.003915995275888803,0.23223831922341293,-0.8300800628629581
2017-02-08,-0.005387210082495503,0.23098720260855074,-0.8309954572615198
2017-02-09,-0.0009801256491188239,0.2307608061266559,-0.8311611029486754
2017-02-10,-0.0017072343714695257,0.23036684334684843,-0.8314493505169624
2017-02-13,0.0015518272097302427,0.23072433288257377,-0.8311877890328769
2017-02-14,-0.002824750094540732,0.23007259430145086,-0.8316646413417659
2017-02-15,-0.004189139150186689,0.22910878818927763,-0.8323698215830819
2017-02-16,0.0030628159758940257,0.22981050624596147,-0.8318564011945846
2017-02-17,-0.008265208166369123,0.22791107457301993,-0.8332461430405538
2017-02-21,-0.002069789865093825,0.22743934654072603,-0.8335912884836537
2017-02-22,0.000430418443997504,0.22753724063036793,-0.8335196631049753
2017-02-23,-0.005019242688933457,0.22639517599887385,-0.8343552683187868
2017-02-24,-0.0013126370120098243,0.22609800131151725,-0.834572699724436
2017-02-27,0.0025904058119190325,0.2266836868881779,-0.8341441758843521
2017-02-28,0.007129182604129477,0.22829975628538104,-0.8329617594282732
2017-03-01,0.017616603405449033,0.23232162254942126,-0.8300191129905772
2017-03-02,-0.011639124078094162,0.2296176023585444,-0.8319975416253843
2017-03-03,0.007764439221434598,0.23140045427622885,-0.8306930967482831
2017-03-06,0.0014680062270244338,0.23174015158404265,-0.8304445531600313
2017-03-07,0.004636447605364278,0.2328146026549212,-0.8296584182145537
2017-03-08,-0.008851891375775444,0.23075375308152551,-0.8311662633932961
2017-03-09,0.0010913767086658934,0.23100559235307597,-0.8309820021855265
2017-03-10,0.002798390776169334,0.23165203627196035,-0.8305090237794359
2017-03-13,0.0030944447987161,0.23236887071071408,-0.8299845433096409
2017-03-14,-0.003984172184106177,0.2314430731195763,-0.8306619141630547
2017-03-15,0.0007142342933902418,0.23160837769936593,-0.8305409670949729
2017-03-16,0.0006696821338288627,0.23176348169195626,-0.8304274834082206
2017-03-17,-0.0005073025400948972,0.2316459074889927,-0.8305135079766178
2017-03-20,0.002200307899955416,0.2321555998092331,-0.830140585509283
2017-03-21,-0.017389551478051494,0.22811851805543248,-0.8330943645416011
2017-03-22,0.006384245104115961,0.2295748825874861,-0.8320287980555764
2017-03-23,0.0003062379618968312,0.22964518713163237,-0.8319773588970356
2017-03-24,-0.0016501761451141006,0.2292662321219875,-0.8322546258512228
2017-03-27,-0.003275912283132997,0.22851517605607147,-0.8328041449828355
2017-03-28,0.00569072731043498,0.2298155936093026,-0.8318526789644978
2017-03-29,-0.0033762085522590457,0.22903968823671636,-0.8324203793878173
2017-03-30,0.008690770583459196,0.23103021962168865,-0.8309639833506137
2017-03-31,0.00031527354069279655,0.23110305733703582,-0.8309106907671401
2017-04-03,0.002741115548184686,0.2317365375207354,-0.83044719743257
2017-04-04,0.006939662580583728,0.23334471089872208,-0.8292705581931598
2017-04-05,-0.005808969030232659,0.23198921869974282,-0.8302623202331646
2017-04-06,0.000710686315108545,0.23215409026272543,-0.830141689986996
2017-04-07,0.0003364156749592749,0.23223219053769573,-0.8300845469889856
2017-04-10,-0.006860142597926087,0.23063904459477838,-0.8312501912262323
2017-04-11,-0.0004310123602262695,0.23053963631580726,-0.8313229244795997
2017-04-12,-0.010277093682731204,0.22817035887580692,-0.833056434586852
2017-04-13,-0.005628718112115699,0.2268860522441547,-0.8339961128571941
2017-04-17,0.005355593955891352,0.22810116181422954,-0.8331070634425577
2017-04-18,-0.001976113638426138,0.2276504079974276,-0.8334368628506458
2017-04-19,-0.0018440965481201488,0.22723059866586143,-0.833744021356907
2017-04-20,0.006610028989153118,0.2287325995102654,-0.8326450645184561
2017-04-21,0.0012830010923041645,0.22902606368528264,-0.8324303479534307
2017-04-24,0.013136801966672287,0.23203473372912264,-0.8302290186188708
2017-04-25,0.006632802708347708,0.2335737743394319,-0.8291029611937673
2017-04-26,-0.003924734149717314,0.23265705937080358,-0.8297736866380556
2017-04-27,-0.002918731912227906,0.23197799578701292,-0.830270531611166
2017-04-28,-0.0019380872369933373,0.23152840219411483,-0.830599482127592
2017-05-01,0.007739611477435214,0.23332034207308866,-0.8292883879351833
2017-05-02,-0.007928205226665192,0.2314705305175775,-0.830641824630208
2017-05-03,0.005635737606879275,0.23277503769129967,-0.829687366392244
2017-05-04,-0.004157462489347359,0.2318072842036417,-0.8303954347779302
2017-05-05,0.00035490934297191046,0.2318895547745745,-0.8303352405331222
2017-05-08,0.0036337902903144986,0.23273219278713972,-0.829718714377563
2017-05-09,-0.0016508058832620407,0.23234799711406223,-0.8299998157256778
2017-05-10,0.0048716964255261655,0.23347992602108097,-0.8291716264356099
2017-05-11,0.007070162558307107,0.23513066705215155,-0.8279638420649384
2017-05-12,0.004555787257301956,0.23620187234890863,-0.8271800819288226
2017-05-15,0.007777318658559516,0.23803888957791447,-0.825836006355437
2017-05-16,0.015379374271135364,0.2416997787518187,-0.8231574731126217
2017-05-17,-0.027078660345415048,0.23515487253743622,-0.8279461318328298
2017-05-18,0.005952842723588877,0.23655471250933716,-0.8269219222156456
2017-05-19,0.0033823234233163997,0.23735481705435335,-0.826336516179093
2017-05-22,0.002146406412963384,0.2378642769558266,-0.8259637637637223
2017-05-23,0.009522308147611137,0.24012929389830873,-0.8243065370934299
2017-05-24,0.001811882516771572,0.24056437996768779,-0.8239882011796784
2017-05-25,0.0047704544514294575,0.24171198138496003,-0.8231485449104919
2017-05-26,-7.757939390063673e-05,0.24169322951594566,-0.8231622649391882
2017-05-30,0.0009286818927636517,0.2419176856418007,-0.82299803893668
2017-05-31,-0.0006638031184162154,0.24175709992767164,-0.8231155333903996
2017-06-01,-0.009391743038918099,0.2394865793673169,-0.824776786848373
2017-06-02,0.00606255854035441,0.2409384807743605,-0.8237144858610123
2017-06-05,-0.00263594048615837,0.24030338127821388,-0.8241791639848545
2017-06-06,0.0005301862620157644,0.24043078682968352,-0.8240859461930231
2017-06-07,0.0053918777368846685,0.24172716023645216,-0.8231374391226961
2017-06-08,0.011642496416844828,0.24454146783335914,-0.8210783173914081
2017-06-09,-0.027779347044382324,0.2377482655316736,-0.826048644906357
2017-06-12,-0.01316512511880728,0.2346182798691697,-0.8283387362607508
2017-06-13,0.005061158914571994,0.23580572026785107,-0.8274699313254903
2017-06-14,-0.0005354714975988304,0.2356794530256769,-0.8275623162597443
2017-06-15,0.004517325793434743,0.23674409389781237,-0.8267833590632243
2017-06-16,0.005352417014510368,0.23801124701407583,-0.825856231367078
2017-06-19,0.013704571991018795,0.24127308928345237,-0.8234696655530608
2017-06-20,0.003943031271448182,0.24222443661945592,-0.8227736009239773
2017-06-21,0.009402781899835549,0.24450202016779918,-0.8211071797465723
2017-06-22,-0.007307686775301191,0.24271527598848455,-0.8224144724433345
2017-06-23,-0.006301256510820783,0.24118586477538645,-0.8235334844050786
2017-06-26,-0.007083672498950372,0.23947738309794148,-0.8247835154085839
2017-06-27,-0.00780326996252888,0.23760867642770828,-0.826150776939736
2017-06-28,0.0077554033829529976,0.2394514275606947,-0.8248025060870907
2017-06-29,-0.00713144963100332,0.23774379176597377,-0.8260519181904086
2017-06-30,-0.008445324279897606,0.23573596834897767,-0.8275209661491567
2017-07-03,-0.013175509460830912,0.2326300268677376,-0.8297934652914535
2017-07-05,0.028814910370707682,0.23933324024146677,-0.8248889792493179
2017-07-06,0.011681431303265773,0.24212899504593546,-0.8228434318899741
2017-07-07,0.010261161722855574,0.2446135198218943,-0.8210255996943311
2017-07-10,0.008794503223461803,0.24676477421047027,-0.8194516087539258
2017-07-11,0.0033457235833485024,0.24759038093508592,-0.8188475437433982
2017-07-12,0.0014916869884603634,0.24795970828479477,-0.8185773209814725
2017-07-13,-0.009068063060460057,0.24571119401361496,-0.8202224732754101
2017-07-14,-0.0003571958434791298,0.245623426996417,-0.8202866890607071
2017-07-17,-0.0024355934683234493,0.24502518818195732,-0.8207243976270016
2017-07-18,0.005618404144653252,0.24640183871478324,-0.819717154839594
2017-07-19,-0.0056836355419270955,0.24500138046666772,-0.8207418168259474
2017-07-20,0.001610948465804106,0.24539606506465036,-0.8204530411307803
2017-07-21,-0.001836670048703933,0.24494535346187632,-0.8207828096524713
2017-07-24,0.00561075074334577,0.24631968078589164,-0.8197772666685086
2017-07-25,-0.01380144455328977,0.24292011336914113,-0.8222646007298254
2017-07-26,0.004299037340184341,0.2439644360071969,-0.8215005096116904
2017-07-27,-0.014649750614734048,0.2403904178608272,-0.8241154826307362
2017-07-28,0.00033122141165667926,0.2404700403143798,-0.8240572259126047
2017-07-31,-0.003949819710534262,0.2395202270093531,-0.8247521681496212
2017-08-01,0.005403710620238861,0.2408145250038056,-0.8238051795794774
2017-08-02,0.0040575038842152475,0.241791630874384,-0.8230902684112424
2017-08-03,0.0022028060478179964,0.24232425094118587,-0.8227005705845809
2017-08-04,0.0031449938332147875,0.2430863592160343,-0.8221429649724369
2017-08-07,0.00497502313831427,0.24429571947774267,-0.8212581221078628
2017-08-08,-0.0032469335468673878,0.2435025075108143,-0.8218384851074209
2017-08-09,-0.0029583459447994395,0.24278214285517116,-0.8223655485025226
2017-08-10,-0.014034102496123755,0.23937491337811312,-0.824858488601681
2017-08-11,0.003160823611392918,0.2401315352562938,-0.8243048971771181
2017-08-14,0.009135008555330696,0.24232513888526475,-0.8226999209097015
2017-08-15,0.011262249810868746,0.24505426513484407,-0.8207031231274997
2017-08-16,-0.003428814763135179,0.24421401945278048,-0.8213178989059041
2017-08-17,-0.014315118863492217,0.24071806673618273,-0.8238757544218447
2017-08-18,0.003374338616551187,0.2415303310044722,-0.8232814515786793
2017-08-21,-0.0047379471921698895,0.24038597305086568,-0.8241187347289765
2017-08-22,0.011919577346562118,0.24325127224967408,-0.8220223043837672
2017-08-23,-0.006376199449183588,0.24170025362154252,-0.8231571256685224
2017-08-24,0.0032895028066525075,0.24249532728419917,-0.8225754005370726
2017-08-25,-0.0036949505057374166,0.24159931905201146,-0.8232309756505883
2017-08-28,0.004407903472988688,0.24266426552953252,-0.8224517948542418
2017-08-29,-0.0010632676467381198,0.2424062484669755,-0.8226405761165096
2017-08-30,0.006432096800788395,0.24396542892223108,-0.821499783133559
2017-08-31,0.0041145581764261766,0.24496923887256836,-0.8207653336067573
2017-09-01,-0.003686523356527162,0.24406615405183393,-0.8214260863907155
2017-09-05,-0.01511402403190504,0.24037733233411987,-0.8241250568124775
2017-09-06,-0.006645502454661709,0.23877990418204845,-0.8252938341791436
2017-09-07,-0.005578477251206739,0.23744787591852357,-0.8262684285508208
2017-09-08,0.0056502985535367275,0.23878952730836636,-0.8252867933039578
2017-09-11,0.009766523243580615,0.24112167077714716,-0.8235804527098005
2017-09-12,0.00010181665615644446,0.24114622097939253,-0.8235624902614147
2017-09-13,-0.004173096197427418,0.24013989460159943,-0.8242987809623884
2017-09-14,-0.00464270855160886,0.23902499505935013,-0.8251145105145424
2017-09-15,0.001606943953898755,0.23940909482999145,-0.8248334793345892
2017-09-18,0.013094223245936884,0.242543970964803,-0.8225398098077823
2017-09-19,0.010836408071502424,0.24517227640946027,-0.820616778770413
2017-09-20,0.0013530106029145397,0.24550399709898293,-0.8203740713701043
2017-09-21,0.0018514731558345585,0.2459585411592618,-0.8200414987851542
2017-09-22,-0.0009689473941013492,0.24572022027174856,-0.8202158691059528
2017-09-25,-0.017998127733383412,0.24129771636062253,-0.8234516468582191
2017-09-26,-0.0022921279185620373,0.24074463112826708,-0.8238563182674316
2017-09-27,0.013392685491941286,0.24396884825684137,-0.8214972813365946
2017-09-28,0.003921105316759171,0.24492547580486487,-0.8207973533773876
2017-09-29,0.004741714453859092,0.2460868424736071,-0.8199476255977274
2017-10-02,-0.00044959976575090785,0.2459762018868766,-0.8200285771030815
2017-10-03,0.0032045922279192976,0.2467644553116964,-0.8194518420800185
2017-10-04,0.0015690622472918226,0.24715164410249954,-0.8191685507816082
2017-10-05,0.0038009516780137483,0.24809105555887478,-0.8184812191812638
2017-10-06,0.006602068380692703,0.2497289696723127,-0.8172828197779186
2017-10-09,0.008677524702135899,0.25189599897548315,-0.8156972869330369
2017-10-10,-0.0019029427712796282,0.2514166553051185,-0.8160480044485949
2017-10-11,0.003182794151705878,0.25221686276526506,-0.8154625231129593
2017-10-12,0.0042790625296154836,0.2532961144920611,-0.8146728757103021
2017-10-13,0.0016925944788138865,0.2537248420969554,-0.8143591920429549
2017-10-16,0.0046914886770351005,0.25491518932073576,-0.8134882602944288
2017-10-17,-0.007382288166563784,0.2530333319351359,-0.8148651437033825
2017-10-18,0.0037337903448854686,0.2539781053468495,-0.8141738889644404
2017-10-19,0.000943118042843352,0.2542176366804893,-0.8139986330062914
2017-10-20,0.0022897567547809578,0.2547997332312629,-0.813572735119819
2017-10-23,0.0037819005900330822,0.2557633604927105,-0.8128676857367704
2017-10-24,0.007526625042555073,0.2576883954067629,-0.8114592109739656
2017-10-25,-0.0001488326112867402,0.25765004296997623,-0.8114872719919304
2017-10-26,0.003702933089286212,0.25860410383954574,-0.8107892219736377
2017-10-27,0.011947934445004858,0.26169388871942983,-0.8085285440014903
2017-10-30,-0.003773079028050601,0.2607064969961336,-0.8092509809365886
2017-10-31,0.00839829061832331,0.26289598592399216,-0.807649015239334
2017-11-01,-0.003881935091730409,0.26187544077075875,-0.8083957092770053
2017-11-02,0.01101968704698938,0.2647612261733449,-0.8062842899563776
2017-11-03,0.0034352454303098537,0.26567074596568013,-0.805618828948671
2017-11-06,-0.003018804279610563,0.26486873798079164,-0.8062056276597164
2017-11-07,-0.0033535768580452764,0.2639804803106796,-0.8068555319820161
2017-11-08,-0.007488548760160388,0.2620036496121425,-0.8083019037485241
2017-11-09,-0.01951540933837732,0.25689054114181276,-0.8120429705662593
2017-11-10,-0.0026668197797481297,0.25620546036546554,-0.8125442180900959
2017-11-13,0.006424665112475599,0.25785149464830126,-0.8113398774679276
2017-11-14,-0.0004920987711016565,0.2577246062446581,-0.8114327168823815
2017-11-15,0.0024108008527245757,0.25834592894516084,-0.8109781187154456
2017-11-16,-0.003223503950945791,0.25751314982249535,-0.8115874314965815
2017-11-17,-0.00889270218529508,0.25522316207232665,-0.8132629283562489
2017-11-20,0.006897138649235627,0.2569834716076358,-0.8119749768821698
2017-11-21,0.009131466168352562,0.25933010748444674,-0.8102580327447655
2017-11-22,-0.007507053822230294,0.25738330240983626,-0.8116824359052864
2017-11-24,0.004537331830993384,0.2585511358606266,-0.8108279766273844
2017-11-27,-0.0006383499141661951,0.2583860897652424,-0.8109487345722669
2017-11-28,-0.001364738058370766,0.2580334604347862,-0.8112067400291793
2017-11-29,-0.017394052372518086,0.25354521291012144,-0.8144906198806902
2017-11-30,0.0035688405319377055,0.25445007534263386,-0.8138285664858658
2017-12-01,-0.0058460206977311085,0.25296255493564157,-0.8149169285395156
2017-12-04,-0.02066191893075569,0.24773586313304452,-0.8187410999574873
2017-12-05,0.003907786255446419,0.24870396193397698,-0.8180327789192239
2017-12-06,0.007991978924370757,0.2506915987561608,-0.8165785007234201
2017-12-07,0.009351437654507034,0.2530359256124377,-0.814863246008439
2017-12-08,-0.0019492947173044232,0.25254268401935315,-0.8152241321049736
2017-12-11,-0.0028667903380266255,0.25181869709286714,-0.8157538457777556
2017-12-12,-0.005148376356040522,0.2505222396667453,-0.8167024143218448
2017-12-13,-0.0004994791216426767,0.2503971090385246,-0.8167939676389385
2017-12-14,-0.0018615492685197506,0.24993098248335444,-0.8171350146944687
2017-12-15,-0.0007437328506456392,0.2497451006012874,-0.8172710173912732
2017-12-18,-0.0010432180049331544,0.2494845620156963,-0.8174616435559537
2017-12-19,0.003338554780808484,0.2503174798929517,-0.8168522292533665
2017-12-20,0.0035439105417112973,0.2512045826487189,-0.8162031699379266
2017-12-21,-0.009998359513408928,0.2486929489199812,-0.8180408367223122
2017-12-22,-0.002977456477437413,0.24795247648832638,-0.8185826122116424
2017-12-26,-0.008515633646741103,0.2458410040367496,-0.8201274962231968
2017-12-27,0.004653582797784516,0.2469850455041251,-0.8192904446338267
2017-12-28,0.0012518847980200446,0.24729424232793,-0.8190642170886069
2017-12-29,-0.0028805494637493363,0.24658189903080396,-0.8195854115610454
2018-01-02,-0.00011783529475641029,0.24655284298005006,-0.8196066707672525
2018-01-03,0.006173430994401554,0.2480749199426609,-0.8184930249973836
2018-01-04,-0.0001923615977864947,0.24802719985469,-0.8185279399691046
2018-01-05,0.005584519964832953,0.24941231270410014,-0.8175145056268027
2018-01-08,0.0027636015861023204,0.2501015889670826,-0.8170101884251122
2018-01-09,0.010578889357226416,0.25274738600483193,-0.8150743594549618
2018-01-10,-0.003666701224686204,0.2518206368550318,-0.8157524265276241
2018-01-11,-0.00814380713350525,0.24976985815624797,-0.8172529032307995
2018-01-12,0.002359486668960012,0.2503591868068757,-0.8168217138921814
2018-01-16,0.005650468639207223,0.25177383354046534,-0.8157866707311454
2018-01-17,0.009578498894648953,0.2541854489267342,-0.8140221835603642
2018-01-18,0.00033047822017802256,0.2542694516814907,-0.8139607219425946
2018-01-19,-0.00018247169087209374,0.25422305470470524,-0.8139946688442303
2018-01-22,-0.003635486343645966,0.25329883026108635,-0.8146708886854924
2018-01-23,-0.0036808257452287866,0.252366481405425,-0.8153530528497592
2018-01-24,-0.0010016855557432836,0.2521136895462474,-0.8155380110296317
2018-01-25,0.009466661662597051,0.2545003645456908,-0.8137917717904395
2018-01-26,0.004082820289774119,0.25553944379781285,-0.8130315170581827
2018-01-29,-0.004677720027829874,0.2543441018236593,-0.8139061032754126
2018-01-30,0.004848131708729457,0.2555771955286389,-0.8130038955539011
2018-01-31,0.005490532770958623,0.2569804504961986,-0.8119771873143982
2018-02-01,-3.617992477430277e-05,0.2569711529628312,-0.8119839899656169
2018-02-02,0.00226607267315536,0.2575534682703495,-0.8115579320231624
2018-02-05,-0.003766311256164738,0.2565834417437386,-0.8122676635049185
2018-02-06,0.005072959677662694,0.25788507919766046,-0.8113153049316856
2018-02-07,-7.52043010364704e-05,0.25786568513053165,-0.8113294948322944
2018-02-08,-0.015512264300230819,0.2538656044688268,-0.8142562015741139
2018-02-09,0.007260242237075892,0.25570873025293217,-0.8129076566035074
2018-02-12,0.0030691323851773176,0.256493534198124,-0.8123334454333706
2018-02-13,0.0014491381975891104,0.2568652287759651,-0.8120614906607381
2018-02-14,0.006383717979244596,0.25850498395514504,-0.8108617442196766
2018-02-15,0.0017494477582315844,0.25895722491981704,-0.8105308567221059
2018-02-16,-1.5493429204722092e-05,0.2589532127843857,-0.8105337922488638
2018-02-20,0.004690442572225619,0.2601678179578442,-0.8096451118820297
2018-02-21,0.0064137628036989545,0.2618364726313817,-0.8084242207811164
2018-02-22,0.0004183712715698553,0.2619460174893799,-0.8083440709787626
2018-02-23,0.0025957846010143146,0.2626259729278759,-0.8078465734695162
2018-02-26,0.00457646553679445,0.2638278716420474,-0.8069671899352224
2018-02-27,0.0030382054946542837,0.26462943493131325,-0.806380716591035
2018-02-28,-0.0021193855637710733,0.2640685831271709,-0.8067910705051597
2018-03-01,-0.014226466600159287,0.26031182024916083,-0.8095397508874707
2018-03-02,-0.0014808559822988658,0.2599263359328818,-0.809821795086759
2018-03-05,-0.004605469462752159,0.2587292531301778,-0.810697655001968
2018-03-06,0.005097201294422096,0.26004804821413785,-0.8097327428440069
2018-03-07,0.006140116422524109,0.2616447735056228,-0.8085644797336747
2018-03-08,0.003781573438930444,0.2626342024315466,-0.8078405522549678
2018-03-09,0.01157295768576243,0.26567365694312084,-0.805616699097295
2018-03-12,-0.006531547221769332,0.2639383969072167,-0.8068863228062645
2018-03-13,-0.0014289356971014782,0.26356124591004026,-0.807162269833205
2018-03-14,0.004582719836078993,0.2647690732596939,-0.8062785485420253
2018-03-15,0.007146175289833078,0.2666611594685343,-0.8048941810925058
2018-03-16,-0.0034193539392104264,0.2657493505824711,-0.80556131694295
2018-03-19,0.00389637654312653,0.2667848101184318,-0.8048037106192101
2018-03-20,0.014535376158510076,0.2706626276868799,-0.8019664591283149
2018-03-21,-0.002771313300699128,0.26991253674676907,-0.8025152721141171
2018-03-22,-0.012508612410157919,0.26653630543996126,-0.804985532032167
2018-03-23,-0.00533701645920995,0.2651137967908512,-0.8060263274574955
2018-03-26,0.013525772051380263,0.26869966557392017,-0.8034026837787165
2018-03-27,-0.018020451892857788,0.2638575761768184,-0.8069454562579471
2018-03-28,-0.014809758274588542,0.2599499092547209,-0.8098045473845779
2018-03-29,0.010165186123958513,0.26259234846520124,-0.8078711752088116
2018-04-02,-0.0007294298601095803,0.2624008057651944,-0.808011319710602
2018-04-03,-0.0016962808450628256,0.2619557003046459,-0.8083369864314458
2018-04-04,-0.0011522891340936682,0.26165385159757093,-0.8085578376393885
2018-04-05,0.0012556855976997442,0.2619824065706047,-0.8083174464733198
2018-04-06,-0.00850895471171273,0.25975321013782987,-0.8099484646403038
2018-04-09,0.005304192454290619,0.26113099115502075,-0.8089403947205225
2018-04-10,0.007197851722272921,0.2630105733094447,-0.8075651760116048
2018-04-11,-0.003750472010400092,0.2620241595158084,-0.8082868974327996
2018-04-12,0.012816992619103811,0.26538252123434936,-0.8058297120122103
2018-04-13,-0.0045020891429823255,0.26418774546676294,-0.8067038839576499
2018-04-16,-0.000641751924855279,0.26401820247258645,-0.8068279321121872
2018-04-17,0.011609615564410786,0.26708335230529995,-0.8045852786662273
2018-04-18,0.004443327486939537,0.26827009110590205,-0.8037169870635723
2018-04-19,0.00028805093086667534,0.2683473665553688,-0.8036604475589827
2018-04-20,-0.0009673090936833759,0.2680877917074338,-0.8038503685935086
2018-04-23,-0.006609840989818078,0.26631577403293616,-0.805146886467317
2018-04-24,-0.015531763530263566,0.2621794204062775,-0.8081732989498422
2018-04-25,-0.0034719613939849015,0.2612691435803296,-0.8088393138502238
2018-04-26,0.0016598184897919435,0.26170280293565634,-0.8085220218088311
2018-04-27,-0.013269589075300865,0.25823011428084575,-0.8110628558963973
2018-04-30,-0.0008078532957704715,0.2580215022319568,-0.8112154893909549
2018-05-01,0.0014891337943509046,0.25840573077059964,-0.8109343639963569
2018-05-02,0.0005098785728971494,0.2585374863158334,-0.8108379634796875
2018-05-03,0.015930474503974865,0.2626561111499095,-0.8078245224797806
2018-05-04,-0.0038313516330163618,0.2616497832295336,-0.8085608143094034
2018-05-07,0.003085598848028741,0.2624571294992536,-0.807970109778569
2018-05-08,0.007710924485842129,0.26448091660559325,-0.806489381796047
2018-05-09,0.004640349060770948,0.26570820037855586,-0.8055914249806151
2018-05-10,0.0025992353966032998,0.26639883853814755,-0.8050861113310215
2018-05-11,0.0022897103982039745,0.2670088147288178,-0.8046398149733818
2018-05-14,-0.0007264412302401817,0.26681484851696124,-0.8047817326665324
2018-05-15,-0.0011711042741177772,0.26650238050746494,-0.8050103536137925
2018-05-16,-0.0015054263701325724,0.26610118079614586,-0.8053038961693652
2018-05-17,-0.004735895116752399,0.2648409535134513,-0.8062259564967474
2018-05-18,0.006821615008653632,0.2666475965368448,-0.8049041045732981
2018-05-21,0.0022473241738783785,0.26724684012644856,-0.8044656608512812
2018-05-22,-0.0028607838681158843,0.2664823046774099,-0.8050250423343807
2018-05-23,0.006617270886121306,0.2682456902738183,-0.8037348402234972
2018-05-24,0.005879494313388377,0.26982283928437417,-0.8025809003326749
2018-05-25,-0.005556802677414754,0.2683234870086111,-0.8036779193142791
2018-05-29,-0.0002888522993583943,0.26824598115241677,-0.8037346273987
2018-05-30,-0.003757564343914435,0.2672380296182401,-0.8044721071647318
2018-05-31,-0.00017714143601395028,0.26719069068991597,-0.8045067432564494
2018-06-01,0.010507445507590644,0.26999818231247574,-0.8024526085141152
2018-06-04,-0.003969684890019715,0.2689263746078171,-0.8032368094091595
2018-06-05,0.00510567767866253,0.2702994259958558,-0.8022321999789774
2018-06-06,0.0016429320832714533,0.2707435095949143,-0.801907280915285
2018-06-07,-0.009385043723242927,0.2682025699195818,-0.803766389745151
2018-06-08,-0.0004440332917774322,0.26808347904959723,-0.8038535240010698
2018-06-11,-0.006752734502856334,0.26627318249097326,-0.8051780490771615
2018-06-12,0.00225094987517052,0.2668725500778626,-0.8047395146310512
2018-06-13,-0.00019601562386731245,0.266820238888466,-0.8047777887369074
2018-06-14,-0.0034702247619403056,0.26589431268848845,-0.8054552536885133
2018-06-15,-0.0038010621921337764,0.2648836318694248,-0.8061947303683963
2018-06-18,0.006328439057735295,0.2665599317911021,-0.8049682455304646
2018-06-19,-0.008750558219899564,0.2642273835888716,-0.8066748822526795
2018-06-20,-0.005513199189552919,0.2627706453918117,-0.8077407221351642
2018-06-21,-0.005058114541039245,0.26144152136939713,-0.8087131915841821
2018-06-22,-0.014179677216706973,0.2577343649853343,-0.8114255767833325
2018-06-25,-0.015659109493004076,0.25369847434391907,-0.8143784843240623
2018-06-26,0.00326743657084208,0.2545274180169572,-0.8137719777954077
2018-06-27,-0.008042689506524366,0.25248033302294953,-0.8152697519554133
2018-06-28,0.0059144186628974325,0.253973607416595,-0.8141771799287767
2018-06-29,0.0031990809031362585,0.25478608953398213,-0.8135827176937199
2018-07-02,0.003176585236262613,0.25559543926440087,-0.8129905473069615
2018-07-03,-0.010621681227920263,0.2528805859852241,-0.8149769021000749
2018-07-05,-0.007068204914619736,0.2510931741845514,-0.8162846832699693
2018-07-06,-0.001079043061363992,0.2508222338371917,-0.8164829200077531
2018-07-09,0.008874590421931354,0.2530481784312107,-0.8148542810873931
2018-07-10,0.0022436450770413913,0.25361592873100214,-0.8144388798066196
2018-07-11,-0.0004926588098043155,0.2534909826094061,-0.81453029812724
2018-07-12,0.00645114112765035,0.2551262887128062,-0.8133338069055556
2018-07-13,-0.0005222876753760854,0.25499303939654705,-0.8134313003576181
2018-07-16,0.005058157613119507,0.25628283438006316,-0.8124876064691522
2018-07-17,0.006015153181929257,0.2578244148867582,-0.8113596906985541
2018-07-18,0.009591037226409303,0.2602972184478143,-0.8095504344696425
2018-07-19,-0.007824821578579551,0.25826043915605956,-0.8110406683396356
2018-07-20,0.0038427632116389858,0.25925287287067017,-0.8103145423714353
2018-07-23,-0.0002703702757633644,0.25918277859993966,-0.8103658276809226
2018-07-24,-0.0010771383208334425,0.2589036028970096,-0.810570089914867
2018-07-25,0.010752798770556913,0.2616875412399333,-0.8085331882105968
2018-07-26,-0.006091284358194914,0.26009352801324404,-0.8096994670063631
2018-07-27,-0.015279000363865813,0.25611955890409055,-0.8126070689192167
2018-07-30,-0.015773140768076847,0.2520797490480386,-0.8155628440000965
2018-07-31,0.0006751481355642274,0.25224994022062186,-0.8154383215980944
2018-08-01,0.005214819654651883,0.25356537816676916,-0.8144758657300686
2018-08-02,0.010051773862433236,0.2561141600074439,-0.8126110190863635
2018-08-03,-0.007570285103322238,0.2541753027971897,-0.8140296070971007
2018-08-06,0.007276887241079775,0.25602490781511217,-0.812676321517767
2018-08-07,0.009653528684759192,0.2584964516067182,-0.8108679870142042
2018-08-08,0.007226288000245587,0.26036442141306987,-0.8095012646183026
2018-08-09,0.0015067808434828852,0.2607567335355796,-0.8092142247731218
2018-08-10,0.004048050034536753,0.261812289839774,-0.8084419144091254
2018-08-13,0.0013709957479692064,0.2621712333759104,-0.8081792890882912
2018-08-14,0.00388339532707661,0.26318934791849635,-0.8074343734359002
2018-08-15,-0.01710614433931704,0.2586871929444318,-0.8107284288386967
2018-08-16,-0.004906188212646356,0.25741802488764526,-0.8116570307901173
2018-08-17,-0.004388412397797411,0.2562883684358118,-0.8124835574112359
2018-08-20,0.0009619404369049818,0.25653490258091866,-0.8123031777625251
2018-08-21,0.002769800661726093,0.2572454531238431,-0.8117832949800879
2018-08-22,0.010381978831168284,0.25991616997258915,-0.809829233132899
2018-08-23,0.007687732224685804,0.26191433588820434,-0.8083672512002615
2018-08-24,0.004103429092324883,0.26298908279378497,-0.8075808998037945
2018-08-27,-0.004519121207910426,0.26180060325228266,-0.8084504650402983
2018-08-28,-0.0012727936870013514,0.26146738509721,-0.808694268079143
2018-08-29,0.0022663896285157743,0.26205997206698944,-0.808260694752442
2018-08-30,0.0006041708700599947,0.26221830106832106,-0.8081448514495658
2018-08-31,0.0032026619956878615,0.26305809765572646,-0.8075304042566263
2018-09-04,0.008365434509980682,0.2652586929439855,-0.8059203124582727
2018-09-05,-0.01748277799850131,0.2606212341030732,-0.8093133645495831
2018-09-06,0.002101315459728304,0.2611688815314274,-0.8089126717745476
2018-09-07,-0.0020126409041795797,0.2606432423575584,-0.8092972619476047
2018-09-10,0.00456029061173299,0.26183185128869324,-0.8084276020416326
2018-09-11,0.004746214054304183,0.26307456130114415,-0.8075183584340258
2018-09-12,-0.005754968312980352,0.26156057553690487,-0.8086260841820683
2018-09-13,-0.0010794086904647817,0.26127824477858735,-0.8088326548499305
2018-09-14,-0.001291131554775743,0.2609409001921773,-0.8090794770414964
2018-09-17,-0.012193405694061219,0.25775914193396054,-0.8114074484332519
2018-09-18,0.006134570795299843,0.25934038363829015,-0.8102505140741993
2018-09-19,-0.01208470226819573,0.2562063323159018,-0.8125435801171559
2018-09-20,-0.0033097946665079227,0.25535834196367707,-0.8131640223758867
2018-09-21,-8.12330087661735e-05,0.2553375984372458,-0.8131791996244949
2018-09-24,0.019075551467218274,0.2602083039377514,-0.8096154898317851
2018-09-25,0.010289781466598766,0.2628857905210652,-0.8076564748275287
2018-09-26,0.0029962687228800165,0.263673466992893,-0.8070801619390059
2018-09-27,0.002527891485251947,0.2643400049049912,-0.8065924815230354
2018-09-28,0.0013086099982554632,0.2646859228783488,-0.8063393865106186
2018-10-01,0.00228110724198033,0.26528969985387685,-0.8058976258827016
2018-10-02,-0.011354473781038406,0.26227747491250647,-0.8081015562004538
2018-10-03,0.005617281047099835,0.26375076120141366,-0.8070236087091307
2018-10-04,-0.008343544901628896,0.26155014488249084,-0.8086337158948204
2018-10-05,-0.0014311320130485166,0.261175832097132,-0.8089075863102214
2018-10-08,-0.011123280063879314,0.2582707001707989,-0.8110331607457755
2018-10-09,0.0056691282746585275,0.25973486989965305,-0.8099618834943865
2018-10-10,-0.021080341917014713,0.25425957003439703,-0.8139679519675903
2018-10-11,0.004984177411886961,0.25552684484011856,-0.8130407352359001
2018-10-12,0.017366732192135203,0.2599645111223582,-0.8097938637539035
2018-10-15,-0.01135881133505152,0.2570116232867104,-0.811954379370292
2018-10-16,0.007500575555514183,0.2589393583858177,-0.8105439289848754
2018-10-17,-0.0057963294823925255,0.2574384605486542,-0.8116420787949186
2018-10-18,-0.000838309273198455,0.2572226474998983,-0.8117999809869452
2018-10-19,-0.016321759446605272,0.25302432132318603,-0.8148717364251228
2018-10-22,0.015172259908419779,0.256863272089453,-0.8120629222937703
2018-10-23,-0.0096199511045948,0.2543922599713862,-0.8138708677920446
2018-10-24,-0.015910278424889002,0.2503448082861047,-0.8168322341084562
2018-10-25,0.010388256513416167,0.25294545437138277,-0.8149294403713855
2018-10-26,0.009162222253108357,0.25526299684224685,-0.813233782771561
2018-10-29,-0.007450134427305592,0.25336125320145525,-0.8146252161963922
2018-10-30,0.0032389020507740704,0.25418186548403615,-0.8140248054289689
2018-10-31,0.007207167425694822,0.25601379674515506,-0.8126844510646692
2018-11-01,-0.00995780240642429,0.25346446194384836,-0.8145497022886181
2018-11-02,0.0038410718598217665,0.25443803715608576,-0.8138373743686834
2018-11-05,-0.005789523051675382,0.2529649622747476,-0.8149151671811363
2018-11-06,-0.003310724809339703,0.2521274648982509,-0.8155279321289822
2018-11-07,0.017869641340123418,0.2566328922679772,-0.8122314824388562
2018-11-08,0.0028196069846778806,0.2573564961635141,-0.8117020490152382
2018-11-09,-0.0002440982380692691,0.2572936758962449,-0.8117480122133056
2018-11-12,-0.0033573708996250157,0.2564298455961333,-0.8123800439588973
2018-11-13,-0.005030727703507715,0.2551398168678866,-0.8133239088694841
2018-11-14,-0.005324160977158083,0.25378141141119936,-0.8143178024292497
2018-11-15,0.0088574869792521,0.2560292769583503,-0.8126731247819877
2018-11-16,-0.00862861556151439,0.25382009875498424,-0.8142894963725837
2018-11-19,-0.02568234815540625,0.24730140260991912,-0.8190589781828589
2018-11-20,-0.008452324988263885,0.2452111307850066,-0.8205883505029659
2018-11-21,0.002087988547258103,0.24572312881774586,-0.8202137410335715
2018-11-23,-0.002638064880208287,0.24507489526135687,-0.8206880288492948
2018-11-26,0.001477257068201666,0.24543693388262047,-0.8204231389724993
2018-11-27,0.0005798151408834129,0.2455792419330176,-0.8203190175895232
2018-11-28,0.017387415954380203,0.24984923036226833,-0.8171948296092606
2018-11-29,0.0032165339412062086,0.25065287889191284,-0.8166068305740708
2018-11-30,0.0018989649767515914,0.2511288599302505,-0.8162585733683555
2018-12-03,-0.00037500378805274757,0.2510346856564873,-0.8163274770993646
2018-12-04,0.013994916071099341,0.2545478950131846,-0.8137569955568031
2018-12-06,0.008053049832790763,0.2565977818965578,-0.8122571713610134
2018-12-07,-0.005186665910075607,0.2552668949285939,-0.8132309306901764
2018-12-10,0.013532788889074793,0.2587213679280322,-0.8107034243041976
2018-12-11,0.0051664245627911125,0.2600580323582145,-0.8097254378258705
2018-12-12,-0.003593507643704554,0.2591235118311285,-0.8104091909194459
2018-12-13,0.0018742693869366993,0.2596091790967891,-0.8100538466699416
2018-12-14,-0.006471382123587241,0.257929148896063,-0.8112830608110458
2018-12-17,-0.012839542538219943,0.2546174566169651,-0.8137060999794451
2018-12-18,0.005108079462329364,0.2559180628178607,-0.8127544959347929
2018-12-19,0.0023384317917705755,0.2565165097520423,-0.8123166350952207
2018-12-20,-0.0060642563073764555,0.25496092788983227,-0.8134547951246343
2018-12-21,0.004203447047644931,0.2560326426494356,-0.8126706622339486
2018-12-24,-8.119076537640589e-05,0.25601185516321756,-0.8126858716462592
2018-12-26,0.005984661655997636,0.25754399949629364,-0.811564859964674
2018-12-27,-0.00038897532853650405,0.25744382123447695,-0.811638156585177
2018-12-28,0.0004773825478407861,0.25756672042178375,-0.8115482359284517
2018-12-31,0.006256494546281131,0.25917818520340613,-0.810369188494301
2019-01-02,-0.02165463883880496,0.2535657752079295,-0.8144755752301664
2019-01-03,-0.006081228911734918,0.25202378368470857,-0.8156037917259097
2019-01-04,-0.009467716444935985,0.24963769396340188,-0.8173496027393701
2019-01-07,-0.00407532128383753,0.2486203401559447,-0.8180939617908278
2019-01-08,0.0035781570807663136,0.2495099427864962,-0.8174430734121755
2019-01-09,-0.0059687399119903225,0.24802068283254802,-0.8185327082261105
2019-01-10,-0.004352239097643085,0.2469412375197001,-0.8193224972683122
2019-01-11,-0.0037143679715434404,0.24602400689620363,-0.8199935999976372
2019-01-14,0.002104738726311895,0.24654182315112053,-0.8196147335565682
2019-01-15,0.016566087801955162,0.2506260566402961,-0.8166264553944873
2019-01-16,-0.0034343048861794757,0.24976533034937243,-0.8172562160547221
2019-01-17,-0.0012290717086312565,0.24945835084804308,-0.8174808212694974
2019-01-18,-0.0070727740725908305,0.24769398829197375,-0.8187717381845732
2019-01-22,0.0070219671925898855,0.24943328735156176,-0.817499159275735
2019-01-23,0.004908898039833042,0.25065772992691093,-0.8166032812564359
2019-01-24,-0.024778108006418473,0.24444690562213828,-0.8211475049614867
2019-01-25,-0.011163108224011873,0.24171811835965354,-0.8231440547197361
2019-01-28,-0.004693483238313849,0.24058361842273573,-0.8239741251345052
2019-01-29,-0.002070938327225689,0.24008538458644144,-0.8243386638653476
2019-01-30,0.005539109315592656,0.24141524377674187,-0.8233656565219747
2019-01-31,0.00047192738888235614,0.24152917424237386,-0.8232822979374701
2019-02-01,-0.0023057850826779065,0.2409722598753743,-0.823689770978731
2019-02-04,0.0002982335315433553,0.2410441258834409,-0.8236371893564828
2019-02-05,0.0001224699544769062,0.24107364654656477,-0.8236155902110918
2019-02-06,-0.0015497527019613935,0.24070004201145753,-0.823888942426746
2019-02-07,0.011531597263881409,0.243475697957333,-0.8218581006370951
2019-02-08,0.0018953881365380487,0.24393717890677666,-0.8215204525944222
2019-02-11,-0.0020794924098611624,0.24342991339475709,-0.8218915994585676
2019-02-12,-0.006383507204340039,0.24187597678884978,-0.8230285557165773
2019-02-13,-0.0065740484673246285,0.2402858723943584,-0.824191974568629
2019-02-14,0.006753124826844706,0.24190855288476476,-0.8230047210273298
2019-02-15,-0.001893130058468779,0.2414505885318979,-0.8233397961101601
2019-02-19,-0.00485433730477148,0.24027850593272848,-0.824197364328171
2019-02-20,-0.006052733650338214,0.23882416413441646,-0.82526145085692
2019-02-21,0.0052484759860622135,0.24007762702476734,-0.8243443397779033
2019-02-22,0.006268196624240703,0.2415824807960397,-0.8232432955614704
2019-02-25,-0.005145153002602339,0.24033950196959583,-0.8241527358500423
2019-02-26,0.0019886660701717946,0.24081745698248475,-0.8238030343622949
2019-02-27,0.002969853344225944,0.24153264951245218,-0.8232797552146532
2019-02-28,0.006604359541378225,0.24312781797081412,-0.8221126311798503
2019-03-01,-0.0028684364718249617,0.2424304212704314,-0.8226228897964512
2019-03-04,-0.0025445987794822174,0.2418135331163573,-0.8230742433745831
2019-03-05,0.0061943630671389745,0.24331141393502767,-0.821978301002117
2019-03-06,0.005519620857104533,0.244654400690155,-0.8209956887193112
2019-03-07,0.007253831411511574,0.2464290824668458,-0.8196972216233472
2019-03-08,0.0005974970016650606,0.24657632310474284,-0.8195894912538754
2019-03-11,-0.002641420602599455,0.24592501132478076,-0.8200660312886028
2019-03-12,0.0016716824005017171,0.24633611983805556,-0.8197652388398555
2019-03-13,-0.0029807730869072487,0.24560184776170912,-0.8203024777652468
2019-03-14,0.0029029812527546976,0.2463148253214033,-0.8197808192270328
2019-03-15,-0.00024269638769000562,0.2462550456030633,-0.8198245577711989
2019-03-18,-0.008467011486374862,0.2441700013033644,-0.8213501053101129
2019-03-19,0.0033171434883353472,0.2449799482332347,-0.8207574979752505
2019-03-20,0.011657084270609382,0.24783570013439907,-0.8186680530242731
2019-03-21,-0.0003736255807143109,0.2477431023770146,-0.8187358032782639
2019-03-22,0.017342732376068083,0.252039644699556,-0.815592186825156
2019-03-25,0.004900368349617479,0.2532747317972905,-0.8146885206140518
2019-03-26,-0.004788428631771875,0.252061943819848,-0.8155758714077395
2019-03-27,-0.003351915414679349,0.2512170535049042,-0.8161940454872068
2019-03-28,-0.004717767156424339,0.25003186994074506,-0.8170611991825624
2019-03-29,-0.0005928230753970081,0.24988364527865953,-0.8171696495250724
2019-04-01,-0.015934002753359728,0.24590199858676978,-0.8200828688329377
2019-04-02,0.0024020309452606305,0.24649266279687662,-0.8196507023162919
2019-04-03,-0.005566828194925509,0.2451204804917767,-0.8206546758715725
2019-04-04,-0.012432792869847118,0.24207294832966506,-0.8228844391386368
2019-04-05,-0.002158756446616275,0.241550371791907,-0.8232667884974424
2019-04-08,-0.003215367782767718,0.24077369850853172,-0.8238350507718528
2019-04-09,0.010566443778041794,0.24331782025705329,-0.821973613740172
2019-04-10,-0.0021402960595877656,0.24279704808512964,-0.8223546429131865
2019-04-11,-0.0015165429672040183,0.24242883592939823,-0.822624049730133
2019-04-12,-0.006972728123489242,0.24073844556716856,-0.8238608440070103
2019-04-15,0.003396020652530145,0.24155599830017266,-0.8232626717955389
2019-04-16,-0.01882254922431462,0.2370092986317392,-0.8265893188554412
2019-04-17,-0.0071477464155229155,0.23531521626699858,-0.8278288144300057
2019-04-18,0.0010115359480262114,0.23555324606737024,-0.8276546570865873
2019-04-22,0.0028366454227647976,0.23622142710464464,-0.8271657744584772
2019-04-23,-0.0006823133535626462,0.23606025007053352,-0.8272837015585168
2019-04-24,0.005490768469262486,0.23735640224846702,-0.8263353563529066
2019-04-25,0.01005593507630034,0.23974324281942183,-0.8245889959713425
2019-04-26,-0.0033014089712705376,0.23895175232677632,-0.8251680994337023
2019-04-29,-0.011636799160529877,0.23617111877589295,-0.8272025831474461
2019-04-30,0.011008616121973125,0.23877103596159366,-0.8253003227184477
2019-05-01,-0.0017799218648580132,0.23834604217399083,-0.8256112744938248
2019-05-02,0.007959340377341563,0.2402431194512458,-0.8242232552695503
2019-05-03,-0.0064511301113293765,0.23869327982931418,-0.8253572139203524
2019-05-06,0.005175849757840777,0.23992872038391694,-0.8244532890983134
2019-05-07,0.0032525964108420127,0.2407091116786956,-0.8238823064964995
2019-05-08,0.0037310024497875373,0.24160719796405503,-0.823225210950587
2019-05-09,0.00037860341213167577,0.24169867127359976,-0.823158283412274
2019-05-10,0.005695640183470246,0.24307529993799704,-0.8221510566251631
2019-05-13,0.019576709260762392,0.2478339144133558,-0.8186693595683802
2019-05-14,-0.006554082330583057,0.24620959053398,-0.8198578155148264
2019-05-15,0.00135140826102977,0.2465423202085724,-0.8196143698785532
2019-05-16,0.007891396058658472,0.2484878833025588,-0.8181908754279741
2019-05-17,0.010141033226260737,0.2510078071834533,-0.8163471430548518
2019-05-20,0.00037443580111529715,0.2511017934928222,-0.8162783768502344
2019-05-21,-0.006584598121425938,0.24944838909510267,-0.8174881099048917
2019-05-22,0.013950282867775351,0.25292826468389024,-0.8149420174113327
2019-05-23,0.009219157145951774,0.2552600501026639,-0.8132359387887349
2019-05-24,6.968164957188722e-05,0.2552778370440249,-0.8132229247608689
2019-05-28,0.0077218078412821505,0.257249043447817,-0.8117806680767157
2019-05-29,-0.0027880914309211568,0.2565318095941675,-0.8123054407831847
2019-05-30,0.018376563344380606,0.2612459826430233,-0.8088562598263414
2019-05-31,0.013673606406107314,0.26481815738486075,-0.8062426355562154
2019-06-03,-0.014134189549543754,0.26107516735222225,-0.8089812388718839
2019-06-04,-0.012434493927860932,0.2578288297690658,-0.811356460497239
2019-06-05,0.019237706056546826,0.2627888650090665,-0.8077273915348182
2019-06-06,0.004983967643612744,0.2640985962093734,-0.8067691110754748
2019-06-07,0.0066479546395866035,0.26585431169735185,-0.8054845208909375
2019-06-10,-0.007460569562754622,0.2638708871113755,-0.8069357171538631
2019-06-11,-0.006506440273073216,0.2621540269445825,-0.8081918783790654
2019-06-12,0.0109350477078293,0.2650206937360211,-0.8060944474183913
2019-06-13,-0.013549128993696355,0.26142989417059287,-0.8087216987629134
2019-06-14,0.0071602060596796194,0.2633017860830145,-0.8073521067113104
2019-06-17,-0.004274105111252943,0.2621764065733151,-0.8081755040566877
2019-06-18,-0.00910935985298721,0.2597881473408757,-0.8099229024188532
2019-06-19,0.007613534654340375,0.26176605340344233,-0.8084757438494228
2019-06-20,-0.004795465101371457,0.2605107634296224,-0.8093941917358589
2019-06-21,-0.004392501220136248,0.2593664695833992,-0.8102314279812242
2019-06-24,0.006670755241931857,0.261096639819954,-0.808965528284676
2019-06-25,-0.003571060972187267,0.26016424779952374,-0.8096477240309611
2019-06-26,-0.019140479620067433,0.2551845793166468,-0.8132911578897799
2019-06-27,-0.001449240022282472,0.2548147556112318,-0.8135617438162801
2019-06-28,-0.00854579294841293,0.25263716146957776,-0.8151550065512893
2019-07-01,0.00463613160309001,0.25380842059798187,-0.8142980408354887
2019-07-02,0.01888127420623723,0.25860064698314433,-0.8107917512238682
2019-07-03,0.005304374929971297,0.25997236177187605,-0.8097881197325163
2019-07-05,-0.0025258351412106037,0.25931571444476914,-0.8102685635839716
2019-07-08,0.00863998952875583,0.2615561995022138,-0.8086292859600612
2019-07-09,0.004666571711401463,0.2627767702637525,-0.8077362407995319
2019-07-10,0.0021890329511959844,0.2633519972726687,-0.8073153690953212
2019-07-11,-0.002079032706865678,0.26280447985692046,-0.8077159667450824
2019-07-12,-0.012367146262772383,0.2595543384160181,-0.8100939715083417
2019-07-15,0.005593447414743212,0.26100614195921656,-0.8090317421242309
2019-07-16,-0.003102601357194764,0.26019634394893776,-0.8096242405002974
2019-07-17,0.012461942578634012,0.26343889584639996,-0.8072517887170482
2019-07-18,0.0018070059847972533,0.26391493150782275,-0.806903491545701
2019-07-19,-0.017164366181841084,0.259384998982567,-0.8102178707252454
2019-07-22,-0.002318641729284266,0.25878357809997565,-0.8106579074896544
2019-07-23,-0.012486854210862498,0.2555521852880759,-0.8130221945948107
2019-07-24,-0.011297941595243716,0.2526649716241543,-0.8151346589198853
2019-07-25,0.009431007261373423,0.25504785680623643,-0.8133911925457825
2019-07-26,0.004602228815596272,0.25622164540218617,-0.8125323761148726
2019-07-29,0.008747633878840854,0.25846297854799866,-0.8108924779769894
2019-07-30,-0.009809399563103597,0.2559276119191515,-0.8127475092209014
2019-07-31,0.0001997968549278038,0.2559787454511021,-0.8127100967621664
2019-08-01,0.018785925955692395,0.2607875432093775,-0.8091916825076917
2019-08-02,0.0073898530543105865,0.2627147248320895,-0.8077816370798833
2019-08-05,0.007856299509157403,0.2647786903958363,-0.8062715120496229
2019-08-06,0.012624772900521167,0.26812146123098113,-0.8038257338848881
2019-08-07,0.004221914331840727,0.26925344707082627,-0.8029975029392383
2019-08-08,0.0044523718143318165,0.2704522635294761,-0.802120374573972
2019-08-09,0.020083403596192227,0.27588386549144234,-0.7981462781930777
2019-08-12,0.0056500633608815255,0.27744262681171394,-0.7970057918752389
2019-08-13,-0.0003526348301758475,0.27734479087812464,-0.7970773747033476
2019-08-14,0.013298414243763539,0.2810330367955719,-0.7943788255727207
2019-08-15,0.01902830137688374,0.2863806181165789,-0.7904662038962497
2019-08-16,-0.010440088926214902,0.2833907789966974,-0.7926537553606202
2019-08-19,-0.008104956244533444,0.28109390913282495,-0.7943342876008908
2019-08-20,0.005628937922111146,0.28267616929761713,-0.7931766080730894
2019-08-21,-6.994229442930123e-05,0.28265639827775596,-0.7931910737756624
2019-08-22,0.0010419341996958428,0.28295090764588443,-0.792975592482627
2019-08-23,0.010829887084903338,0.2860152340262603,-0.7907335415253947
2019-08-26,0.006092337776445066,0.28775773544115724,-0.789458619575087
2019-08-27,0.014046995404409015,0.2917998670284824,-0.7865011457718203
2019-08-28,-0.009669793656058086,0.28897822252545174,-0.7885656356380116
2019-08-29,-0.008366299563913472,0.2865605441483566,-0.7903345588683697
2019-08-30,-0.010317187572947159,0.2836040452633722,-0.7924977165520893
2019-09-03,0.009215378991690355,0.2862175640240507,-0.7905855043684757
2019-09-04,-0.012411530657119136,0.2826651659535602,-0.7931846588010515
2019-09-05,-0.019427813394402974,0.2771735998563165,-0.7972026286569645
2019-09-06,-0.0013226092558087227,0.2768070074876807,-0.7974708503373564
2019-09-09,-0.04427281236079295,0.264551982785026,-0.8064373853779616
2019-09-10,-0.04116869150084053,0.2536607238198136,-0.8144061049454324
2019-09-11,-0.010201173506400247,0.25107308676436857,-0.8162993804706127
2019-09-12,0.010577103441003332,0.2537287127743273,-0.814356360015674
2019-09-13,-0.011834920789570866,0.2507258535566034,-0.8165534377899761
2019-09-16,-0.011249772534561858,0.24790524473555772,-0.8186171698870862
2019-09-17,0.026995614792740916,0.254597599227539,-0.8137206288753408
2019-09-18,0.007269404733275604,0.25644837222044425,-0.8123664887331756
2019-09-19,0.0045318100165745445,0.2576105475224071,-0.8115161693073716
2019-09-20,9.897813868352408e-06,0.25761309730365695,-0.8115143037294983
2019-09-23,0.002085182401382181,0.25815026760052007,-0.8111212766727227
2019-09-24,0.013312414694375567,0.2615868710162822,-0.8086068447808458
2019-09-25,-0.008084353920924462,0.25947211016991933,-0.8101541347856799
2019-09-26,0.011893316155563155,0.2625580940097213,-0.8078962378898595
2019-09-27,-0.010073629874919022,0.25991318095000315,-0.8098314200869366
2019-09-30,0.003678525883600657,0.2608692783136167,-0.8091318800434788
2019-10-01,0.014686447849518752,0.26470052136511124,-0.8063287053536017
2019-10-02,0.00976207734959796,0.2672845483291563,-0.8044380711948668
2019-10-03,0.0033893130456440685,0.26819045933570745,-0.8037752505983362
2019-10-04,0.00969897917582795,0.2707916330159602,-0.8018720708401075
2019-10-07,-4.641663169501448e-05,0.2707790637804644,-0.8018812672712238
2019-10-08,0.012693089934523099,0.2742160867894158,-0.7993665283789837
2019-10-09,0.0009749335559614625,0.2744834292540112,-0.7991709240750513
2019-10-10,-0.007204959779834862,0.27250578718600493,-0.8006178894897119
2019-10-11,-0.027689061601823932,0.2649603576577581,-0.806138593029933
2019-10-14,0.00105170629263268,0.265239018133205,-0.8059347077683239
2019-10-15,-0.011235396403319843,0.2622589526228511,-0.8081151082546729
2019-10-16,0.0015869379517578035,0.26267514130795655,-0.8078105988375933
2019-10-17,-0.0001433902812227259,0.2626374762455742,-0.807838156929874
2019-10-18,0.004417510989536987,0.2637976801831533,-0.8069892798763421
2019-10-21,-0.014405517325837938,0.25999753813075904,-0.8097696991491559
2019-10-22,-0.02867973939776249,0.2525408764931091,-0.815225454603116
2019-10-23,-0.006058272498197156,0.2510109150463803,-0.8163448691498608
2019-10-24,0.00899427448867122,0.25326857611596,-0.8146930244917419
2019-10-25,-0.013219598133854572,0.24992046731977344,-0.817142708239361
2019-10-28,-0.007028733630251451,0.24816384292623478,-0.8184279634354957
2019-10-29,0.00562961804352098,0.2495609105741218,-0.8174057822222534
2019-10-30,0.011425083699628632,0.25241216486558665,-0.8153196280010744
2019-10-31,0.003949169881228485,0.2534089833847295,-0.8145902938383222
2019-11-01,-0.026660979791218602,0.24665285159979597,-0.8195334982673944
2019-11-04,-0.03389146952374538,0.2382934239968566,-0.825649773210922
2019-11-05,-0.01264447602407259,0.23528032851043418,-0.827854340473348
2019-11-06,0.015590450101603648,0.238948454731965,-0.8251705121582902
2019-11-07,-0.01751969775809373,0.23476215002529743,-0.8282334719444793
2019-11-08,-0.006331173885421069,0.23327583003177196,-0.8293209557012938
2019-11-11,0.005477096624184091,0.23455350429294275,-0.8283861300839463
2019-11-12,0.002165720764565623,0.23506148168759158,-0.8280144623623817
2019-11-13,0.020100758670399434,0.23978639580370037,-0.8245574225755291
2019-11-14,0.00391291911352387,0.24072466057500366,-0.823870929960999
2019-11-15,-0.009591540217437775,0.23841574031176946,-0.825560279019738
2019-11-18,0.007506667944160656,0.24020544810695116,-0.8242508179580671
2019-11-19,0.009716818648266293,0.24253948088453195,-0.8225430950285846
2019-11-20,0.0063789963486798155,0.24408663934750507,-0.8214110980797238
2019-11-21,-0.012478967266758454,0.24104069016483448,-0.8236397031409933
2019-11-22,-0.009288952697529176,0.23880167459571355,-0.8252779055962388
2019-11-25,-0.010828205193350721,0.2362158810626754,-0.8271698322862547
2019-11-26,0.013385611683050344,0.23937777511995,-0.8248563947741221
2019-11-27,-0.002862571260934826,0.23869253918038513,-0.8253577558249782
2019-11-29,0.003228424511121553,0.23946314002449695,-0.8247939365232062
2019-12-02,-0.0026865850336165687,0.2388198019364043,-0.8252646425111418
2019-12-03,0.011838032049223374,0.24164695840571662,-0.8231961197490563
2019-12-04,-0.005466460632159296,0.24032600482071073,-0.8241626112000611
2019-12-05,0.0017223405148665883,0.24073992803558944,-0.8238597593413026
2019-12-06,-0.012075832255679418,0.23783279304738733,-0.825986799340972
2019-12-09,-0.0032387928872355427,0.2370625018889141,-0.8265503920575515
2019-12-10,-8.782280424962833e-05,0.23704168239521575,-0.8265656248885171
2019-12-11,0.0017635211112496955,0.23745971040636585,-0.8262597697065917
2019-12-12,-0.014377432714329012,0.23404564939763428,-0.8287577081774071
2019-12-13,0.008425864268391928,0.23601768627206637,-0.8273148438695016
2019-12-16,-0.0028684529583495886,0.23534068064165645,-0.8278101831164671
2019-12-17,-0.005132080373930417,0.23413289335334797,-0.8286938750962858
2019-12-18,-0.0028758276269303116,0.23345956751026928,-0.8291865219829463
2019-12-19,-0.002342558610855134,0.2329126747901116,-0.8295866625667252
2019-12-20,0.002324163280237382,0.23345400187636065,-0.8291905941454001
2019-12-23,-0.010096176159194127,0.23109700914834808,-0.8309151159965554
2019-12-24,0.0025937420661853823,0.2316964151823458,-0.8304765534201597
2019-12-26,0.0002864855449991483,0.23176279285612364,-0.8304279874031761
2019-12-27,0.00476190443372225,0.23286642512699704,-0.8296205016845561
2019-12-30,-0.0009054272268103418,0.23265558152547708,-0.8297747679212212
2019-12-31,-0.00454592117780329,0.23159794759028626,-0.8305485984087246
2020-01-02,0.005918585415163206,0.23296867982507585,-0.8295456858146875
2020-01-03,0.004359545475582055,0.2339843173791596,-0.8288025824804874
2020-01-06,-0.0028714365077778174,0.2333124462679896,-0.8292941649951903
2020-01-07,-0.0037067363134837485,0.23244761855102034,-0.8299269265127261
2020-01-08,0.0034889904901153727,0.2332586260815948,-0.8293335431767044
2020-01-09,0.0063220747359303674,0.23473330454848307,-0.8282545770817511
2020-01-10,0.0025514078100693665,0.2353322049349915,-0.8278163844683738
2020-01-13,0.004972566907283126,0.2365024100694692,-0.8269601899198049
2020-01-14,-0.00809057756441965,0.23458896897662998,-0.8283601819249911
2020-01-15,0.0035001715635115025,0.23541007061495545,-0.8277594131145987
2020-01-16,0.002359847390743709,0.23596560245585096,-0.8273529516150571
2020-01-17,0.006359076508554392,0.23746612577525486,-0.826255075825401
2020-01-21,0.009651518569065116,0.23975803449769867,-0.8245781734634491
2020-01-22,0.00665400177452073,0.24135338488470195,-0.8234109163183853
2020-01-23,0.002439961677409617,0.2419422778945337,-0.8229800457215533
2020-01-24,0.004835726290650838,0.24311224452856828,-0.8221240256746791
2020-01-27,0.006956178319390868,0.24480337665313634,-0.8208866886785368
2020-01-28,0.01038179789197401,0.247344875832822,-0.8190271704806351
2020-01-29,0.0029266104954124425,0.2480687579424208,-0.8184975334983793
2020-01-30,0.005948728953978834,0.24954445174537043,-0.8174178245206826
2020-01-31,-0.0005784310719331187,0.2494001074806524,-0.817523435724161
2020-02-03,0.00750553260645912,0.2512719881194028,-0.816153851921074
2020-02-04,0.002843251362729131,0.251986417542039,-0.8156311311100161
2020-02-05,-0.018220673891981475,0.2473950552027968,-0.8189904561458939
2020-02-06,0.003809055643096691,0.24833739673389124,-0.8183009807214221
2020-02-07,0.0016089673092749782,0.24873696348690652,-0.8180086329392755
2020-02-10,0.009701527319603099,0.25115009193356985,-0.8162430387198041
2020-02-11,-0.0013960997426297182,0.25079946135486,-0.8164995817661538
2020-02-12,-0.0033308337437324624,0.2499640900460693,-0.8171107911511961
2020-02-13,0.008265387869385847,0.25203014020371817,-0.8155991409029355
2020-02-14,0.004643454114567077,0.253200430595242,-0.8147428839750316
2020-02-18,-0.004214224604498165,0.252133387110758,-0.8155235990715424
2020-02-19,0.004302522047988996,0.25321819656783623,-0.814729885289214
2020-02-20,-0.00994843197929892,0.2506990725633604,-0.8165730324232112
2020-02-21,-0.009948907673446685,0.2482048906366088,-0.818397930388453
2020-02-24,0.002249405167940749,0.24876320400031496,-0.81798943375456
2020-02-25,0.005645963370681874,0.2501677119380742,-0.8169618087644612
2020-02-26,0.011314837054338323,0.25299831883491014,-0.8148907614559102
2020-02-27,-0.004477634354111901,0.2518654848709624,-0.8157196129416787
2020-02-28,0.003630162559464042,0.25277979752416224,-0.815050645180136
2020-03-02,0.014870076072738301,0.2565386523429979,-0.8123004342043608
2020-03-03,0.011765332697801454,0.2595569149376589,-0.8100920863655423
2020-03-04,0.021921133857780235,0.2652466968137198,-0.8059290895701096
2020-03-05,0.010921144068632425,0.26814349420335126,-0.8038096131977741
2020-03-06,0.010587701070394607,0.2709825173639474,-0.801732408029427
2020-03-09,0.052137203091901486,0.2851107879061062,-0.7913952903203151
2020-03-10,-0.006147190573659531,0.2833581575582412,-0.792677623225279
2020-03-11,0.018917497016634796,0.2887185846584883,-0.7887556027811615
2020-03-12,0.028697578911504606,0.29700410902494323,-0.7826934000223608
2020-03-13,-0.01886521572369109,0.291401062437365,-0.7867929359091207
2020-03-16,0.009086495231155551,0.2940488768015558,-0.7848556309380103
2020-03-17,0.0357302269694338,0.3045553099097824,-0.7771684738002298
2020-03-18,0.029011375879716556,0.3133908784817387,-0.7707038246357973
2020-03-19,-0.03401538266736969,0.30273076782571917,-0.778503421784975
2020-03-20,-0.017983440290892723,0.2972866271383092,-0.782486692273942
2020-03-23,0.015760456543659353,0.30197200010633357,-0.7790585832398579
2020-03-24,-0.03212479127222155,0.2922712126328623,-0.7861562801366664
2020-03-25,-0.014760395207197166,0.2879571740267145,-0.7893126979544263
2020-03-26,0.015312202014667015,0.2923664324469842,-0.7860866114235794
2020-03-27,0.021825591926025924,0.2987475028944401,-0.781417825096997
2020-03-30,0.023091335334721585,0.3056459816641863,-0.7763704707981189
2020-03-31,-0.01748864942658481,0.300300646242217,-0.7802814492357628
2020-04-01,0.02419455038686156,0.3075662853589314,-0.7749654576883693
2020-04-02,0.005255980368046855,0.309182847716651,-0.7737826805518471
2020-04-03,-0.010657252698438095,0.30588780797851195,-0.7761935356899693
2020-04-06,-0.013193388532539629,0.30185211128048456,-0.7791463013297055
2020-04-07,-0.03745935815790082,0.29054492493331036,-0.7874193391286931
2020-04-08,-0.01769837844966645,0.28540275089521067,-0.7911816721158738
2020-04-09,-0.01191991162557916,0.2820007753268426,-0.7936707681300538
2020-04-13,0.009512495539747895,0.28468330644434464,-0.7917080622321713
2020-04-14,0.02174491728241634,0.29087372139466167,-0.7871787712748156
2020-04-15,0.01959383360750255,0.2965730526924637,-0.7830087875310301
2020-04-16,0.034619987153101876,0.306840407966633,-0.7754965545430184
2020-04-17,-0.0337024971701803,0.2964991199854406,-0.7830628812782281
2020-04-20,0.0018901726801221171,0.29705955452171734,-0.7826528326631157
2020-04-21,-0.0022532105129088173,0.296390216810509,-0.7831425615855102
2020-04-22,0.012230579734172771,0.30001524098963867,-0.7804902693940333
2020-04-23,-0.02461992411424787,0.292628888523356,-0.7858945823038912
2020-04-24,0.003974132153389904,0.2937918343982474,-0.7850436990792101
2020-04-27,-0.017814280943505498,0.2885581441213692,-0.7888729910143897
2020-04-28,-0.031144449011025234,0.2795711597150652,-0.7954484253805923
2020-04-29,-0.03592207891955972,0.2695283824521478,-0.802796343187191
2020-04-30,0.014946828024141856,0.27355697683228514,-0.799848774043078
2020-05-01,0.04067065430256648,0.28468271806908624,-0.791708492723949
2020-05-04,0.0029997678986231845,0.28553670014804267,-0.7910836665468666
2020-05-05,0.03174517100238944,0.2946011115217003,-0.7844515818162046
2020-05-06,0.02154241280615871,0.300947530279254,-0.7798081488119747
2020-05-07,-0.01999462189615608,0.29493019820073835,-0.784210801621094
2020-05-08,-0.03640520795794957,0.28419320300216117,-0.7920666522631573
2020-05-11,0.040991872869807745,0.2958428146500892,-0.7835430749073351
2020-05-12,0.017023201693740875,0.3008790065535217,-0.7798582850134756
2020-05-13,0.04663657448592649,0.31491097275390656,-0.7695916295250471
2020-05-14,-0.014123817828426396,0.31046322754255784,-0.7728458753757799
2020-05-15,0.003666849243792832,0.3116016493936977,-0.7720129354456772
2020-05-18,-0.07889252416741187,0.28701860873830004,-0.7899994104458863
2020-05-19,0.01436779151894939,0.2911424322707108,-0.7869821657563164
2020-05-20,-0.019769016466751707,0.285386832732981,-0.7911933188291915
2020-05-21,-0.014377354359650762,0.2812837251092005,-0.7941954064770469
2020-05-22,0.01382434673738749,0.2851722888566941,-0.7913502924160385
2020-05-26,-0.07273003183891211,0.2644316992085713,-0.8065253922917998
2020-05-27,-0.024375347558201015,0.2579860846349567,-0.8112414030983737
2020-05-28,0.04552666000377275,0.2697313293958369,-0.8026478546344442
2020-05-29,0.03861850007495756,0.2801479487603284,-0.7950264107938515
2020-06-01,-0.0328012490404929,0.27095874612485765,-0.801749800540126
2020-06-02,-0.018035785268545906,0.2660717923631153,-0.8053253985670307
2020-06-03,-0.059075931984221036,0.2503533532545521,-0.8168259820803401
2020-06-04,-0.04255141343787239,0.23970046421465993,-0.8246202954479158
2020-06-05,-0.051060803207271306,0.22746116598270358,-0.8335753240285992
2020-06-08,-0.05554762958140518,0.21482623739054185,-0.842819820282664
2020-06-09,0.04570225722628206,0.2246442813507187,-0.835636331278349
2020-06-10,0.06012742104204131,0.23815156264018014,-0.8257535677651078
2020-06-11,0.055620975224778865,0.251397784805532,-0.8160618112747646
2020-06-12,-0.04428850181425234,0.24026375355707316,-0.8242081580798325
2020-06-15,0.0028112778984456075,0.24093920173724576,-0.8237139583599153
2020-06-16,-0.010590181304236083,0.23838761190755042,-0.8255808595022899
2020-06-17,0.03459917989287877,0.24663562777617354,-0.8195461002834483
2020-06-18,-0.004076479162528103,0.24563022277880694,-0.8202817168454398
2020-06-19,0.026165333341003686,0.25205721943643944,-0.8155793280592278
2020-06-22,0.01061983616872613,0.2547340258119991,-0.8136208107370904
2020-06-23,-0.010758955721933637,0.25199335370741793,-0.8156260561818599
2020-06-24,0.038978986622229254,0.26181579927047005,-0.808439346692285
2020-06-25,-0.007056644922674227,0.2599682581398722,-0.8097911222038331
2020-06-26,0.022315823226017516,0.26576966383289724,-0.8055464545109147
2020-06-29,-0.03174203779008028,0.2573335931200565,-0.8117188063002443
2020-06-30,0.009711118578563915,0.25983259015709326,-0.8098903853021124
2020-07-01,0.017171917561052734,0.2642944139749457,-0.8066258386709568
2020-07-02,-0.0008212731801092838,0.2640773560610954,-0.8067846516833824
2020-07-06,-0.0023434402995142324,0.26345850654271263,-0.8072374403171123
2020-07-07,0.03277531060625957,0.27209344092651133,-0.800919587550248
2020-07-08,0.0019316874975005463,0.27261904042450097,-0.8005350264065215
2020-07-09,0.0447271826118925,0.2848125220290465,-0.7916135201079297
2020-07-10,-0.039154891975818736,0.27366071849563867,-0.7997728702173249
2020-07-13,-0.01781065621510439,0.2687866415189344,-0.8033390467908212
2020-07-14,0.010563489686131545,0.2716259664343896,-0.8012616208399312
2020-07-15,-0.04553453399767812,0.2592576046311307,-0.8103110803224388
2020-07-16,0.009176075037165327,0.26163657186518163,-0.8085704805617587
2020-07-17,0.02184710823285033,0.2673525743683922,-0.8043882991316289
2020-07-20,0.03470333579033209,0.2766306005311083,-0.7975999205918758
2020-07-21,-0.03216424870443186,0.26773298509636934,-0.8041099670837555
2020-07-22,0.005437452563214457,0.2691887705024386,-0.803044824322167
2020-07-23,-0.013174568940646968,0.26564232448740627,-0.8056396238623518
2020-07-24,0.0017218530072243058,0.266099721522671,-0.8053049638642139
2020-07-27,0.022002844941160747,0.27195467243422033,-0.8010211191733045
2020-07-28,-0.010583641280057298,0.2690764017367411,-0.8031270402702816
2020-07-29,-0.006592592309607474,0.2673024907199546,-0.8044249434305654
2020-07-30,0.017742971857883705,0.27204523129034097,-0.8009548607057498
2020-07-31,0.011718183789389703,0.2752331073096282,-0.7986224131811152
2020-08-03,0.013403394721435091,0.27892216528730623,-0.7959232698969316
2020-08-04,-0.008106773570990957,0.2766610064493915,-0.7975776737389855
2020-08-05,-0.019401163900191455,0.27129346091847495,-0.8015049024678333
2020-08-06,0.00045798627378995416,0.2714177095997446,-0.8014139944377491
2020-08-07,-0.0206482546344857,0.2658134076196202,-0.8055144488474438
2020-08-10,-0.04509687511405981,0.2538260535725555,-0.8142851394592597
2020-08-11,-0.020556278332894494,0.24860833456717785,-0.8181027458230898
2020-08-12,0.024283928636918646,0.25464552162235043,-0.8136855658834063
2020-08-13,0.016125300979348646,0.2587517573015541,-0.8106811895564792
2020-08-14,-0.011616953274894195,0.25574585022718516,-0.8128804973314601
2020-08-17,0.026910609405008758,0.2626281269096008,-0.8078449974830876
2020-08-18,0.01653263210673186,0.2669700611126773,-0.8046681695190073
2020-08-19,0.0009489602026585622,0.2672234050759746,-0.8044828073855684
2020-08-20,0.015431524525200536,0.2713470696051121,-0.8014656790326404
2020-08-21,0.006229696368593957,0.2730374794592597,-0.8002288704942688
2020-08-24,-0.04270994642833715,0.2613760633386265,-0.808761084733387
2020-08-25,0.010038037132858337,0.26399976596805996,-0.8068414214006931
2020-08-26,0.02781478514736379,0.27134286273741587,-0.8014687570375832
2020-08-27,-0.0273612921238667,0.26391857140433117,-0.8069008283719923
2020-08-28,-0.017593407202632992,0.2592753445092776,-0.8102981007289349
2020-08-31,0.0284427329327194,0.2666498438891938,-0.8049024602711384
2020-09-01,0.005696387655786456,0.2681687847683416,-0.8037911090541526
2020-09-02,0.004054311285522764,0.2692560244988528,-0.8029956171332711
2020-09-03,-0.039840575507596655,0.2585287095239309,-0.8108443851242004
2020-09-04,-0.028280389154404395,0.2512174170110082,-0.8161937795236287
2020-09-08,-0.0019691196728514318,0.2507227398530089,-0.8165557159683612
2020-09-09,0.030256404660427266,0.2583087085275726,-0.8110053514780575
2020-09-10,0.0026285011984286243,0.2589876732775019,-0.8105085788179209
2020-09-11,-0.003420467653025959,0.25810181431852375,-0.8111567280946002
2020-09-14,-0.01490263282492679,0.25425541774828736,-0.8139709900372641
2020-09-15,0.015996485635584697,0.25832261088606745,-0.8109951796515932
2020-09-16,-0.03778837443630497,0.2485610193405408,-0.8181373645731853
2020-09-17,-0.002088190296578851,0.24804197663184616,-0.8185171283637939
2020-09-18,0.012464928837951583,0.2511338022193869,-0.8162549572835415
2020-09-21,0.05006178727157501,0.26370600920279563,-0.8070563520428637
2020-09-22,0.014651806464487384,0.26756977861315734,-0.8042293790544436
2020-09-23,0.0066083872796504125,0.26933798333456344,-0.8029356509732577
2020-09-24,0.005848562743526458,0.2709132234293105,-0.8017831077634625
2020-09-25,0.0050149819131973085,0.27227184834485446,-0.8007890536340061
2020-09-28,-0.013608306919374959,0.2685666894670722,-0.8034999773338537
2020-09-29,0.02059158728782618,0.2740969038958359,-0.7994537299650639
2020-09-30,-0.0009322714434215405,0.27384137117960355,-0.7996406935257022
2020-10-01,0.004984140971356539,0.27520623517735227,-0.7986420744973111
2020-10-02,-0.02883981967855182,0.26726933698042427,-0.804449200759656
2020-10-05,0.0029826622099660693,0.2680665111317185,-0.8038659387806331
2020-10-06,-4.884053441866538e-05,0.26805341862005505,-0.8038755180730008
2020-10-07,0.0020145478641028338,0.26859342506200157,-0.8034804159168365
2020-10-08,-0.019799460991733103,0.2632754200198505,-0.8073713977560026
2020-10-09,0.021756018061465907,0.2690032448129424,-0.8031805664064273
2020-10-12,0.00913679055111199,0.27146107111836776,-0.8013822684652944
2020-10-13,0.026163755597347033,0.2785635122373028,-0.7961856826801208
2020-10-14,-0.004086495054481262,0.2774251638221861,-0.797018568879881
2020-10-15,-0.007801347755110236,0.27526087364319085,-0.798602097611879
2020-10-16,0.009583624393054246,0.27789887046629114,-0.7966719757618422
2020-10-19,-0.002769307024523282,0.27712928317220176,-0.7972350534876473
2020-10-20,-0.010763217788561453,0.2741464803418314,-0.7994174567668458
2020-10-21,-0.0027027453874124666,0.2734055322066122,-0.7999595803103647
2020-10-22,-0.029980562698152604,0.26520868050627006,-0.8059569046550346
2020-10-23,0.0034150499805880143,0.26611438140548477,-0.8052942377860435
2020-10-26,0.019368346602382295,0.2712685769804248,-0.8015231090980026
2020-10-27,0.020550197174174185,0.27684319972453014,-0.7974443698554494
2020-10-28,0.008541750100811065,0.27920792515368603,-0.7957141902812424
2020-10-29,-0.01424845559617056,0.2752296434300348,-0.7986249475699478
2020-10-30,-0.021451603914257485,0.26932552613371136,-0.8029447654328902
2020-11-02,-0.013094134913630403,0.26579894135883203,-0.805525033259749
2020-11-03,-0.0029345949293358973,0.26501892913329755,-0.8060957385110277
2020-11-04,0.05255660837886942,0.2789474252047436,-0.795904788176958
2020-11-05,-0.0013100197761189865,0.2785819985612279,-0.7961721569406573
2020-11-06,0.026279988936993674,0.28590313040146254,-0.7908155634800065
2020-11-09,-0.18764862435269253,0.23225380128349965,-0.8300687352289764
2020-11-10,-0.02129802048340862,0.22730725506641417,-0.8336879347868412
2020-11-11,0.037931916635198425,0.23592945491616915,-0.8273793993937479
2020-11-12,0.019731214733330445,0.24058462965303767,-0.8239733852557896
2020-11-13,-0.0307784831786265,0.23317979967622557,-0.8293912174566849
2020-11-16,-0.04002763004646441,0.22384616492047693,-0.8362202826870063
2020-11-17,-0.010678987036519937,0.22145571462711647,-0.8379692841650367
2020-11-18,0.0024443142558000595,0.22199702198740795,-0.8375732301764438
2020-11-19,-0.0005725732302025348,0.22186991243543328,-0.837666231396713
2020-11-20,0.008066762652499743,0.2236596843587808,-0.8363567234149045
2020-11-23,-0.034753118969509424,0.2158868127395772,-0.8420438376746266
2020-11-24,-0.045304640865645146,0.20610613822078186,-0.8491999848812932
2020-11-25,0.014543841268249251,0.20910371317947676,-0.8470067733981572
2020-11-27,0.019495761020607506,0.2131803492001455,-0.844024054014556
2020-11-30,0.03748228637199422,0.22117083609774707,-0.8381777189399868
2020-12-01,-0.008036950055915213,0.21939329713420447,-0.8394782765308004
2020-12-02,-0.024664552756522642,0.21398205958261043,-0.8434374730478744
2020-12-03,-0.024074507220461512,0.20883054694413963,-0.8472066387334372
2020-12-04,-0.022996875940495768,0.20402809676347936,-0.8507204087070157
2020-12-07,0.017736305539086415,0.20764680142623473,-0.8480727402650934
2020-12-08,-0.000234536121038939,0.2075981007508821,-0.8481083726952716
2020-12-09,-0.013776987182283073,0.2047380243777709,-0.8502009816977449
2020-12-10,-0.007995370644449756,0.2031010679878582,-0.8513986803712462
2020-12-11,0.012537684251278386,0.20564748504938737,-0.8495355639464176
2020-12-14,0.022612038280237563,0.2102975938535587,-0.8461332563585597
2020-12-15,-0.01246308700264247,0.20767663664491542,-0.8480509109713763
2020-12-16,0.010024833443073053,0.2097585603372983,-0.8465276466620376
2020-12-17,0.010470990222571216,0.21195494017169078,-0.8449206391508008
2020-12-18,0.018285539460470488,0.21583065059404188,-0.8420849293784882
2020-12-21,0.006911919176866524,0.2173224546068384,-0.8409934331735431
2020-12-22,0.01600009059112857,0.22079963356803425,-0.8384493136997355
2020-12-23,-0.02418233775155627,0.21546018225367217,-0.8423559869598443
2020-12-24,0.005922923565375497,0.21673633644454254,-0.8414222735200684
2020-12-28,-0.008632632647068726,0.2148653312707453,-0.842791216778777
2020-12-29,0.004987278321230113,0.21593692447937582,-0.8420071728223107
2020-12-30,-0.01005193751898833,0.21376634000646663,-0.8435953068495492
2020-12-31,0.0007766632982488424,0.21393236447715064,-0.8434738330647054
2021-01-04,0.007579178173565754,0.21555379598461516,-0.8422874933566775
2021-01-05,-0.00965004237024388,0.2134736927202967,-0.843809425728103
2021-01-06,-0.029492724216542487,0.20717777197341006,-0.8484159112603274
2021-01-07,0.01648368473626589,0.21059282505098173,-0.8459172469305085
2021-01-08,0.011926138527200779,0.21310438425537429,-0.8440796346727493
2021-01-11,-0.005673721047111852,0.21189528942519276,-0.8449642833311799
2021-01-12,-0.019447072182197517,0.2077745464366734,-0.8479792741040572
2021-01-13,-0.0017803130068561653,0.20740464270915854,-0.8482499185796815
2021-01-14,-0.021467576897795635,0.20295216759283985,-0.8515076251218189
2021-01-15,0.010509782842217395,0.2050851508015979,-0.849947002508124
2021-01-19,0.011746208002785129,0.207494123641196,-0.8481844487881431
2021-01-20,0.008251436960568912,0.2092062483221098,-0.8469317523376845
2021-01-21,0.012388961009269497,0.21179809637546798,-0.8450353957856388
2021-01-22,0.0014701100567365215,0.2121094628869472,-0.844807580762545
2021-01-25,0.0064789007119900165,0.2134836990370653,-0.8438021044870521
2021-01-26,-0.006841668998417889,0.21202311423169584,-0.844870758786401
2021-01-27,-0.014671752534378827,0.20891236356812007,-0.847146776624333
2021-01-28,0.0009157115399288497,0.2091036670302732,-0.8470068071637726
2021-01-29,0.01258570643848984,0.21173538439872794,-0.8450812797516485
2021-02-01,0.012671943780211551,0.21441848328611013,-0.8431181584381591
2021-02-02,0.006444895611300806,0.21580038802802257,-0.8421070713459844
2021-02-03,-0.028141025845777056,0.20972754373099728,-0.8465503403321024
2021-02-04,-0.004546803755847018,0.2087739537474566,-0.8472480458210139
2021-02-05,0.004291492080642142,0.20966990551660816,-0.8465925120193522
2021-02-08,-0.007441139741503279,0.20810972245007128,-0.8477340385748091
2021-02-09,0.0044590721455725,0.2090376987166712,-0.8470550736674993
2021-02-10,-0.014859820122878446,0.205931436114841,-0.8493278077615072
2021-02-11,0.010894768604811885,0.2081750114597688,-0.847686269091889
2021-02-12,0.003196006928082062,0.20884034023864778,-0.8471994733526647
2021-02-16,-0.01767721624494339,0.20514862438358167,-0.8499005613045509
2021-02-17,-0.010845542705240904,0.20292367621690813,-0.8515284711769551
2021-02-18,0.004910109783833622,0.20392005374487224,-0.8507994596706603
2021-02-19,-0.011347371399059515,0.201606097159313,-0.8524924936147177
2021-02-22,-0.04250906348429765,0.19303601077634627,-0.8587628995680601
2021-02-23,-0.014125677593622304,0.1903092463241606,-0.8607579693130197
2021-02-24,-0.01335121620791198,0.18776838643012195,-0.8626170197699503
2021-02-25,-0.0047545155452895305,0.186875638717926,-0.8632702092851123
2021-02-26,0.019249661544525523,0.1904729315141631,-0.8606382070907969
2021-03-01,0.004896204996381302,0.19140552603311814,-0.8599558631840502
2021-03-02,-0.016136959941066134,0.18831682272702302,-0.8622157498098304
2021-03-03,-0.03858125963595544,0.18105132249557354,-0.8675316397401627
2021-03-04,-0.025809270813971674,0.17637851988205758,-0.8709505515243916
2021-03-05,-0.002470624448287528,0.1759427547986842,-0.8712693842468335
2021-03-08,-0.040112062182068774,0.16888532807771492,-0.8764330347106605
2021-03-09,0.044338229579293065,0.1763734045265989,-0.8709542942352452
2021-03-10,-0.011184994132739838,0.17440066903179752,-0.8723976696970792
2021-03-11,0.022371558501354305,0.1783022838017177,-0.8695430066997983
2021-03-12,-0.018033812546445867,0.17508681383903432,-0.8718956436623472
2021-03-15,-0.0006435897571780774,0.1749741297590306,-0.8719780903139359
2021-03-16,0.012510134568647014,0.17716307966834796,-0.8703765189960281
2021-03-17,-0.0031864855670729335,0.1765985520719666,-0.870789562347401
2021-03-18,-0.007426957756820453,0.17528696208581243,-0.8717492028095871
2021-03-19,0.009027576888165518,0.17686937861353508,-0.8705914088769822
2021-03-22,0.020194978376302995,0.18044125189006555,-0.867978005177545
2021-03-23,0.0036168632561513047,0.18109388322392067,-0.8675004996754678
2021-03-24,-0.014371195294106015,0.17849134766154168,-0.8694046758710032
2021-03-25,-0.009413672171392872,0.17681108862922582,-0.8706340574394703
2021-03-26,0.01773233098824384,0.17994636137519096,-0.8683400977273809
2021-03-29,-0.0008829845625910051,0.17978747151600225,-0.8684563513885999
2021-03-30,-0.005124633567333759,0.17886612660448528,-0.8691304643858434
2021-03-31,0.01989377365611281,0.18242444884190054,-0.8665269754658548
2021-04-01,0.009339416849017039,0.18412818681308724,-0.8652804152516312
2021-04-05,0.00456432500610493,0.18496860770048698,-0.8646655112821522
2021-04-06,-0.0009140439897281131,0.18479953825632997,-0.8647892129581677
2021-04-07,-0.006814390938203616,0.18354024195745183,-0.8657105921201329
2021-04-08,0.013588786409258447,0.18603433110291528,-0.8638857620394276
2021-04-09,0.0047124970614757225,0.1869110173415714,-0.8632443240930134
2021-04-12,-0.0021500075728720556,0.1865091572388338,-0.8635383498318466
2021-04-13,-2.9680865456215893e-05,0.18650362148563143,-0.8635424001317252
2021-04-14,-0.006324944139564734,0.1853239964979083,-0.8644054868283111
2021-04-15,0.0023575132930658085,0.18576090028317618,-0.8640858209610421
2021-04-16,-0.0033126766364207205,0.18514553448884763,-0.8645360606865028
2021-04-19,-0.010188462482274743,0.1832591861569473,-0.8659162299498995
2021-04-20,-0.015569639152166831,0.18040590675716386,-0.8680038658657416
2021-04-21,0.008551362109257006,0.18194862299249323,-0.8668751191257376
2021-04-22,-0.0007196968799528823,0.1818176751362138,-0.8669709286871469
2021-04-23,0.013169548539322753,0.184212131834227,-0.8652189958753512
2021-04-26,0.00874777141791056,0.1858235774559188,-0.8640399624597923
2021-04-27,0.002505147091181677,0.18628909285045545,-0.8636993625672316
2021-04-28,-0.00663939452110945,0.1850522460680417,-0.8646043162726263
2021-04-29,-0.007676159950071393,0.18363175542810342,-0.865643635197467
2021-04-30,-0.015441821593139483,0.18079614662194762,-0.8677183422126504
2021-05-03,0.00243014695281023,0.1812355078267408,-0.8673968783450658
2021-05-04,-0.0027583152387586534,0.18073560316369813,-0.8677626395562337
2021-05-05,0.019023871289075255,0.18417389401563772,-0.8652469730315444
2021-05-06,-0.009456697852684423,0.1824322171475795,-0.8665212916923197
2021-05-07,0.01632176776683925,0.1854098334290519,-0.864342683213504
2021-05-10,-0.02323884047206922,0.18110112388804123,-0.8674952019571743
2021-05-11,-0.001533077688214317,0.18082348179569793,-0.8676983421066352
2021-05-12,-0.02196822643582916,0.176851110602695,-0.8706047748850723
2021-05-13,0.00015826712551316407,0.1768791003196139,-0.8705842958747382
2021-05-14,0.023437038182138426,0.181024622547427,-0.867551175075786
2021-05-17,0.004988865689101833,0.18192773007573643,-0.8668904056775598
2021-05-18,-0.010606937652812311,0.17999803398550543,-0.8683022908455291
2021-05-19,-0.004079815789932487,0.17926367516429456,-0.8688395932388354
2021-05-20,-0.0003391648056369716,0.17920287523474968,-0.8688840782327019
2021-05-21,-0.0006790370736887562,0.17908118983875365,-0.8689731108045327
2021-05-24,0.008649130334464617,0.18063008639012004,-0.8678398421625617
2021-05-25,0.0007853615969930635,0.18077194632323237,-0.8677360486499436
2021-05-26,0.013621649886001203,0.18323435848525843,-0.865934395412114
2021-05-27,0.01733122431779463,0.18641003425489364,-0.8636108743457007
2021-05-28,-0.005470984464378235,0.1853901878534809,-0.8643570571332655
2021-06-01,0.013878442569132385,0.18796311492848608,-0.8624745443407814
2021-06-02,-0.012473100501141926,0.18561863210547538,-0.8641899131706842
2021-06-03,-0.007129309462073742,0.18429529943526862,-0.8651581453077615
2021-06-04,0.0006908669738896033,0.18442262297109155,-0.8650649875236566
2021-06-07,-0.006773379390869182,0.18317345857744913,-0.8659789535562705
2021-06-08,0.009058680875469002,0.18483276848355817,-0.8647648996659404
2021-06-09,-0.016641401245362536,0.18175689221993208,-0.8670154012330563
2021-06-10,-0.015069074880347868,0.1790179840010506,-0.8690193561098084
2021-06-11,0.010000317961550022,0.18080822076189676,-0.867709508024098
2021-06-14,-0.012404882054427732,0.1785653161088745,-0.8693505559739813
2021-06-15,0.002460220730203923,0.17900462620126098,-0.8690291295033987
2021-06-16,0.0033737338646629834,0.17960854017060748,-0.86858726864232
2021-06-17,-0.01776222094997396,0.17641829359559488,-0.8709214506123347
2021-06-18,6.537860219664259e-05,0.1764298275770321,-0.8709130116372021
2021-06-21,0.010289192452045744,0.17824514802725344,-0.8695848107708823
2021-06-22,0.005026103561242299,0.17914102660052736,-0.8689293305238578
2021-06-23,0.012897223848288028,0.18145144852100648,-0.8672388827596791
2021-06-24,0.0069416951061924085,0.18271102915321627,-0.8663172955618392
2021-06-25,-0.00463453432274626,0.1818642486174614,-0.8669368526439154
2021-06-28,-0.0014956061034861576,0.18159225133722318,-0.8671358626992502
2021-06-29,0.008649940892260276,0.1831630135777826,-0.8659865957648977
2021-06-30,0.004021275111124686,0.18389956244556152,-0.86544769099789
2021-07-01,0.0007331429766767991,0.18403438711818243,-0.8653490449175494
2021-07-02,-0.00732707136662985,0.18268595402985352,-0.8663356420750234
2021-07-06,-0.017591240888377314,0.17947228140559135,-0.868686963993472
2021-07-07,-0.009480825072369487,0.17777073610024588,-0.8699319199175716
2021-07-08,-0.00736008295137883,0.1764623287362204,-0.8708892317763048
2021-07-09,0.022310190253532296,0.18039923686290682,-0.8680087459734546
2021-07-12,0.00830092356065441,0.1818967171385062,-0.8669130966631052
2021-07-13,-0.012672978709655076,0.17959154391485374,-0.8685997041556277
2021-07-14,-0.011910080618076083,0.1774525941485031,-0.8701646922723731
2021-07-15,-0.009022879824561273,0.1758514607169445,-0.8713361806509845
2021-07-16,-0.025870223663844654,0.17130214409658334,-0.874664742434988
2021-07-19,-0.01366603722510068,0.16896112261861987,-0.876377578730489
2021-07-20,0.02678528175216858,0.1734867938931223,-0.8730663173458999
2021-07-21,0.026045776078120846,0.17800539207937366,-0.86976023107072
2021-07-22,-0.012624413562949818,0.1757581783933286,-0.8714044317760262
2021-07-23,-0.0050800502719130485,0.17486531801139063,-0.8720577037273493
2021-07-26,0.012974525262247799,0.1771341124974204,-0.8703977131722498
2021-07-27,-0.015529815554763625,0.1743832524018787,-0.8724104127821604
2021-07-28,0.007560332113785753,0.17570164770511906,-0.8714457931285327
2021-07-29,0.011657039449044357,0.1777498087436797,-0.8699472316676913
2021-07-30,-0.006586369482604058,0.17657908282783163,-0.8708038072521633
2021-08-02,-0.00248607199472515,0.1761400945151591,-0.8711249982887789
2021-08-03,0.016011836314254475,0.17896042087691316,-0.8690614728563796
2021-08-04,-0.0003952657811928948,0.17888968394635266,-0.8691132283755992
2021-08-05,0.009658040518803868,0.18061740776230253,-0.8678491186318753
2021-08-06,0.007318673411524557,0.18193928758215097,-0.8668819494900969
2021-08-09,0.0006711709675037154,0.18206139994982443,-0.8667926045193439
2021-08-10,0.011527638264971728,0.18416013791046038,-0.865257037850024
2021-08-11,0.004876852050515375,0.1850582596566522,-0.8645999163587703
2021-08-12,0.0026953797728659617,0.18555706194653251,-0.8642349617120794
2021-08-13,-0.013184877326483864,0.18311051484770471,-0.8660250070871309
2021-08-16,-0.014423712067277683,0.18046938150505046,-0.8679574238091218
2021-08-17,-0.022762294388943474,0.17636148431504195,-0.870963015800253
2021-08-18,0.003530402557955979,0.17698411135039266,-0.8705074633011634
2021-08-19,-0.016618884166242968,0.17404283290459502,-0.8726594847689543
2021-08-20,0.004570142759771278,0.17483823349728403,-0.8720775204352456
2021-08-23,0.01840081169314989,0.17805539890863054,-0.8697236429774537
2021-08-24,0.016252747768155915,0.1809492883958509,-0.8676062942066121
2021-08-25,0.014186781880425494,0.18351637648174104,-0.86572805358018
2021-08-26,-0.003701787300091935,0.18283703788992203,-0.8662250997661955
2021-08-27,0.014063381084692,0.18540834483016427,-0.8643437723646409
2021-08-30,-0.010236062210551811,0.18351049347812726,-0.8657323579499652
2021-08-31,-0.006081014956879995,0.18239456342254234,-0.8665488414894965
2021-09-01,-0.008911068729697167,0.18076923293196095,-0.8677380339350413
2021-09-02,0.0009672784204420152,0.18094408711005588,-0.8676100997894214
2021-09-03,-0.0003164662079594101,0.1808868244209555,-0.8676519967191132
2021-09-07,0.006204576185170793,0.18200915050396893,-0.8668308334498017
2021-09-08,-0.01893390699785993,0.1785630061755673,-0.8693522460642457
2021-09-09,0.017381771861349836,0.1816667476117878,-0.8670813566111366
2021-09-10,0.003163034295582616,0.18224136576485084,-0.8666609303835753
2021-09-13,0.0008892687516636564,0.18240342731668605,-0.8665423561155895
2021-09-14,-0.0032891510860028764,0.18180347488563672,-0.8669813184699073
2021-09-15,0.014065310333354637,0.18436059717958544,-0.865110369434053
2021-09-16,0.0032458873696415706,0.18495901091343023,-0.8646725328859033
2021-09-17,-0.002623947731512139,0.1844736881363212,-0.8650276250862486
2021-09-20,-0.014637671601745155,0.181773422870219,-0.8670033063855437
2021-09-21,0.00156932198791157,0.18205868389954719,-0.866794591749935
2021-09-22,0.020149775677398177,0.18572712554024542,-0.86411053265468
2021-09-23,0.02456086645386575,0.19028874466749973,-0.8607729695947246
2021-09-24,0.0017714300683481189,0.19062582787147195,-0.8605263386467379
2021-09-27,0.009473907929045686,0.1924317994136244,-0.8592049780205502
2021-09-28,-0.009469461094624642,0.19060957397570846,-0.8605382310035014
2021-09-29,-0.015547844090864987,0.18764600603730797,-0.8627065608444952
2021-09-30,-0.008065012429512852,0.18613263866626864,-0.8638138341377749
2021-10-01,0.0108025673187562,0.18814334902567872,-0.8623426739131649
2021-10-04,-0.0065042045971680645,0.1869196261900193,-0.8632380253263328
2021-10-05,0.008996346667534669,0.18860121994619072,-0.8620076671912318
2021-10-06,-0.012006903436255215,0.1863367033103369,-0.8636645278062103
2021-10-07,0.00930961726420713,0.18807142670043023,-0.8623952967405512
2021-10-08,-0.0029940407760052894,0.18750833318008764,-0.86280729083308
2021-10-11,0.0008568826806798032,0.1876690058232728,-0.8626897327766794
2021-10-12,0.004428511239001321,0.18850010012477336,-0.8620816527150507
2021-10-13,-0.004254056387820068,0.18769821006973286,-0.8626683651413158
2021-10-14,0.0040081245588002995,0.18845052787515623,-0.8621179228429385
2021-10-15,0.0007915208564606664,0.18859969039838043,-0.8620087863031365
2021-10-18,0.013887358723389741,0.19121884195406297,-0.8600924528178523
2021-10-19,-0.0036670094572445106,0.19051764065221408,-0.8606054951165091
2021-10-20,0.0004703151972205371,0.1906072439939514,-0.8605399357624534
2021-10-21,-0.0009161157976293867,0.19043262568658595,-0.8606676973304398
2021-10-22,0.0017872881096266267,0.19077298365416057,-0.8604186703625916
2021-10-25,0.008080726247770958,0.1923145679105403,-0.8592907518484918
2021-10-26,-0.004708033912322857,0.19140914440298376,-0.8599532157605666
2021-10-27,-0.00021131679247345109,0.19136869643653845,-0.8599828099978083
2021-10-28,0.01333024935151681,0.19391968887811223,-0.8581163459415804
2021-10-29,-0.001390384452955278,0.19365006595757417,-0.8583136187683117
2021-11-01,0.003406086360134385,0.1943096548058714,-0.8578310227177817
2021-11-02,0.003346037436641363,0.1949598221851527,-0.8573553199974663
2021-11-03,-0.0025000952767806274,0.1944724040545456,-0.8577119452881985
2021-11-04,0.003362222381226903,0.1951262635239888,-0.8572335412060652
2021-11-05,0.0038628185559945226,0.19588000087549115,-0.8566820602798624
2021-11-08,0.007179853774758248,0.1972863906391767,-0.8556530584293722
2021-11-09,-0.0051424423900019054,0.1962718567409833,-0.8563953542605721
2021-11-10,-0.015003395544721555,0.19332711244000142,-0.8585499115626604
2021-11-11,0.013177843649712678,0.1958747469009862,-0.8566859044129951
2021-11-12,-0.0017258349126224263,0.1955366994242834,-0.85693324088263
2021-11-15,-0.0031111803397062933,0.1949283494893435,-0.8573783473708615
2021-11-16,0.001989532279828816,0.19531616573290633,-0.8570945969891532
2021-11-17,-0.0047520341196781515,0.19438801664921884,-0.8577736883401472
2021-11-18,0.006999562792771221,0.1957486477779173,-0.8567781663408998
2021-11-19,-0.009958096721683919,0.193799363810206,-0.8582043832131341
2021-11-22,0.003472964300108488,0.19447242208210258,-0.8577119320981214
2021-11-23,0.005152710536624066,0.19547448218044783,-0.8569787628714075
2021-11-24,0.0035167292829594,0.19616191301600314,-0.8564757958987123
2021-11-26,-0.02099301649374638,0.19204388274061335,-0.8594888018826624
2021-11-29,0.008936860754226936,0.19376015217936726,-0.8582330728706782
2021-11-30,-0.003725599656652493,0.19303827942293486,-0.8587612396857159
2021-12-01,-0.012213715219854048,0.19068056485153254,-0.8604862896821998
2021-12-02,0.009427158039060283,0.19247814067136523,-0.8591710718864182
2021-12-03,-0.026294634799271334,0.18741699825556893,-0.8628741171203377
2021-12-06,-0.005849553666500321,0.1863206924662586,-0.8636762423313085
2021-12-07,0.021220154800094277,0.19027444640285338,-0.8607834310906483
2021-12-08,-0.001464559523120938,0.1899957781503675,-0.8609873220424207
2021-12-09,-0.010385164991806306,0.1880226406465293,-0.862430991638963
2021-12-10,-0.000262594948644871,0.18797326685086463,-0.8624671165656487
2021-12-13,-0.025276860646114847,0.18322189277948037,-0.8659435160944772
2021-12-14,-0.0036088848667451415,0.1825606660633721,-0.8664273105105329
2021-12-15,0.00077702414947351,0.18270252010964733,-0.8663235213050894
2021-12-16,-0.012524789618111444,0.18041420948257522,-0.8679977910776331
2021-12-17,2.9197001083486177e-05,0.18041947703644495,-0.8679939370089962
2021-12-20,-0.015131343626068348,0.17768948793257094,-0.8699913661088375
2021-12-21,0.024786139630416478,0.18209372439132487,-0.8667689539560515
2021-12-22,0.004255782655816622,0.18286867570532253,-0.8662019515810813
2021-12-23,0.0038477375040419652,0.18357230636714839,-0.8656871318122121
2021-12-27,0.01157373164609897,0.18569692297869722,-0.8641326307191889
2021-12-28,-0.009323122420664291,0.18396564783262617,-0.8653993388359675
2021-12-29,-0.00406535260190064,0.18321776260754946,-0.8659465379840482
2021-12-30,-0.0031785823327178187,0.182635389864285,-0.8663726379500518
2021-12-31,6.595065835505751e-05,0.1826474347884855,-0.8663638251375504
2022-01-03,-0.010953987780526956,0.18064671701966784,-0.86782767416403
2022-01-04,0.0010237846588138032,0.18083166035721762,-0.8676923581645194
2022-01-05,-0.021174765573704995,0.1770025923408497,-0.8704939414639954
2022-01-06,0.00947694567193524,0.17868003629225562,-0.8692666195830633
2022-01-07,-0.01631325450356872,0.17576518338551317,-0.8713993064899166
2022-01-10,0.0066674207250018965,0.1769370838119515,-0.8705418715607578
2022-01-11,0.004581602375110391,0.17774773917538944,-0.8699487458920233
2022-01-12,0.0063275086213131155,0.1788724395274406,-0.8691258454604425
2022-01-13,-0.019419402279415562,0.17539884366755681,-0.8716673433154245
2022-01-14,-0.001989918874544369,0.1750498141979695,-0.8719227148911816
2022-01-18,-0.009574197291569431,0.17337385274098557,-0.8731489520873821
2022-01-19,-0.013028002858909577,0.17111513769181586,-0.8748015679022433
2022-01-20,-0.006963381512673722,0.16992359770547405,-0.8756733723497285
2022-01-21,-0.00898033080717079,0.1683976275861343,-0.8767898665941679
2022-01-24,0.010698782850556001,0.17019927723622716,-0.8754716681318708
2022-01-25,-0.004552314473048689,0.16942447660316226,-0.8760385602593388
2022-01-26,0.004787974360763844,0.17023567665322406,-0.875445036064137
2022-01-27,-0.005717045501483319,0.16926243154382178,-0.876157122460394
2022-01-28,0.0064437522995139385,0.17035311672630363,-0.8753591096334697
2022-01-31,0.008712984716043608,0.1718374008286703,-0.8742731154607121
2022-02-01,0.0043455903881518525,0.17258413578603635,-0.8737267579197259
2022-02-02,0.017477853160270892,0.17560053596909694,-0.8715197727365755
2022-02-03,-0.005460998719215936,0.17464158166707608,-0.8722214030931057
2022-02-04,0.0014568996814223717,0.17489601693176995,-0.8720352424959794
2022-02-07,-0.0057350971802167935,0.17389297127823342,-0.8727691328159078
2022-02-08,-0.003898488210408229,0.17321505157983236,-0.873265140851625
2022-02-09,0.0014526195922399444,0.1734666671574281,-0.8730810433122063
2022-02-10,-0.0034724546380239312,0.17286431202451472,-0.8735217636320101
2022-02-11,-0.00437193385499972,0.1721085606864535,-0.8740747181155079
2022-02-14,-0.008920794094692671,0.17057321565463573,-0.8751980716265155
2022-02-15,-0.00014835006057958532,0.17054791110776013,-0.8752165860001502
2022-02-16,0.004818737114335977,0.17136973665678756,-0.8746152875318556
2022-02-17,-0.00754490377211736,0.170076768484259,-0.8755613031219224
2022-02-18,0.0012200713333709251,0.17028427427395904,-0.8754094790350994
2022-02-22,-0.005852421970631943,0.169287698845945,-0.8761386353373268
2022-02-23,-0.003232585422168211,0.1687404618985032,-0.8765390277791052
2022-02-24,0.012238762431103724,0.17080563632419368,-0.8750280182705806
2022-02-25,0.0023337853338277485,0.17120426001318217,-0.8747363604924812
2022-02-28,0.0028416435236021196,0.1716907614898617,-0.8743804058825317
2022-03-01,-0.0026037748962335224,0.17124371739517918,-0.8747074910281699
2022-03-02,0.013840327002622306,0.17361378644107311,-0.8729734017330207
2022-03-03,0.009635429587974906,0.17528662985582777,-0.8717494458896193
2022-03-04,0.010207652177708415,0.17707589480479877,-0.8704403088416621
2022-03-07,0.006993556934496118,0.17831428515684297,-0.8695342257651306
2022-03-08,0.005065483190468619,0.1792175331709254,-0.8688733535788125
2022-03-09,-0.00589275726600875,0.17816144775013626,-0.8696460510772782
2022-03-10,0.013226177369961867,0.18051784265856874,-0.8679219666279514
2022-03-11,0.007874521525622671,0.1819393342963426,-0.8668819153111013
2022-03-14,0.002869492383540516,0.1824614078303724,-0.8664999339809749
2022-03-15,-0.013397949594980575,0.18001679908523188,-0.8682885611364244
2022-03-16,-0.012884141153764888,0.1776974372357688,-0.8699855499063083
2022-03-17,0.003234165878674474,0.17827214022400464,-0.8695650616080806
2022-03-18,-0.0042844831796042555,0.17750833623782283,-0.8701239079076535
2022-03-21,0.015658623233129495,0.18028787239571056,-0.8680902271145882
2022-03-22,-0.004900760470497094,0.17940432471736364,-0.8687366853152172
2022-03-23,0.01006528619706617,0.18121008059063531,-0.8674154824857394
2022-03-24,-0.0015145769384143038,0.18093562398156454,-0.8676162919383572
2022-03-25,0.00770695862655538,0.18233008734966047,-0.8665960161774962
2022-03-28,-0.011855417366424535,0.18016848806567362,-0.8681775760840557
2022-03-29,-0.009044937914299965,0.17853887527700632,-0.8693699017240879
2022-03-30,0.0030809587297246114,0.17908894618338625,-0.86896743578244
2022-03-31,-0.0026892708499892566,0.17860732750085997,-0.8693198178377896
2022-04-01,0.0010212845443320184,0.17878973640394105,-0.8691863561874968
2022-04-04,-0.012533002808546053,0.17654896413545124,-0.870825843952795
2022-04-05,0.014020179428889138,0.1790242122906148,-0.869014799107438
2022-04-06,0.022658401828799996,0.18308061482977997,-0.8660468837919881
2022-04-07,0.012246160400183063,0.1853226494051496,-0.8644064724448004
2022-04-08,0.011567349577959693,0.18746634127553263,-0.8628380147110607
2022-04-11,-0.010395556260043032,0.1855175243779384,-0.8642638898458711
2022-04-12,0.005641828344625391,0.18656418240539857,-0.8634980900122143
2022-04-13,-0.00790380463975964,0.1850896155548898,-0.8645769744417119
2022-04-14,0.006081836291487969,0.18621530029594913,-0.8637533537701684
2022-04-18,0.0068888348825489505,0.18749810675229217,-0.86281477312099
2022-04-19,-0.02137200547737389,0.18349089618778497,-0.865746696541263
2022-04-20,0.017338479220929504,0.1866723492785666,-0.8634189484289025
2022-04-21,-0.006743699647531257,0.18541348702253288,-0.864340010018242
2022-04-22,-0.0034587361616627657,0.18477219069010806,-0.8648092221312826
2022-04-25,-0.011129091022987083,0.1827158441614011,-0.866313772603652
2022-04-26,0.01904439648674726,0.18619555714202154,-0.8637677990842986
2022-04-27,-0.00013749801797124825,0.18616995562195945,-0.8637865307419084
2022-04-28,-0.00834164424927543,0.18461699208225768,-0.864922775044419
2022-04-29,-0.004433924467678587,0.18379841428391494,-0.8655216972571756
2022-05-02,-0.016013274390569304,0.18085519984343507,-0.8676751352185745
2022-05-03,-0.0011636639500027341,0.18064474516720672,-0.8678291168934097
2022-05-04,-0.0013728636344196266,0.18039674456581767,-0.8680105694923559
2022-05-05,0.012609053238490061,0.18267137672209838,-0.8663463077361669
2022-05-06,0.023010683934130166,0.18687477003566302,-0.8632708448668545
2022-05-09,-0.019608674845083638,0.18321040343328393,-0.8659519224117033
2022-05-10,0.013468348617940756,0.18567794501715698,-0.8641465161711792
2022-05-11,0.017062866587155633,0.18884614302116196,-0.8618284663012078
2022-05-12,-0.012467037314732093,0.1864917911093739,-0.8635510559676645
2022-05-13,-0.005506978307840249,0.1854647848611443,-0.8643024773425783
2022-05-16,0.011936570000853498,0.18767859824833258,-0.8626827143644354
2022-05-17,-0.01656396978948463,0.1845698956168144,-0.864957233735277
2022-05-18,0.0016016222525835335,0.18486550686879127,-0.864740946235777
2022-05-19,0.0015033512337236901,0.18514342465661543,-0.8645376043704283
2022-05-20,-0.0005116404524336185,0.185048697791059,-0.8646069124118159
2022-05-23,0.010709407330693895,0.18703045967171794,-0.8631569326870737
2022-05-24,0.020069357243857982,0.19078404078235262,-0.8604105802828252
2022-05-25,-0.011577723048591044,0.18857519599608344,-0.8620267079248243
2022-05-26,-0.015559397134372713,0.1856410796318882,-0.8641734891701587
2022-05-27,-0.0009486104247178633,0.1854649785684935,-0.8643023356142849
2022-05-31,-0.0060323099950701274,0.18434619632453933,-0.8651209059914666
2022-06-01,0.008920177962740193,0.18599059720250846,-0.8639177604694573
2022-06-02,-0.02154099873263421,0.18198417398388733,-0.8668491078187188
2022-06-03,0.013940907354798901,0.18452119849343632,-0.8649928635666106
2022-06-06,-0.004219134211915153,0.18374267879204909,-0.8655624767947895
2022-06-07,0.007465045011521974,0.18511432615976933,-0.8645588946328251
2022-06-08,-0.003193920389159913,0.18452308573912204,-0.8649914827407876
2022-06-09,0.005331529224602817,0.18550687596335405,-0.8642716808854499
2022-06-10,0.022276742239412783,0.18963936482282842,-0.8612480961059463
2022-06-13,0.012565511463522035,0.19202228043544473,-0.8595046074669801
2022-06-14,0.0016107856569786065,0.19233158717059048,-0.8592782995038163
2022-06-15,-0.017358411935833234,0.18899301625221077,-0.86172100474934
2022-06-16,0.0188453532620897,0.19255465640755157,-0.8591150882351144
2022-06-17,-0.023845535863573658,0.1879630874424872,-0.8624745644512404
2022-06-21,0.01709884344434316,0.19117703884798165,-0.860123038559177
2022-06-22,-0.011372643456048792,0.18900285054818036,-0.861713809369359
2022-06-23,-0.019081637801166694,0.18539636661063194,-0.864352536371876
2022-06-24,-0.015441460450393667,0.18253357594796718,-0.8664471313166859
2022-06-27,0.016701468454555966,0.18558215470855943,-0.8642166022933562
2022-06-28,0.016106687202590498,0.18857126842483296,-0.8620295815791903
2022-06-29,0.005407193041226862,0.18959090967523506,-0.8612835488928101
2022-06-30,0.01156092231319992,0.19178275545327933,-0.859679858777997
2022-07-01,-0.01131730022725699,0.18961229243140396,-0.8612679039441375
2022-07-05,-0.03575285792917851,0.18283311107847813,-0.8662279728646399
2022-07-06,0.011821411910895164,0.1849944565954873,-0.8646465986297174
2022-07-07,-0.006584784308628951,0.183776308000514,-0.86553787158318
2022-07-08,0.010837062847830767,0.18576790340025787,-0.8640806970468738
2022-07-11,0.01775722658310603,0.1890666261528048,-0.8616671471873173
2022-07-12,-0.02060682812423067,0.1851705626836458,-0.8645177485091629
2022-07-13,0.0026163364783574113,0.18565503118151297,-0.8641632813524174
2022-07-14,0.0061331977987963224,0.1867936902100909,-0.8633301678886123
2022-07-15,-0.01196796282737214,0.18455815026926886,-0.8649658273589446
2022-07-18,-0.005034991330662788,0.18362890158265993,-0.8656457232475354
2022-07-19,-0.01930625946022241,0.18008371436430945,-0.8682396017741091
2022-07-20,-0.019467011915983604,0.17657802255090485,-0.8708045830164273
2022-07-21,-0.004998649209080373,0.1756953709581398,-0.871450385585349
2022-07-22,0.009459237126788816,0.17735731513411196,-0.8702344043000435
2022-07-25,0.018567537572632797,0.18065040374664587,-0.8678249767262495
2022-07-26,0.014012692548244051,0.18318180231306377,-0.8659728487625574
2022-07-27,-0.009916495663784438,0.18136528076474207,-0.8673019284266329
2022-07-28,0.0032486585706594947,0.18195447463851852,-0.8668708376991061
2022-07-29,0.010143422089627171,0.1838001156758734,-0.8655204524134497
2022-08-01,-0.009340041039900241,0.1820834150523223,-0.8667764969069353
2022-08-02,0.0024414333410930646,0.18252795957269116,-0.8664512406046666
2022-08-03,-0.023409663769899246,0.1782550414104887,-0.8695775721589986
2022-08-04,-0.01250949384489988,0.17602516106714183,-0.8712090907173125
2022-08-05,0.013547923189397243,0.17840993642868078,-0.869464241370858
2022-08-08,-0.005004115136903768,0.17751715256522396,-0.8701174573365212
2022-08-09,0.031466028168402674,0.18310291228821593,-0.8660305695904884
2022-08-10,-0.026813597695520167,0.1781932644612416,-0.869622772000987
2022-08-11,-0.0020346074994050736,0.17783071110902526,-0.8698880384868255
2022-08-12,-0.0029435888177917736,0.17730725061634478,-0.8702710346017967
2022-08-15,0.00020876743129274837,0.17734426659560554,-0.8702439514189262
2022-08-16,-0.0018640527461041053,0.17701368752845217,-0.8704858235376074
2022-08-17,0.021727551262185,0.18085976149833502,-0.8676717976293411
2022-08-18,0.0069816835456827184,0.18212246711926403,-0.8667479239962201
2022-08-19,0.023814036468653713,0.18645953819300334,-0.8635746541987422
2022-08-22,0.024113235923481243,0.1909556810276346,-0.8602849976494941
2022-08-23,0.0022252033290848096,0.19138059624476494,-0.8599741033611406
2022-08-24,-0.003619230504243562,0.1906879457529156,-0.86048088935764
2022-08-25,-0.013479715525312456,0.18811752649006008,-0.8623615672794436
2022-08-26,0.024478824877733982,0.19272242247744273,-0.8589923401884314
2022-08-29,0.00777607105095739,0.19422104572773993,-0.8578958546070073
2022-08-30,-0.009061671322727784,0.19246107844739865,-0.8591835556661558
2022-08-31,0.0010265877951964703,0.1926586566415831,-0.8590389952230397
2022-09-01,-0.004153436155212931,0.1918584612114732,-0.8596244677567555
2022-09-02,0.005871429812576765,0.19298494470042538,-0.8588002626717861
2022-09-06,0.004488132628224346,0.19385108672749143,-0.8581665395235867
2022-09-07,-0.014895601712440414,0.19096355814807497,-0.8602792342603405
2022-09-08,-0.006823927502020861,0.18966043667174456,-0.8612326786362747
2022-09-09,-0.00953366650884307,0.1878522773185946,-0.862555640000482
2022-09-12,-0.007104738124628981,0.18651763608213082,-0.8635321461849857
2022-09-13,0.020222708338567676,0.19028952783661887,-0.8607723965796945
2022-09-14,0.005087153673144725,0.1912575599071139,-0.8600641243655517
2022-09-15,-0.007203068492750111,0.18987991860334671,-0.8610720920623396
2022-09-16,0.010042906342903996,0.19178686484227836,-0.8596768520945061
2022-09-19,0.0018370295845908894,0.19213918298692956,-0.8594190743204008
2022-09-20,0.01064640160351426,0.1941847738927795,-0.8579223933278219
2022-09-21,0.009105028639635358,0.19595283182045434,-0.856628772650021
2022-09-22,0.017053244223294267,0.19929446331773465,-0.8541838280954284
2022-09-23,-0.011630925848524293,0.19697648419286462,-0.855879805178366
2022-09-26,0.0004404359780767789,0.19706323972333822,-0.8558163294593992
2022-09-27,0.00182173913340613,0.197422237538898,-0.8555536644243773
2022-09-28,-0.009972866203015237,0.1954533719784227,-0.8569942084025888
2022-09-29,0.010032000877012366,0.19741416037752524,-0.8555595741758657
2022-09-30,0.011146415162215057,0.19961462056799326,-0.8539495812234228
2022-10-03,0.0018710116799158392,0.19998810185455795,-0.8536763191840352
2022-10-04,-0.01832063721650158,0.19632419239286383,-0.8563570622564477
2022-10-05,0.00032892098340145783,0.1963887675392912,-0.8563098150801064
2022-10-06,0.0019235808455459514,0.19676653721081017,-0.8560334153927015
2022-10-07,0.01771724672414914,0.20025269849763055,-0.8534827238931809
2022-10-10,0.012968753640290855,0.2028497264102498,-0.8515825774353051
2022-10-11,0.009988635474713216,0.20487591838350708,-0.8501000899032098
2022-10-12,-0.010212527815240307,0.2027836173683426,-0.8516309469045753
2022-10-13,0.0025271728628778805,0.2032960866231921,-0.8512559926599017
2022-10-14,-0.0041889421759729265,0.20244449107172596,-0.8518790727056719
2022-10-17,-0.010706527860676515,0.20027701348782606,-0.8534649335404978
2022-10-18,0.0010225361432598511,0.2004818039727815,-0.853315096138788
2022-10-19,0.02018407418611858,0.204528343577135,-0.8503543971572696
2022-10-20,-0.0008539523010626148,0.2043536861275048,-0.850482187364161
2022-10-21,-4.082412071047749e-05,0.2043453435679547,-0.8504882912973925
2022-10-24,0.0005119811825387696,0.2044499645386009,-0.8504117441159675
2022-10-25,-0.018732235043979837,0.2006201597481305,-0.8532138664850062
2022-10-26,0.004695982780629891,0.20156226856375492,-0.8525245613295847
2022-10-27,0.014743748330310776,0.20453405192434543,-0.8503502205769258
2022-10-28,-0.004317326574655451,0.2036510116265505,-0.8509963075465203
2022-10-31,0.00534121879066274,0.20473875623658772,-0.8502004462245097
2022-11-01,0.00157585005441945,0.2050613938167449,-0.8499643845895406
2022-11-02,0.016483383905469693,0.208441499495217,-0.8474912899412366
2022-11-03,0.020268526062836488,0.21266630146031254,-0.8444001631766009
2022-11-04,-0.011893581022547913,0.2101369375731287,-0.8462508024429554
2022-11-07,-0.006399529033110929,0.20879216014020047,-0.8472347248965391
2022-11-08,0.0002040254344293325,0.20883475905137852,-0.8472035568949204
2022-11-09,0.003961855616451833,0.20966213221443658,-0.8465981994486307
2022-11-10,-0.06671517421897011,0.1956744865366297,-0.856832427297919
2022-11-11,-0.04675294412189543,0.18652612820150205,-0.8635259328245268
2022-11-14,0.01594613123632464,0.18950049832080673,-0.8613496994389918
2022-11-15,-0.008686484918967024,0.1878544051000063,-0.8625540831838252
2022-11-16,0.027046524448772688,0.19293521386035328,-0.8588366488342725
2022-11-17,0.009533360719639693,0.19477453484960486,-0.8574908876872165
2022-11-18,0.00555616147133455,0.19585673361573336,-0.85669908404807
2022-11-21,0.010134863329445585,0.19784171484308044,-0.8552467488499129
2022-11-22,-0.0005719744884039075,0.19772855442944812,-0.8553295440166843
2022-11-23,-0.011394511846165242,0.19547553407367665,-0.8569779932411763
2022-11-25,0.00320292327537014,0.19610162721152663,-0.8565199047268384
2022-11-28,0.008353820791690027,0.19773982506221052,-0.8553212977237517
2022-11-29,-0.0019461227113714854,0.1973549990977143,-0.8556028602321033
2022-11-30,-0.012914771044077341,0.19480620446996325,-0.8574677162316253
2022-12-01,-0.010248951725175214,0.19280964508458598,-0.8589285227272463
2022-12-02,0.009189152285961169,0.19458140227547036,-0.8576321954393815
2022-12-05,0.009524136924652482,0.1964346221937328,-0.856276264975084
2022-12-06,0.006444746880496564,0.19770059361233738,-0.855350001882129
2022-12-07,0.004584781944969894,0.19860700772444104,-0.8546868131824181
2022-12-08,-0.013435760459686516,0.19593857154304034,-0.8566392063521329
2022-12-09,-0.009899454067046776,0.19399888665408727,-0.8580583999438653
2022-12-12,0.0012037110987426682,0.1942324052670965,-0.8578875432645044
2022-12-13,-0.020035069604827243,0.19034094550805722,-0.8607347762269131
2022-12-14,0.00750225362173321,0.19176893155585917,-0.85968997319748
2022-12-15,0.01718762345119518,0.1950649837410793,-0.8572783772903712
2022-12-16,0.008586804077376543,0.1967399685388206,-0.8560528546785583
2022-12-19,0.01112964811829613,0.1989296151594623,-0.8544507736034974
2022-12-20,0.00620865633391764,0.2001647007746259,-0.853547108477134
2022-12-21,-0.007106850412532638,0.19874216018835125,-0.8545879272696698
2022-12-22,0.006790444923214318,0.2000917078810309,-0.8536005145986241
2022-12-23,0.006184020649856108,0.20132907913443215,-0.8526951771577737
2022-12-27,0.008723880619645283,0.20308544998606404,-0.8514101074686001
2022-12-28,0.0011786687215082415,0.20332482045375605,-0.8512349692099411
2022-12-29,-0.025881997970649172,0.19806236786338932,-0.855085305434953
2022-12-30,0.002666357492121568,0.1985904729418492,-0.8546989110533809
2023-01-03,-0.017646486592155695,0.195086048823751,-0.857262964771303
2023-01-04,-0.025074842137296858,0.19019429694630646,-0.8608420733968084
2023-01-05,0.010053434200684531,0.19210640279600164,-0.8594430583381996
2023-01-06,-0.0026585243030874555,0.19159568325538975,-0.859816732383575
2023-01-09,-0.012950916286055238,0.18911434360077964,-0.861632234147181
2023-01-10,-0.00924080248849892,0.18736677530382273,-0.8629108633422018
2023-01-11,-0.01510717314345972,0.18453619298797616,-0.8649818926657786
2023-01-12,-0.0006702966351699775,0.18441249899874926,-0.8650723948488117
2023-01-13,-0.0020628029400927878,0.18403209235362478,-0.8653507239094174
2023-01-17,-0.006208473300427391,0.1828895340218255,-0.8661866903449476
2023-01-18,-0.007425584185989109,0.1815314723902101,-0.867180332340997
2023-01-19,0.009573921699557609,0.18326944049287938,-0.8659087272426684
2023-01-20,-0.02252297078446501,0.179141668238973,-0.8689288610614335
2023-01-23,-0.023486905953433907,0.17493418472470298,-0.8720073165748932
2023-01-24,0.012035434357035076,0.17703959362175858,-0.8704668690353494
2023-01-25,-0.002115777460990296,0.17666501723987077,-0.8707409323142961
2023-01-26,-0.0012362340472380554,0.17644661793060296,-0.8709007267746833
2023-01-27,-0.01673749248564394,0.1734933439888722,-0.8730615248901942
2023-01-30,0.012633537147596723,0.1756851785950164,-0.8714578429494351
2023-01-31,-0.009267599265093077,0.17405699876298147,-0.8726491201496505
2023-02-01,-0.02939779244077482,0.16894010724048314,-0.876392954882641
2023-02-02,-0.049613745174453924,0.16055835581010888,-0.882525563320861
2023-02-03,0.022260041744457136,0.16413239151286332,-0.8799105774564767
2023-02-06,0.018372281669767634,0.16714787804087022,-0.8777042607599473
2023-02-07,-0.008300926286344932,0.16576039582633398,-0.8787194286765131
2023-02-08,0.013846510039230686,0.16805559881125015,-0.8770401160281188
2023-02-09,0.006922601579246441,0.16921898076498212,-0.8761889137411512
2023-02-10,0.027087899063372747,0.17380276743555076,-0.8728351315336449
2023-02-13,-0.010709481461177884,0.17194142991979833,-0.8741970013349984
2023-02-14,-0.009579356651361436,0.1702943416394515,-0.8754021131270212
2023-02-15,-0.011679983378878583,0.16830530655958564,-0.876857414374741
2023-02-16,0.009609268250231128,0.16992259739825408,-0.8756741042364409
2023-02-17,0.0058265028509304475,0.17091265189643248,-0.87494971905033
2023-02-21,0.022249928183722456,0.17471544612681766,-0.8721673592798456
2023-02-22,-0.0004421327674905935,0.17463819870309827,-0.8722238782790628
2023-02-23,6.947057322790104e-05,0.17465033091886964,-0.872215001598642
2023-02-24,0.017599739193681112,0.17772413119313185,-0.8699660189539131
2023-02-27,1.0490012884258706e-05,0.17772599552155793,-0.8699646548957766
2023-02-28,-0.00970147249123188,0.17600179166502875,-0.871226189219193
2023-03-01,0.014783038617308682,0.1786036329479284,-0.8693225210015223
2023-03-02,-0.004248435434053529,0.17784484694506172,-0.8698776958337322
2023-03-03,-0.0059150617484851325,0.1767928836937318,-0.8706473772977309
2023-03-06,0.006922111326068401,0.1780166637163165,-0.8697519840430669
2023-03-07,0.003912325905187311,0.17871312292132888,-0.8692424113561392
2023-03-08,-0.0067006050505992185,0.17751563686727387,-0.8701185663150105
2023-03-09,0.006989129138631582,0.17875631657746566,-0.8692108082022755
2023-03-10,0.008861169444040515,0.18034030658785113,-0.8680518630123067
2023-03-13,0.0001324086062924018,0.18036418519650477,-0.8680343919433853
2023-03-14,-0.002533197867661612,0.17990728702716247,-0.868368686940319
2023-03-15,-0.021016926439980307,0.17612618880969616,-0.8711351725640923
2023-03-16,-0.004200621645785137,0.1753863493285925,-0.8716764849476
2023-03-17,-0.004658421133251716,0.17456932585239632,-0.8722742699220132
2023-03-20,0.012252263501991654,0.17670819523210493,-0.8707093406211135
2023-03-21,-0.0008463288390742962,0.17655864199037924,-0.8708187630347688
2023-03-22,0.005746251591592162,0.17757319236792582,-0.8700764551462534
2023-03-23,-0.005086261311126439,0.17667000870969163,-0.8707372802458475
2023-03-24,-0.0005689909218842525,0.1765694850785666,-0.8708108295599256
2023-03-27,0.004737262127072392,0.17740594101302598,-0.870198826595572
2023-03-28,0.005693229739017454,0.17841595379227973,-0.8694598386949866
2023-03-29,-0.008917393775648179,0.17682494847645613,-0.8706239167168799
2023-03-30,-0.0028716343316281282,0.17631717188372276,-0.8709954375193273
2023-03-31,-0.007652546819244161,0.17496789647084585,-0.8719826509736068
2023-04-03,0.01322211449112642,0.17728134203025492,-0.8702899909279294
2023-04-04,-0.01011163232898554,0.17548873828085587,-0.8716015708490554
2023-04-05,0.003619692289243111,0.1761239535136601,-0.8711368080451068
2023-04-06,-0.006318104049952381,0.1750111840496718,-0.8719509791000869
2023-04-10,0.002126390337691959,0.17538332614042307,-0.8716786968992943
2023-04-11,-0.004685644868526333,0.17456154215826813,-0.8722799649546908
2023-04-12,0.013367761866622474,0.1768950392849102,-0.8705726339406085
2023-04-13,-0.005956528170180259,0.1758413590002445,-0.8713435716925334
2023-04-14,0.004981882452801978,0.1767173799811247,-0.8707026204899083
2023-04-17,-0.006616636343359987,0.17554810534223822,-0.871558134230276
2023-04-18,0.007202551872466043,0.17681249967707882,-0.8706330250294732
2023-04-19,-0.009584479626198425,0.17511784387626664,-0.8718729401653811
2023-04-20,0.014917896583327378,0.17773023376110805,-0.8699615539372425
2023-04-21,-0.004680480369922428,0.17689837089084748,-0.8705701963313744
2023-04-24,0.005052143991283911,0.17779208693241158,-0.869916298326477
2023-04-25,0.010365987071154046,0.17963507740690646,-0.8685678523567614
2023-04-26,-0.005291841953240266,0.178684476968011,-0.8692633705096643
2023-04-27,-0.0064306629644951515,0.17753541731964265,-0.8701040937110307
2023-04-28,-0.01210056712083646,0.1753871380860406,-0.8716759078438023
2023-05-01,0.009344291117132324,0.17702600656251727,-0.8704768101693531
2023-05-02,0.015475438749734756,0.17976556168418564,-0.8684723819784586
2023-05-03,-0.004416399046819882,0.17897164522891257,-0.8690532604253194
2023-05-04,0.00401839937564601,0.17969082477635875,-0.8685270641287697
2023-05-05,-0.01399581492583609,0.177175905248918,-0.8703671350069797
2023-05-08,0.0038939754924308097,0.17786582388180652,-0.8698623478076833
2023-05-09,0.006281738770224587,0.1789831305235828,-0.8690448570724408
2023-05-10,0.0026982168120340045,0.179466065815432,-0.8686915117041714
2023-05-11,0.00433335912544055,0.18024375672944024,-0.8681225048681669
2023-05-12,0.010066402373228952,0.18205816290994115,-0.8667949729381963
2023-05-15,-0.014421655648862062,0.17943258277638954,-0.868716009969179
2023-05-16,0.00824144412933813,0.180911366382324,-0.8676340403002634
2023-05-17,-0.014625190695843457,0.17826550314993692,-0.8695699177025104
2023-05-18,-0.004399364385779391,0.17748124824416606,-0.8701437271614042
2023-05-19,0.007676622296348241,0.17884370475162095,-0.8691468696020107
2023-05-22,-0.017258667658475082,0.17575710068850228,-0.8714052202916207
2023-05-23,-0.00929880661670853,0.17412276939768653,-0.8726009982800471
2023-05-24,0.009072248572474273,0.17570245444378998,-0.8714452028685586
2023-05-25,0.009125965698277302,0.17730590901614715,-0.8702720161995882
2023-05-26,-0.006555093448676071,0.17614365221354383,-0.8711223952563082
2023-05-30,-0.006179103964869228,0.1750552422737646,-0.8719187433747628
2023-05-31,0.005836124881117047,0.17607688652876846,-0.8711712451661675
2023-06-01,0.0006219434308302009,0.17618639639166606,-0.8710911209683966
2023-06-02,-0.011393845288838432,0.17417895584918144,-0.8725598887924403
2023-06-05,0.003763248830441716,0.17483443460106846,-0.8720802999429871
2023-06-06,-0.014890490618799105,0.1722310640927982,-0.8739850870366456
2023-06-07,-0.015417643534728392,0.16957566694100848,-0.8759279400447744
2023-06-08,0.00874642958881644,0.1710588485718846,-0.8748427525084366
2023-06-09,0.003960764212449862,0.17173637233753103,-0.8743470341616433
2023-06-12,-0.001267036138366896,0.17151877614750735,-0.8745062410102534
2023-06-13,-0.005811413650450547,0.17052200959049515,-0.8752355371542928
2023-06-14,0.006052754044702683,0.17155413737375486,-0.8744803685471683
2023-06-15,-0.0003593697408518766,0.1714924860078648,-0.8745254765045953
2023-06-16,-0.0003759799701660663,0.17142800826809185,-0.8745726524121957
2023-06-20,0.0033950728231338227,0.1720100188400868,-0.8741468174331226
2023-06-21,0.008625245686617287,0.17349364751314222,-0.8730613028130406
2023-06-22,0.008844912367906993,0.17502818362178452,-0.8719385411603257
2023-06-23,0.0038979176306338957,0.1757104290645817,-0.8714393681421098
2023-06-26,-0.0069593197605944245,0.17448760400345004,-0.8723340626878329
2023-06-27,-0.004960810693212028,0.17362200403167677,-0.87296738923481
2023-06-28,-0.0027664699317041285,0.17314168397804092,-0.8733188211328378
2023-06-29,-0.00394410579885085,0.1724587948582403,-0.873818465105013
2023-06-30,0.0024713061010184613,0.17288499333014776,-0.8735066319079912
2023-07-03,-0.01413399742553767,0.17044143727950536,-0.8752944888469513
2023-07-05,0.0010927673739592704,0.17062769012133513,-0.8751582147330103
2023-07-06,-0.0002236015969625884,0.17058953749733796,-0.8751861295555636
2023-07-07,-0.015133650184114621,0.16800789511178335,-0.8770750190089951
2023-07-10,0.010753433026106698,0.1698145567597251,-0.8757531534586729
2023-07-11,-0.016668774512145743,0.16698395620421727,-0.8778241961275155
2023-07-12,-8.877691063688607e-05,0.16696913188445953,-0.8778350425179379
2023-07-13,-0.0023580128256450376,0.16657541652998914,-0.878123109054525
2023-07-14,0.014584144699799075,0.16900477650809181,-0.8763456388414145
2023-07-17,0.01090914738877081,0.17084847452442486,-0.8749966751902711
2023-07-18,-0.010336454774438968,0.16908250699422125,-0.8762887664038215
2023-07-19,-0.0206765828521748,0.16558645852950182,-0.8788466919750175
2023-07-20,-0.004465375534291738,0.16484705280877418,-0.8793876869925709
2023-07-21,0.0003428137141839889,0.16490356463921985,-0.8793463394375725
2023-07-24,-0.00874560445340842,0.16346138328992815,-0.8804015286287072
2023-07-25,0.00834452425886632,0.1648253907681788,-0.8794035362830261
2023-07-26,-0.015703549029184184,0.16223704716299625,-0.8812973287637519
2023-07-27,0.0068977595210052015,0.16335611929972457,-0.8804785462830633
2023-07-28,-0.0015457735565238561,0.1631036077302147,-0.8806632993856562
2023-07-31,-0.002285186893292572,0.1627308855035809,-0.8809360060497889
2023-08-01,0.0017879631540445886,0.16302184233088632,-0.8807231240156326
2023-08-02,-0.01015642873647106,0.16136612260676444,-0.8819345511064767
2023-08-03,0.005433060217747871,0.16224283446799148,-0.8812930944130027
2023-08-04,-0.00015734171199655175,0.16221730690265712,-0.8813117719607536
2023-08-07,0.009801983056429164,0.1638073581963765,-0.8801483919605153
2023-08-08,-0.0002765850539701902,0.16376205152936904,-0.8801815411239934
2023-08-09,-0.004304302806080424,0.1630571700714417,-0.8806972760527536
2023-08-10,-0.0055201647862153595,0.1621570676230734,-0.8813558467483867
2023-08-11,-0.0075696011692508985,0.1609296032943915,-0.8822539356695649
2023-08-14,0.015774119516297296,0.1634681260904675,-0.8803965951782431
2023-08-15,0.005659048537348851,0.16439320015032294,-0.8797197537051246
2023-08-16,-0.004781343492191286,0.16360717979262368,-0.8802948548779858
2023-08-17,-0.012701649386528171,0.1615290987577791,-0.8818153076610891
2023-08-18,0.0032844079951615274,0.16205962622119038,-0.8814271409126654
2023-08-21,0.008497465036527176,0.16343672222883762,-0.8804195721882897
2023-08-22,0.00455587640972363,0.16418131973612252,-0.8798747785381577
2023-08-23,0.005758693760254409,0.16512678967763728,-0.8791830141748762
2023-08-24,-0.011073703182108628,0.16329822462133264,-0.8805209056152606
2023-08-25,0.006290275839393749,0.16432541549828408,-0.8797693491545396
2023-08-28,-0.0022427687438662633,0.16395687159258168,-0.8800389987003105
2023-08-29,0.00482063027684056,0.16474724705187693,-0.8794607110654051
2023-08-30,0.003429723353175746,0.16531228453246216,-0.879047294651171
2023-08-31,0.004354446364590882,0.16603212800886674,-0.8785206125830773
2023-09-01,0.005612485944766614,0.1669639809936962,-0.8778388112286211
2023-09-05,0.0006770809200979107,0.16707702911957062,-0.8777560982185275
2023-09-06,0.010521460744357686,0.1688349235227361,-0.8764699138046965
2023-09-07,0.004943590789809781,0.16966957429566135,-0.875859231608317
2023-09-08,-0.00039964894992696614,0.16960176602845953,-0.8759088443360479
2023-09-11,0.002781980543113311,0.17007359484162834,-0.8755636251554184
2023-09-12,-0.010131595152758825,0.16835047803251862,-0.8768243641276207
2023-09-13,-0.003403527735758456,0.16777749251120674,-0.8772435958206819
2023-09-14,-0.006804640377335563,0.16663582701125687,-0.8780789090051371
2023-09-15,-0.010248886366123165,0.16492799535569352,-0.8793284644123772
2023-09-18,0.011353082065876229,0.16680043642192718,-0.8779584705658356
2023-09-19,-0.0029417541742849085,0.16630975054181044,-0.8783174867444846
2023-09-20,-0.0049286740639308295,0.16549006398773622,-0.878917220191601
2023-09-21,-0.0010585743880802427,0.16531488044451706,-0.8790453953211438
2023-09-22,0.008789459396118037,0.16676790887375825,-0.8779822697345454
2023-09-25,0.0034751278528556587,0.16734744867884796,-0.8775582425215577
2023-09-26,0.002665159641731978,0.16779345634521364,-0.8772319156910634
2023-09-27,0.012308987741162446,0.16985882394241414,-0.8757207648462988
2023-09-28,0.004823946641878114,0.1706782138457645,-0.8751212484472238
2023-09-29,-0.013955629007210184,0.16829629201371973,-0.876864009974778
2023-10-02,0.013675427350468722,0.17059781572850663,-0.87518007268896
2023-10-03,-0.006735925057232366,0.16944868162683185,-0.8760208503649763
2023-10-04,0.005221285599597679,0.17033342158808085,-0.8753735198163367
2023-10-05,0.0021439925058357318,0.17069861516745904,-0.8751063215767942
2023-10-06,0.009898216549261494,0.17238822702504564,-0.8738700969021275
2023-10-09,-0.0029346240889563707,0.17188233238136547,-0.8742402407540962
2023-10-10,-0.0038703636093211434,0.1712170852570314,-0.8747269767497985
2023-10-11,0.004453376462179128,0.17197957939443795,-0.8741690888167101
2023-10-12,0.0071486561485997425,0.1732090022721096,-0.8732695668997957
2023-10-13,-0.0102761957326598,0.1714290726621027,-0.8745718736356182
2023-10-16,-0.0025596101459905395,0.17099028106839903,-0.874892920740453
2023-10-17,-0.0019320643517591362,0.1706599168418495,-0.8751346356684431
2023-10-18,-0.0030397943226111454,0.17014114579553635,-0.875514200694029
2023-10-19,0.0023141125638920018,0.17053487155865676,-0.8752261265418289
2023-10-20,0.005978201194936785,0.1715543633315871,-0.8744802032224244
2023-10-23,0.011980490426940337,0.17360966873918102,-0.8729764144987391
2023-10-24,-0.000636630376266867,0.17349914355044804,-0.8730572815717715
2023-10-25,-0.009337168765754375,0.17187915276640367,-0.8742425671573195
2023-10-26,-0.0127619442252656,0.16968564060531294,-0.8758474765011705
2023-10-27,0.01842456343512444,0.17281202445467522,-0.8735600204563355
2023-10-30,0.003308899079598647,0.17338384200333687,-0.873141643324399
2023-10-31,-0.0023566710389838715,0.17297523332425985,-0.8734406067396294
2023-11-01,0.0244615544503598,0.17720647641278495,-0.8703447672501864
2023-11-02,-0.011321888258633459,0.17520016448813322,-0.871812709307527
2023-11-03,-0.007893742041389687,0.17381717958405485,-0.8728245867132379
2023-11-06,0.008430769958480328,0.17528259223995987,-0.8717524000594425
2023-11-07,0.0009752826710984169,0.17545354231471672,-0.8716273223976105
2023-11-08,0.00540018361826278,0.17640102365969085,-0.8709340863669897
2023-11-09,0.009458784682664518,0.17806956296028947,-0.8697132796800636
2023-11-10,0.015080280500829414,0.18075490191839075,-0.8677485193921058
2023-11-13,0.0055769144460249736,0.18176295654208924,-0.8670109641993955
2023-11-14,-0.01650781410631439,0.17876244744407832,-0.8692063224805698
2023-11-15,-0.014572666995847916,0.176157401826113,-0.8711123351882228
2023-11-16,0.002643639491927924,0.17662309849037594,-0.8707716026675041
2023-11-17,0.002939725822812856,0.1771423219739133,-0.870391706610825
2023-11-20,0.004243802772700805,0.17789407905106885,-0.8698416745759749
2023-11-21,0.0008930748905415108,0.1780529517862454,-0.8697254334437439
2023-11-22,-0.0014824649405865524,0.17778899452765434,-0.8699185609213136
2023-11-24,-0.00251660062389867,0.17734157063310374,-0.8702459239520567
2023-11-27,0.005714981080882195,0.17835507435412584,-0.8695043818622753
2023-11-28,-0.012856434641025222,0.17606206399779684,-0.8711820902478031
2023-11-29,-0.0038419892088243,0.17538563544783398,-0.8716770072669744
2023-11-30,0.00223719346794401,0.17577800704582908,-0.8713899239058451
2023-12-01,-0.018265696534561324,0.17256729931167997,-0.8737390765270677
2023-12-04,-0.011871284322457773,0.17051870383679235,-0.875237955848431
2023-12-05,0.006886833725612717,0.17169303779722334,-0.8743787403950916
2023-12-06,-0.012108443142295311,0.1696141024111277,-0.8758998182744812
2023-12-07,0.0002460474388869787,0.16965583552662508,-0.8758692837426022
2023-12-08,0.008702828705228809,0.1711323212020558,-0.8747889953819566
2023-12-11,0.007152008403122547,0.17235626100133875,-0.8738934852247651
2023-12-12,0.007113260749461403,0.1735822760276435,-0.8729964567029629
2023-12-13,-0.026095831890049482,0.16905250213333395,-0.876310719818283
2023-12-14,-0.02389706561619257,0.16501264339727215,-0.8792665306628051
2023-12-15,0.009736470818917417,0.16661928418446212,-0.878091012761737
2023-12-18,0.007232543805526753,0.16782436545617174,-0.8772093006712488
2023-12-19,-0.006419986476294183,0.16674693529955048,-0.877997615300354
2023-12-20,0.0049842217495681355,0.16757803900114432,-0.8773895283610349
2023-12-21,-0.0006700841462566956,0.16746574761394886,-0.8774716876942452
2023-12-22,-0.0020943229229291767,0.16711502025991548,-0.877728301547415
2023-12-26,-0.0014180651240626677,0.16687804027797787,-0.8779016907786505
2023-12-27,0.00027988239185458867,0.16692474650303887,-0.8778675176118242
2023-12-28,-0.0036161394538589474,0.16632112334138383,-0.8783091656999858
2023-12-29,0.004615030032734296,0.16708870032068243,-0.8777475588449828
2024-01-02,-0.02112436824476961,0.1635590570855684,-0.8803300644307634
2024-01-03,0.01106235867673837,0.1653684060398781,-0.8790062326806743
2024-01-04,0.00017634647177353392,0.16539756817482604,-0.878984895856701
2024-01-05,-0.0028810424861025774,0.16492105075381633,-0.879333545513198
2024-01-08,0.005997417313777051,0.16591015111901358,-0.8786098584298667
2024-01-09,0.005433215749686698,0.16681157676510633,-0.8779503196008311
2024-01-10,0.011019482548625522,0.16864975402417814,-0.8766053952776072
2024-01-11,0.011563079165767298,0.1705998644812469,-0.8751785736945735
2024-01-12,0.007181237337495324,0.17182498259783127,-0.8742822014074696
2024-01-16,0.011509133451016423,0.17380253925276828,-0.8728352984863001
2024-01-17,0.005144938632484156,0.1746967426513937,-0.872181043900794
2024-01-18,0.013095016358004091,0.17698439935410373,-0.8705072525798119
2024-01-19,0.0066020455582269195,0.17815285842173495,-0.8696523355618839
2024-01-22,0.00315212341255989,0.17871441821778059,-0.869241463637036
2024-01-23,-0.006446653367809824,0.17756230831170075,-0.8700844185958502
2024-01-24,0.0071735843863809205,0.17883606651421532,-0.8691524582095418
2024-01-25,0.002336660444350297,0.1792539456768623,-0.8688467119343994
2024-01-26,-0.00939966692602507,0.177569018292324,-0.8700795091584692
2024-01-29,0.0014450313982098902,0.17782561109910572,-0.8698917699699323
2024-01-30,0.002896134516813356,0.17834061798938325,-0.8695149590340208
2024-01-31,0.006395838219943006,0.179481255730088,-0.8686803978218798
2024-02-01,0.004207518031107551,0.18023642634981818,-0.8681278682278775
2024-02-02,0.016754620005305178,0.18325621918442356,-0.8659184007707459
2024-02-05,0.012576142555321343,0.18556087552103606,-0.8642321714647934
2024-02-06,-0.008082949503831564,0.18406099633431275,-0.8653295759670884
2024-02-07,0.011715098197372039,0.18621728898067533,-0.863751898725261
2024-02-08,0.011617955259229243,0.1883807531125478,-0.8621689743804962
2024-02-09,0.0046223435553835405,0.18925151367265589,-0.861531872027492
2024-02-12,-0.01506540436936155,0.18640036309166358,-0.8636179503676663
2024-02-13,0.006651667804673934,0.18764023638561994,-0.8627107822789915
2024-02-14,0.007332206462932299,0.1890160533395527,-0.8617041493895266
2024-02-15,-0.013196395914658416,0.18652172266545777,-0.8635291561875369
2024-02-16,-0.008862971212225942,0.18486858600701903,-0.8647386933475549
2024-02-20,-0.0025467139289434325,0.18439777860401088,-0.8650831652012537
2024-02-21,-0.007176359117178479,0.1830744739243385,-0.8660513768587226
2024-02-22,0.024695189359391512,0.187595532724771,-0.8627434902458191
2024-02-23,-0.0014899866810503066,0.18731601787958657,-0.8629480006172402
2024-02-26,0.013098797643179881,0.1897696324931175,-0.8611527842107323
2024-02-27,0.0007008045654289839,0.1899026239179485,-0.86105547944801
2024-02-28,0.004802600276593071,0.19081465031210257,-0.860388184455176
2024-02-29,0.0042171695083747214,0.19161934803714997,-0.8597994177636514
2024-03-01,0.013665761274959672,0.1942379723030891,-0.8578834700761991
2024-03-04,0.0008062105753707301,0.19439456901049842,-0.8577688942268396
2024-03-05,-0.011395761261979184,0.19217929491142946,-0.8593897259522578
2024-03-06,-0.0005771873550408659,0.1920683714525059,-0.859470884424427
2024-03-07,0.002646897142164357,0.19257675667600369,-0.8590989183100192
2024-03-08,-0.011978836700164525,0.19026991115553452,-0.86078674935846
2024-03-11,-0.01600957399075959,0.1872237709346747,-0.8630154941950998
2024-03-12,0.02056163901600818,0.1910733985278493,-0.8601988682359533
2024-03-13,-0.0056322843497513915,0.18999721881566708,-0.8609862679624654
2024-03-14,0.009836723390070252,0.19186616890203945,-0.8596188283329909
2024-03-15,-0.008776588271793487,0.19018223853429986,-0.8608508960778242
2024-03-18,0.0041656865052405664,0.19097447811889864,-0.8602712445333992
2024-03-19,0.0028800142786622107,0.19152448734274113,-0.8598688237225157
2024-03-20,0.0032937310499688904,0.19215531749353132,-0.8594072693161419
2024-03-21,0.0029594362718065167,0.1927239889099422,-0.8589911940894037
2024-03-22,0.005988910200120738,0.1938781955729329,-0.8581467050133789
2024-03-25,-0.004798273910587277,0.19294791488528357,-0.8588273559778441
2024-03-26,0.0062423301686709825,0.1941523594753541,-0.8579461097230735
2024-03-27,-0.01870839673442277,0.1905200801073649,-0.8606037102600425
2024-03-28,-0.006892993229613452,0.18920682648507942,-0.8615645679414532
2024-04-01,0.003935313885948007,0.1899514147366623,-0.861019781063366
2024-04-02,0.0002028430354097396,0.18998994505820785,-0.860991589893895
2024-04-03,0.007389455046897738,0.19139386721657806,-0.8599643934962752
2024-04-04,-0.0107811035392409,0.1893304301173404,-0.8614741318691722
2024-04-05,0.013046149137226834,0.19180046314486654,-0.8596669027341737
2024-04-08,-0.009810999008570095,0.18991870899110896,-0.8610437106123182
2024-04-09,-0.0165164102650049,0.18678193367641172,-0.8633387696967479
2024-04-10,0.009488989962335197,0.18855430557021274,-0.86204199265416
2024-04-11,0.009755935761727874,0.19039382926295295,-0.860696083196678
2024-04-12,0.004547017718242689,0.19125955337805567,-0.8600626658187527
2024-04-15,-0.006027693262566658,0.19010669945675726,-0.8609061651451786
2024-04-16,0.010774580415547432,0.19215501937758842,-0.8594074874362284
2024-04-17,-0.01189658746941908,0.189869030381875,-0.8610800585594887
2024-04-18,-0.011982525456763309,0.1875939198918732,-0.8627446702942517
2024-04-19,-0.0233527311594085,0.18321308951349868,-0.865949957109066
2024-04-22,0.0009531619129258851,0.18338772125237243,-0.8658221857137562
2024-04-23,0.014246685222934872,0.1860003883908063,-0.8639105966297188
2024-04-24,-0.00048408515272921484,0.18591034836438444,-0.8639764754893341
2024-04-25,0.004445703463281205,0.1867368506439678,-0.8633717552353293
2024-04-26,0.0062013015242203574,0.18789486216049436,-0.8625244822928186
2024-04-29,-0.009076148321750598,0.18618950052263084,-0.8637722304821385
2024-04-30,-0.0022246269344045567,0.18577529834486486,-0.8640752864474217
2024-05-01,-0.006519652385566827,0.18456410797783138,-0.8649614683303923
2024-05-02,-0.0013138482954748554,0.18432161873915887,-0.8651388884750498
2024-05-03,0.005337567391409773,0.18530544780087285,-0.8644190582038049
2024-05-06,0.01160584897162505,0.18745607484166915,-0.8628455262698876
2024-05-07,-0.006997187486618617,0.18614440954049638,-0.8638052218372058
2024-05-08,0.0034083981059798915,0.18677886379341294,-0.8633410158132713
2024-05-09,-0.0005540276471196294,0.18667538313897378,-0.8634167286687381
2024-05-10,0.0023629608368041176,0.18711648975852657,-0.8630939877476197
2024-05-13,-0.01335873940795432,0.18461684933291128,-0.8649228794886814
2024-05-14,-0.0006262600349086732,0.18450123117840334,-0.8650074728908882
2024-05-15,0.012348721596170396,0.1867795855163761,-0.8633404877560543
2024-05-16,-0.012154020491569549,0.1845094626066032,-0.8650014502682352
2024-05-17,0.002392522219438076,0.18495090559558608,-0.8646784632384099
2024-05-20,0.008143220042672617,0.1864570015169425,-0.8635765101880477
2024-05-21,0.002302211185132798,0.1868862649113811,-0.8632624345038878
2024-05-22,-0.007496412954109047,0.18548528829415437,-0.8642874757611863
2024-05-23,0.01347354385317674,0.1879844324601048,-0.8624589471144293
2024-05-24,0.0055581381311307805,0.18902927590222027,-0.86169447494379
2024-05-28,0.003313761659837331,0.18965567386929186,-0.8612361633975152
2024-05-29,0.0042814931241083685,0.1904676833329114,-0.8606420469852267
2024-05-30,-0.009510198366092527,0.1886562978820853,-0.8619673687622897
2024-05-31,-0.009876746745400565,0.1867929874059791,-0.863330682103626
2024-06-03,-0.010332089644435228,0.18486302551514866,-0.8647427617477751
2024-06-04,-0.002913959519943357,0.18432434214206325,-0.8651368958648213
2024-06-05,0.017452396733746413,0.18754124368881334,-0.8627832114667098
2024-06-06,-0.008062382348415274,0.1860292144760968,-0.8638895056804867
2024-06-07,0.006174609391327308,0.18717787221086216,-0.8630490765440033
2024-06-10,0.00918890606916639,0.1888978320968342,-0.8617906473722805
2024-06-11,0.0004308939207725589,0.18897922702433187,-0.8617310938024393
2024-06-12,0.013609169955143155,0.19155107744289757,-0.8598493687584849
2024-06-13,0.005434240408626828,0.19259201204825374,-0.8590877565348978
2024-06-14,-0.0024808145121056786,0.1921142269898488,-0.8594373336734193
2024-06-17,0.012970970645377009,0.19460613498869345,-0.8576140994546614
2024-06-18,0.01074263336844814,0.19669671734812771,-0.8560844999282665
2024-06-20,-0.010681230680730073,0.19459575433599,-0.8576216945830653
2024-06-21,-0.006567839648064205,0.19331768062531712,-0.8585568124624068
2024-06-24,-0.005914648954761056,0.19217427440766977,-0.8593933992637341
2024-06-25,0.014775001317549689,0.19501364956524223,-0.8573159365525996
2024-06-26,-0.0019527423380653643,0.19463283815523552,-0.8575945617642606
2024-06-27,-0.0011451353090072246,0.19440995721997167,-0.857757635259779
2024-06-28,0.0019466544798667248,0.19478840623412463,-0.8574807385232306
2024-07-01,0.006299388678517613,0.19601545411506238,-0.856582954301013
2024-07-02,0.002114866469977389,0.19643000062656774,-0.8562796463998411
2024-07-03,0.0055084004020592,0.1975120157209956,-0.8554879771462859
2024-07-05,-0.005385395581552963,0.19644833538422815,-0.8562662315556435
2024-07-08,0.005651858804930497,0.19755863363828347,-0.8554538685908954
2024-07-09,0.003132791736552451,0.19817754369323007,-0.8550010356648664
2024-07-10,0.000268365194297629,0.19823072764824873,-0.8549621229896296
2024-07-11,-0.01584696721001761,0.195089371807189,-0.8572605334708235
2024-07-12,-0.004257922005811034,0.19425869647787133,-0.8578683069864559
2024-07-15,0.006359928881842533,0.19549416797215002,-0.8569643595270339
2024-07-16,-0.007029680341310442,0.19411990646271535,-0.8579698543569734
2024-07-17,-0.03051293784885843,0.1881967378215923,-0.8623036113636434
2024-07-18,0.00504243127812785,0.18914570693882551,-0.8616092867866982
2024-07-19,-0.0032709689083784133,0.18852701721227536,-0.8620619585068272
2024-07-22,0.010058169217934848,0.19042325385354894,-0.8606745543438984
2024-07-23,0.006962431439372528,0.19174906270296652,-0.8597045104807577
2024-07-24,-0.019706643030424423,0.18797033237286068,-0.8624692636114921
2024-07-25,-0.005559948630209724,0.18692522698086414,-0.8632339274408871
2024-07-26,-0.000272416623278985,0.18687430544172434,-0.8632711847925527
2024-07-29,-0.0048714251093464585,0.18596396125790385,-0.8639372489761256
2024-07-30,-0.011472470731719855,0.18383049515521785,-0.8654982249049242
2024-07-31,0.016750924134152117,0.18690982583310653,-0.8632451958743979
2024-08-01,-0.014263530950910685,0.18424383174730669,-0.8651958022557291
2024-08-02,-0.01889120184857435,0.18076324433241353,-0.8677424155653513
2024-08-05,0.0059826022102877135,0.18184467891749542,-0.8669511710483851
2024-08-06,0.013367648711704186,0.18427551470535716,-0.8651726210414563
2024-08-07,-0.00038044602022233606,0.1842054078191631,-0.8652239155811982
2024-08-08,0.016084015457951732,0.18716817044596482,-0.8630561749560439
2024-08-09,0.010063035928408617,0.18905165046981706,-0.8616781043244529
2024-08-12,0.008708484705632596,0.19069800387650807,-0.8604735302115083
2024-08-13,-0.003913750686854267,0.18995165943285464,-0.8610196020284774
2024-08-14,0.009329791722210797,0.1917238688526515,-0.859722943861933
2024-08-15,-0.0024175253989907274,0.19126037153010744,-0.8600620672080425
2024-08-16,-0.004465189204899548,0.1904063577838261,-0.8606869165549011
2024-08-19,-0.00048571719246337796,0.19031387414229617,-0.8607545833146655
2024-08-20,0.00029678099517980945,0.19037035568326063,-0.8607132579213274
2024-08-21,0.0006530603666704703,0.19049467901754635,-0.8606222952704732
2024-08-22,0.0004841138354545293,0.19058690012723922,-0.8605548205952597
2024-08-23,-0.0036995785458451063,0.18988180892040937,-0.861070708989307
2024-08-26,-0.005649381194242417,0.1888090941999657,-0.8618555735132722
2024-08-27,0.003012116009160921,0.1893778090952806,-0.8614394664746752
2024-08-28,-0.0017303659254632293,0.18905011618738324,-0.8616792269005014
2024-08-29,0.0008745786834614872,0.18921545538910664,-0.8615582545008686
2024-08-30,0.008331269076033066,0.19079186026129744,-0.8604048590677598
2024-09-03,-0.021897267030533185,0.18661403994990364,-0.8634616111449178
2024-09-04,0.003364503544703961,0.1872419035488066,-0.8630022272516268
2024-09-05,-0.005682165581545381,0.18617796404903855,-0.8637806712806859
2024-09-06,-0.006096597692378906,0.1850429119030454,-0.8646111457258135
2024-09-09,0.007613440100554871,0.1864517250288515,-0.8635803707935142
2024-09-10,0.0025632798087837144,0.18692965297093087,-0.8632306891124475
2024-09-11,0.006759137215146838,0.18819313614494115,-0.8623062465733374
2024-09-12,0.003496297166063754,0.18885111527351736,-0.8618248282934471
2024-09-13,-0.0019707655988593863,0.1884789339922301,-0.8620971391684629
2024-09-16,-0.0012857361526490147,0.18823659981278354,-0.8622744458621877
2024-09-17,-0.004044598090169125,0.18747525842068083,-0.8628314903754211
2024-09-18,-0.002584447168742971,0.18699073851984616,-0.8631859951417609
2024-09-19,0.006947022831778243,0.1882897674496746,-0.8622355451263037
2024-09-20,0.012441996145462276,0.19063246801051345,-0.8605214803097835
2024-09-23,-0.0018042048592096687,0.19028852798540577,-0.860773128132764
2024-09-24,-0.004467907365243338,0.18943833646969846,-0.8613951808990193
2024-09-25,0.008606724253848074,0.19106877999480085,-0.8602022474407627
2024-09-26,-0.014272410148101945,0.1883417680002176,-0.862197498303071
2024-09-27,-0.011489737114714047,0.18617777059817464,-0.8637808128213187
2024-09-30,0.009706385980017142,0.18798488390049958,-0.8624586168126782
2024-10-01,-0.0013956132134589885,0.1877225297125975,-0.8626505713844518
2024-10-02,0.008587664946563137,0.18933462790069053,-0.8614710605108996
2024-10-03,0.005227082959504958,0.19032429570783443,-0.8607469582518978
2024-10-04,0.0011729208550296576,0.190547531043489,-0.8605836254551051
2024-10-07,-0.0011884250353329465,0.19032107958717606,-0.8607493113649496
2024-10-08,0.011668539438264415,0.1925418486102721,-0.8591244592128061
2024-10-09,0.0046766563649519475,0.19344230067209492,-0.8584656327183177
2024-10-10,-0.0019109073529131667,0.19307265035737617,-0.8587360917814462
2024-10-11,0.007912198409309653,0.194600279474415,-0.8576183837115464
2024-10-14,0.003986141384190278,0.19537598370180292,-0.8570508304585112
2024-10-15,0.0024409617576246086,0.19585288900637732,-0.8567018970023761
2024-10-16,-0.0014185197616569949,0.19557506781294418,-0.8569051681932862
2024-10-17,0.00016885534580431458,0.19560809170865043,-0.8568810058659787
2024-10-18,0.0005266055486445211,0.19571110001510397,-0.8568056386095513
2024-10-21,0.0031861747219255514,0.19633466977477232,-0.8563493963549668
2024-10-22,-0.0008257864792112303,0.1961725392590719,-0.8564680210811874
2024-10-23,0.0036189841964495437,0.19688248457842789,-0.855948581117795
2024-10-24,-0.00395042938686315,0.19610471422559062,-0.8565176460761666
2024-10-25,-0.006628879266514936,0.19480475975139477,-0.8574687732772031
2024-10-28,-6.28423532319985e-05,0.1947925177618712,-0.8574777302748995
2024-10-29,0.007882374304989536,0.1963279452986816,-0.8563543163981295
2024-10-30,-0.005137236350453489,0.19531936224148339,-0.8570922582255147
2024-10-31,-0.0033197544502597633,0.19467094991946032,-0.8575666768372472
2024-11-01,-0.006194108883228945,0.1934651368592576,-0.8584489243495174
2024-11-04,-0.003678305416243432,0.1927535129984939,-0.8589695924377576
2024-11-05,0.012946729768854071,0.1952490406432827,-0.857143709861858
2024-11-06,0.005246436726922051,0.1962734023810099,-0.8563942233746054
2024-11-07,0.009542037341307095,0.1981462505156349,-0.8550239316916184
2024-11-08,0.018459228240175752,0.201803877378838,-0.8523477853573508
2024-11-11,-0.005542548508084827,0.20068536959934621,-0.8531661549193338
2024-11-12,0.001306454830730671,0.20094755596991626,-0.8529743231331134
2024-11-13,-0.006893128519198801,0.19956239864099673,-0.8539877900193791
2024-11-14,-0.003737918006395476,0.1988164507577171,-0.8545335716882192
2024-11-15,0.007620439871587457,0.2003315195661987,-0.8534250535179346
2024-11-18,-0.005531787469424765,0.1992233281765316,-0.8542358749702157
2024-11-19,0.01041830056602184,0.20129889668923792,-0.8527172605039123
2024-11-20,-0.006030852378763394,0.20008489275929717,-0.8536055009637531
2024-11-21,0.0032654302967391785,0.2007382560300332,-0.8531274599313241
2024-11-22,0.0005234782611251929,0.2008433381432411,-0.853050575349442
2024-11-25,-0.009509520508944297,0.19893341430008313,-0.8544479939169339
2024-11-26,0.014341577462555113,0.20178643327115833,-0.8523605485468634
2024-11-27,-0.012495724405153794,0.19926496561230297,-0.8542054104435499
2024-11-29,0.0024441051000211457,0.19975199013101155,-0.8538490731436594
2024-12-02,-0.008139832045321886,0.19812604248062632,-0.8550387171415381
2024-12-03,0.00592139913567326,0.19929922585732546,-0.8541803435265141
2024-12-04,0.008984280499954686,0.2010897860058515,-0.8528702588303492
2024-12-05,0.005932647221897205,0.20228278076615103,-0.8519973899801405
2024-12-06,0.0024966853335806807,0.20278781721812578,-0.8516278740343723
2024-12-09,-0.02641140690454709,0.19743190566229293,-0.8555465906265433
2024-12-10,-0.003413458220808765,0.19675798010086004,-0.8560396763042929
2024-12-11,0.007420243881292998,0.198217972298799,-0.854971455593241
2024-12-12,-0.003542342662289069,0.19751581631909254,-0.8554851963933426
2024-12-13,0.005575711050170049,0.19861710743872624,-0.8546794236059598
2024-12-16,0.015819750228061192,0.2017591804694269,-0.8523804883844083
2024-12-17,-0.005298527310460667,0.20069015394157347,-0.8531626543982603
2024-12-18,-0.014425440435744607,0.1977951100798489,-0.855280847780981
2024-12-19,0.007330127478927118,0.1992449734514426,-0.8542200379465734
2024-12-20,0.0067267449482968636,0.20058524357008062,-0.8532394133232677
2024-12-23,-0.0006444378649403818,0.20045597884397576,-0.853333991402403
2024-12-24,0.004175224190132072,0.20129292749590172,-0.8527216279354362
2024-12-26,-0.0021313883992027213,0.2008638940853954,-0.853035535349108
2024-12-27,-0.00796714637869681,0.199263582039022,-0.8542064227514485
2024-12-30,0.0007783704906559734,0.19941868293114356,-0.8540929413331911
2024-12-31,-0.009978242823404546,0.1974288348893331,-0.8555488373942173
2025-01-02,0.007971896044968143,0.19900271703735006,-0.8543972877423491
2025-01-03,0.006733089640573034,0.20034262016988014,-0.8534169316288078
2025-01-06,0.0005485288541262323,0.20045251387775456,-0.8533365265862799
2025-01-07,-0.005288639009581774,0.19939239289329194,-0.8541121767530564
2025-01-08,0.011772641429273378,0.20173976803854946,-0.852394691721073
2025-01-10,0.003897354083994356,0.20252601934741857,-0.8518194215700329
2025-01-13,-0.010306659894108332,0.20043865254629714,-0.8533466683948228
2025-01-14,0.014669328325883422,0.20337895294969643,-0.8511953625234218
2025-01-15,0.014498205408981585,0.2063275827854247,-0.8490379623234773
2025-01-16,0.0015171047075638329,0.20664060333256876,-0.8488089371054548
2025-01-17,0.0058405868115258735,0.2078475057151187,-0.8479258925774924
2025-01-21,0.006107468868987838,0.20911692788577058,-0.8469971047006303
2025-01-22,0.006304364549452892,0.21043527723262415,-0.8460325186715413
2025-01-23,-0.0020617305100020817,0.2100014164011729,-0.8463499581253443
2025-01-24,0.0002180183140607163,0.21004720055592704,-0.8463164596022594
2025-01-27,-0.03940756447710111,0.20176975195678476,-0.8523727536295526
2025-01-28,0.016658861018837214,0.2051310062124381,-0.8499134518496736
2025-01-29,0.007175656077980751,0.2066029557639487,-0.8488364823982156
2025-01-30,0.007556125212733824,0.208164073567022,-0.8476942719316192
2025-01-31,-0.0025934497270511062,0.20762421050724775,-0.8480892691805064
2025-02-03,0.008688696051985351,0.20942819416537867,-0.8467693630133809
2025-02-04,0.0004462893745977354,0.20952165974317588,-0.846700977808231
2025-02-05,0.014251112046764717,0.2125075763924,-0.8445162962663166
2025-02-06,0.01619918073670322,0.21595002503029925,-0.8419975876479227
2025-02-07,0.0038814857823977777,0.21678823198216282,-0.8413843035307935
2025-02-10,-0.0020942164868350526,0.21633423049259395,-0.8417164791374101
2025-02-11,-0.007149368118077094,0.21478757744226146,-0.8428481062950821
2025-02-12,0.0010699431759660712,0.21501738794502806,-0.8426799626988224
2025-02-13,-0.0033480412056466407,0.2142975008702576,-0.8432066766661805
2025-02-14,-0.0013730142273042799,0.21400326735268696,-0.8434219561298643
2025-02-18,-0.005768120843627107,0.21276887064566563,-0.8443251172083659
2025-02-19,-0.0021027039937386634,0.21232148069161572,-0.8446524554061368
2025-02-20,-0.01910123134349709,0.2082658789697313,-0.8476197847940683
2025-02-21,-0.00954520601191408,0.20627793824971286,-0.8490742853403488
2025-02-24,-0.009917591909632359,0.20423215783819185,-0.8505711049870128
2025-02-25,-0.006604307930242645,0.2028833457785705,-0.8515579794233545
2025-02-26,0.02180417526777443,0.20730704980883893,-0.8483213235895988
2025-02-27,-0.005321915748261699,0.2062037791557356,-0.8491285447262628
2025-02-28,0.009748998519222951,0.20821405949338304,-0.847657699132206
2025-03-03,-0.003217685435261569,0.2075440921467345,-0.8481478887348826
2025-03-04,-0.015037320804201039,0.20442318505210738,-0.8504313376467714
2025-03-05,-0.008321759554292034,0.2027220244587812,-0.851676012091732
2025-03-06,-0.03288122022389582,0.19605627692831804,-0.8565530858026302
2025-03-07,-0.018079343766808545,0.19251170810009036,-0.8591465118766924
2025-03-10,-0.02537927659058153,0.18762590021329287,-0.862721271510522
2025-03-11,0.019649932833807164,0.19131273655036668,-0.8600237537161933
2025-03-12,0.022393242878161797,0.1955968491256248,-0.8568892316359866
2025-03-13,-0.011152841123538513,0.19341538854306198,-0.858485323298618
2025-03-14,0.00815260489446786,0.19499222778636352,-0.8573316100527033
2025-03-17,-0.0047477342105998206,0.19406645651570112,-0.8580089616484273
2025-03-18,-0.005952758295731857,0.192911225806754,-0.8588541999798942
2025-03-19,0.018639300513434938,0.19650695611698116,-0.8562233409971103
2025-03-20,0.0037089827916204215,0.19723579703565275,-0.8556900758430319
2025-03-21,0.0028853568904879845,0.19780489270168047,-0.8552736902089998
2025-03-24,0.013208609538320258,0.20041762029414628,-0.8533620568930484
2025-03-25,0.008862208611364553,0.20219376305458625,-0.8520625208508933
2025-03-26,-0.017265248105221873,0.19870283757012036,-0.8546166981324637
2025-03-27,-0.00940098124092749,0.1968348359216046,-0.8559834438260645
2025-03-28,-0.003989042107450863,0.19604965347290015,-0.8565579319328124
2025-03-31,0.00397598943584543,0.1968291448240096,-0.8559876077855214
2025-04-01,0.007113150760992271,0.19822922020529996,-0.8549632259282487
2025-04-02,9.844765560356865e-05,0.1982487354073013,-0.854948947397865
2025-04-03,0.003184659551501916,0.19888009013608934,-0.8544870091777402
2025-04-04,-0.016158499894201928,0.19566648622066649,-0.8568382808245467
2025-04-07,0.011562884396132464,0.19792895518103348,-0.8551829184157693
2025-04-08,0.023221636011869003,0.20252518933445698,-0.8518200288589193
2025-04-09,-0.013943451884509642,0.19970128910157078,-0.853886169156773
2025-04-10,0.020125038396645468,0.20372028521259947,-0.850945622700772
2025-04-11,-0.006661305261715188,0.20236324220479465,-0.851938519408557
2025-04-14,-0.0014772034386857902,0.20206431052754614,-0.8521572363368236
2025-04-15,0.015207775532862598,0.2051372592052517,-0.849908876772876
2025-04-16,0.0018145983898285602,0.20550950094549938,-0.8496365216623405
2025-04-17,-0.005945887741797765,0.20428756452300456,-0.8505305660250024
2025-04-21,-0.011212304831958944,0.20199703007619416,-0.8522064628817905
2025-04-22,0.0033372723524443234,0.2026711491799433,-0.8517132355964959
2025-04-23,0.004734897848484408,0.2036307763681453,-0.8510111129147631
2025-04-24,-0.005724272061518462,0.2024651384041158,-0.8518639658385818
2025-04-25,0.001055410475511261,0.20267882223211334,-0.8517076215163272
2025-04-28,0.0023450253926224998,0.20315410921679447,-0.8513598721232506
2025-04-29,-8.343803468980745e-05,0.20313715843718227,-0.8513722743633967
2025-04-30,0.0019093316160166854,0.20352501463617415,-0.851088494747822
2025-05-01,0.0015830505358469707,0.2038472050196522,-0.8508527603096387
2025-05-02,-0.008059279671759153,0.2022043433840924,-0.8520547796265743
2025-05-05,0.007318196608154326,0.20368411452399995,-0.8509720874166449
2025-05-06,0.008352175715611063,0.20538532003898305,-0.849727380104218
2025-05-07,-0.004682355540980207,0.20442363294766253,-0.8504310099386445
2025-05-08,-0.02242076259235908,0.19984029920507543,-0.8537844607559891
2025-05-09,0.0007024605808862009,0.1999806791377395,-0.8536817501033571
2025-05-12,-0.03903429084490096,0.19217457514491618,-0.8593931792257397
2025-05-13,-0.0013055842219701181,0.19192367505174315,-0.8595767532724439
2025-05-14,0.0030949593848727565,0.19251767103102382,-0.8591421490271302
2025-05-15,0.012257529213102929,0.19487746200772513,-0.8574155798039353
2025-05-16,-7.213885193236351e-05,0.1948634037713484,-0.8574258656803116
2025-05-19,0.007772178918130365,0.1963779170100552,-0.8563177539992815
2025-05-20,-3.323613159928918e-05,0.19637139016776226,-0.856322529441318
2025-05-21,0.01210722816125079,0.19874890339286536,-0.8545829935236327
2025-05-22,0.00010235781914125382,0.19876924689717337,-0.8545681089559838
2025-05-23,0.012435531483478188,0.2012410481249104,-0.8527595860962041
2025-05-27,-0.011750306139804496,0.19887640420154756,-0.8544897060357253
2025-05-28,0.009177078324789239,0.20070150853985763,-0.853154346670952
2025-05-29,-0.0057929918716717035,0.199538846332254,-0.8540050223470774
2025-05-30,0.0134393830078349,0.20222052531305468,-0.8520429399251795
2025-06-02,0.007612421348283761,0.20375991315700892,-0.8509166284424367
2025-06-03,-0.021493014777817843,0.19938049833239846,-0.8541208795504502
2025-06-04,-0.00639121679983808,0.19810621434189635,-0.8550532246358131
2025-06-05,0.003691879424311919,0.1988375985984535,-0.8545180986182257
2025-06-06,-0.006394133195870479,0.19756620450866796,-0.8554483292732492
2025-06-09,-0.017088257861162207,0.19419014226137274,-0.8579184654968898
2025-06-10,-0.018891660486189017,0.19052156802400613,-0.8606026216080793
2025-06-11,0.008797729527706327,0.19219772524867584,-0.8593762411761158
2025-06-12,0.006385095474494026,0.1934249260743692,-0.8584783450500431
2025-06-13,0.007123588924495306,0.19480280573547393,-0.8574702029562653
2025-06-16,-0.009680583040105014,0.19291700099810624,-0.8588499744922364
2025-06-17,0.01234199522813241,0.19529798170385052,-0.8571079015509688
2025-06-18,0.0020034869958080264,0.19568925867050174,-0.8568216190899225
2025-06-20,0.0020660441640386064,0.19609356132134295,-0.8565258062316268
2025-06-23,0.012760082277530359,0.19859573129789726,-0.8546950637144399
2025-06-24,-0.009870204781192752,0.19663555076131628,-0.8561292531912966
2025-06-25,-0.005262851615396148,0.19560068703534778,-0.856886423583547
2025-06-26,-0.0036463792963649278,0.19488745273978733,-0.8574082699656207
2025-06-27,0.0031363703747432008,0.19549869197296954,-0.8569610494878576
2025-06-30,0.009735461821378017,0.19740196202480173,-0.8555684992461766
2025-07-01,-0.03546085841833113,0.19040191899793946,-0.860690164245555
2025-07-02,-0.011578071988710963,0.1881974318729926,-0.8623031035526555
2025-07-03,0.012021653803674065,0.19045987624571026,-0.8606477591337252
2025-07-07,0.01398199626890664,0.1931228855247542,-0.8586993366218691
2025-07-08,-0.02533696000688144,0.18822973869779996,-0.8622794658788266
2025-07-09,-0.002957547278142649,0.18767304034644877,-0.8626867808696611
2025-07-10,-0.012516074488470148,0.18532411059399495,-0.864405403348548
2025-07-11,0.0017479766571584982,0.1856480528133219,-0.8641683871587644
2025-07-14,0.022372652527291467,0.1898014921912826,-0.861129473682446
2025-07-15,0.0037945120678350213,0.19052169624389553,-0.8606025277944673
2025-07-16,0.001958875489122589,0.19089490452481378,-0.8603294655029183
2025-07-17,-0.004731115668608218,0.18999175865095896,-0.8609902629571203
2025-07-18,0.010013529262796073,0.19189424668590044,-0.8595982848874278
2025-07-21,0.001892314219158303,0.19225737089747882,-0.8593326007255262
2025-07-22,-0.02789306144363999,0.18689472423804276,-0.863256245136606
2025-07-23,-0.0050754124508046216,0.1859461564276553,-0.8639502760926095
2025-07-24,0.009471107549450642,0.1877072724735886,-0.8626617345254095
2025-07-25,-0.0037388486956721786,0.18700546338273252,-0.8631752215201451
2025-07-28,-0.0003772212034483368,0.18693492095678388,-0.8632268347277449
2025-07-29,0.008547801084815218,0.18853280347692813,-0.8620577249172571
2025-07-30,0.009359468766248089,0.19029737036248365,-0.8607666585020749
2025-07-31,0.019598178805606412,0.1940268522530843,-0.8580379385796965
2025-08-01,0.00041173018931113455,0.19410673896569391,-0.8579794885132729
2025-08-04,0.00809167423811275,0.19567738746482669,-0.8568303047991922
2025-08-05,-0.004009068206688822,0.19489290347197352,-0.857404281872383
2025-08-06,0.01209258298507576,0.19724966208041073,-0.8556799313176084
2025-08-07,-0.006760117344307663,0.19591623121862212,-0.8566555519170399
2025-08-08,0.003390692972439788,0.19658052300700202,-0.8561695149042867
2025-08-11,0.006111251457510179,0.19778187601474667,-0.8552905306426112
2025-08-12,-0.010353188451474305,0.19573420298007987,-0.8567887350495811
2025-08-13,-0.021075317468276428,0.19160904251287464,-0.8598069579234445
2025-08-14,-4.0758594155302546e-06,0.1916082615413546,-0.8598075293305751
2025-08-15,-0.00865498142786142,0.18994989559628936,-0.8610208925605449
2025-08-18,-0.0008314227534428184,0.1897919669310765,-0.8611364429527233
2025-08-19,-0.008093208950741393,0.1882559408855311,-0.8622602947355501
2025-08-20,0.009585962532814275,0.1900605552814395,-0.8609399270816043
2025-08-21,0.0022095332958663805,0.19048050040656472,-0.8606326692203654
2025-08-22,-0.02092125519452155,0.1864954092479788,-0.8635484087133855
2025-08-25,0.0046371689887952485,0.1873602199762962,-0.8629156596257994
2025-08-26,0.010269125658843662,0.18928424561870139,-0.861507923308637
2025-08-27,-0.006399170619071336,0.1880729834354851,-0.8623941577367746
2025-08-28,0.007080700766940977,0.1894046719535376,-0.8614198119439258
2025-08-29,-0.008045142827346793,0.18788088431550462,-0.8625347093498775
2025-09-02,0.005159937430359932,0.18885033792293332,-0.8618253970512766
2025-09-03,0.0067333758686156766,0.1901219382310835,-0.8608950155141262
2025-09-04,0.0032154754753490177,0.19073327066079138,-0.8604477268480131
2025-09-05,-0.013795490976709592,0.1881020115464321,-0.8623729189730606
2025-09-08,0.010048887304935283,0.18999222746229386,-0.8609899199457136
2025-09-09,0.010540938668011679,0.19199492387937284,-0.859524623217626
2025-09-10,0.015742740405295837,0.19501745012514035,-0.857313155827605
2025-09-11,-0.00429151135905166,0.194180530522715,-0.857925498040158
2025-09-12,0.012028074477830691,0.19651614840598688,-0.8562166153491844
2025-09-15,0.010781152798702516,0.19863481902936433,-0.8546664647093494
2025-09-16,-0.012961226793203386,0.19606026809089783,-0.8565501656209095
2025-09-17,0.004029456028710267,0.19685028432014723,-0.8559721408209532
2025-09-18,0.0003828699778520955,0.19692565238414506,-0.8559169968776992
2025-09-19,0.01152210354436582,0.19919465014145696,-0.8542568575967409
2025-09-22,0.0025637273981100445,0.19970533092358156,-0.853883211909475
2025-09-23,0.0010148500135461471,0.1999080018813746,-0.8537349252851021
2025-09-24,-0.010604846383439101,0.19778800823060236,-0.8552860439337158
2025-09-25,0.01199669960229069,0.2001608115502803,-0.8535499540745295
2025-09-26,-0.003413816941410833,0.1994774991808034,-0.8540499077223802
2025-09-29,0.0043631908713457,0.20034785758426796,-0.8534130996120824
2025-09-30,-0.006885053121330083,0.19896845194205562,-0.8544223582081444
2025-10-01,-0.01792810872192559,0.1954013239034052,-0.8570322899976703
2025-10-02,-0.0003632558532651063,0.19533034322876153,-0.8570842238551566
2025-10-03,-0.012938322028795456,0.19280309634607268,-0.8589333141899138
2025-10-06,0.006321207668007725,0.1940218447571111,-0.8580416023738706
2025-10-07,0.0031113707841325102,0.19462551865637187,-0.8575999171629345
2025-10-08,0.001935005497805237,0.19500212010498516,-0.8573243722197568
2025-10-09,0.007268704204753841,0.1964195328353282,-0.8562873052841946
2025-10-10,0.0011051071600861567,0.19663659746744527,-0.8561284873562689
2025-10-13,0.004202415679179355,0.19746294618774293,-0.8555238794557476
2025-10-14,-0.006464039633562059,0.19618653787742543,-0.856457778825049
2025-10-15,0.003856798821721704,0.19694318988554876,-0.8559041653555541
2025-10-16,-0.011864305069187312,0.19460659579944772,-0.8576137622969751
2025-10-17,-0.0025102373003324757,0.19411808706378123,-0.8579711855419111
2025-10-20,-0.002242183284853558,0.19368283873367906,-0.8582896401756566
2025-10-21,-0.010539114690632683,0.1916415930826575,-0.8597831419106963
2025-10-22,-0.005566716853765999,0.1905747785965617,-0.860563689457804
2025-10-23,0.0034461752601799896,0.19123153268377543,-0.8600831674940428
2025-10-24,0.012378976707197209,0.1935987833725495,-0.8583511402835067
2025-10-27,0.000721116696859342,0.19373839068773108,-0.8582489949256741
2025-10-28,0.002107011870126231,0.19414659977660928,-0.8579503238753802
2025-10-29,0.013391707011823429,0.1967465541581594,-0.8560480362315949
2025-10-30,0.0018773287922332071,0.19711591212905316,-0.8557777910653139
2025-10-31,0.0007813250715297363,0.19726992373319707,-0.8556651066376018
2025-11-03,0.014691926731045041,0.20016819899892405,-0.8535445489595883
2025-11-04,-0.009521962492504645,0.19826220491586408,-0.8549390922712179
2025-11-05,0.004016805137478943,0.19905858555913802,-0.8543564108718056
2025-11-06,0.0034775292900327084,0.1997508176208524,-0.8538499310247069
2025-11-07,-0.0013679370971700926,0.19947757106723876,-0.8540498551258121
2025-11-10,0.01870999923817104,0.20320979626993899,-0.8513191280264051
2025-11-11,-0.01747419497800511,0.19965886866847737,-0.8539172065727715
2025-11-12,-0.0005439083820191406,0.19955027253626414,-0.8539966622285853
2025-11-13,-0.01938046674127829,0.19568289511616208,-0.8568262750603799
2025-11-14,0.007243730460662429,0.19710036926414565,-0.8557891631878682
2025-11-17,0.0037132053397356205,0.19783224340776112,-0.8552536787385696
2025-11-18,-0.004405808154568297,0.19696063249651868,-0.855891403261127
2025-11-19,0.012405214559838527,0.1994039714024795,-0.8541037051986641
2025-11-20,-0.0197192756226444,0.19547186953014412,-0.8569806744481742
2025-11-21,-0.02310061494993691,0.19095634913858395,-0.8602845088181466
2025-11-24,0.01700068232987156,0.19420273736916108,-0.8579092501360019
2025-11-25,-0.009590862490284608,0.1923401656198166,-0.8592720229790889
2025-11-26,0.007223707106023701,0.19372957464097823,-0.8582554452914667
2025-11-28,0.004416277615175403,0.19458513822486265,-0.8576294619874343
2025-12-01,-0.0027956802670574296,0.19404114039366474,-0.8580274844911664
2025-12-02,0.006582214087876206,0.19531836072159148,-0.857092990999493
2025-12-03,-0.004553190461232733,0.1944290390246503,-0.8577436738297174
2025-12-04,0.010445251190434884,0.19645989917597767,-0.8562577707694403
2025-12-05,-0.0002706239321145314,0.19640673242555984,-0.8562966708567257
2025-12-08,0.012652659330946496,0.19889179990124478,-0.854478441588353
2025-12-09,0.00611315336147383,0.20010765597638064,-0.8535888459843819
2025-12-10,-0.0058290169418365395,0.19894122505950312,-0.8544422790816127
2025-12-11,-0.004319781461382019,0.19808184244358645,-0.855071056625997
2025-12-12,-0.020095482027816487,0.19410129233872458,-0.8579834736028797
2025-12-15,-0.0011729482261762015,0.19387362157217736,-0.8581500516356049
2025-12-16,0.003682328898397069,0.1945875280115295,-0.8576277134715066
2025-12-17,-0.022541186187135905,0.19020129431292712,-0.8608369536900335
2025-12-18,0.0141965678542073,0.19290149989359864,-0.8588613160602959
2025-12-19,0.022025693402864126,0.1971502891872077,-0.8557526386805563
2025-12-22,0.0033168718413312953,0.19780421142992305,-0.8552741886696095
2025-12-23,0.006663420916601645,0.1991222641497571,-0.8543098196712184
2025-12-24,-0.0009506227759574604,0.1989329739902561,-0.8544483160748724
2025-12-26,-0.002426414159930929,0.198450280205289,-0.85480148474175
2025-12-29,-0.006590702031486387,0.19714235354039095,-0.8557584448912314
2025-12-30,-0.005098517783088706,0.19613721974506532,-0.8564938630250138
