Date,port_ret,equity,drawdown
2001-03-01,-0.009214563632962879,0.9907854363670371,0.0
2001-03-02,0.005641047125542692,0.9963745037048848,0.0
2001-03-05,-0.010177389367969344,0.986234012424363,-0.010177389367969303
2001-03-06,-0.003537691196930784,0.9827450210404957,-0.01367907610412522
2001-03-07,-0.003424799618657349,0.9793793162671988,-0.01705702762815764
2001-03-08,0.0066065864683400866,0.9858496704054217,-0.01056312988773589
2001-03-09,0.011239566432525225,0.9969301932684267,0.0
2001-03-12,0.009644359999218812,1.0065449469463983,0.0
2001-03-13,-0.015011469603483946,0.991435228070772,-0.015011469603483985
2001-03-14,0.0016589100412996354,0.9930799299259168,-0.013377462239844262
2001-03-15,0.013574479621031973,1.006560473196752,0.0
2001-03-16,0.011078449713928285,1.01771160278309,0.0
2001-03-19,-0.015344159403486645,1.0020956737232083,-0.015344159403486657
2001-03-20,0.00817223014605088,1.0102850301972364,-0.007297325259478682
2001-03-21,0.0027115180053494253,1.0130244362471512,-0.004605594082961129
2001-03-22,-0.03141930988891887,0.9811959075596547,-0.03588019938416487
2001-03-23,0.003941863486163579,0.9850636478804373,-0.032079770745829905
2001-03-26,0.004585730222638461,0.989580884021745,-0.02764114969743592
2001-03-27,-0.013397408140103324,0.9763230650308614,-0.04066823807358111
2001-03-28,0.022523126048340097,0.9983129124884532,-0.019061087877536242
2001-03-29,0.013785626538026232,1.0120752814681084,-0.005538230378398068
2001-03-30,0.0019586081574144132,1.0140575403703094,-0.0035904694441803997
2001-04-02,0.012629635261319102,1.0268647172391767,0.0
2001-04-03,0.04161577913154752,1.0695984925097812,0.0
2001-04-04,0.011685974233499787,1.0820977929334408,0.0
2001-04-05,-0.07252995569242607,1.0036132879571062,-0.07252995569242604
2001-04-06,0.027471817554283073,1.0311843690989182,-0.04705066784814538
2001-04-09,-0.000842979936425841,1.0303151013650118,-0.047853985015579914
2001-04-10,-0.054013848724024205,0.9746638173418043,-0.09928305583213093
2001-04-11,-0.03387128592726608,0.9416507005016594,-0.1297914969875742
2001-04-12,-0.03244735273124561,0.9110966280728575,-0.15802745923454764
2001-04-16,0.025006277396069174,0.9338797630890706,-0.13697286032029354
2001-04-17,-0.0007514810610585093,0.9331779701338034,-0.13762140887094232
2001-04-18,-0.07666226956915387,0.86163842903141,-0.20373330889474528
2001-04-19,-0.04942122741804704,0.81905520027812,-0.24308578612127385
2001-04-20,0.005564748396892893,0.8236130363908344,-0.23887374896300673
2001-04-23,0.038953874942658624,0.8556959556115462,-0.2092249321645372
2001-04-24,0.020455904522828548,0.8731999903801065,-0.19304891287786174
2001-04-25,-0.0011113188040025987,0.8722295868111423,-0.19394569279489082
2001-04-26,0.00848056201612834,0.8796265839143962,-0.18710989925427057
2001-04-27,-0.014709356116612244,0.8666878432419602,-0.19906698922980826
2001-04-30,-0.026840461462639513,0.8434255415852863,-0.22056440083954143
2001-05-01,-0.015376607273429283,0.83045651826795,-0.23254947594276176
2001-05-02,-0.04084850344076958,0.796533612324072,-0.26389868131533434
2001-05-03,0.015034103716476586,0.8085087812654118,-0.252832057744394
2001-05-04,-0.0027737099860551447,0.8062662123850026,-0.2549044849270886
2001-05-07,0.011382879706917863,0.8154438436923334,-0.2464231523088497
2001-05-08,-0.0057162018820014655,0.8107826020583527,-0.25073074970385467
2001-05-09,0.00870603058722588,0.8178413001914634,-0.24420758869270853
2001-05-10,-5.367421588483652e-05,0.8177974032009574,-0.24424815525775712
2001-05-11,-0.004934929469204464,0.8137616306960621,-0.24797773730778128
2001-05-14,0.017834703281052206,0.8282748279210316,-0.23456564339192
2001-05-15,-0.0022515258140093936,0.8264099457648731,-0.2362890386047528
2001-05-16,-0.024783010191410118,0.8059290196566996,-0.2552160951443029
2001-05-17,-0.0181149983199196,0.7913296168196441,-0.268707854329467
2001-05-18,0.0031028959344514577,0.7937850302704847,-0.26643873090376957
2001-05-21,-0.04665483030199733,0.7567511243869495,-0.300662907429572
2001-05-22,-0.009687367340513484,0.7494201982596665,-0.3074376427401484
2001-05-23,0.022877730990342075,0.76656523195418,-0.29159338743672036
2001-05-24,-0.00024932201619152507,0.7663741103650069,-0.29177000880164794
2001-05-25,-0.0013491566311414713,0.7653401516520728,-0.2927255219906465
2001-05-29,0.03114840726250817,0.7891792783900813,-0.27069504850323334
2001-05-30,0.050551513255901466,0.8290734851429004,-0.23382757958004985
2001-05-31,-0.009746537974429096,0.8209928889363628,-0.24129510817063315
2001-06-01,-0.006460049170716741,0.8156892345050251,-0.24619637907791425
2001-06-04,0.013243979110569275,0.8264922056875258,-0.2362130196689507
2001-06-05,-0.025166496168482523,0.80569229275981,-0.2554348617829889
2001-06-06,-0.014940373884172011,0.7936549486703827,-0.26655894332907126
2001-06-07,-0.024476118841116407,0.7742293558278862,-0.28451073379510294
2001-06-08,0.016830840108510797,0.7872602863231407,-0.2724684483562525
2001-06-11,0.016569180990452147,0.800304544493824,-0.2604138464008028
2001-06-12,0.00016119407178116635,0.800433548842016,-0.2602946294972711
2001-06-13,0.007884976479896033,0.806744948548355,-0.2544620700488044
2001-06-14,0.01649871079530201,0.8200552001400252,-0.2421616553556113
2001-06-15,0.009194703978478385,0.8275953649513246,-0.23519355611306614
2001-06-18,0.021186842338040027,0.8451294974682411,-0.21898972256731652
2001-06-19,0.007323589961338233,0.8513188793719303,-0.21326992353980856
2001-06-20,-0.00475188499339694,0.8472735099644473,-0.21700837438399379
2001-06-21,-0.01281870395977251,0.8364125616672557,-0.2270453122357463
2001-06-22,-0.005277147482635784,0.8319986892230085,-0.2311243081204729
2001-06-25,-0.010746458806912875,0.8230576495818679,-0.2393869990708929
2001-06-26,-0.0004434433844687511,0.8226926701121244,-0.2397242878742959
2001-06-27,0.005230058773025654,0.8269954011289482,-0.23574800121617456
2001-06-28,-0.020016004499708213,0.8104422574587132,-0.25104527266274257
2001-06-29,-0.026032091044195276,0.7893447508264849,-0.2705421303127664
2001-07-02,-0.004238720487243406,0.7859989390596587,-0.2736340983295906
2001-07-03,0.0015464308057176529,0.7872144320322819,-0.2725108237230246
2001-07-05,0.008119360512759988,0.7936061098067997,-0.26660407683170095
2001-07-06,0.02854811464436926,0.8162620680120362,-0.24566700593737933
2001-07-09,-0.008665038053691239,0.8091891261309272,-0.25220333003608675
2001-07-10,0.02071557590018008,0.8259519448908927,-0.23671229136154737
2001-07-11,0.0009040424746389042,0.8266986405310848,-0.23602224685256845
2001-07-12,-0.033289807652234674,0.799178001801441,-0.26145491930543285
2001-07-13,0.001283751607261589,0.8002039478457418,-0.260506810871056
2001-07-16,0.020438930678470007,0.8165592608643989,-0.24539236084124882
2001-07-17,-0.007311726082937064,0.8105888032184728,-0.2509098451988695
2001-07-18,0.02534378720031011,0.8311321933541959,-0.23192506372174226
2001-07-19,-0.014055682621612987,0.8194500630278042,-0.24272088125568503
2001-07-20,-0.004406826164718577,0.8158388890493731,-0.2460580786901625
2001-07-23,0.0016070305435194922,0.8171499670626664,-0.2448464709945778
2001-07-24,-0.0030571665398148114,0.8146518035253516,-0.24715510109587635
2001-07-25,-0.0023950835104911065,0.8127006444239362,-0.24895822749919894
2001-07-26,-0.010243288205601374,0.8043759174982238,-0.25665136482937034
2001-07-27,-0.009448308324893604,0.7967759258205813,-0.26367475192735135
2001-07-30,0.003271262468634386,0.7993823890026296,-0.2612660387786234
2001-07-31,0.009232327984609922,0.8067625494030228,-0.25444580455525767
2001-08-01,-0.0189334074059975,0.7914877853752742,-0.2685616858808637
2001-08-02,-0.015690083700612832,0.7790692757747234,-0.2800380142512281
2001-08-03,0.004485829444667882,0.7825640476714297,-0.2768083875765147
2001-08-06,-0.00017860225494696012,0.7824242799678752,-0.27693755122925223
2001-08-07,0.004152660757918706,0.7856734225713407,-0.2739349181727173
2001-08-08,0.022963432415930435,0.8037151811115504,-0.2572619717366096
2001-08-09,0.005138708567552641,0.8078452391986005,-0.25344525746732516
2001-08-10,0.01095504812087238,0.8166952226682389,-0.24526671433801417
2001-08-13,-0.010266800153754311,0.8083103760305782,-0.25301541015129214
2001-08-14,0.01563883817689598,0.8209514111980263,-0.24133343903001325
2001-08-15,0.01639785512972715,0.8344132535073967,-0.228892934671459
2001-08-16,0.008561780721393002,0.841557316814951,-0.2222908850653993
2001-08-17,0.011212124294707485,0.8509929620522008,-0.2135711138036256
2001-08-20,0.00394214008908393,0.854347695523435,-0.21047090096413723
2001-08-21,0.01537844349720047,0.8674862332860056,-0.19832917232521863
2001-08-22,-0.017600774246840135,0.8522178039316969,-0.21243919958339996
2001-08-23,0.012018718731918829,0.8624603700154854,-0.2029737278389082
2001-08-24,-0.032257389717757746,0.8346396497437744,-0.22868371491530015
2001-08-27,-0.008320346442075363,0.8276951587036138,-0.2351013336236193
2001-08-28,0.013064848518502778,0.8385088705715745,-0.2251080484154072
2001-08-29,0.008511996040988647,0.8456462547582138,-0.21851217119132504
2001-08-30,0.017230801663356107,0.8602174176513123,-0.20504650941079605
2001-08-31,-0.005890569389069055,0.8551502472629514,-0.20972923810819455
2001-09-04,0.02382208398124165,0.8755217082698291,-0.19090334165048795
2001-09-05,0.017066232426603756,0.8904635652376992,-0.17709511002350675
2001-09-06,0.01818755311998711,0.906658918631873,-0.16212848362436216
2001-09-07,-0.01675618705147409,0.8914667721993901,-0.17616801547785454
2001-09-10,-0.0009289998614413383,0.8906385996915372,-0.17693335527732668
2001-09-17,0.0253436523651682,0.9132106347451198,-0.15607384036010985
2001-09-18,0.024017409245704266,0.9351435882873226,-0.1358049204108831
2001-09-19,0.018910822544375885,0.9528279227389351,-0.11946228061705044
2001-09-20,0.012682549258372748,0.9649122098038245,-0.10829481761712112
2001-09-21,-0.004242551199842672,0.9608185203503785,-0.11207792250854542
2001-09-24,-0.014431560223356316,0.9469524100102259,-0.12489202344351102
2001-09-25,0.012354194050635753,0.9586512438402094,-0.114080769685873
2001-09-26,0.036428188968960974,0.9935731725061501,-0.08180833655275355
2001-09-27,0.01230238684729849,1.0057964940354183,-0.07051238750906108
2001-09-28,-0.018253547005389364,0.9874371404536869,-0.08747883333459161
2001-10-01,0.010969802197133276,0.9982691305665666,-0.0774686566355749
2001-10-02,0.005284416777156824,1.0035444007082504,-0.07259361652724694
2001-10-03,-0.04040519165363133,0.9629959968647049,-0.11006564919226458
2001-10-04,-0.026926518397520506,0.9370658674383889,-0.1340284828618744
2001-10-05,0.0029112953010293273,0.9397939428950173,-0.13150738405320506
2001-10-08,-0.014315416270875668,0.9263404013936276,-0.14394021737866503
2001-10-09,0.019732299465541368,0.9446192276009564,-0.12704818938757467
2001-10-10,-0.01829644359784279,0.9273360551817177,-0.14302010295407963
2001-10-11,-0.04527076640885219,0.8853548412450797,-0.18181623969032767
2001-10-12,-0.008966171308632524,0.8774165980695492,-0.18915221544720529
2001-10-15,0.012122499166460458,0.8880530800482858,-0.1793227138548379
2001-10-16,-0.010968990253486011,0.8783120344686579,-0.18832471500782144
2001-10-17,0.018371612999734062,0.8944480432589251,-0.17341293079049636
2001-10-18,0.008327642553223272,0.9018966868456154,-0.16652940913900327
2001-10-19,0.002082399778033608,0.903774796306112,-0.1647937901655967
2001-10-22,-0.010304494829475005,0.8944618535905658,-0.17340016823638071
2001-10-23,-0.010412139273094251,0.8851485921965109,-0.18200684080781981
2001-10-24,-0.014436382390151927,0.8723702486474575,-0.19381570284644645
2001-10-25,-0.019473616876925025,0.8553820446504691,-0.20951502698140778
2001-10-26,0.006537023249530418,0.86097369696358,-0.20434760833438093
2001-10-29,0.019506034394862166,0.8777678795096231,-0.18882758541619715
2001-10-30,0.015418857066873286,0.8913020569816743,-0.1763202338991391
2001-10-31,-0.0049040203954962055,0.8869310935156884,-0.18035957627145527
2001-11-01,-0.009410036087113266,0.878585039918923,-0.18807242223719767
2001-11-02,-0.0011513054894183342,0.8775735201395435,-0.18900719891448614
2001-11-05,-0.011130495004509027,0.8678056924575409,-0.19803395023566128
2001-11-06,-0.003169423412136229,0.8650552487786809,-0.20057572020952275
2001-11-07,-0.008139851061191536,0.8580138278939204,-0.20708291478171748
2001-11-08,-0.001891291006124342,0.8563910740580943,-0.2085825517335932
2001-11-09,-0.0050328251973833,0.8520810074817605,-0.21256561740887725
2001-11-12,-0.007202762278511296,0.845943670542835,-0.21823732007660734
2001-11-13,-0.027732533904369312,0.8224835090183192,-0.23991758010275344
2001-11-14,-0.01641385224557676,0.808983386226869,-0.2523934606374073
2001-11-15,0.003514514171174397,0.811826569802008,-0.2497659868603549
2001-11-16,-0.003435587599351719,0.8090374685059719,-0.2523434815325094
2001-11-19,-0.019372940362046873,0.7933640338779444,-0.26682778667607565
2001-11-20,0.02301608827101701,0.8116241705127294,-0.24995303029635518
2001-11-21,-0.00044298089854321975,0.8112646365083963,-0.25028528677694406
2001-11-23,-0.011350536825226125,0.8020563473767041,-0.25879495123779617
2001-11-26,-0.019825808238499557,0.7861549320371422,-0.2734899403999633
2001-11-27,-0.01229186468483511,0.7764916219912259,-0.28242010374473847
2001-11-28,0.025752526151823035,0.7964882427932264,-0.2639406087004025
2001-11-29,-0.007760490431093917,0.7903071034065507,-0.2696527905632997
2001-11-30,0.008013102056269763,0.7966399148819423,-0.26380044383757173
2001-12-03,0.014026139703127247,0.8078136976211637,-0.2534744060134573
2001-12-04,-0.01843832281125088,0.7929189678930745,-0.267239085902242
2001-12-05,-0.030990358050260167,0.7683461251732253,-0.28994760899536753
2001-12-06,-0.011250245457839762,0.7597020426684464,-0.29793587268209565
2001-12-07,0.010640182964500979,0.7677854114009439,-0.29046578191462036
2001-12-10,0.01126066921453314,0.7764311889464742,-0.2824759517883685
2001-12-11,-0.007351121676029867,0.7707235488034642,-0.2877505583722497
2001-12-12,0.0023189737788609664,0.7725108365038901,-0.28609887059310657
2001-12-13,0.02187759845652933,0.7894115183882398,-0.27048042834627983
2001-12-14,0.007816205886273086,0.7955817213449577,-0.2647783531761685
2001-12-17,-0.0006414437022023696,0.7950714004602137,-0.2652499564712465
2001-12-18,-0.005119822684356014,0.7910007758684547,-0.26901174641143666
2001-12-19,0.008662926686303002,0.797853157598612,-0.2626792487620502
2001-12-20,0.01170447294296955,0.8071916082941878,-0.25404929797889564
2001-12-21,-0.011779405535712158,0.7976833709950669,-0.26283615380765135
2001-12-24,0.006694726301519279,0.8030236428391522,-0.25790104361801824
2001-12-26,-0.01081982742583311,0.7943350656047687,-0.2659304262589621
2001-12-27,-0.009339725553750124,0.7869161940943,-0.2727864346150618
2001-12-28,-0.007346486644539575,0.7811351247840143,-0.27812889936089036
2001-12-31,0.008121423747321704,0.7874790541363023,-0.2722662782616546
2002-01-02,-0.015502933727872434,0.7752708185479394,-0.2835482859213022
2002-01-03,-0.017808224358070786,0.7614646218729725,-0.2963070187873401
2002-01-04,0.00036021943798275667,0.7617389162311073,-0.29605353489713526
2002-01-07,0.003438497810932087,0.7643581538270697,-0.29363301651786566
2002-01-08,0.0101333304459245,0.7721036475788363,-0.2864751664581503
2002-01-09,-0.003443283162993682,0.7694450760890421,-0.28893203450386273
2002-01-10,0.002094489711099307,0.7710566708841666,-0.2874427099662388
2002-01-11,0.0036329514331513604,0.7738578823216963,-0.28485402393820813
2002-01-14,0.006602412096344036,0.7789672109647882,-0.280132335495206
2002-01-15,0.00692194386796718,0.7843591782740733,-0.2751494519291393
2002-01-16,0.01348000703753359,0.7949323455171619,-0.265378461439984
2002-01-17,0.006691945253645788,0.800251989253715,-0.2604624143217913
2002-01-18,0.010970347809352259,0.8090310319109544,-0.2523494297888126
2002-01-22,0.021073359482816353,0.8260800336791677,-0.23659392055521966
2002-01-23,-0.004304340898147312,0.8225243036050596,-0.2398798805648682
2002-01-24,-0.014817894847351794,0.8103362249648486,-0.2511432605660143
2002-01-25,0.0018533642862415157,0.8118380731840462,-0.24975535622963618
2002-01-28,0.009990937182924334,0.8199490963759344,-0.24225970912190098
2002-01-29,0.01705588838437385,0.8339340566445905,-0.22933577529634108
2002-01-30,0.007152743993325314,0.8398989734590845,-0.2238234113922214
2002-01-31,0.0023248917639823842,0.8418516476650568,-0.22201888483397114
2002-02-01,0.0006836237457224421,0.8424271574417762,-0.22148703846992002
2002-02-04,0.015445275108963104,0.8554386766477262,-0.2094626916031943
2002-02-05,0.018223388059764676,0.8710276676136093,-0.1950564234565575
2002-02-06,0.011538221246167171,0.8810777775540681,-0.18576880637971804
2002-02-07,-0.012431375432007199,0.8701247689164949,-0.19589082003606317
2002-02-08,-0.012174062001515225,0.8595318160306513,-0.2056800950489318
2002-02-11,-0.009361191703882412,0.8514855739252022,-0.21311587595338843
2002-02-12,-0.0018786418704451377,0.8498859374739463,-0.21459414941601096
2002-02-13,-0.0007340301531190271,0.8492620955691286,-0.2151706609927757
2002-02-14,0.009449440190838366,0.857287146947555,-0.20775446309381185
2002-02-15,0.009802301155133917,0.8656905337383605,-0.19998863375224663
2002-02-19,0.012708076629641208,0.8766917953786626,-0.18982202800538617
2002-02-20,0.001466432439434587,0.8779774046667921,-0.18863395674553785
2002-02-21,0.005020658923303589,0.8823854297579913,-0.18456036458040692
2002-02-22,-0.0007228477925596251,0.8817475993979039,-0.18514980332083564
2002-02-25,0.004330767872652224,0.8855662435731646,-0.18162087626803314
2002-02-26,0.000813544066829602,0.8862866907364081,-0.18095508878750377
2002-02-27,0.003999881064735722,0.8898317320886119,-0.1776790065559768
2002-02-28,-0.001403621042162517,0.8885827455454683,-0.17883323360578685
2002-03-01,-0.023544988139551325,0.8676610753405903,-0.19816759538113238
2002-03-04,-0.025992513875605198,0.8451083828004775,-0.2190092352840982
2002-03-05,-0.021483093391511048,0.826952840486826,-0.23578733282039743
2002-03-06,-0.01219814804941876,0.8168655473086803,-0.24510931207589548
2002-03-07,-0.013623369135540627,0.8057370864235888,-0.2553934665744677
2002-03-08,-0.021899016729827917,0.7880922364881557,-0.2716996175070927
2002-03-11,-0.0087706757007414,0.7811801350596461,-0.27808730397466386
2002-03-12,0.01894457402674587,0.7959792599565069,-0.2644109754639643
2002-03-13,0.016828938082978202,0.8093747456376498,-0.25203179331552894
2002-03-14,0.004040357476431692,0.8126449089424218,-0.24900973437951823
2002-03-15,-0.0026622047731619377,0.8104814817869496,-0.2510090242492512
2002-03-18,-0.005826193662919256,0.805759459713849,-0.2553727907257539
2002-03-19,0.007961695246574347,0.8121746709741351,-0.24944429581320526
2002-03-20,0.014753850381019057,0.8241573745529408,-0.2383707092510129
2002-03-21,-0.010383909574272926,0.8155993989006128,-0.24627939893526807
2002-03-22,0.008040671175752936,0.8221573654783145,-0.24021897942371562
2002-03-25,0.0067433857636298436,0.8277014897521444,-0.23509548290608528
2002-03-26,0.006359320797883908,0.8329651090503647,-0.23023120970213462
2002-03-27,0.0022471790876727473,0.8348369308241838,-0.22850140137423414
2002-03-28,-0.008655059009862092,0.8276113679242884,-0.235178767271366
2002-04-01,-0.006523958440313266,0.8222120657552194,-0.24016842920795678
2002-04-02,0.0035780853448271993,0.8251540106980384,-0.2374496869999686
2002-04-03,0.014541925454061912,0.8371533388097295,-0.2263607371933506
2002-04-04,0.008287806969950828,0.8440915040860344,-0.21994896431883404
2002-04-05,0.01396450187415086,0.8558788214767986,-0.2090559401691311
2002-04-08,0.014005301742644392,0.8678656626267202,-0.19797852994964749
2002-04-09,0.00871609499271274,0.8754300621830883,-0.1909880346304934
2002-04-10,0.0011429492323515337,0.876430634300638,-0.19006337502571113
2002-04-11,0.01674349365223553,0.8911051450626754,-0.17650220628674107
2002-04-12,-0.0014312260650649186,0.8898297721523482,-0.177680817793627
2002-04-15,-0.003670027969966972,0.8865640720000397,-0.1806987521925647
2002-04-16,-0.01983733453626649,0.8689770039159403,-0.19695150513130133
2002-04-17,-0.012263268051843943,0.8583205059860309,-0.20679950408250602
2002-04-18,0.0023861091334038994,0.8603685523847521,-0.2049068411345768
2002-04-19,0.007136233587030241,0.8665083433455046,-0.1992328706294635
2002-04-22,0.01733968976445943,0.8815333291974314,-0.1853478170326015
2002-04-23,0.005139826170040789,0.8860642572726036,-0.1811606464231048
2002-04-24,0.008047310955898255,0.8931946918777833,-0.17457119152194478
2002-04-25,0.022364195712533064,0.9131702727763338,-0.1561111401023786
2002-04-26,0.01132220268423682,0.9235093716899272,-0.14655645938764816
2002-04-29,0.012451596446870446,0.9350085377011131,-0.13592972482975485
2002-04-30,-0.0038198483747968917,0.9314369468579543,-0.13923034226607423
2002-05-01,-0.00184737998434041,0.9297162288856539,-0.14082051090289938
2002-05-02,0.004789380927380369,0.9341689940601549,-0.13670557304462128
2002-05-03,0.010985622537695647,0.9444314220153186,-0.1272217463311931
2002-05-06,0.0034937635467077,0.947731042089921,-0.12417246548416594
2002-05-07,0.006025550136636289,0.9534416430000803,-0.11889512276389425
2002-05-08,-0.018568522505667092,0.935737640394193,-0.13525593850670603
2002-05-09,0.012745161997177717,0.9476637682078738,-0.12423463535687662
2002-05-10,0.00635500999062776,0.9536861809225908,-0.11866913771512377
2002-05-13,0.004912846263478594,0.9583714945130676,-0.11433929468145909
2002-05-14,-0.0006763767993993176,0.9577232742689733,-0.11493833503467621
2002-05-15,-0.0017534478987055264,0.9560439564061649,-0.1164902445513345
2002-05-16,0.0004297760211806679,0.956454841173823,-0.11611053324396348
2002-05-17,0.0010377334326005785,0.9574473863392817,-0.11519329159358727
2002-05-20,-0.004671677382778737,0.9529745010393199,-0.11932682308138043
2002-05-21,-0.0014108013627858896,0.9516300433145534,-0.1205692779995462
2002-05-22,-0.003940581385024165,0.9478800676804383,-0.12403474633207956
2002-05-23,-0.005074215746174458,0.9430703197155292,-0.12847958301534312
2002-05-24,0.0039040502187907755,0.9467521136035497,-0.12507712354073353
2002-05-28,0.0030687471501050865,0.9496574564540267,-0.1223922064570373
2002-05-29,0.0070593948628286714,0.9563614634235651,-0.11619682650772178
2002-05-30,0.0040942136990576045,0.9602770116283647,-0.11257834744753914
2002-05-31,0.0051081718720495115,0.9651822716485405,-0.10804524512332281
2002-06-03,0.028798590532102944,0.9929781606785918,-0.08235820536446714
2002-06-04,-0.016092694173371256,0.9769984668179545,-0.09712553412624036
2002-06-05,0.011256835502171368,0.9879963778447979,-0.08696202478478854
2002-06-06,0.02533607490874453,1.013028328083442,-0.06382922625020748
2002-06-07,0.013843714044906249,1.0270524025768186,-0.050869145761216705
2002-06-10,0.0069516407603413865,1.0341921019215783,-0.044271129027992684
2002-06-11,0.01953450325943072,1.054394530907443,-0.025601440282857935
2002-06-12,-0.004343047033093388,1.0498152458682755,-0.029833299056687967
2002-06-13,-0.012266465587336187,1.0369377232817714,-0.04173381550778854
2002-06-14,0.0036592029929033397,1.0407320889022582,-0.038227325017496816
2002-06-17,-0.024292485253578227,1.0154501199796744,-0.06159117354180377
2002-06-18,0.004338638776064086,1.019855791245377,-0.05751975661953157
2002-06-19,0.03125345271235219,1.051729805990483,-0.028063994900713873
2002-06-20,0.019950165800192314,1.0727119899969972,-0.008673710451806538
2002-06-21,0.006987644705322546,1.0802077202542357,-0.0017466745533980532
2002-06-24,-0.0033493408466648165,1.0765897364139054,-0.00509016519163541
2002-06-25,-0.005510834433625711,1.0706568286235878,-0.01057294856765012
2002-06-26,0.015491516895043437,1.0872429269730037,0.0
2002-06-27,-0.012715591042396997,1.0734179905498764,-0.012715591042396945
2002-06-28,-0.004981552827090936,1.0680707021244025,-0.017633800480982398
2002-07-01,0.015375309909231624,1.0844926201745357,-0.002529615719023437
2002-07-02,0.023963177320351952,1.1104805091343912,0.0
2002-07-03,-0.014164750984783044,1.0947508292490473,-0.014164750984783203
2002-07-05,-0.02979551042255391,1.0621321695060577,-0.04353821542173719
2002-07-08,0.017283057310195395,1.0804890606626332,-0.027007631583859215
2002-07-09,0.012986188471652154,1.0945204952459566,-0.014372169306127947
2002-07-10,0.02006942706058141,1.1164868944916069,0.0
2002-07-11,-0.0368233609739471,1.0753740945530612,-0.03682336097394712
2002-07-12,-0.01533541655230983,1.058882784863527,-0.05159407594686549
2002-07-15,-0.024607154268209596,1.0328266928244387,-0.07493164682892484
2002-07-16,-0.01509874402349002,1.017232306968855,-0.08889901709768622
2002-07-17,-0.013633393301404171,1.0033639788490538,-0.10132041513488943
2002-07-18,0.003972591279966788,1.0073499338420624,-0.09775032845257003
2002-07-19,0.008716162085242118,1.0161301591419878,-0.08988617407400612
2002-07-22,0.0019662508933683586,1.0181281259751793,-0.0880966619507122
2002-07-23,0.04925490553978777,1.0682759306474878,-0.04318094917367743
2002-07-24,0.011510936984843761,1.0805727875675966,-0.032167065373717496
2002-07-25,0.03179774784615807,1.114932568596091,-0.0013921577612638902
2002-07-26,0.0020360089989943093,1.1172025813390245,0.0
2002-07-29,-0.018953883540932345,1.0960272537206956,-0.018953883540932304
2002-07-30,-0.02387214677704953,1.0698627302482286,-0.0423735604280977
2002-07-31,0.016578625852776904,1.0875995841668444,-0.026497429979708165
2002-08-01,0.004144727386189345,1.092107387948549,-0.022462527217219308
2002-08-02,-0.0017307610398452893,1.0902172110301604,-0.024154410990100517
2002-08-05,0.02476432525340044,1.1172157046409665,0.0
2002-08-06,-0.021256533269903673,1.093467571845607,-0.02125653326990362
2002-08-07,0.008397837253331694,1.1026503345557623,-0.013037204923542434
2002-08-08,-0.019637167772484546,1.0809974049417046,-0.03241835891565914
2002-08-09,0.019252949863998767,1.10180979378216,-0.013789558090536724
2002-08-12,0.0006203525297256883,1.1024933042750094,-0.013177759948056256
2002-08-13,0.013032984663716756,1.116862082601476,-0.00031652082764466183
2002-08-14,-0.0305225383959658,1.082772616802274,-0.030829398204495595
2002-08-15,0.0015594726733109486,1.0844611711095866,-0.02931800313521915
2002-08-16,-0.024035078682216788,1.0583960615341588,-0.05264842130527547
2002-08-19,-0.032254624199100745,1.0242578943155662,-0.0832048904604985
2002-08-20,0.008559933511385799,1.0330254737894193,-0.07535718527927693
2002-08-21,-0.03404338818876136,0.997857786576327,-0.10683515955676348
2002-08-22,-0.029655914390229347,0.9682654014839958,-0.1333227796013109
2002-08-23,0.019103804730611063,0.9867629546413528,-0.11676594721834543
2002-08-26,-0.004405038510540754,0.9824162258253827,-0.12065662723466963
2002-08-27,0.01589510600783562,0.9980318358786949,-0.10667937110727699
2002-08-28,0.0211496519755414,1.01913986186804,-0.08778595070362405
2002-08-29,-0.0075395175300753195,1.0114560390138874,-0.09466360451947509
2002-08-30,0.016203505222831652,1.0278451722247137,-0.07999398150688664
2002-09-03,0.02619880759137857,1.0547734901255563,-0.05589092084547531
2002-09-04,-0.003598604544341096,1.0509777774507398,-0.05928839606807457
2002-09-05,0.014432807806609686,1.0661463377217042,-0.045711286287077546
2002-09-06,-0.01389263551393849,1.051334755247216,-0.05896887156175645
2002-09-09,-0.0018075698683735653,1.0494343942220572,-0.06066985107472311
2002-09-10,-0.013017029858630706,1.0357738753777945,-0.07289713967039557
2002-09-11,-0.008434064444183409,1.0270380917632567,-0.08071638494080224
2002-09-12,0.021609204426660037,1.0492315678421358,-0.06085139737690892
2002-09-13,0.006419362268683156,1.055966965379853,-0.05482266227254373
2002-09-16,0.02224822737031801,1.0794603585211686,-0.0337941419575114
2002-09-17,0.012975575712116839,1.0934669781313888,-0.02125706469299027
2002-09-18,0.007102189474586002,1.1012329877942808,-0.01430584691952752
2002-09-19,0.029939644876854302,1.1342035123755188,0.0
2002-09-20,0.0010569791927908163,1.13540234188849,0.0
2002-09-23,0.015813766441509003,1.1533573293402568,0.0
2002-09-24,0.004446866592149516,1.1584861555169108,0.0
2002-09-25,-0.018694556914746762,1.1368287701476538,-0.01869455691474675
2002-09-26,0.01584479599479201,1.1548415900916538,-0.0031459723604818635
2002-09-27,0.016409365563566796,1.1737918079114786,0.0
2002-09-30,0.01278014370704051,1.1887930358987342,0.0
2002-10-01,-0.008664183947220742,1.1784931143605326,-0.008664183947220683
2002-10-02,0.014692574307338061,1.195808212013961,0.0
2002-10-03,0.02166729307022835,1.2217181389994534,0.0
2002-10-04,0.030585877846471675,1.2590854607617092,0.0
2002-10-07,0.012787639482187035,1.2751861917111933,0.0
2002-10-08,0.02573381039264862,1.3080015913840126,0.0
2002-10-09,0.01666099246986824,1.3297941960486372,0.0
2002-10-10,-0.030002911607006005,1.2898964983290804,-0.030002911607005966
2002-10-11,-0.03472713922142692,1.2451020830503754,-0.06368813554000818
2002-10-14,-0.009473527317194478,1.2333065744539018,-0.07255831156538328
2002-10-15,-0.0286058587451304,1.1980267807956329,-0.09908857749908917
2002-10-16,0.03758193124345678,1.2430509408993142,-0.06523058636221513
2002-10-17,-0.014766875829012748,1.2246949620059167,-0.07903421022216328
2002-10-18,-0.003143959545025115,1.2208445705903739,-0.08192968940757694
2002-10-21,-0.030185971666920358,1.1839921909728193,-0.10964253379136069
2002-10-22,0.004857323829357726,1.1897432244558048,-0.10531777925409902
2002-10-23,-0.019159026010325333,1.1669489030728477,-0.12245901919234536
2002-10-24,-0.018250839533576993,1.1456511058989816,-0.13847487881720355
2002-10-25,-0.017303321054132053,1.12582753699759,-0.15338212458522948
2002-10-28,-0.02044941560792062,1.1028050217906848,-0.17069496538068085
2002-10-29,0.014774958055717215,1.1190989197312766,-0.15844201827878512
2002-10-30,-0.03189249444689807,1.0834080636482173,-0.18528140153757178
2002-10-31,-0.004422742692364793,1.078616428551868,-0.18888469226525517
2002-11-01,-0.016783661701594864,1.060513295309271,-0.20249817719126006
2002-11-04,-0.04121058540005141,1.0168089215850384,-0.23536369416681624
2002-11-05,0.003185928864909056,1.020048402478413,-0.232927617288905
2002-11-06,-0.015507461419777137,1.004230041230674,-0.24482296266997372
2002-11-07,0.019623744267858723,1.0239367947458857,-0.23000356161245028
2002-11-08,0.004739615784064918,1.028789861740148,-0.22635407433939492
2002-11-11,0.024872987215535672,1.0543789388186835,-0.2071111891210875
2002-11-12,-0.012064266004525313,1.041658630831206,-0.2166768106475423
2002-11-13,-0.0008905441567251097,1.040730987824217,-0.2173743945366473
2002-11-14,-0.023614359719117056,1.0161547919069038,-0.2358555971094508
2002-11-15,0.006966872562382497,1.0232342128457736,-0.2305319004352544
2002-11-18,-0.019421013200923216,1.0033619676904595,-0.2454757505545907
2002-11-19,-0.011121635625805216,0.9922029414850152,-0.2538672943277568
2002-11-20,-0.022753830289773614,0.969626524141451,-0.27084467128627254
2002-11-21,-0.03567858213406469,0.9350316245605026,-0.29685989957027625
2002-11-22,-0.022707681262716377,0.9137992244594229,-0.3128265808538687
2002-11-25,-0.02648536642309239,0.8895969171624774,-0.3310266206561633
2002-11-26,0.011099316098659207,0.8994708345464565,-0.3236014736572378
2002-11-27,-0.006261696564637869,0.893838621111785,-0.32783687598596434
2002-11-29,-0.003991288664604612,0.8902710531553557,-0.33051967304360674
2002-12-02,-0.010085847505102205,0.881291915075024,-0.337271949528955
2002-12-03,0.02513850508066497,0.9034462763596864,-0.3206119570650894
2002-12-04,0.030198325615318204,0.930728841189143,-0.30009557572538725
2002-12-05,0.006537868178392661,0.9368138236626659,-0.29551969286200597
2002-12-06,0.009136203337743504,0.945372745245257,-0.28908341752855715
2002-12-09,0.024867147458308952,0.9688814687043371,-0.27140495004168275
2002-12-10,-0.015309861297147098,0.9540480278050976,-0.2825596391983326
2002-12-11,-0.010431998073687231,0.9440954006168297,-0.290043975660201
2002-12-12,-0.006846464882064079,0.9376316846111884,-0.2949046646486533
2002-12-13,0.007588376064348696,0.9447467864438669,-0.28955413608278924
2002-12-16,-0.0043604503726691335,0.9406272649668398,-0.29265200001486824
2002-12-17,-0.003493083520632803,0.9373415753685262,-0.2951228256569688
2002-12-18,0.020813093959706493,0.9568505536490106,-0.280452150797315
2002-12-19,0.015923221627089687,0.9720866970787673,-0.2689946309231649
2002-12-20,-0.007261137860954585,0.9650282415584783,-0.2743025616851298
2002-12-23,-0.0029633182924910127,0.9621685557174977,-0.2764530341789021
2002-12-24,0.007184388444476875,0.9690811483708335,-0.27125479171862066
2002-12-26,-0.003902415392251743,0.9652993911810901,-0.27409865823644775
2002-12-27,0.0014381381976326301,0.9666876251076992,-0.27305471178914464
2002-12-30,0.015165947544484564,0.9813483589219849,-0.2620298976804287
2002-12-31,-0.01088472712449093,0.9706666498210521,-0.2700625008702099
2003-01-02,-0.021355563800299904,0.9499375162519753,-0.2856507277031074
2003-01-03,0.007692286300533034,0.9572447075946028,-0.2801557485820223
2003-01-06,-0.018573094463315065,0.9394657112159398,-0.2935254838624827
2003-01-07,-0.012484001778935085,0.9277374196058715,-0.3023451129787158
2003-01-08,0.001827023549379356,0.9294324177191319,-0.30107048107078827
2003-01-09,-0.014392663727602641,0.9160554094733677,-0.31112993860603155
2003-01-10,-0.014456784471453389,0.9028121938547022,-0.32108878461244095
2003-01-13,-0.0029337741795612804,0.9001635467513782,-0.3230805568063596
2003-01-14,-0.011904488987766455,0.8894475597218877,-0.3311389368634632
2003-01-15,0.00387876418154879,0.8928975170579029,-0.3285445825293366
2003-01-16,0.012750212767752733,0.9042821503801893,-0.3199833830925254
2003-01-17,0.014662890468678079,0.9175415405039947,-0.31001237392193004
2003-01-21,0.0029280309693995483,0.920228130550301,-0.307992068784271
2003-01-22,0.011119030042945456,0.9304601747802533,-0.3002976118071268
2003-01-23,-0.007177902446225494,0.9237814224155827,-0.3053200072909663
2003-01-24,0.022419926174556966,0.9444925337075674,-0.2897453331394879
2003-01-27,0.008022661745477354,0.952069877826632,-0.28404720019411933
2003-01-28,-0.015574705761453806,0.9372416696151389,-0.29519795439018504
2003-01-29,0.0012922311825354946,0.9384528025261871,-0.2942871872093332
2003-01-30,0.014671453813148893,0.9522212694742702,-0.28393335427112765
2003-01-31,0.00581679271417971,0.9577601432168351,-0.2797681430233848
2003-02-03,0.0029488421678014625,0.9605844267137925,-0.27764429295293813
2003-02-04,0.009345075438117995,0.9695611606461142,-0.27089382437742837
2003-02-05,-0.002482682393067549,0.9671540482235759,-0.2727039634423234
2003-02-06,0.006278350190165143,0.9732261800261593,-0.26813774423289516
2003-02-07,-0.002695689098021045,0.9706026648227541,-0.2701106173370196
2003-02-10,-0.004136318854420798,0.9665879427200967,-0.27312967255217
2003-02-11,0.001260669531089398,0.9678064906886025,-0.27221332927730346
2003-02-12,0.008345526948718273,0.9758833458377887,-0.26613956600386923
2003-02-13,0.0028698141564444902,0.9786839496787124,-0.2640335229415326
2003-02-14,-0.0107938572624674,0.9681201748208126,-0.2719774400448627
2003-02-18,-0.016559225248793573,0.9520888547780533,-0.28403292960136317
2003-02-19,0.004774473880564489,0.9566345781471676,-0.28061456352440073
2003-02-20,-0.012408171972219892,0.9447644917869454,-0.28954082173450046
2003-02-21,0.005064352244685496,0.949549111961626,-0.285942806200294
2003-02-24,0.0026493668883637517,0.9520648159377323,-0.2840510067146431
2003-02-25,0.003247436718543529,0.9551565861794419,-0.281726007665244
2003-02-26,0.005957929715768168,0.960847341987452,-0.27744658170224934
2003-02-27,-0.006341429761128154,0.9547541960570719,-0.2820286034530476
2003-02-28,-0.002612043946946049,0.9522603361384397,-0.2839039762934784
2003-03-03,0.007721974493165375,0.9596136661649538,-0.2783743010637596
2003-03-04,0.008656766891664785,0.9679208179789996,-0.27212735560503387
2003-03-05,-0.0010325159878316638,0.9669214242594811,-0.27287889574747703
2003-03-06,0.00615014079550407,0.9728681271568662,-0.26840699858094164
2003-03-07,0.0013613151430142967,0.9741925072705209,-0.2674110699495865
2003-03-10,0.005137368567002512,0.9791972932355817,-0.2636474906078117
2003-03-11,0.010771599007726044,0.989744813827766,-0.25571579664830624
2003-03-12,-0.00700933355723381,0.982807362291105,-0.2609327328909783
2003-03-13,-0.016847799869365507,0.9662492205410855,-0.27338439029722994
2003-03-14,0.006216035250533108,0.9722554597567691,-0.2688677220537299
2003-03-17,-0.024161161299506035,0.9487646387692603,-0.286532726952465
2003-03-18,-0.01529778869781752,0.934250637801407,-0.2974471985383542
2003-03-19,-0.003155296295351838,0.9313028002250222,-0.2996639607900953
2003-03-20,-0.002461282546568658,0.9290106008972578,-0.30138768566013563
2003-03-21,-0.0126951474572978,0.9172166743294743,-0.31025667200616425
2003-03-24,0.02002637985571412,0.9355852038595911,-0.2964436101168154
2003-03-25,-0.004970226097001808,0.9309351338633994,-0.2999404444465251
2003-03-26,0.0014771325164345834,0.9323102484203205,-0.29890636371357626
2003-03-27,4.5564731644076087e-05,0.9323527288865987,-0.2988744185701816
2003-03-28,0.0150868580323637,0.9464190021433978,-0.28829663646029136
2003-03-31,0.013915601814236131,0.959588992126652,-0.2783928558434202
2003-04-01,-0.0026670934668487647,0.9570296785948911,-0.2803174495432317
2003-04-02,-0.02547790114786862,0.9326465710480739,-0.2986534504216152
2003-04-03,-0.007775535762690234,0.9253947442809393,-0.3041067955999013
2003-04-04,-0.004078587218749928,0.9216204411046167,-0.3069450567289824
2003-04-07,-0.007650696408584488,0.9145694029057796,-0.31224740969441767
2003-04-08,0.009832483480367155,0.9235618914514999,-0.30548509371165833
2003-04-09,0.0082254303705794,0.9311585854825548,-0.29977240970865415
2003-04-10,0.0033497562539786577,0.9342777397777209,-0.2974268179588673
2003-04-11,-0.002271214450232083,0.9321557946746076,-0.2990225123222646
2003-04-14,-0.010663122304201038,0.9222161034294225,-0.3064971210058639
2003-04-15,-0.006292409157063231,0.916413142375412,-0.3108609248720964
2003-04-16,-0.007431341673042765,0.9096029632007536,-0.3159821527996165
2003-04-17,-0.009009184103642893,0.9014081826440589,-0.32214459551522223
2003-04-21,-0.015617032802699014,0.8873308614870853,-0.3327306856025478
2003-04-22,-0.0184033280432347,0.8710010205602524,-0.3450106616885884
2003-04-23,-0.014733300248777696,0.8581683010073464,-0.3546608162696787
2003-04-24,0.0004920578148425847,0.8585905694263073,-0.35434327208110006
2003-04-25,0.008107436208836706,0.8655515376974399,-0.34910865134669133
2003-04-28,-0.015589076153628364,0.8520583888613843,-0.3592554461485856
2003-04-29,-0.002391937580986452,0.850020318379872,-0.36078806712675526
2003-04-30,-0.0005118078365257503,0.8495852713197192,-0.36111522080320047
2003-05-01,-0.002996485748285393,0.8470395011622565,-0.3630296299388601
2003-05-02,-0.023155525928312343,0.827425856030789,-0.37777901385837764
2003-05-05,-0.01106600784424496,0.8182695550174212,-0.3846645161718747
2003-05-06,-0.01071429701035324,0.809502371970435,-0.3912574033066186
2003-05-07,8.232563649424051e-05,0.8095690147684511,-0.3912072881848846
2003-05-08,0.008143848970044363,0.8161620225555529,-0.3862493722857986
2003-05-09,-0.017816351766911313,0.8016209928629093,-0.3971841693663175
2003-05-12,-0.009763323718180018,0.7937945076102999,-0.4030696554632377
2003-05-13,-0.0017431641749904498,0.7924107934623295,-0.40411020305479883
2003-05-14,-0.011792659068227521,0.7830661631330446,-0.4111373282724089
2003-05-15,-0.010830840811907444,0.7745848981749595,-0.41751520612996496
2003-05-16,-0.004542553702876202,0.7710663046775629,-0.42016117458722835
2003-05-19,0.009354514052132374,0.7782792552597948,-0.4147370641469327
2003-05-20,0.0012779094778701968,0.7792738256965209,-0.41398915109416
2003-05-21,0.002422201798676376,0.7811613841587844,-0.4125697145618964
2003-05-22,-0.007414267765701757,0.775369644488405,-0.41692507999181716
2003-05-23,-0.009522781123975326,0.7679859690737674,-0.42247757483393444
2003-05-27,-0.029088243550748533,0.745646606161792,-0.43927668779318396
2003-05-28,-0.010135805967926554,0.7380888768410931,-0.44496007048740527
2003-05-29,-0.007647658612009266,0.7324442250856912,-0.4492048263843512
2003-05-30,-0.006034941275810261,0.7280239671994927,-0.45252884291212137
2003-06-02,-0.006343947870104343,0.7234054211033926,-0.45600197139307264
2003-06-03,0.005527709287020676,0.727404195967907,-0.4529949084382211
2003-06-04,-0.013151550084441346,0.7178377032530022,-0.4601888732963403
2003-06-05,-0.010439340549991388,0.7103439510091205,-0.4658241454806743
2003-06-06,-0.003444844367188625,0.7078969266507202,-0.4676642981642034
2003-06-09,0.007966907262740271,0.7135366758169254,-0.46342322899503186
2003-06-10,-0.005514304087789492,0.7096020176086804,-0.4663820764767974
2003-06-11,0.0012884715300994784,0.7105163196060704,-0.4656945249743869
2003-06-12,0.0005459588403573293,0.7109042322719775,-0.4654028161768453
2003-06-13,0.01455200524938233,0.7212493143918075,-0.45762335515154573
2003-06-16,-0.004371084210026156,0.7180966729021773,-0.4599941291397298
2003-06-17,-0.006874326537044972,0.7131602418874821,-0.4637063058279447
2003-06-18,-0.007644948423038066,0.7077081686208909,-0.4678062434594906
2003-06-19,0.001536182140829153,0.7087953372704452,-0.46698869691523226
2003-06-20,-0.005725001297560596,0.7047374830448669,-0.47004018731700714
2003-06-23,0.009587025252339627,0.7114938190910883,-0.46495944921009
2003-06-24,-0.0043898472635312095,0.7083704698963319,-0.4673081955078534
2003-06-25,-0.0027254312645502905,0.7064398548707923,-0.468760010406186
2003-06-26,0.001041387255337862,0.7071755323323174,-0.46820678385149717
2003-06-27,0.0023351598734852857,0.7088269002589305,-0.4669649616721555
2003-06-30,-2.1423038023011756e-05,0.7088117150332945,-0.4669763809020492
2003-07-01,0.0030944644785490427,0.7110051077074445,-0.4653269582465229
2003-07-02,0.002910733444048509,0.7130746540533379,-0.46377066754225993
2003-07-03,0.007712311749666652,0.7185741080861829,-0.45963509976103023
2003-07-07,-0.007862033727738752,0.7129246542125296,-0.4638834668319951
2003-07-08,0.0015560100524069065,0.714033972141093,-0.4630492641171242
2003-07-09,0.001712806395298979,0.715256974095037,-0.46212957146274347
2003-07-10,0.002740432950442075,0.7172170878748806,-0.4606555736173116
2003-07-11,-0.003100384687426645,0.7149934389980726,-0.46232774881811733
2003-07-14,0.004622962452068714,0.7182988268200361,-0.45984211018938426
2003-07-15,-0.0031943695247651474,0.7160043149379676,-0.4615675740911568
2003-07-16,-0.0026414936057395943,0.7141129941183769,-0.4629898399013179
2003-07-17,-0.0034126036240368896,0.7116760095266768,-0.4648224427198153
2003-07-18,-0.005179131556659826,0.7079901458476194,-0.4675941976951412
2003-07-21,0.0034297235961904616,0.7104183563567034,-0.4657681929522275
2003-07-22,-0.009270072616229169,0.7038327266053745,-0.4707205605974597
2003-07-23,0.0013013658047931883,0.7047486704480731,-0.47003177443384114
2003-07-24,0.010758043774259344,0.7123303874946045,-0.46433035306423387
2003-07-25,-0.005434108775267008,0.7084595066850308,-0.4672412401932916
2003-07-28,-0.004305064115601953,0.705409543085444,-0.46953480081240806
2003-07-29,0.006897010574470993,0.710274760163437,-0.46587617672422243
2003-07-30,-0.0016494187791898066,0.7091032196356389,-0.4667571705887461
2003-07-31,-0.010205806273840223,0.7018662495478812,-0.4721993436026318
2003-08-01,-0.0021799778136601523,0.70033619669571,-0.4733499373236133
2003-08-04,-0.005324009045692545,0.6966076004494761,-0.476153827021217
2003-08-05,0.002948187302858605,0.698661330132196,-0.47460943038538994
2003-08-06,0.005773541958799102,0.7026950806367047,-0.47157606588696255
2003-08-07,0.0012384091084453987,0.703565304625025,-0.47092166087383636
2003-08-08,-0.0021194436310441943,0.7020741376211138,-0.4720430125900208
2003-08-11,0.005655667628577216,0.7060448355941189,-0.4690570633470449
2003-08-12,0.004828190850018579,0.7094537548090373,-0.46649356951841514
2003-08-13,0.007588454242826348,0.714837412164807,-0.462445080382452
2003-08-14,-0.012497591848038107,0.7059036659498634,-0.4691632223637371
2003-08-15,-0.00313295579843556,0.7036921009664889,-0.4708263105242555
2003-08-18,0.001382533998694828,0.704664979220688,-0.4700947099073405
2003-08-19,0.0031612595462573037,0.7068926081131627,-0.4684195417504228
2003-08-20,0.0034300265340945478,0.7093172685157461,-0.4665962066736207
2003-08-21,0.0001462569135354179,0.7094210110701564,-0.4665181926811408
2003-08-22,-0.002084724541799257,0.7079420636779103,-0.4676303552974619
2003-08-25,-0.008400058870311124,0.7019953086662464,-0.47210229165372974
2003-08-26,0.0038239649597703847,0.7046797141285094,-0.4700836293146705
2003-08-27,0.0034686635929331807,0.7071240109975855,-0.46824552769237504
2003-08-28,0.006523658055695006,0.7117370462483054,-0.4647765433454535
2003-08-29,0.0019544684857215277,0.7131281138753183,-0.46373046596660317
2003-09-02,-0.001209848405428982,0.7122653369638796,-0.4643792708072336
2003-09-03,-0.0014792215175282498,0.7112117387512532,-0.46517157251508967
2003-09-04,0.004405462997249836,0.7143449557495316,-0.46281540566792756
2003-09-05,0.0010528464509408488,0.71509705130094,-0.4622498327742849
2003-09-08,-0.006835374943883377,0.7102090948340327,-0.46592555679340864
2003-09-09,-0.0018266584689964997,0.7089117853761958,-0.46690112839816655
2003-09-10,-0.01166217040072747,0.7006443353360546,-0.47311821827922274
2003-09-11,0.003127367155460222,0.7028355074180438,-0.47147046550025884
2003-09-12,-0.00016580480746727363,0.7027189739120552,-0.47155809823796735
2003-09-15,0.0024207258061676043,0.7044200638666878,-0.4702788852893116
2003-09-16,0.01151350270910922,0.7125304061803677,-0.4641799398000178
2003-09-17,0.004609248876536614,0.7158146361545527,-0.4617102117895153
2003-09-18,-0.0014671436518833836,0.7147644332551932,-0.46249996023516204
2003-09-19,0.0033645152733048586,0.7171692691076954,-0.4606915331419713
2003-09-22,-0.006383440440749112,0.7125912617924108,-0.4641341766193513
2003-09-23,0.003924179093177382,0.7153875975239176,-0.4620313431584926
2003-09-24,-0.010751216422352527,0.7076963106370711,-0.46781516061663797
2003-09-25,-0.005229175808066009,0.7039956422100301,-0.470598048704161
2003-09-26,-0.009791252716316411,0.6971026429659662,-0.47578155699780955
2003-09-29,0.0065846509454086976,0.701692820543019,-0.47232976153149453
2003-09-30,-0.0015522398913983537,0.7006036249554642,-0.47314883232514904
2003-10-01,0.005032834480602216,0.704129647036375,-0.4704972776023295
2003-10-02,0.011817627124278259,0.7124507886522006,-0.46423981186774355
2003-10-03,0.024715764594518075,0.7300595546297071,-0.45099808917875206
2003-10-06,0.006949091392207678,0.7351328051965833,-0.4471830247259586
2003-10-07,0.006387564601963341,0.739828513480799,-0.44365187058333366
2003-10-08,0.0025003593167405355,0.741678350597271,-0.4422608003545955
2003-10-09,0.006068440339505494,0.7461791814189734,-0.4388761932965438
2003-10-10,0.00663263154591718,0.7511283129965595,-0.4351544658350375
2003-10-13,0.0069317811814533226,0.7563349701014458,-0.43123908019088475
2003-10-14,0.005694053909040221,0.7606415821944957,-0.42800052485213635
2003-10-15,-0.005388126938285784,0.7565431487950932,-0.43108253063286595
2003-10-16,0.0021838588237179483,0.7581953322261128,-0.42984009519742117
2003-10-17,-0.014443302022190716,0.7472444880509559,-0.43807508690342833
2003-10-20,0.00841751930602806,0.7535344329554479,-0.4333450730988998
2003-10-21,0.01625882097058093,0.7657860143960388,-0.4241319320903171
2003-10-22,-0.011345577461407776,0.7570977298508458,-0.4306654878623377
2003-10-23,-0.008758012420425012,0.7504670585293365,-0.4356517265910159
2003-10-24,-0.005617649219430595,0.7462511978437808,-0.4388220372286189
2003-10-27,0.009728354240918074,0.7535109938491146,-0.43336269921458215
2003-10-28,0.014536355759285,0.7644642977242377,-0.42512585782388435
2003-10-29,0.008200084543877283,0.7707329695963522,-0.4204118412559513
2003-10-30,0.0016486219422640752,0.772003616881655,-0.41945631949996953
2003-10-31,-0.015081856599638338,0.7603603690374438,-0.4282119960390972
2003-11-03,0.01638792334766002,0.7728210964818278,-0.4188415780590744
2003-11-04,0.005021837931931973,0.7767020787787375,-0.4159230946513097
2003-11-05,-0.004495911796131258,0.7732100947406765,-0.41854905289991484
2003-11-06,-0.0009130880280568299,0.7725040858599961,-0.4190799687986142
2003-11-07,0.002909365640849664,0.7747515827048131,-0.41738986001975553
2003-11-10,-0.013607704088134234,0.7642089924255524,-0.42531784640335324
2003-11-11,-0.004184612012373119,0.7610110742958849,-0.4277226682465902
2003-11-12,0.013055289991590816,0.7709462945576296,-0.4202514217249357
2003-11-13,-0.006238109564590247,0.7661370471037643,-0.4238679568761309
2003-11-14,-0.016104400100126454,0.7537988695656758,-0.4331462178091011
2003-11-17,-0.00947730284048402,0.7466548893979874,-0.4385184627691979
2003-11-18,-0.001611631374655027,0.745451556952194,-0.43942336403088866
2003-11-19,-0.0006030226174314244,0.7450020328031524,-0.4397614044211816
2003-11-20,-0.0012665274848682774,0.7440584672523244,-0.44047096200056624
2003-11-21,0.005097349505024218,0.747851193312082,-0.4376188469356732
2003-11-24,0.0212146992031105,0.7637166314268852,-0.42568809993591505
2003-11-25,0.005667612962769145,0.7680450817070426,-0.42243312236643926
2003-11-26,0.00538367506895539,0.7721799868652625,-0.41932368996666913
2003-11-28,0.005172483647835097,0.7761740752205085,-0.41632015124833655
2003-12-01,0.0024034744275874508,0.7780395897616573,-0.41491729165796376
2003-12-02,-0.0023675318224595683,0.7761975562737633,-0.4163024935887344
2003-12-03,-0.01115179469231115,0.7675415604855246,-0.4228117683426468
2003-12-04,-0.015157793757899066,0.755907323811069,-0.43156066851759545
2003-12-05,-0.00825171829250073,0.749669789519742,-0.4362512697473656
2003-12-08,-0.0036237733170724784,0.7469531561398649,-0.4382941673535887
2003-12-09,-0.017785339934488338,0.7336683403427784,-0.44828429653039004
2003-12-10,-0.013640644819985968,0.723660631096494,-0.4558100544830276
2003-12-11,0.017657676316978923,0.7364387962837367,-0.4462009245701345
2003-12-12,-0.0012643466308005947,0.7355076823728645,-0.4469011185652947
2003-12-15,-0.00961344861556603,0.7284369170620189,-0.45221830624129433
2003-12-16,-0.005613442349218275,0.7243478784230489,-0.455293247199166
2003-12-17,0.0025579337665461873,0.7262007123199934,-0.45389992340331087
2003-12-18,0.014643015383310996,0.7368344805218665,-0.4459033715808782
2003-12-19,-0.0003700644925113894,0.7365618042437673,-0.4461084230684764
2003-12-22,-0.0012976313770551528,0.7356060185354402,-0.4468271701581894
2003-12-23,0.0066436421122536725,0.7404931216582096,-0.44315208785049776
2003-12-24,-0.0024204223500889186,0.7387008155564609,-0.44449989498266473
2003-12-26,0.0014373982436847181,0.7397626228113503,-0.44370142010734615
2003-12-29,0.0026755062539438918,0.741741862335116,-0.44221303977778326
2003-12-30,-0.0059869975494081535,0.7373010556230222,-0.4455525089417255
2003-12-31,-0.0018331192178974271,0.7359494948885835,-0.4465688772928994
2004-01-02,0.0020752373894461894,0.7374767647971203,-0.44542037633457443
2004-01-05,0.008358697202236197,0.7436411097677442,-0.4407848131858251
2004-01-06,0.006301911262739215,0.7483274700528254,-0.43726068870174606
2004-01-07,0.004801486066013363,0.751920553973099,-0.4345587037397496
2004-01-08,0.00018415709845018394,0.7520590254805838,-0.4344545737112864
2004-01-09,0.007100525970892526,0.7573990401226528,-0.4304389037242039
2004-01-12,0.005432013462416917,0.7615132419050207,-0.42734504018156483
2004-01-13,0.0027867354910131306,0.7636353778831139,-0.42574920228093405
2004-01-14,0.002413165238891181,0.7654781562322089,-0.42436344021747285
2004-01-15,0.00078321114731769,0.7660776872571982,-0.4239125952470476
2004-01-16,0.006634812280598936,0.7711604689045051,-0.4200903634592944
2004-01-20,0.0029863957481903506,0.773463459250014,-0.4183585237863946
2004-01-21,-0.0009950121162089678,0.7726938537366154,-0.41893726410251675
2004-01-22,-0.00014626546909289747,0.7725808353076333,-0.4190222535161552
2004-01-23,-0.002180155091005307,0.7708964892663243,-0.4202888751079128
2004-01-26,0.0010651761470471133,0.7717176298185331,-0.4196713806454999
2004-01-27,-0.005359031124571678,0.7675819710209548,-0.42278137977910046
2004-01-28,-0.009243947714271384,0.7604864834144197,-0.42811715852412635
2004-01-29,-0.012323217841166533,0.7511148428140412,-0.4351645953592588
2004-01-30,0.006434131342278607,0.7559476143658417,-0.4315303701790312
2004-02-02,-0.00525160137288873,0.7519776788364061,-0.4345157460674445
2004-02-03,-0.005490794315028889,0.7478487240724225,-0.4376207037941757
2004-02-04,-0.014825474684511083,0.7367615117458429,-0.4459582438131683
2004-02-05,0.009367610443983036,0.743663206577998,-0.4407681964715099
2004-02-06,0.018251641285416172,0.757236280661622,-0.4305612981981115
2004-02-09,0.0057103976474717705,0.7615604009372923,-0.42730957677496273
2004-02-10,-0.0034726418816837822,0.7589157743935655,-0.42929832552389324
2004-02-11,0.013825410674529985,0.7694080966419354,-0.4214081405016191
2004-02-12,-0.001581695026105982,0.7681911276824313,-0.4223232963679331
2004-02-13,-0.004919148692935434,0.7644122813007677,-0.425164973969544
2004-02-17,0.0031802211352114865,0.7668432813937756,-0.42333687147050214
2004-02-18,-0.003325146807716317,0.7642934149046303,-0.42525436103145975
2004-02-19,-0.010682445359083956,0.756128892261604,-0.431394049915113
2004-02-20,-0.004457396670401948,0.7527585258548424,-0.433928552183792
2004-02-23,-0.018735490172527725,0.7386552258914025,-0.44453417823130115
2004-02-24,-0.006705234893512823,0.7337023690964799,-0.44825870704157844
2004-02-25,0.009493998470396775,0.7406681382664084,-0.44302047605017636
2004-02-26,0.010005209559667329,0.7480786782039326,-0.43744777919261457
2004-02-27,0.006519595832317232,0.7529558488365963,-0.433780166078378
2004-03-01,0.006424061773441159,0.7577928837221964,-0.4301427348879179
2004-03-02,-0.0024832245734936046,0.7559111138117189,-0.431557818452028
2004-03-03,-0.003663276074073083,0.7531420027143665,-0.4336401790951866
2004-03-04,0.011038124288277983,0.7614552777470502,-0.4273886290001524
2004-03-05,-0.0026130171889146925,0.7594655820177074,-0.42888487235514305
2004-03-08,-0.01114337295858877,0.7510025737880723,-0.4352490212247817
2004-03-09,-0.006476533208667186,0.7461386806791394,-0.4389066496934467
2004-03-10,-0.006888861741778722,0.7409986344677476,-0.44277194420793997
2004-03-11,-0.00315309584289151,0.7386621947538191,-0.44452893767420043
2004-03-12,0.014260593624302981,0.749195956138839,-0.4366075905843123
2004-03-15,-0.012438718586084408,0.7398769184745956,-0.4436154702185702
2004-03-16,0.0013832396008464159,0.7409003455279819,-0.4428458571036781
2004-03-17,0.014677848950206114,0.7517751688867972,-0.4346680327522643
2004-03-18,-0.0008086525823084288,0.7511672439551615,-0.43512518990744065
2004-03-19,-0.0028404734095549542,0.7490335733725783,-0.43672970178523596
2004-03-22,-0.009961141335050524,0.741572344083516,-0.4423405168355894
2004-03-23,-0.0044344074736103805,0.7382839101386893,-0.4448134062154633
2004-03-24,0.007485641125727686,0.7438104385388865,-0.4406574786165771
2004-03-25,0.01821782989704218,0.7573610505838323,-0.4304674717078313
2004-03-26,0.005257112896235365,0.7613425831299628,-0.427473374908521
2004-03-29,0.007027375125628795,0.7666928230607324,-0.42345001554459294
2004-03-30,0.007496668389474653,0.7724404649118088,-0.41912781150117395
2004-03-31,-0.004433822970531907,0.7690156006351145,-0.4217032959534832
2004-04-01,0.0061567536765833875,0.7737502402616748,-0.4181428655946887
2004-04-02,0.007815845491276148,0.7797977525883979,-0.4135951601341801
2004-04-05,-0.0016948052544592065,0.7784761472598956,-0.41458900213802496
2004-04-06,-0.0019325887836122986,0.7769716729893914,-0.41572036086629627
2004-04-07,-0.00038408996781741107,0.7766732459645179,-0.4159447768140875
2004-04-08,0.006373068899912885,0.7816230380737688,-0.41222255263536967
2004-04-12,0.003253800923937297,0.7841662838372239,-0.41031004183406516
2004-04-13,-0.009799372850612838,0.7764819460450234,-0.4160886336003954
2004-04-14,-0.006575574290356179,0.771376131323684,-0.4199281861691394
2004-04-15,-0.010440474622475137,0.763322598400216,-0.42598441122065367
2004-04-16,-0.0031682199215951204,0.7609042245373607,-0.4278030188443305
2004-04-19,0.003859159055292069,0.7638406749656941,-0.4255948196830929
2004-04-20,-0.01648776219540885,0.7512466515616791,-0.4350654756999689
2004-04-21,0.0028099271822657375,0.7533575999484884,-0.433478050823938
2004-04-22,0.003522801540057018,0.7560115292618006,-0.4314823064289044
2004-04-23,-0.0007351318752237286,0.7554557610886036,-0.4319002419070772
2004-04-26,-0.003940641765729423,0.752478780564297,-0.4341389195409189
2004-04-27,-0.00785418468956618,0.7465686732467653,-0.43858329697548204
2004-04-28,-0.010689496191600936,0.7385882302573255,-0.44458455868436386
2004-04-29,-0.011328743223174056,0.7302209538490817,-0.4508767176012145
2004-04-30,-0.010097369388420535,0.7228476431429027,-0.456421418223377
2004-05-03,0.0035304272545924145,0.7253996041631723,-0.4545023535832602
2004-05-04,0.010435392760878008,0.7329694339412004,-0.44880987139276696
2004-05-05,0.003290485294677127,0.7353812590850317,-0.44699618838001376
2004-05-06,-0.008772516257535886,0.7289301150342211,-0.45184742330792926
2004-05-07,-0.0004528108467205463,0.7286000475716323,-0.4520956327403133
2004-05-10,-0.0115651850501907,0.7201736531938887,-0.4584322481374792
2004-05-11,0.015307392478893754,0.7311976339562863,-0.4501422580058074
2004-05-12,-0.005237377947064745,0.7273680755932578,-0.4530220708177506
2004-05-13,-0.0010318307647666995,0.7266175548355516,-0.45358645947272913
2004-05-14,-0.005645507890843553,0.722515429696102,-0.45667124142743964
2004-05-17,-0.004761072592020682,0.7190754812864639,-0.459258069088336
2004-05-18,0.008624745538106894,0.7252773243352515,-0.45459430753243835
2004-05-19,0.001745482900087956,0.7265432835027003,-0.45364231122262555
2004-05-20,0.0022955480521110573,0.7282110985219192,-0.45238812089439673
2004-05-21,0.005500889555691316,0.7322169073481171,-0.44937576842805216
2004-05-24,0.00792986642246538,0.7380232896156583,-0.44500939182271393
2004-05-25,0.015118459371355196,0.7491810647348265,-0.43661878886150196
2004-05-26,0.004835349047164754,0.7528036166823459,-0.433894644059033
2004-05-27,0.002611538286633781,0.7547695921496282,-0.4324162382477247
2004-05-28,0.0023056215479083544,0.7565098051849943,-0.4311076048963858
2004-06-01,-0.0008416505130392615,0.7558730883193411,-0.43158641347258897
2004-06-02,-0.004467240996759774,0.7524964210708535,-0.43412565394943947
2004-06-03,-0.010196752590867136,0.7448234012396809,-0.43989573465363585
2004-06-04,0.00043190604051108084,0.7451450949657904,-0.43965382223811666
2004-06-07,0.009114562035139589,0.751936766159036,-0.4345465122397527
2004-06-08,4.840307983003409e-05,0.7519731622143555,-0.43451914254944446
2004-06-09,-0.009704947121247892,0.7446753024384676,-0.4400071043690801
2004-06-10,-0.0014597302107765566,0.743588277402279,-0.44082454291665285
2004-06-14,-0.005491289138278498,0.7395050191712287,-0.4438951370305264
2004-06-15,0.004342726199713928,0.7427164869928036,-0.44148012587232055
2004-06-16,-0.0008228887310705899,0.7421053139652768,-0.44193972558281924
2004-06-17,0.0005860975723161981,0.7425402600881948,-0.44161264781077714
2004-06-18,-0.00012109018544489454,0.7424503457504005,-0.4416802630388038
2004-06-21,-0.0015775682578365354,0.7412790796519249,-0.44256105053355743
2004-06-22,0.007128069730133242,0.7465629686211728,-0.4385875868314685
2004-06-23,0.012310830198530723,0.755753778560379,-0.4316761339416033
2004-06-24,0.004796960023426044,0.7593790992236863,-0.4289499070757623
2004-06-25,0.011993433026969367,0.7684866615923058,-0.4221010560312308
2004-06-28,-0.002651525602956998,0.7664489995335628,-0.4236333698770859
2004-06-29,0.00491694407007444,0.7702175863968339,-0.4207994073929142
2004-06-30,0.008288175443882401,0.7766012848828545,-0.415998891264186
2004-07-01,0.0009235935848349813,0.777318548847547,-0.4154595115866211
2004-07-02,-0.003074310982297336,0.7749288298960816,-0.41725657082974776
2004-07-06,-0.006162443972422638,0.7701533743992319,-0.42084769456230686
2004-07-07,0.0032955598989232496,0.7726914609759225,-0.41893906344913745
2004-07-08,-0.013394131815473458,0.7623419296949202,-0.4267218702261222
2004-07-09,0.0004130028678706984,0.7626567790981822,-0.4264851047144381
2004-07-12,-0.007920189540042527,0.7566163928537263,-0.43102745138913734
2004-07-13,0.006711649377482785,0.7616945367958163,-0.4272087071374484
2004-07-14,-0.0019639784957005933,0.7601985851052567,-0.42833365691915504
2004-07-15,0.004585057539910052,0.7636841393597225,-0.4257125338424994
2004-07-16,-0.007118854937330179,0.7582475827536808,-0.42980080300640155
2004-07-19,-0.014453879291493634,0.7472879637194922,-0.4380423933718536
2004-07-20,0.004811981720620331,0.7508838997409499,-0.4353382636409955
2004-07-21,-0.004394213855412053,0.7475843553049024,-0.43781950806652525
2004-07-22,0.0004987652795221738,0.7479572244248424,-0.4375391119563242
2004-07-23,-0.0018930521308958143,0.746541302407326,-0.43860387973898085
2004-07-26,-0.009692796451095515,0.739305229520756,-0.4440453780611058
2004-07-27,0.015461010320241662,0.7507356353041851,-0.4354497579137224
2004-07-28,0.0002546478851915916,0.7509268085460533,-0.43530599638849066
2004-07-29,0.006986259949765764,0.7561729784338042,-0.43136089728718663
2004-07-30,0.00700397196398179,0.7614691927746752,-0.42737816495416225
2004-08-02,-0.003227616889317048,0.759011461947381,-0.429226368860148
2004-08-03,-0.00833923949355854,0.7526818835878458,-0.4339861868668312
2004-08-04,-0.0012619102787682305,0.7517320665823037,-0.43470044551554865
2004-08-05,-0.0012269534024430672,0.750809726365485,-0.4353940417273229
2004-08-06,-0.008930947685072745,0.7441042839778711,-0.44043650800333656
2004-08-09,0.005576930704236041,0.7482541020063409,-0.4373158611838508
2004-08-10,0.008939918975231078,0.7549434330511618,-0.43228551057418674
2004-08-11,-0.007094096205069132,0.7495877917077117,-0.4363129317791852
2004-08-12,-0.005475549964320291,0.7454833863015716,-0.43939942848546953
2004-08-13,0.0018362632981500605,0.7468522900832179,-0.43837001823107546
2004-08-16,-0.00015706188230144984,0.7467349880567362,-0.438458228893169
2004-08-17,0.0026954724684322405,0.7487477916582582,-0.43694460850927586
2004-08-18,0.0022478297376122025,0.7504308492103192,-0.4356789558563601
2004-08-19,-0.00013062950145884146,0.7503328208026075,-0.4357526728330192
2004-08-20,0.00479774791447924,0.7539327285287786,-0.4330455563958534
2004-08-23,-0.0015410545198125676,0.7527708770898447,-0.4339192641036974
2004-08-24,-0.0015912818348962766,0.7515730064672926,-0.4348200580958139
2004-08-25,-0.0020057659103421424,0.7500655269517872,-0.43595367675649443
2004-08-26,-0.0014261329479271301,0.7489958337906969,-0.4367580818022292
2004-08-27,0.003968081111407038,0.7519679100112844,-0.4345230921854759
2004-08-30,-0.005938889889404202,0.747502055393362,-0.43788139727598707
2004-08-31,0.004281513165725024,0.7507024952849352,-0.4354746790777253
2004-09-01,0.00547866694289432,0.754815344229801,-0.4323818328635617
2004-09-02,-0.002803267419964049,0.7526993949672327,-0.4339730183784749
2004-09-03,0.002186073965651622,0.7543448515185323,-0.4327356415300958
2004-09-07,0.003274040839636394,0.7568146073695733,-0.43087839485359525
2004-09-08,0.006554769391864893,0.7617753525932756,-0.42714793397593265
2004-09-09,-0.0010585318377476919,0.7609689891293441,-0.4277543161261387
2004-09-10,-0.004925482674771345,0.7572208495573493,-0.430572902327772
2004-09-13,0.00041596967565696086,0.7575358304685403,-0.43033603792264297
2004-09-14,0.004191262642266833,0.7607108620949617,-0.4279484266397424
2004-09-15,0.0034964469719071085,0.7633706472852306,-0.4259482786482922
2004-09-16,0.0008305498874147533,0.7640046646903892,-0.4254715000557532
2004-09-17,-0.0010397988993425431,0.7632102534809515,-0.42606889415763616
2004-09-20,0.004008717157201889,0.766269747518633,-0.4237681666865941
2004-09-21,0.0018475654986000345,0.7676854810667694,-0.4227035406321692
2004-09-22,0.004446831290683217,0.7710992488853802,-0.4201364006726518
2004-09-23,-0.0017479771306383703,0.7697513850328761,-0.4211499889831656
2004-09-24,0.006892335248374897,0.7750567696364237,-0.417160360648712
2004-09-27,0.002270854991951957,0.7768168111707987,-0.4158368163441837
2004-09-28,0.0062098726959410044,0.7816407446762362,-0.41220923734002546
2004-09-29,-0.006458067403411879,0.776592856061864,-0.41600522970438647
2004-09-30,0.009793163184004026,0.7841981566288097,-0.41028607362027647
2004-10-01,-0.011706233258765865,0.7750181500862187,-0.4171894023984202
2004-10-04,-0.0024927326163725412,0.7730862370652181,-0.41864219338422914
2004-10-05,0.0008930491788009046,0.7737766410943714,-0.41812301227244153
2004-10-06,0.003529871255808145,0.7765079730181861,-0.41606906141904587
2004-10-07,-0.003628190723918346,0.7736906539934328,-0.4181876742338142
2004-10-08,0.009285427222303936,0.7808747022536656,-0.41278529822587295
2004-10-11,-0.0019222294647665637,0.7793736818927027,-0.4139140596277673
2004-10-12,0.007365501325651346,0.7851141597798611,-0.40959724285701005
2004-10-13,-0.012772689327346471,0.7750861405304923,-0.4171382738520063
2004-10-14,0.015449614204695398,0.7870609223770947,-0.408133285048337
2004-10-15,0.00947994007618588,0.7945222127575371,-0.40252242405750627
2004-10-18,-0.0034507802726590955,0.791780491179564,-0.4045841878899248
2004-10-19,0.0009240238113562406,0.7925121152067811,-0.40403400950187707
2004-10-20,-0.00783870236011112,0.7862998486188931,-0.4087056095181406
2004-10-21,-0.003630910963467783,0.7834448638779697,-0.4108525468031782
2004-10-22,0.005238203425134076,0.7875487074473391,-0.40776647259593357
2004-10-25,0.004603802648975203,0.7911744262728821,-0.4050399463136588
2004-10-26,-0.0007834029596670135,0.7905546178857271,-0.4055060397806003
2004-10-27,-0.008665914723042394,0.7837037389832221,-0.4106578737432254
2004-10-28,-0.0037721223450574008,0.7807475125974984,-0.4128809443465622
2004-10-29,0.0005046688396223367,0.7811415315387191,-0.41258464365402536
2004-11-01,0.0029167163697120173,0.7834198998308199,-0.4108713196683509
2004-11-02,-0.0013195883095997844,0.7823861080894954,-0.41164872698776644
2004-11-03,0.006682326193659633,0.7876142672731373,-0.40771717186504375
2004-11-04,0.00042891266626936974,0.7879520850085052,-0.4074631342580428
2004-11-05,-0.008615389228636186,0.7811635711026416,-0.41256806998872586
2004-11-08,0.0012649774187940917,0.782151725380471,-0.4118249818621831
2004-11-09,0.0022313951283499164,0.7838970149301154,-0.41051253099209317
2004-11-10,0.009867453974271289,0.7916320826455071,-0.4046957905232479
2004-11-11,-0.0033439790246738237,0.7889848815658816,-0.40668647531303825
2004-11-12,0.004227338708211972,0.7923201878959191,-0.40417833808402337
2004-11-15,-0.009057779052538182,0.7851435266950924,-0.4095751590523744
2004-11-16,-0.001626025047459922,0.7838668636548352,-0.4105352046323977
2004-11-17,-0.0004565259717284626,0.7835090080731993,-0.4108043106209026
2004-11-18,0.0018641589097884818,0.7849695933714985,-0.4097059562269376
2004-11-19,0.004982273414830311,0.7888805265080036,-0.40676494990571443
2004-11-22,0.004678402900473725,0.7925712274513459,-0.4039895573266906
2004-11-23,0.008000322516499308,0.7989120528882544,-0.39922128156210257
2004-11-24,0.004014638043943995,0.802119395609545,-0.3968093724630698
2004-11-26,0.0028362594668847664,0.8043944143389145,-0.39509856733538207
2004-11-29,0.003939472273260731,0.8075633038309683,-0.3927155749133442
2004-11-30,0.004029316110982987,0.8108172316617331,-0.39026863399539347
2004-12-01,-0.00873708641509099,0.8037330514418597,-0.3955959096301672
2004-12-02,-0.009144461033085676,0.7963833458719466,-0.4011228592827917
2004-12-03,0.003691210630090741,0.7993229645438564,-0.3989122776148579
2004-12-06,-0.0038485624380845,0.7962467202066146,-0.4012256012452232
2004-12-07,-0.008148571174289741,0.7897584471347162,-0.40610475705081905
2004-12-08,0.003237908240677693,0.7923156125188385,-0.4041817787495746
2004-12-09,0.0007774788321948613,0.7929316211359894,-0.4037185426947164
2004-12-10,-0.0005503503632814222,0.7924952309302399,-0.4040467064113623
2004-12-13,0.004138294724954517,0.79577480976395,-0.4015804760401853
2004-12-14,-0.012748792942078327,0.7856296414857477,-0.40920960264364603
2004-12-15,0.00014926911961609738,0.7857469117306766,-0.409121415881155
2004-12-16,-0.0019390998547489178,0.7842232700082702,-0.4102671884577941
2004-12-17,0.009801657438893153,0.7919099578564998,-0.40448682945858216
2004-12-20,0.0039034732812379177,0.7950011572181389,-0.4021622597087484
2004-12-21,-0.0002986383533750608,0.794763739381616,-0.40234079698709446
2004-12-22,-0.0032173979354851775,0.7922066681673312,-0.40426370447299187
2004-12-23,0.0013659355913815513,0.7932887714511108,-0.4034499670638537
2004-12-27,-0.0026826167834917507,0.7911606816786604,-0.40505028219440076
2004-12-28,0.004614484415169191,0.7948114803141612,-0.4023048959937776
2004-12-29,-0.0006703352482389088,0.7942786901632016,-0.40270555208969283
2004-12-30,-0.003375112547676843,0.7915979101896795,-0.4047214880754926
2004-12-31,-0.000781799177477811,0.7909790395946001,-0.4051868763264853
2005-01-03,-0.0072745398686097995,0.7852250310358345,-0.4095138681090206
2005-01-04,0.0060319244190711,0.7899614490750055,-0.40595210039094454
2005-01-05,-0.0023710077523932636,0.7880884443551569,-0.4073605925662105
2005-01-06,0.004041726458263457,0.7912736822721589,-0.40496530619297577
2005-01-07,-0.004266927352097048,0.7878973749542773,-0.40750427600342765
2005-01-10,0.0019149895848991343,0.789406190221284,-0.40636965286287696
2005-01-11,-0.0002712921593098388,0.7891920305113663,-0.40653070012158365
2005-01-12,9.938390444081993e-05,0.789270463496712,-0.406471718825396
2005-01-13,0.015259828067356674,0.8013145950683147,-0.3974145793015579
2005-01-14,0.0021769162307116534,0.8030589898162251,-0.3961028013188491
2005-01-18,0.004114354993547084,0.8063630595810884,-0.3936181538638662
2005-01-19,0.00687064627967441,0.8119032949364661,-0.3894519186886489
2005-01-20,-0.010445671047712516,0.8034224201950058,-0.39582950310483944
2005-01-21,0.004925768997342653,0.8073798934441724,-0.39285349880212406
2005-01-24,-0.003066540537117334,0.8049040302720724,-0.39471533816001636
2005-01-25,-0.0033828617036660825,0.8021811512529384,-0.39676293246237126
2005-01-26,0.004639107805972145,0.8059025560935197,-0.3939644506735057
2005-01-27,0.004858018006117518,0.8098176452221981,-0.3910203190625303
2005-01-28,0.0027373918517227744,0.8120344334456108,-0.3893533030460673
2005-01-31,0.0057808689299236465,0.8167286980719447,-0.38582323452848577
2005-02-01,-0.005780540434152677,0.8120075648090069,-0.38937350815501093
2005-02-02,0.000478957555201673,0.8123964819670532,-0.38908104398333554
2005-02-03,0.007864930801243685,0.8187859240808979,-0.3842762086690964
2005-02-04,-0.004144763765955671,0.8153922498506929,-0.3868282383292415
2005-02-07,-0.0024126053219254884,0.8134250301692464,-0.38830757978470276
2005-02-08,-0.004226997589273711,0.8099866845276661,-0.39089320217032986
2005-02-09,-0.0004519711141465095,0.8096205939434162,-0.3911685008483792
2005-02-10,-0.0011515077000931423,0.8086883095953364,-0.39186957500771147
2005-02-11,-0.0028279659253754017,0.8064013666115514,-0.3935893471277737
2005-02-14,0.006486102453525206,0.8116317684940566,-0.3896561055043354
2005-02-15,-0.003160319007939094,0.8090667531886376,-0.3915849869154896
2005-02-16,0.009553685551103978,0.8167963225384546,-0.3857723811959093
2005-02-17,0.0025526419191450613,0.8188813110707698,-0.3842044780282533
2005-02-18,-0.003017590729342855,0.8164102624180505,-0.38606269688652617
2005-02-22,-0.007356412932661401,0.8104044114052408,-0.39057907320299345
2005-02-23,0.002260983215124701,0.8122367221768911,-0.38920118271655957
2005-02-24,0.003987097427711235,0.8154751891225752,-0.3867658683233197
2005-02-25,0.004017730614241377,0.8187515487550672,-0.38430205877878465
2005-02-28,-0.005309518817975205,0.8144043719997057,-0.3875711185838874
2005-03-01,-0.006927350891268085,0.808762707147481,-0.39181362834140354
2005-03-02,0.007149846315994589,0.8145452362096933,-0.3874651892525621
2005-03-03,0.0011666660207348425,0.8154955384591306,-0.3867505657023459
2005-03-04,0.00884918914103696,0.8227120127226272,-0.381323805467612
2005-03-07,-0.0036526882817449775,0.8197069021945044,-0.3835836367535751
2005-03-08,9.584296067345754e-05,0.8197854653308951,-0.38352455758431403
2005-03-09,-0.005411432585102604,0.81534925155101,-0.3868605728813178
2005-03-10,-0.008560583546345606,0.8083693861636573,-0.3921094041727258
2005-03-11,0.01270306299524329,0.8186381533995204,-0.38438733163971583
2005-03-14,0.00027028418888270915,0.8188594183488004,-0.3842209412689822
2005-03-15,0.006717108027759022,0.8243597855213972,-0.3800846868102542
2005-03-16,-0.0006933143196438888,0.8237882450775567,-0.38051448297385515
2005-03-17,0.005325426299560491,0.8281752686631615,-0.3772154585092873
2005-03-18,0.001967297801604015,0.8298045360485454,-0.3759902558499396
2005-03-21,-0.001733002397989047,0.8283664827977112,-0.3770716662329201
2005-03-22,-0.002439800523263792,0.8263454338195272,-0.3785914871076008
2005-03-23,-0.011129273767099684,0.8171488092603569,-0.38550731256878656
2005-03-24,0.009353634676755151,0.8247921206987238,-0.3797595724590176
2005-03-28,-0.006440983354780759,0.819479648378149,-0.3837545307287711
2005-03-29,-0.013046536241783521,0.8087882774461794,-0.3917943995774531
2005-03-30,0.0004640735752867452,0.8091636147137439,-0.39151214742995566
2005-03-31,0.005936973507764743,0.8139675976577465,-0.3878995711694506
2005-04-01,0.01355146836430703,0.8249980538069764,-0.37960471157237463
2005-04-04,-0.00031558194706166526,0.8247376993148339,-0.3798004971254446
2005-04-05,0.0032993271973753356,0.8274587788368841,-0.3777542560378119
2005-04-06,-0.0008853524587244354,0.8267261861725478,-0.37830516283715965
2005-04-07,-0.0037316523910172488,0.8236411314232004,-0.3806251118627414
2005-04-08,-0.007433094940164497,0.8175189286967072,-0.38522898420981944
2005-04-11,0.0004743015841362177,0.8179066792196493,-0.38493739734314925
2005-04-12,0.0032719614006209738,0.8205828383033661,-0.3829249362482905
2005-04-13,-0.008216774138310276,0.8138402944592538,-0.38799530267352167
2005-04-14,-0.012807255453867395,0.8034172339094634,-0.3958334031711488
2005-04-15,-0.012614353774037107,0.7932826446927711,-0.40345457436200394
2005-04-18,0.0032577146490176106,0.7958669331851982,-0.4015111995900986
2005-04-19,0.012894976048742145,0.8061296182266072,-0.3937937008433724
2005-04-20,-0.007929776756878438,0.7997371903169626,-0.398600781464298
2005-04-21,-0.0013540828008025887,0.7986542799423921,-0.39941512580253336
2005-04-22,0.001662233425396615,0.7999818297818484,-0.3984168135498547
2005-04-25,0.0076195027183972915,0.8060772935085397,-0.39383304882535564
2005-04-26,-0.007689956199992826,0.7998785944276503,-0.3984944461297718
2005-04-27,-0.008882170020732631,0.7927739367559993,-0.4038371207276622
2005-04-28,-0.007762291286496242,0.7866201945345569,-0.4084647106507703
2005-04-29,-0.0035638263612249883,0.7838168167490027,-0.41057283970854797
2005-05-02,0.004792747449911847,0.7875734527986745,-0.4077478641891523
2005-05-03,-0.006765538532609176,0.782245094256505,-0.41175476883500073
2005-05-04,-0.0034745990011947896,0.7795271062333118,-0.41379868512766427
2005-05-05,0.0023623038198180182,0.7813685860940184,-0.41241389952235896
2005-05-06,0.0037704298662372543,0.7843146815475669,-0.4101984473401322
2005-05-09,-0.0006846920234876779,0.783777667541207,-0.410602279758679
2005-05-10,-0.0029351324271792278,0.7814771762935079,-0.4123322401198649
2005-05-11,-0.001850579884823657,0.7800309903506103,-0.41341976625525845
2005-05-12,-0.01609990476069261,0.7674725656955768,-0.42286365215305355
2005-05-13,-0.010753007103340989,0.7592199277450329,-0.42906960340104805
2005-05-16,0.0023370313971792706,0.7609942485535373,-0.42773532113859225
2005-05-17,0.00039432249934312643,0.7612943257076127,-0.4275096643001378
2005-05-18,0.003929434631600434,0.764285781995889,-0.4252601009487823
2005-05-19,0.0021046841239414685,0.7658943621474099,-0.42405045500785343
2005-05-20,0.0001994206328421255,0.7660470972857996,-0.423935598785106
2005-05-23,0.00777746494492284,0.7720050017310999,-0.41945527809863914
2005-05-24,0.00020924042107603905,0.7721665363827349,-0.419333804676575
2005-05-25,0.0012293232964504374,0.7731157786946496,-0.4186199781952027
2005-05-26,0.004625372202378718,0.7766917269266443,-0.4159308792033284
2005-05-27,0.003660283032000705,0.7795346384758093,-0.4137930209109607
2005-05-31,0.005168019091151149,0.7835632883696659,-0.4107634920516625
2005-06-01,-0.00022318654125727517,0.7833884075894785,-0.41089500170985405
2005-06-02,-0.0010993617643253375,0.7825271803275589,-0.41154264122014717
2005-06-03,0.010245649225628116,0.7905446793267149,-0.40551351353784915
2005-06-06,0.002637440220770098,0.7926296936602869,-0.4039455909677496
2005-06-07,6.302368314634873e-05,0.7926796481029524,-0.4039080254235369
2005-06-08,-0.0016504802780654075,0.7913713459769347,-0.4048918634714884
2005-06-09,0.001162997874205927,0.7922917091700132,-0.40419975397378316
2005-06-10,-0.002290203502457482,0.790477199922704,-0.4055642577839975
2005-06-13,0.0022013962180225345,0.7922173534410469,-0.40425566918922573
2005-06-14,-0.0022453236292493796,0.7904385690978644,-0.4055933080121865
2005-06-15,0.0020555168671618253,0.7920633289091004,-0.4043714950308517
2005-06-16,-0.0027264832780602224,0.7899037814876649,-0.40599546618958604
2005-06-17,0.0031690378873814743,0.7924070164985852,-0.40411304331666453
2005-06-20,-0.0014954149362572625,0.7912220392105183,-0.4050041415720096
2005-06-21,-0.002982392133000909,0.7888623048253199,-0.4067786525393533
2005-06-22,0.0013543053372230985,0.789930665255079,-0.4059752497023327
2005-06-23,0.003362718285491403,0.7925869795474026,-0.4039777118124722
2005-06-24,-0.0014852355199864956,0.7914098012127001,-0.40486294528559197
2005-06-27,0.011862890504798686,0.8007982090289107,-0.39780289957016657
2005-06-28,-0.0045061220159029755,0.79718971458891,-0.4005164731823264
2005-06-29,0.003274651815241996,0.7998002333348808,-0.3985533733630252
2005-06-30,0.004844093406564006,0.8036745403717468,-0.3956399097245328
2005-07-01,0.0027145275652733264,0.8058561370650943,-0.39399935760012894
2005-07-05,0.001254015592697928,0.8068666932264452,-0.39323942334537454
2005-07-06,-0.003949904974107102,0.8036796464614288,-0.39563606996519474
2005-07-07,0.006407463985854373,0.8088291948522947,-0.39176362984914714
2005-07-08,-0.01005374940557271,0.8006974288153386,-0.397878685893999
2005-07-11,-0.003120487504125311,0.7981988624941351,-0.39975759793063426
2005-07-12,0.0020494248347767423,0.799834711066021,-0.3985274462449473
2005-07-13,-0.0024409016533482996,0.7978823931973745,-0.3999955815958517
2005-07-14,-0.012838579615234422,0.7876387165687163,-0.4076987860910257
2005-07-15,0.0005769518596073496,0.7880931461909393,-0.4073570568042134
2005-07-18,0.0046946354950172416,0.791792956248427,-0.40457481420721497
2005-07-19,0.0013725078609147401,0.792879698305095,-0.4037575884591277
2005-07-20,-0.0025101427024696375,0.7908894571164581,-0.40525424199735993
2005-07-21,-0.016565780725409308,0.7777877557918289,-0.415106669811799
2005-07-22,0.01039993082726229,0.7858766946503555,-0.4090238196365146
2005-07-25,0.006498142641757145,0.7909834335110262,-0.4051835721186319
2005-07-26,-0.00217391576255067,0.7892639021570002,-0.40647665292702717
2005-07-27,-0.002967757284888959,0.7869215584616738,-0.40823808616405477
2005-07-28,0.005945988916494604,0.7916005853264375,-0.4047194763831826
2005-07-29,0.0014441417629776473,0.7927437687913049,-0.40385980691834034
2005-08-01,-0.001651480116481701,0.7914345682196813,-0.40484432059385034
2005-08-02,0.002198712917613855,0.793174705628272,-0.40353574411354887
2005-08-03,0.0029735224150791197,0.7955332283945314,-0.401762144278877
2005-08-04,0.0055395750385307425,0.7999401444088676,-0.39844816078622003
2005-08-05,-0.009218768234295903,0.7925656816162531,-0.40399372777284637
2005-08-08,-0.006774003760679991,0.7871968387083987,-0.40803107650230186
2005-08-09,0.004091369446542617,0.7904175518027051,-0.4056091129354007
2005-08-10,0.008746467413934653,0.7973309131629495,-0.4004102924105505
2005-08-11,0.00038244735322222724,0.7976358502603308,-0.40018098091386367
2005-08-12,0.0037262463170673193,0.8006080379097242,-0.397945907503087
2005-08-15,-0.007433036734833625,0.7946570889537382,-0.40242099768897355
2005-08-16,-0.0017587010556314399,0.7932595246925302,-0.4034719605111611
2005-08-17,-0.008149665861905698,0.786794724624512,-0.4083334647102528
2005-08-18,-0.0006648468898213726,0.7862716265989176,-0.40872683236605156
2005-08-19,0.006021621019572518,0.791006256352739,-0.4051664094315178
2005-08-22,0.0031160405968949545,0.7934710639599319,-0.4033128838149097
2005-08-23,0.006501670205399643,0.7986299511353271,-0.39943342096966317
2005-08-24,0.0026265088267536365,0.8007275597512938,-0.3978560275487868
2005-08-25,0.00125033358503276,0.8017287363117122,-0.3971031467170061
2005-08-26,-0.0023325045753324982,0.7998587003660895,-0.39850940638574217
2005-08-29,-0.004691896679692444,0.7961058459856187,-0.40133153810478717
2005-08-30,0.009830494588045243,0.8039319601960915,-0.39544633103009297
2005-08-31,0.00907585804008274,0.8112283325407166,-0.389959487752911
2005-09-01,0.0012231059685746837,0.8122205507561241,-0.3892133435613092
2005-09-02,-0.005796501152208203,0.807512513397819,-0.3927537691191094
2005-09-06,0.0024777470806109565,0.8095133251704474,-0.3912491665433322
2005-09-07,0.01118484039795557,0.8185676025124972,-0.38444038562899696
2005-09-08,0.0021150321840334245,0.8202988993366183,-0.383138457233411
2005-09-09,0.004120158397323778,0.8236786607350355,-0.3805968899679951
2005-09-12,-0.005045238903360398,0.8195230051120272,-0.3837219266355911
2005-09-13,0.0015818820507005158,0.8208193938439501,-0.3827470474130956
2005-09-14,-0.0032124946929739345,0.8181825158973364,-0.38472996924750347
2005-09-15,-0.0021582726780889896,0.8164166549275851,-0.3860578897445236
2005-09-16,-0.00309765318332893,0.8138876792775259,-0.3879596694767361
2005-09-19,0.004509645695946095,0.8175580243473634,-0.38519958443444646
2005-09-20,-0.004031963062516347,0.814261660591731,-0.3876784370008264
2005-09-21,0.0004186616699015438,0.8146025607382912,-0.3874220814327445
2005-09-22,-0.002162722641819369,0.8128408013360985,-0.38874691756710844
2005-09-23,0.003731922233781923,0.8158742599951297,-0.3864657685983094
2005-09-26,0.007388929686010018,0.8219026975348593,-0.381932407302522
2005-09-27,0.0043430849777398965,0.8254722907936869,-0.37924808722544967
2005-09-28,-0.0031256092481610318,0.8228921869674815,-0.38118831514483154
2005-09-29,0.003064291259483771,0.8254137683035034,-0.37929209590766333
2005-09-30,0.00023689345349271502,0.8256093034216372,-0.37914505426865275
2005-10-03,0.009120155574820585,0.8331389887128617,-0.37348276057418617
2005-10-04,-0.01152086396896345,0.8235405077566611,-0.3807007804638214
2005-10-05,-0.010891361775324012,0.8145710301500493,-0.38744579231096576
2005-10-06,-0.011264812632590283,0.8053950401194729,-0.39434610068788745
2005-10-07,0.006334391535850474,0.8104967276446217,-0.39050965175443
2005-10-10,-0.008934073053698253,0.8032556906700613,-0.3959548830511799
2005-10-11,0.007196656555010783,0.8090364460016717,-0.39160777780076794
2005-10-12,-0.017212466101466855,0.7951109336000167,-0.4020797083017683
2005-10-13,-0.005061870848525173,0.7910861847438831,-0.40510630359605726
2005-10-14,0.009385676987943571,0.798511064143514,-0.399522823519446
2005-10-17,0.004762024658301925,0.8023135935208924,-0.396663336398298
2005-10-18,-0.010939627186526014,0.7935365819210919,-0.4032636145660631
2005-10-19,0.004556082474428841,0.7971520000348008,-0.4005448343785335
2005-10-20,-0.005053964380657547,0.793123222220655,-0.40357445943338555
2005-10-21,0.007859168850950459,0.799356511543697,-0.39888705040305306
2005-10-24,0.004449761171745915,0.8029134571111465,-0.3962122413401029
2005-10-25,-0.001092679672085384,0.8020361298981173,-0.3968719879502446
2005-10-26,-0.0010404860872530277,0.801201622463484,-0.3974995342556149
2005-10-27,-0.00820059813972983,0.7946312899287614,-0.4024403984541848
2005-10-28,0.003540680977607764,0.7974448258212241,-0.40032463054000456
2005-10-31,0.012314584489103142,0.8072650275041976,-0.3929398775367554
2005-11-01,0.0015114187461850001,0.808485142999907,-0.3920223554876031
2005-11-02,0.011213955656824925,0.8175514595427098,-0.3852045211417001
2005-11-03,0.006205168591839471,0.8226245041816767,-0.3813896115458838
2005-11-04,-0.006163431303104662,0.8175543145619023,-0.38520237417850767
2005-11-07,-0.0046504589894379045,0.8137523117503941,-0.3880614653241944
2005-11-08,-0.001768149909693737,0.8123134756738596,-0.3891434643890195
2005-11-09,-0.00030073140892331485,0.8120691874978329,-0.38932716813562374
2005-11-10,-0.003865888925970267,0.8089298182187633,-0.3916879614737191
2005-11-11,-0.002393536458784248,0.806993615206259,-0.39314397851624916
2005-11-14,0.004878000555807686,0.8109301305097685,-0.39018373450615607
2005-11-15,0.004810237713672481,0.8148308972066999,-0.3872503733074667
2005-11-16,0.007841978294340819,0.8212207834161531,-0.3824452040350784
2005-11-17,0.008090274431446965,0.8278646849227977,-0.37744901625926586
2005-11-18,-0.0053436458303495514,0.8234408692511164,-0.3807757082277121
2005-11-21,0.002105853920449368,0.825174915433887,-0.379471712325246
2005-11-22,0.006248355783881175,0.830330901889452,-0.3755944308098915
2005-11-23,-0.007106620365014474,0.8244300553923836,-0.38003184414392643
2005-11-25,0.004014974791410767,0.8277401212820653,-0.37754268762668697
2005-11-28,-0.009609104073850306,0.8197862803105644,-0.38352394472281126
2005-11-29,-0.002675613596926247,0.8175928489923919,-0.38517339643849036
2005-11-30,0.005282264470331561,0.8219115906498217,-0.3819257197150827
2005-12-01,0.0013573044256577583,0.8230271748893101,-0.38108680475906676
2005-12-02,0.0006000912870854292,0.8235210663259956,-0.38071540034314055
2005-12-05,0.0035495846000166385,0.8264442240208156,-0.3785171972651711
2005-12-06,-0.002845860189846884,0.8240922793045459,-0.3802858504321486
2005-12-07,-0.006607251780814576,0.8186472941245554,-0.3843804578504768
2005-12-08,0.006712762320927667,0.8241426788346842,-0.38024795018390867
2005-12-09,6.239049779892468e-05,0.824194097506674,-0.3802092835450087
2005-12-12,0.0028405958715390883,0.8265352998573985,-0.3784487085946283
2005-12-13,-0.0046823687303264045,0.8226651568148352,-0.38135904092579886
2005-12-14,0.0020283997769554992,0.8243338506354274,-0.38010418974239724
2005-12-15,-0.0013713007143184937,0.8232034410372142,-0.3809542533098065
2005-12-16,-0.000961810942373599,0.822411674959825,-0.38154965828280296
2005-12-19,-0.004368588645761146,0.8188188966544541,-0.3842514134235958
2005-12-20,0.009686728715451407,0.826750573173431,-0.37828682390850754
2005-12-21,-0.00029051119280342435,0.8265103928782676,-0.3784674385448754
2005-12-22,0.005273416077484002,0.8308689260722795,-0.37518983874261813
2005-12-23,-0.0007738095176097834,0.8302259917893986,-0.3756733227920984
2005-12-27,0.0015353314082869967,0.8315006638305692,-0.37471477443554957
2005-12-28,0.0011822864396288015,0.8324837357899584,-0.3739755081924645
2005-12-29,-0.0032181749613327502,0.8298046574757224,-0.3759901645371806
2005-12-30,0.00021514411416194927,0.8299831850636825,-0.3758559124939015
2006-01-03,0.012135553457448685,0.8400554903748064,-0.3682815785548207
2006-01-04,0.0025702989729110967,0.8422146841389051,-0.3666578733450111
2006-01-05,-0.0017721880443236251,0.8407221213449203,-0.36778027468983565
2006-01-06,0.0028270616604093085,0.8430988946212326,-0.3659929505434567
2006-01-09,0.00031037219593019183,0.8433605690765424,-0.36579617238328166
2006-01-10,0.005367987620137829,0.8478877181706577,-0.36239177408799117
2006-01-11,0.00041416298570496625,0.8482388818795579,-0.3621277003614374
2006-01-12,-0.0009523696324907129,0.8474310449273579,-0.36273519056902015
2006-01-13,0.0049081340904358955,0.8515903501282597,-0.3596074094332167
2006-01-17,0.0016045423472799475,0.8529567629075754,-0.358579872402768
2006-01-18,-0.001838149042745651,0.8513889012503334,-0.3597588981963087
2006-01-19,0.005335102710759541,0.8559311484853046,-0.35634314615853613
2006-01-20,0.0003043939333618686,0.8561916887342789,-0.3561472209170601
2006-01-23,0.000270772863948107,0.856423522209926,-0.35597288305610686
2006-01-24,0.00675195988908231,0.8622060594799541,-0.3516244377950204
2006-01-25,-0.0024690933175845076,0.8600771922601113,-0.35322533756294583
2006-01-26,0.004102074005894379,0.863605292553544,-0.35057222003249167
2006-01-27,7.774336138698746e-05,0.8636724321318987,-0.35052173133389897
2006-01-30,0.0022941051958239077,0.8656537875459424,-0.34903175986317736
2006-01-31,-0.00020022611139019724,0.8654804610542519,-0.3491621007025384
2006-02-01,-0.005252408731742401,0.8609346039234581,-0.3525805673677572
2006-02-02,0.00017093653189312853,0.8610817690988396,-0.3524698997352629
2006-02-03,0.000862875394405606,0.8618247753699662,-0.3519111619446075
2006-02-06,-0.0003671618828088231,0.86150834616279,-0.3521491154626153
2006-02-07,-0.01054765402467449,0.8524214541880955,-0.35898242245229495
2006-02-08,-0.005052910432307528,0.8481142449295057,-0.3622214268571782
2006-02-09,-0.003861039130864615,0.8448396426423892,-0.3646839148849096
2006-02-10,-0.0006388248655446653,0.8442999380712713,-0.36508977059756165
2006-02-13,-0.0046455641627113275,0.8403776885363881,-0.36803928680581244
2006-02-14,-0.0016266157584418194,0.8390107169451718,-0.3690672440606103
2006-02-15,-0.001286337806572765,0.8379314657398456,-0.3698788367179803
2006-02-16,0.008225939331087874,0.8448242391406311,-0.36469549825758785
2006-02-17,-0.004130627854459743,0.841334584606314,-0.3673197047285487
2006-02-21,0.005216155957321715,0.8457231170119089,-0.36401954563728856
2006-02-22,-0.0016800536877317758,0.8443022567703731,-0.3650880269449659
2006-02-23,-0.0003492011128165847,0.8440074254827553,-0.3653097389124973
2006-02-24,0.0028038914424967014,0.84637393068047,-0.3635301363207981
2006-02-27,0.00151007446181583,0.8476520183383371,-0.3625690194339408
2006-02-28,-0.002514112926623716,0.8455209254417541,-0.3641715929020124
2006-03-01,0.00823366781043912,0.8524826638686165,-0.358936393013527
2006-03-02,0.007520517699679515,0.8588937748309103,-0.3541152628105648
2006-03-03,-0.00030326231258477013,0.8586333047184904,-0.3543111353096281
2006-03-06,-0.0053602538798910885,0.8540308122154694,-0.3577721915517872
2006-03-07,-0.014002884842119041,0.8420719171003948,-0.36676523359589397
2006-03-08,-0.001694737135574315,0.8406448265516604,-0.36783840007005586
2006-03-09,-0.0028395334943792172,0.8382577874097903,-0.36963344410691723
2006-03-10,0.0010298075285148176,0.8391210315901011,-0.3689842878819346
2006-03-13,0.001179547016227757,0.8401108142991671,-0.36823997518151297
2006-03-14,0.005584328362642538,0.8448022689472205,-0.36471201975653544
2006-03-15,0.006984481628293265,0.850702774874223,-0.3602748625298493
2006-03-16,-6.213531563029564e-05,0.8506499161887986,-0.3603146120531826
2006-03-17,0.002030293010649641,0.8523769847681465,-0.3590158632810194
2006-03-20,-0.003954088543158942,0.8490066106982224,-0.36155037131236667
2006-03-21,-0.0053145598553388995,0.8444945142480882,-0.36494345007864604
2006-03-22,-0.0033790417068786547,0.8416409320632137,-0.3670893326470568
2006-03-23,0.009139631076059054,0.8493332196807819,-0.36130476264334854
2006-03-24,0.005210839539538405,0.8537589588041381,-0.35797662424681553
2006-03-27,0.003603091789845844,0.8568351306991125,-0.35566335509275016
2006-03-28,0.0028370579207400723,0.8592660215934309,-0.35383533471069295
2006-03-29,0.010858819404579714,0.8685966361424057,-0.3468187493046956
2006-03-30,-0.0034554032460301534,0.8655952845063883,-0.34907575391859424
2006-03-31,0.005504717244006515,0.8703601417953415,-0.34549259999664783
2006-04-03,0.005158660175741938,0.8748500339973742,-0.3421162187375222
2006-04-04,-0.0014610699699156033,0.873571816884521,-0.34307743297401927
2006-04-05,0.004036926898008571,0.8770983624494443,-0.34042548459328337
2006-04-06,0.002090475007262909,0.8789319146550562,-0.33904666055339794
2006-04-07,-0.005142905131879357,0.8744116512006042,-0.3424458808747707
2006-04-10,-0.0026886503227205026,0.8720606640324131,-0.3442138139693629
2006-04-11,-0.004002797083894919,0.8685699821494447,-0.3468387930024649
2006-04-12,0.004712887234469465,0.8726634545305603,-0.3437605178879555
2006-04-13,-0.0036297075910499566,0.8694959413652188,-0.34614247531772435
2006-04-17,-0.0002636309978900564,0.8692667152825353,-0.3463148524294343
2006-04-18,0.007434251644781769,0.8757290627903785,-0.34145519254593837
2006-04-19,0.007594352838626397,0.8823796582842484,-0.3364539709180868
2006-04-20,-0.0033680046587350413,0.879407799484374,-0.33868879703531984
2006-04-21,-0.00016979419093776467,0.8792584811485562,-0.3388010838359853
2006-04-24,-0.0024105975872460695,0.8771389427753339,-0.34039496834798
2006-04-25,-0.005477313955791786,0.8723345774029021,-0.3440078321931581
2006-04-26,-0.009464133624120501,0.8640786863974204,-0.35021622972565847
2006-04-27,-0.002562194555586764,0.8618647486915343,-0.35188110216416413
2006-04-28,0.0041133947461262955,0.8654099386206735,-0.349215133294941
2006-05-01,0.0020673367258108345,0.8671990323696657,-0.3478697418393998
2006-05-02,0.0008266768636782962,0.8679159257459298,-0.3473306408428739
2006-05-03,0.0038075465079615476,0.8712205559982078,-0.3448455719035618
2006-05-04,0.0024374856614633273,0.8733441436114255,-0.3432486423790325
2006-05-05,-0.0009024874658233876,0.8725559614684659,-0.34384135224744794
2006-05-08,-0.0014420136564198983,0.8712977238560378,-0.3447875419782852
2006-05-09,0.005085301142871087,0.8757285351669438,-0.34145558931668396
2006-05-10,-0.0024749831652294114,0.8735611217850946,-0.3430854756466811
2006-05-11,-0.013914057745276993,0.8614063418925478,-0.3522258222722444
2006-05-12,-0.011807556117385036,0.8512352381707802,-0.35987445222715786
2006-05-15,-0.009769026361653972,0.842919498689121,-0.366127855578119
2006-05-16,0.0028045053866367115,0.8452834709636958,-0.36435015773464874
2006-05-17,-0.009953486999386134,0.8368699529246627,-0.37067709017579875
2006-05-18,-0.014636562109645191,0.824621053880985,-0.3798882140324633
2006-05-19,0.0030873116568919125,0.8271669160731503,-0.3779737356870697
2006-05-22,-0.012409495055633275,0.8169021923179571,-0.385692767538535
2006-05-23,0.006023641236321362,0.8218229180496448,-0.3819924011613097
2006-05-24,-0.00591180118345577,0.8169644643501278,-0.38564593921550905
2006-05-25,0.014622639597731028,0.8289106412764732,-0.37666246119925484
2006-05-26,0.006653735976754051,0.8344259938318487,-0.372514937791675
2006-05-30,-0.01324524820315849,0.8233738144363786,-0.3808261331843986
2006-05-31,0.005809578014635028,0.8281572688465543,-0.37722899430051027
2006-06-01,0.01123018262818097,0.8374576262205565,-0.3702351621709691
2006-06-02,-0.0001044023698447801,0.8373701936597345,-0.3703009111124834
2006-06-05,-0.018445496142123558,0.8219244849830547,-0.3819160232272567
2006-06-06,-0.0071725930804705474,0.8160291551093959,-0.3863492880822067
2006-06-07,-0.01376238892852395,0.8047986444997656,-0.39479458784588495
2006-06-08,-0.00680049107726551,0.7993256184988495,-0.39891028185115185
2006-06-09,0.00045666106982174753,0.7996906393909292,-0.39863578757740303
2006-06-12,-0.024522363667615277,0.780080334710197,-0.4133826594911191
2006-06-13,-0.014032391889104667,0.7691339417485595,-0.4216143039020841
2006-06-14,0.01717794546010423,0.7823460826514312,-0.4116788259596097
2006-06-15,0.03299264958485933,0.8081577528104373,-0.39226855162114205
2006-06-16,-0.00581397767701322,0.8034591416760923,-0.3958018886956356
2006-06-19,-0.007287559293045328,0.7976038855415885,-0.4002050182565122
2006-06-20,0.0007889984212714127,0.7982331937480808,-0.39973178096283
2006-06-21,0.019993792860196886,0.8141929028780134,-0.3877301425308415
2006-06-22,0.0005279600356608763,0.8146227641920517,-0.387406888515058
2006-06-23,0.00848754354845915,0.8215369103786978,-0.38220747780384345
2006-06-26,0.005221525954166836,0.8258265866785461,-0.37898165811490614
2006-06-27,-0.007281271662234407,0.819813518955044,-0.38350346136940183
2006-06-28,0.002566350663240609,0.8219174479231478,-0.3819213150686017
2006-06-29,0.028143439567700358,0.8450490319484113,-0.3645264549511512
2006-06-30,0.013765868654125284,0.8566818659285089,-0.3557786095968374
2006-07-03,0.0037148963849417925,0.859864350295292,-0.35338539388252643
2006-07-05,-0.00512351862394477,0.8554588192824879,-0.35669833585948396
2006-07-06,-0.0003246085523654219,0.8551811300335525,-0.35690715708141485
2006-07-07,-0.012026084636555752,0.8448966493841835,-0.3646410460395171
2006-07-10,-0.00988914211790486,0.8365413463434818,-0.37092420103111556
2006-07-11,0.005397657295620497,0.8410567098446609,-0.36752866545531293
2006-07-12,-0.007653424342657537,0.8346197459479803,-0.3723692369631503
2006-07-13,-0.011380909531484278,0.8251210141261559,-0.37951224589644916
2006-07-14,0.00024708451975590813,0.8253248887556718,-0.37935893297771206
2006-07-17,-0.009898272482170583,0.817155598120451,-0.3855022073727238
2006-07-18,0.006689356372936039,0.8226218431284184,-0.38139161264745736
2006-07-19,0.013451617385615068,0.8336874374152314,-0.37307032930925854
2006-07-20,-0.013909619156030813,0.8220911626656183,-0.3817906822661825
2006-07-21,-0.018682811918909744,0.8067321880933387,-0.393340570675921
2006-07-24,0.012244838265167734,0.8166104932598465,-0.38591212408180875
2006-07-25,-0.002950460914057986,0.8142011159174737,-0.3877239663575023
2006-07-26,-0.008253188583198555,0.807481360563156,-0.39277719592812665
2006-07-27,0.007012337840661375,0.8131436926634619,-0.3885191444814209
2006-07-28,0.010283609012806342,0.8215057444700425,-0.38223091444445145
2006-07-31,0.008925340034947797,0.8288379625801007,-0.3767171152927893
2006-08-01,-0.012048556942063362,0.8188516611922105,-0.3842267746201977
2006-08-02,0.0023233608681177023,0.8207541490986177,-0.3827961112047157
2006-08-03,0.007781501440007621,0.8271408486917208,-0.3779933382552768
2006-08-04,-0.011068425058145709,0.8179857021954454,-0.3848779723764657
2006-08-07,-0.0026432014365437555,0.8158236012123302,-0.38650386380352986
2006-08-08,-0.012162863867781332,0.8059008498106616,-0.39396573379149735
2006-08-09,-0.007972065969571594,0.7994761550710372,-0.3987970789415325
2006-08-10,-0.001861053692247606,0.7979882870207783,-0.3999159498575584
2006-08-11,-0.0033904881685992492,0.7952827171749536,-0.4019505277297314
2006-08-14,-0.0013356554520132762,0.7942204934778669,-0.4027493157679428
2006-08-15,0.01275916314683004,0.8043540823287069,-0.39512889684827024
2006-08-16,0.003517705134829256,0.8071835628143353,-0.3930011386628036
2006-08-17,-0.00564756881393151,0.8026249380978671,-0.3964292065021834
2006-08-18,-0.002870600319960254,0.8003209226937552,-0.3981618170151169
2006-08-21,-0.003452906873354775,0.7975574890788963,-0.40023990821379274
2006-08-22,-0.001317942994183731,0.796506353773706,-0.40103035782495333
2006-08-23,-0.005266547540149911,0.7923115151955253,-0.40418485992057485
2006-08-24,-0.00415111230492632,0.7890225411154623,-0.40665815548002004
2006-08-25,0.0010469373491774417,0.7898485982830991,-0.40603696374216214
2006-08-28,-0.0010111300811011577,0.7890499586058594,-0.40663753763518473
2006-08-29,-0.0045423768357137646,0.7854657963516671,-0.40933281353941275
2006-08-30,0.0031663230603726326,0.7879528348157894,-0.40746257040591716
2006-08-31,2.5996168103740644e-06,0.7879548831912246,-0.40746103003565437
2006-09-01,0.0004611158719677829,0.7883182216942587,-0.40718780091184426
2006-09-05,0.005569196252019455,0.792708520579917,-0.4038863134345311
2006-09-06,-0.005022838791830283,0.7887268734721338,-0.4068804963837531
2006-09-07,-0.0031884945343287944,0.7862120221469896,-0.4087716546792374
2006-09-08,-0.008656680025911355,0.7794060362387384,-0.41388972928692824
2006-09-11,-0.009758807412312803,0.7717999628350904,-0.4196094665411957
2006-09-12,-0.00997272512046979,0.7641030139577473,-0.4253975417939031
2006-09-13,0.007990889701751639,0.7702088768630595,-0.4208059569280229
2006-09-14,-0.008185079206331937,0.7639046562005154,-0.42554670604640266
2006-09-15,-0.001172557622567598,0.7630089339729725,-0.4262202856350371
2006-09-18,0.007627611003917251,0.768828869313832,-0.42184371717192237
2006-09-19,-0.004968444843167012,0.7650089854828117,-0.4247162547738842
2006-09-20,-0.005391592313977907,0.7608843689165585,-0.42781795019300173
2006-09-21,0.007907404851444633,0.7669009896667177,-0.4232934750764483
2006-09-22,-0.0026956032405061436,0.7648337288738247,-0.4248480470538534
2006-09-25,-0.0035909973612446413,0.7620872129716479,-0.42691341619919765
2006-09-26,0.0017163580893216714,0.7633952275244004,-0.4259297944052095
2006-09-27,0.006251474176899668,0.7681675730760377,-0.42234100933920615
2006-09-28,-0.0032204479881352893,0.7656937293607742,-0.4242013300735079
2006-09-29,0.0034481631398679763,0.768333966254784,-0.4222158823238824
2006-10-02,-0.0038940554456804543,0.7653420311893883,-0.4244658057137468
2006-10-03,-0.006324870617731159,0.7605013418638038,-0.42810598502868746
2006-10-04,0.004904904114523387,0.7642315280246122,-0.42530089972158336
2006-10-05,0.0032408577878198794,0.7667082937239083,-0.42343838166679293
2006-10-06,-0.004790444558121371,0.763035420150572,-0.42620036813375894
2006-10-09,0.0031934008654943918,0.7654720981216837,-0.424367995892737
2006-10-10,-0.003437458293998103,0.7628408197091712,-0.42634670689954624
2006-10-11,-0.0016116254836529514,0.7616114060041572,-0.4272712211654883
2006-10-12,-0.00046988370945043686,0.7612535372115442,-0.42754033708859607
2006-10-13,0.008201990997258567,0.7674973318703846,-0.422845028087103
2006-10-16,0.004446901613954048,0.7709103169941844,-0.42027847671100194
2006-10-17,-0.00380649797654996,0.7679758484324446,-0.42248518551636405
2006-10-18,-0.00431666351770451,0.7646607551050381,-0.42497812264697943
2006-10-19,0.006482002842943253,0.769617288293516,-0.42125082920322254
2006-10-20,-0.003519107472789257,0.7669089223430945,-0.42328750973504414
2006-10-23,0.0009555348511074428,0.7676417305460186,-0.42273644085152706
2006-10-24,-0.0038606165673026383,0.7646781601633198,-0.42496503411167563
2006-10-25,-0.005596144214997282,0.760398910900987,-0.4281830127094528
2006-10-26,0.0026627965487884884,0.7624236984966366,-0.426660380409157
2006-10-27,-0.0034551463917043583,0.759789413005826,-0.42864135272700743
2006-10-30,-0.0024697981292074594,0.7579128865349927,-0.4300524932451487
2006-10-31,0.0028499829776027596,0.7600729253601232,-0.42842815255277034
2006-11-01,-0.012212848542767623,0.7507902698412416,-0.4354086729569532
2006-11-02,-0.0033639352145856376,0.7482646600137545,-0.4373079216038429
2006-11-03,-0.002491956028477971,0.7464000173833362,-0.43871012552077904
2006-11-06,0.006937740446648731,0.7515783469733158,-0.4348160420563102
2006-11-07,-0.0001998681142503953,0.7514281304263948,-0.43492900430818904
2006-11-08,0.00019553287583510076,0.7515750593297205,-0.4348185143513503
2006-11-09,-0.001973746941549437,0.7500916403550236,-0.4359340395800697
2006-11-10,0.00047095775675863496,0.7504449018313286,-0.43566838834068644
2006-11-13,0.0008442487532080653,0.7510784640040511,-0.43519195208114714
2006-11-14,-0.002297892788926068,0.7493525662176985,-0.43648982042158735
2006-11-15,-0.0028856858551727827,0.7471901701168266,-0.43811593377604263
2006-11-16,0.008385989382601374,0.7534560989502104,-0.43340397996243574
2006-11-17,-0.0045920109045977184,0.7499962203276953,-0.43600579506494985
2006-11-20,0.005392218557517243,0.7540403638650142,-0.43296461504676687
2006-11-21,0.003485944572417677,0.7566689067788132,-0.43098796112422044
2006-11-22,-0.0025394800765376115,0.7547473611655129,-0.43243295586025554
2006-11-24,-0.0006209920493572484,0.7542786690549557,-0.4327854104821436
2006-11-27,-0.004870494048186667,0.7506049592866494,-0.43554802576443485
2006-11-28,-0.0009085429640695372,0.7499230024320939,-0.43606085463418176
2006-11-29,0.0005569875206468947,0.7503407001858945,-0.43574674756780873
2006-11-30,-0.006923076758585073,0.745146033923417,-0.43965311614567815
2006-12-01,-0.0009927250533420067,0.7444063087871429,-0.4402093865358424
2006-12-04,0.008344948019815814,0.7506183407395945,-0.4355379629645032
2006-12-05,-0.0015751845367681907,0.749435978336247,-0.4364270948368342
2006-12-06,-0.0024305938123946593,0.7476144038845169,-0.4377969116529571
2006-12-07,0.0016485400150252976,0.7488468761451298,-0.4368700973652462
2006-12-08,0.0006575481073460292,0.7493392789912311,-0.4364998123635787
2006-12-11,-0.0010024193802867746,0.7485881267755602,-0.4370646758724607
2006-12-12,-0.0031229319447105973,0.7462503370010217,-0.43882268457898455
2006-12-13,0.0007191944429691665,0.7467870360964568,-0.4384190889722134
2006-12-14,-0.0013811467311768643,0.745755613622667,-0.43919471461177073
2006-12-15,-0.0023152999544623957,0.7440289656844062,-0.4404931470634924
2006-12-18,-0.0029719042514855147,0.7418177828380603,-0.4421559478584697
2006-12-19,-0.0006634411199614472,0.741325630417407,-0.44252604454118627
2006-12-20,0.002302058033993914,0.7430322050407149,-0.44124270714328007
2006-12-21,-0.0005410523066895202,0.7426301857522329,-0.4415450240654598
2006-12-22,-0.0006015935924331683,0.742183424190937,-0.4418809870006444
2006-12-26,0.0013894310861160015,0.7432146369121079,-0.4411055190942308
2006-12-27,0.00519458010847915,0.7470753248813421,-0.4382022969409788
2006-12-28,0.0004052086286954333,0.7473780462492694,-0.4379746516641181
2006-12-29,0.001703620736368807,0.7486512949867664,-0.4370171736263282
2007-01-03,-0.0005722670719058858,0.7482228665023057,-0.43733935015991043
2007-01-04,-0.004456173757394709,0.7448886553999156,-0.4398466637820464
2007-01-05,-0.004927928043817855,0.7412178977054485,-0.44260705911643305
2007-01-08,0.004544809121765184,0.7445865915681559,-0.44007381459429784
2007-01-09,0.0015881634059118942,0.745769116745417,-0.4391845603166248
2007-01-10,0.006518711981185105,0.7506305708219432,-0.4355287659907271
2007-01-11,0.002609590839857431,0.752589409483677,-0.43405572702909356
2007-01-12,0.002093676426478509,0.7541650881891304,-0.4328708228460738
2007-01-16,0.003827294871433761,0.7570515003633711,-0.43070025225491215
2007-01-17,0.0007176332035481341,0.7575947856568278,-0.4302917038531586
2007-01-18,-0.005205899653184975,0.7536508232249222,-0.43325754807448613
2007-01-19,0.001570987191011679,0.754834799014704,-0.43236720294190856
2007-01-22,-0.0013882496291209936,0.7537868998849242,-0.43315521896190134
2007-01-23,0.005354792915235771,0.7578232726360256,-0.4301198825443602
2007-01-24,0.005895989662523957,0.7622913908175076,-0.4267598752629638
2007-01-25,-0.00028463628523850047,0.7620744150277561,-0.4269230402026185
2007-01-26,0.000812413255751394,0.7626935343843937,-0.42645746488391334
2007-01-29,0.0010678471633488028,0.7635079745115905,-0.4258450091147299
2007-01-30,0.0016447941094038996,0.7647637879305501,-0.42490064236783687
2007-01-31,-0.0031651524587065077,0.762343193946852,-0.4267209195136469
2007-02-01,-0.001227809517716736,0.7614071817175575,-0.4274247970249758
2007-02-02,-0.0008974680828309754,0.7607238430739277,-0.4279386649946664
2007-02-05,0.006145377943825929,0.7653987786004967,-0.42442313188400904
2007-02-06,0.0024331907731218313,0.7672611398463461,-0.42302264355928687
2007-02-07,0.005907971067750103,0.7717940964619673,-0.41961387803068817
2007-02-08,0.0006242663698482062,0.7722759015608358,-0.41925156249321616
2007-02-09,-0.005770582761995006,0.7678194195557847,-0.4226028194157484
2007-02-12,-0.0023429985592530672,0.766020419761999,-0.42395566017797404
2007-02-13,0.005119864772965421,0.7699423407245105,-0.42100639105485327
2007-02-14,-0.0009371377696655749,0.7692207986765529,-0.4215489878341907
2007-02-15,-0.00011692970458417864,0.7691308539158036,-0.4216166259401597
2007-02-16,-0.0018989581632358934,0.7676703066021635,-0.42271495176981055
2007-02-20,0.0045827495938892205,0.7711883473879855,-0.42006939894947526
2007-02-21,0.0008438862561734109,0.7718391426352673,-0.41958000348571434
2007-02-22,-0.0044974447883240065,0.7683678387057978,-0.42219041037407656
2007-02-23,-0.0014967208173869671,0.7672178065661962,-0.4230552300153555
2007-02-26,-0.003693302215837939,0.7643842393411749,-0.42518606141275594
2007-02-27,-0.008518921861654906,0.7578725097339469,-0.43008285644057076
2007-02-28,0.006142804587599358,0.762527972463556,-0.42658196679656246
2007-03-01,0.0013535745646580505,0.7635601109319229,-0.42580580273190205
2007-03-02,-0.0016966431518038864,0.7622646218987197,-0.42678000538450245
2007-03-05,-0.006170789955986277,0.7575608470261034,-0.4303172255698463
2007-03-06,0.011339695166879205,0.7661513561017421,-0.4238571965659864
2007-03-07,-0.003347554329714285,0.7635866228124073,-0.4257858659021556
2007-03-08,0.008565557617520973,0.7701271680260753,-0.42086740165174563
2007-03-09,0.004071996084907002,0.7732631228391579,-0.4185091759786296
2007-03-12,0.007379072807221234,0.7789690877217272,-0.41421831285144484
2007-03-13,-0.0012502847906639197,0.7779951545189514,-0.41495070678553614
2007-03-14,0.001217781293164689,0.7789425824642973,-0.4142382447006804
2007-03-15,0.002443023360451348,0.7808455573897078,-0.4128072150488252
2007-03-16,-0.0009093949344793229,0.780135460395207,-0.41334120519302253
2007-03-19,0.006803245880109664,0.7854429137520682,-0.4093500211642218
2007-03-20,0.00013896901432097324,0.7855520659795977,-0.4092679391188544
2007-03-21,0.0037920676535011934,0.78853093255914,-0.40702784317890084
2007-03-22,0.0016358047896437818,0.7898208152354026,-0.40605785648464743
2007-03-23,-0.0007843531127370575,0.7892013168204682,-0.40652371685369937
2007-03-26,-0.004076795718378441,0.7859839042711159,-0.40894319842378946
2007-03-27,-0.006213833915182914,0.7810999308299681,-0.41261592722322327
2007-03-28,-0.0026378774468585014,0.779039484938689,-0.41416537442144497
2007-03-29,0.0037751614471729996,0.7819804847680552,-0.41195375412854174
2007-03-30,0.0066069832188969824,0.7871470167084227,-0.4080685424501336
2007-04-02,0.0024013729444609102,0.7890372502576595,-0.40664709426299794
2007-04-03,-0.003807438643223315,0.7860330393400858,-0.4089062490453699
2007-04-04,3.84717922042201e-05,0.786063279439841,-0.4088835086094099
2007-04-05,-0.00032628302076655164,0.7858068003385117,-0.4090763798838457
2007-04-09,0.002418036738670462,0.7877069100512272,-0.4076475048606568
2007-04-10,-0.003881919744905825,0.7846490950439006,-0.40994696970748246
2007-04-11,-0.00120826374017092,0.7837010319936011,-0.41065990938876284
2007-04-12,-0.0048696336183261905,0.7798846951014882,-0.41352977970663074
2007-04-13,0.002108364276036555,0.7815289761320677,-0.41229328684520494
2007-04-16,-0.005670875472614816,0.7770970226301827,-0.4156260984299255
2007-04-17,0.0018610723202139795,0.7785432563891204,-0.41453853633705806
2007-04-18,-0.004396115591779221,0.7751206902408336,-0.4171122926058526
2007-04-19,-0.0010945695920195726,0.7742722667031507,-0.41775030376592825
2007-04-20,0.0010483379438411434,0.7750839656991995,-0.4171399093165761
2007-04-23,0.011605303358163097,0.7840790502491868,-0.4103756411488285
2007-04-24,-0.007303186786444797,0.7783527744898787,-0.41468177797535644
2007-04-25,-0.00026047965510342494,0.7781500294276308,-0.4148342414639551
2007-04-26,0.002067400362286257,0.7797587770803825,-0.4136244695627602
2007-04-27,0.003552071480164357,0.7825285359938576,-0.41154162176442777
2007-04-30,-0.004928220764118961,0.7786720626142571,-0.41444167456286807
2007-05-01,-0.0028710336107106668,0.7764364689507702,-0.4161228321962295
2007-05-02,-0.0028406019627239647,0.7742309219931383,-0.4177813948250826
2007-05-03,-0.0016613074557914693,0.7729446863899267,-0.4187486389347602
2007-05-04,0.003251986186863306,0.7754582918332763,-0.41685841753748043
2007-05-07,-0.0001065263952273867,0.7753756850567981,-0.4169205375081674
2007-05-08,-0.0007812072416768683,0.7747699559566116,-0.41737604340673906
2007-05-09,-0.004371878913442393,0.7713827555233962,-0.4199232047970355
2007-05-10,0.0020841540352904762,0.7729904360060738,-0.4187142354035349
2007-05-11,-0.0009384820456010292,0.7722649983604608,-0.4192597616569721
2007-05-14,0.0013413794943864046,0.7733008987934938,-0.41848076860969363
2007-05-15,0.0031072734798709162,0.7757037561682752,-0.4166738293239597
2007-05-16,-0.006198120842185159,0.7708958505498074,-0.42028935542021884
2007-05-17,0.0006231516101889688,0.7713762355403654,-0.41992810779860534
2007-05-18,0.0014414122590609738,0.7724881067026216,-0.4190919850620496
2007-05-21,-0.0032362877247307464,0.7699881129253994,-0.4209719705399909
2007-05-22,0.0005494207256877926,0.7704111603531738,-0.42065384053985144
2007-05-23,-0.0065230207848322105,0.7653857523413233,-0.4244329275796227
2007-05-24,-0.008594593329615931,0.7588075730596675,-0.4293796925009935
2007-05-25,7.504629213065505e-05,0.7588645187544663,-0.42933686956270134
2007-05-29,0.004396480459047165,0.7622008517822344,-0.4268279602610351
2007-05-30,0.007776464999648407,0.7681280800288212,-0.4223707079552279
2007-05-31,-0.0016337894423365416,0.7668731204813078,-0.423314432594155
2007-06-01,-0.0026620914275643733,0.764831634121245,-0.42484962229954626
2007-06-04,-0.00022058749679963475,0.764662921825601,-0.42497649328164655
2007-06-05,0.0019825833737460246,0.7661789298209326,-0.42383646123771346
2007-06-06,-0.0033712550323986507,0.763595945248056,-0.42577885546725047
2007-06-07,-0.009354281156446553,0.756453054086283,-0.43115028149918644
2007-06-08,-0.0014460986939750283,0.7553591483127154,-0.4319728943341785
2007-06-11,0.00102199805990682,0.7561311238968239,-0.4313923717342135
2007-06-12,-0.0026729547051501388,0.7541100196514934,-0.4329122341695708
2007-06-13,0.003597431962330891,0.7568228791393016,-0.43087217451532567
2007-06-14,-0.0014918476972429757,0.7556938146698368,-0.4317212265512119
2007-06-15,0.0066283522510148475,0.7607028194673816,-0.4279544746640187
2007-06-18,-0.00017268458951265255,0.7605714578132607,-0.4280532581107439
2007-06-19,0.002876601716297253,0.7627593189741732,-0.4264079951313946
2007-06-20,-0.009287938109274871,0.7556748576272684,-0.43173548217258906
2007-06-21,-0.0024374361021099506,0.7538329484478309,-0.43312059062388975
2007-06-22,-0.00562783621833339,0.7495905000779831,-0.4363108950954041
2007-06-25,0.002081334449035164,0.7511506486084649,-0.4351376695428203
2007-06-26,-0.001046593545626452,0.7503644991878382,-0.43572885081204427
2007-06-27,0.003069892541860389,0.7526680375675717,-0.4339965990195652
2007-06-28,0.003747257853064367,0.7554884787820974,-0.4318756383303801
2007-06-29,0.0014275694796067949,0.7565669910766013,-0.4310646013310394
2007-07-02,0.006064096605862894,0.7611548863992968,-0.4276145221110157
2007-07-03,-0.00021598576743229967,0.760990487777023,-0.4277381492277247
2007-07-05,0.005069831565038173,0.7648485813726488,-0.42483687803321224
2007-07-06,-0.004854595705069644,0.7611355507344885,-0.4276290624548267
2007-07-09,0.0025773804507678967,0.763097286623336,-0.4261538447898101
2007-07-10,-0.003057813570277175,0.7607638773848575,-0.4279085593504631
2007-07-11,0.0014851193174562165,0.7618937025151847,-0.4270589353006031
2007-07-12,0.003982519306905154,0.7649279588952609,-0.424777186448719
2007-07-13,0.0026347623401401605,0.7669433622742784,-0.4232616110423846
2007-07-16,-0.003832757732784382,0.7640038541719141,-0.4254721095624555
2007-07-17,0.0011064161014112876,0.7648491603377102,-0.4248364426537654
2007-07-18,-6.355328215473428e-05,0.7648005516632175,-0.4248729961856106
2007-07-19,0.0029420215274045735,0.7670506113503816,-0.423180960159397
2007-07-20,-0.005510076879626922,0.7628241035112762,-0.42635927741455126
2007-07-23,0.004243339595720917,0.7660610252342759,-0.4239251250226864
2007-07-24,-0.008014339427534035,0.7599215521558437,-0.4285419846064289
2007-07-25,-0.004749258432689047,0.7563124883160854,-0.43125598640496454
2007-07-26,-0.003408999966828874,0.7537342190685037,-0.4331948347284441
2007-07-27,0.001335477568505338,0.7547408142106845,-0.43243787914451093
2007-07-30,0.004127009657177157,0.7578556368395977,-0.43009554479069245
2007-07-31,-0.0005430341749268236,0.7574440953291328,-0.4304050223863142
2007-08-01,0.0006137718837310223,0.757908993218344,-0.43005542100394045
2007-08-02,0.006058450833671078,0.7625007475901546,-0.42660243979417534
2007-08-03,-0.0024802693129111573,0.760609540384835,-0.42802462016685194
2007-08-06,-0.010550887003153936,0.7525844350707137,-0.4340594677680576
2007-08-07,0.0007212227479172008,0.7531272160850151,-0.4336512985822436
2007-08-08,-0.010397123438522,0.7452968594544688,-0.43953969594013065
2007-08-09,-0.016521231830912537,0.7329836372565705,-0.4487991905555274
2007-08-10,0.0071592593926533546,0.7382312572462607,-0.44485300098327407
2007-08-13,0.017596218838463715,0.7512213360021601,-0.4350845129010593
2007-08-14,-0.002764249907736772,0.7491447724934263,-0.43664608048415166
2007-08-15,-0.004012863625789609,0.7461385566854369,-0.4389067429362228
2007-08-16,-0.018694406771141567,0.732189938999127,-0.44939604852031767
2007-08-17,-0.00031581714872773816,0.7319587008602652,-0.4495699386903522
2007-08-20,0.005693462086569576,0.7361260799725479,-0.44643608600497753
2007-08-21,0.0079421117672832,0.7419724755745019,-0.4420396195296944
2007-08-22,0.007356848276380025,0.7474310545025535,-0.437934789666343
2007-08-23,0.004254561679164634,0.7506110460248577,-0.4355434485612658
2007-08-24,0.004840208751959566,0.7542441601791449,-0.4328113610208911
2007-08-27,0.0013569062367589212,0.7552675987841309,-0.4320417392192416
2007-08-28,-0.006517860266728338,0.7503448701112685,-0.4357436118003446
2007-08-29,-0.00011532744324907587,0.7502583347558435,-0.4358086860469327
2007-08-30,0.002629480651986896,0.7522311245310759,-0.434325155902874
2007-08-31,0.005910493851663866,0.756677181967647,-0.430981738214797
2007-09-04,0.001807081327727415,0.758044559174298,-0.4299534759387892
2007-09-05,0.0028245421167794825,0.7601856879580813,-0.4283433555230546
2007-09-06,0.00115133728055055,0.7610609180807684,-0.4276851859165939
2007-09-07,-0.005410587510547411,0.7569431313826348,-0.4307817453017748
2007-09-10,-0.00035736927226447297,0.756672623166627,-0.430985166415216
2007-09-11,0.005439935363829424,0.7607888733282328,-0.42788976249945454
2007-09-12,0.0020712094066904444,0.7623646263991756,-0.42670480239387953
2007-09-13,-0.0037340124640396592,0.759517947382058,-0.42884549380731496
2007-09-14,-0.0015743944231340309,0.7583221665614295,-0.4297447162766126
2007-09-17,-0.001911712023745165,0.7568724729577415,-0.43083488015911076
2007-09-18,0.0037837671236318126,0.7597363021377009,-0.4286812918907389
2007-09-19,0.004345496718759654,0.763037733745763,-0.426198628319284
2007-09-20,0.008785374034990641,0.7697413056395311,-0.42115756864727827
2007-09-21,0.0068892406461909085,0.7750442387293951,-0.4171697838414631
2007-09-24,0.0004541606500530259,0.7753962333246762,-0.41690508529162196
2007-09-25,0.0034407443767528805,0.7780641735542434,-0.414898804742726
2007-09-26,0.003195232684740816,0.7805502696324098,-0.413029270279759
2007-09-27,0.005172823674961904,0.7845879185466623,-0.40999297419255243
2007-09-28,0.0005703412647635441,0.7850354014124444,-0.409656468839234
2007-10-01,0.0012891119300013193,0.7860473999138786,-0.4088954499504155
2007-10-02,-0.009229219577618566,0.7787927958616573,-0.4143508836361526
2007-10-03,-0.00624582906541612,0.7739285891813278,-0.4180087479092732
2007-10-04,0.004423142503752504,0.7773517856190049,-0.4154345176653387
2007-10-05,0.003444764553788448,0.7800295794959294,-0.4134208272124239
2007-10-08,0.007881640120215775,0.7861774919246396,-0.40879762127049835
2007-10-09,0.002111551856554791,0.7878375464672948,-0.4075492667900924
2007-10-10,0.0034780532814865962,0.7905776874310637,-0.40548869157333256
2007-10-11,-0.008070529620519963,0.7841973067873291,-0.410286712697724
2007-10-12,0.010140239205591045,0.792149255062533,-0.4043068789017634
2007-10-15,0.00488148345909783,0.7960161185482574,-0.401399012784424
2007-10-16,0.008127437067310738,0.8024856894563234,-0.39653392093239936
2007-10-17,0.007052071759736772,0.8081448761245312,-0.39227823483824764
2007-10-18,0.00923077312780512,0.815604678130435,-0.38666849309921014
2007-10-19,-0.007006051856755186,0.8098905094608411,-0.39096552544193885
2007-10-22,-0.0008590202538570784,0.8091947971098076,-0.3914886983908815
2007-10-23,0.007239190101756295,0.8150527120754376,-0.38708356939946587
2007-10-24,0.007406015657275255,0.821089005222573,-0.38254430071783707
2007-10-25,-0.008748041695512297,0.8139060843691592,-0.38794582892028906
2007-10-26,0.00022778513976948905,0.8140914800803464,-0.38780641207538336
2007-10-29,0.00734720846699281,0.8200727798956994,-0.3833084981627449
2007-10-30,-0.014342179049994054,0.8083111492524089,-0.3921531981007045
2007-10-31,0.0035936875504936267,0.8112159669664024,-0.3899687866161117
2007-11-01,0.0022668755456205967,0.8130548926041354,-0.3885859217764266
2007-11-02,0.013598799179804177,0.8241114628108163,-0.3802714245109592
2007-11-05,0.002946940877957877,0.8265400705685672,-0.37844512103861183
2007-11-06,0.005950132281269037,0.8314580933242195,-0.37474678728872346
2007-11-07,0.0015258599375865167,0.8327267819186049,-0.3737927384606001
2007-11-08,-0.01364529905890855,0.821363975944963,-0.38233752381716546
2007-11-09,-0.013328044767068767,0.810416800103511,-0.39056975695066876
2007-11-12,-0.03307663220679079,0.7836109416722828,-0.4107276569557067
2007-11-13,0.003012347926383072,0.7859714504675204,-0.4089525636350624
2007-11-14,0.004990623208934308,0.7898939378297833,-0.4060028685815583
2007-11-15,-0.0013251189182979105,0.7888472344293163,-0.40678998541781564
2007-11-16,0.015022718930138634,0.800697864710965,-0.39787835810220407
2007-11-19,-0.0005846843874360751,0.8002297091704151,-0.3982304092255591
2007-11-20,0.014846953170635623,0.8121106821882197,-0.38929596429181834
2007-11-21,0.0006274842091791282,0.8126202688173985,-0.3889127571529295
2007-11-23,-0.005058630843269893,0.8085095228616925,-0.3920040219275245
2007-11-26,0.014718207545469972,0.8204093338216598,-0.3830554109354427
2007-11-27,-0.00012834968688880727,0.8203040345405431,-0.38313459558027696
2007-11-28,0.00939016386440459,0.828006823843511,-0.3773421283504935
2007-11-29,0.004416090932632622,0.8316633772704444,-0.37459241456936976
2007-11-30,-0.007581378967974715,0.8253582220335713,-0.3793338664839654
2007-12-03,0.007770322715227315,0.8317715217744384,-0.37451109032813357
2007-12-04,0.010480378490428708,0.8404888021401943,-0.3679557298132068
2007-12-05,0.00345256772579589,0.8433906466523564,-0.3657735541646857
2007-12-06,-0.0070881205182988585,0.8374125921048785,-0.37026902764865866
2007-12-07,0.004736350393098074,0.8413788715646798,-0.36728640111021627
2007-12-10,-0.008784196088264813,0.8339880345723326,-0.372844281430576
2007-12-11,0.013077126533617527,0.844894201627958,-0.36464288674256173
2007-12-12,0.013462694598577093,0.856268754232584,-0.35608926796574325
2007-12-13,-0.00042821604326328015,0.8559020862146766,-0.3563650008716297
2007-12-14,0.00944887258000601,0.8639893959682803,-0.35028337577683344
2007-12-17,-0.014503285103151976,0.8514587114324522,-0.3597064012141995
2007-12-18,-0.0019303968251910269,0.8498150582391217,-0.3609424219444858
2007-12-19,0.005664278984017287,0.8546286478138071,-0.35732262153552896
2007-12-20,0.007668501541473988,0.8611823689169551,-0.3523942490681037
2007-12-21,-0.0013192182657414558,0.8600462814057453,-0.35324858240373225
2007-12-24,-0.0028079929387466143,0.8576312775205628,-0.35506465581746693
2007-12-26,0.010305375292969182,0.8664694896984008,-0.34841835505596563
2007-12-27,0.00021426244472125586,0.8666551415695399,-0.34827874557978444
2007-12-28,0.00839040076038146,0.8739267255283535,-0.34281054307114034
2007-12-31,-0.011688198406176745,0.8637120965679177,-0.3504919038341724
2008-01-02,0.0026627111237658204,0.8660119123751802,-0.3487624514015357
2008-01-03,0.01813715937023625,0.8817189084464518,-0.3369508521947234
2008-01-04,0.005643084064791971,0.8866945223683319,-0.3332092101145695
2008-01-07,-0.010060044208810487,0.8777743362735965,-0.33991715493884445
2008-01-08,0.013409364579599547,0.8895447323673052,-0.3310658634166801
2008-01-09,-0.0007578165997286084,0.8888706206029161,-0.331572792809508
2008-01-10,-0.013059662076426089,0.8772622706681789,-0.34030222625810513
2008-01-11,-0.006333963351748369,0.871705723595895,-0.3444807277802163
2008-01-14,0.003776921533469903,0.8749980877141934,-0.3420048829253648
2008-01-15,-0.0002752301676703148,0.8747572618438006,-0.3421859830317635
2008-01-16,-0.030312266556933917,0.8482413865501778,-0.36212581685899214
2008-01-17,-0.014571110313251347,0.8358815677344898,-0.3714203519475149
2008-01-18,0.0008020446822611016,0.8365519821008914,-0.37091620298341677
2008-01-22,-0.027063388702368282,0.8139120506395584,-0.38794134230843824
2008-01-23,-0.04617681401180059,0.7763281852552123,-0.4162042611089738
2008-01-24,0.005638960980681069,0.7807058696000694,-0.41291225971667944
2008-01-25,-0.0005822476386492839,0.7802513054510151,-0.41325409016713943
2008-01-28,-0.015490527609135558,0.768164801061862,-0.42234309388295266
2008-01-29,-0.009959339532968542,0.7605143869908116,-0.4280961751445366
2008-01-30,0.0019950561668294685,0.7620316559085402,-0.42695519489192535
2008-01-31,-0.007790174355251576,0.7560952964447916,-0.4314193138370884
2008-02-01,-0.01164659263294346,0.7472893625354144,-0.4380413414677873
2008-02-04,0.014765154442189137,0.758323205386255,-0.42974393508443376
2008-02-05,0.0023300350405962263,0.7600901250269021,-0.428415218471068
2008-02-06,-0.0014569967912416166,0.7589826761536834,-0.4292480156636782
2008-02-07,-0.004358631614142351,0.7556745502668135,-0.4317357133064411
2008-02-08,0.020817920370669603,0.7714061228804096,-0.4199056326365592
2008-02-11,0.015555134384591138,0.7834054487869108,-0.4108821867964765
2008-02-12,-0.003653808144122542,0.7805430355779832,-0.4130347102602072
2008-02-13,0.0023286823225442586,0.7823606723469188,-0.41166785456604305
2008-02-14,0.0067622760324677345,0.7876512111702756,-0.40768939019984474
2008-02-15,-0.0011296913212801988,0.7867614084328207,-0.40835851835523806
2008-02-19,0.005363696394608111,0.7909813577626487,-0.40518513307323945
2008-02-20,-0.013274043457720769,0.7804818368454602,-0.4130807314661237
2008-02-21,0.00018378552255920755,0.7806252781076929,-0.41297286420165613
2008-02-22,-0.0037771300805812444,0.7776767548880902,-0.4151901420543975
2008-02-25,-0.003807320500444311,0.7747158902364858,-0.4174167006154157
2008-02-26,-0.008361537809063612,0.768238074028991,-0.42228799290014896
2008-02-27,-0.00699164112865748,0.7628668291140094,-0.42632714792950754
2008-02-28,0.02777782149733105,0.7840576077193733,-0.41039176584682857
2008-02-29,0.000510750511483282,0.7844580655435482,-0.41009062313966016
2008-03-03,0.004781440195702009,0.7882089048699809,-0.4072700067333185
2008-03-04,-0.0010364746385890407,0.7873919463301731,-0.40788435633887055
2008-03-05,0.010715923938359285,0.7958295785367238,-0.4015392901386853
2008-03-06,0.012761623747843112,0.8059856561854141,-0.39390195973156805
2008-03-07,-0.013758260485892777,0.7948966955797219,-0.40224081444957027
2008-03-10,-0.0010109986987102547,0.7940930560548817,-0.40284514820830386
2008-03-11,-0.01131214370352076,0.7851101612908209,-0.4096002497050262
2008-03-12,0.005805907111287817,0.7896684379594037,-0.406172443596286
2008-03-13,0.0030170806776268527,0.7920509313453028,-0.4043808179500179
2008-03-14,0.005706677340775365,0.7965709104479511,-0.40098181146008205
2008-03-17,-0.0010471002049792092,0.7957368208843406,-0.40160904352808857
2008-03-18,-0.009911796166195634,0.7878496397137985,-0.4075401727163329
2008-03-19,-0.018345711513909707,0.7733959775072714,-0.4184092697912599
2008-03-20,-0.024988549810255674,0.7540699336002796,-0.43294237872226393
2008-03-24,-0.00690667395988104,0.7488618184259533,-0.436858860828895
2008-03-25,0.009660169970742054,0.7560959508765471,-0.43141882170698476
2008-03-26,0.019772168640583603,0.7710456075257407,-0.4201767387639135
2008-03-27,-0.0013661531345034745,0.7699922411521742,-0.4209688661297092
2008-03-28,0.011734692835984233,0.7790278635881861,-0.41417411363126966
2008-03-31,-0.006009869928340244,0.7743460074574683,-0.4176948510090004
2008-04-01,-0.022088289013652646,0.7572420290481797,-0.4305569754340516
2008-04-02,-0.004810063181322836,0.7535996470449049,-0.4332960323603774
2008-04-03,-0.0026750903919151576,0.7515836998697444,-0.4348120166992704
2008-04-04,0.01287097481536437,0.7612573147424062,-0.42753749640026006
2008-04-07,-0.0007216179767686886,0.7607079777791415,-0.4279505956338837
2008-04-08,0.016070725352752287,0.7729331067636777,-0.4187573467681103
2008-04-09,0.013835856369224284,0.7836272982118782,-0.4107153569023271
2008-04-10,0.00033545641987081507,0.7838901710198493,-0.4105176775856687
2008-04-11,0.0014159694622128682,0.7850001355637423,-0.40968298861861563
2008-04-14,0.016646729845032442,0.7980678207487857,-0.39985614080722287
2008-04-15,-0.007209746279448828,0.7923139542473943,-0.404183025763172
2008-04-16,-0.0005133673132703869,0.7919072061614357,-0.40448889872243676
2008-04-17,-0.007958400755924641,0.7856048912532984,-0.4092282147210057
2008-04-18,0.0019358776639951726,0.7871257262150011,-0.40808455281736544
2008-04-21,0.0074804300747048635,0.7930137651699537,-0.40365677070457806
2008-04-22,-0.0005040012451117211,0.7926140852449173,-0.4039573284346569
2008-04-23,-0.0028606946565871362,0.7903466583665214,-0.4056624245203019
2008-04-24,-0.021245860112696947,0.7735550638223289,-0.418289637508663
2008-04-25,-0.0009790108584444954,0.772797745015242,-0.41885913827001175
2008-04-28,-0.0051856903850395234,0.7687902551793362,-0.4218727548490385
2008-04-29,-0.00713294941928494,0.7633065131751029,-0.42599650724661087
2008-04-30,0.008195256020364547,0.7695620054725847,-0.4212924016669133
2008-05-01,-0.019508132507958468,0.7545492878967353,-0.4325819061785575
2008-05-02,0.0029187089872634055,0.7567515976846526,-0.4309257778885851
2008-05-05,0.009196919634673483,0.7637113813119691,-0.42569204800166205
2008-05-06,0.0012183142313495746,0.7646418217564651,-0.4249923604505653
2008-05-07,0.0036948072052039676,0.7674670258688912,-0.4228678180809108
2008-05-08,0.007766045097180954,0.7734272094023884,-0.4183857835290926
2008-05-09,0.0007213109838221008,0.7739850909437171,-0.41796625880640503
2008-05-12,-0.004242666751985616,0.7707013301318377,-0.4204356340087009
2008-05-13,0.006666587950680982,0.7758392783328685,-0.4165719171897392
2008-05-14,-0.010600040135580713,0.7676153508437801,-0.42275627828375295
2008-05-15,-0.0026487151689585007,0.7655821564200748,-0.42428523248564876
2008-05-16,0.008097872850390663,0.7717817433792924,-0.4196231675002253
2008-05-19,-0.003011070996181298,0.7694578537564208,-0.421370723347421
2008-05-20,0.01083068944667064,0.7777916128127582,-0.41510376934724535
2008-05-21,0.006542669791576836,0.7828804465020501,-0.41127698644774635
2008-05-22,-0.00010854240335331187,0.7827954707768484,-0.4113408878585467
2008-05-23,0.007378340243618487,0.7885712021014035,-0.4069975606416607
2008-05-27,-0.006290395236865575,0.7836107775677755,-0.41072778036165003
2008-05-28,0.004777754617710274,0.7873546775787875,-0.4079123822931846
2008-05-29,-0.00964444659474108,0.7797610774397593,-0.4136227397015654
2008-05-30,0.0020196399918043094,0.7813359140958089,-0.4124384687363821
2008-06-02,0.0017542621120216957,0.782706582086669,-0.411407731803605
2008-06-03,-0.0007784281919274818,0.7820973012171655,-0.41186590861871963
2008-06-04,-0.00011151158182445591,0.7820100883099661,-0.41193149238157445
2008-06-05,0.017721055010492964,0.7958681321036675,-0.4015102980081299
2008-06-06,0.012662172050189355,0.8059455513216269,-0.3939321184312422
2008-06-09,0.01318575214506204,0.8165725496037692,-0.38594065756179385
2008-06-10,-0.005343983814222297,0.8122087991155484,-0.3892221807487556
2008-06-11,0.013866183212050473,0.8234710351305242,-0.38075302360516117
2008-06-12,-0.001052759204803957,0.8226041184184011,-0.3814049415596078
2008-06-13,0.001165208804555009,0.8235626239798455,-0.38068414915105886
2008-06-16,0.0012658641721193917,0.8246051423990383,-0.3799001794042435
2008-06-17,0.012098115691500173,0.8345813108115877,-0.37239814003439753
2008-06-18,0.012957535092740538,0.8453954274341742,-0.3642659669096241
2008-06-19,-0.0009868043969914887,0.8445611875091856,-0.3648933120487948
2008-06-20,0.004203438101106706,0.8481112481834776,-0.36222368039839303
2008-06-23,0.020145704315936343,0.8651970466164016,-0.34937522724399306
2008-06-24,-0.01631874648281885,0.851078115354985,-0.3599926079660398
2008-06-25,-0.011616790866376622,0.8411913188779563,-0.3674274399922335
2008-06-26,0.00796815772780909,0.8478940639860395,-0.3623870020598077
2008-06-27,0.005316111951202247,0.8524015637529491,-0.35899737998121595
2008-06-30,0.009885702578068246,0.8608281520892911,-0.35266061872794763
2008-07-01,-0.0009985124792819167,0.8599686044369127,-0.3533069951784785
2008-07-02,-0.00560107946989571,0.8551518519418462,-0.35692917409110947
2008-07-03,0.001659362221418373,0.8565708586185343,-0.3558620866569001
2008-07-07,0.002783034825695849,0.8589547251487459,-0.3540694284115151
2008-07-08,-0.02441313315759537,0.8379849490673438,-0.36983861746626656
2008-07-09,0.020545026598799324,0.8552013721353259,-0.3568919351005748
2008-07-10,0.023124876366718363,0.8749777981346033,-0.34202014060933605
2008-07-11,0.011146886903775508,0.8847310766937242,-0.33468571353174625
2008-07-14,0.020925516319824103,0.9032445312777343,-0.32076366857244265
2008-07-15,-0.005960341791871593,0.8978608851496802,-0.32481214926520785
2008-07-16,-0.04236385912377454,0.8598240330984517,-0.3534157122558207
2008-07-17,-0.0401422700094238,0.8253087446012218,-0.37937107331829856
2008-07-18,-0.0017312166196562897,0.8238799563862206,-0.38044551643080926
2008-07-21,0.01430134606304057,0.8356625487569027,-0.3715850533563779
2008-07-22,-0.0351070878121957,0.8063248702763308,-0.3936468720706918
2008-07-23,-0.027491786490235166,0.7841575591009273,-0.4103166028014107
2008-07-24,0.03309745123287024,0.810111175672157,-0.39079958531979697
2008-07-25,0.010188730213212916,0.8183651798837893,-0.384592606648843
2008-07-28,0.014287216030198209,0.830057340000381,-0.37580014827345387
2008-07-29,-0.02584364243458271,0.8086056349052103,-0.39193174604919423
2008-07-30,0.01737877924328746,0.8226582137291063,-0.3813642620989319
2008-07-31,-0.017381837393555873,0.8083589024275938,-0.3921172879009708
2008-08-01,-0.009214455493411364,0.8009103152984719,-0.3977185960968215
2008-08-04,-0.01968130785140021,0.7851473528217207,-0.40957228182021344
2008-08-05,-0.024502409644075244,0.7659093507519216,-0.42403918363627113
2008-08-06,-0.0023545882470007084,0.7641059495963731,-0.42539533420521414
2008-08-07,0.008405256240987204,0.7705284558979936,-0.4205656347519421
2008-08-08,-0.02748128940014835,0.7493533404104114,-0.43648923823171526
2008-08-11,-0.019732990995928477,0.7345663576913237,-0.4476089910197977
2008-08-12,0.010310012213285666,0.7421397458105901,-0.4419138329707025
2008-08-13,0.027629846358151373,0.7626449529636142,-0.42649399792107345
2008-08-14,-0.025056048012288522,0.7435360844058284,-0.44086379184449864
2008-08-15,-0.020549777378919172,0.7282565833980954,-0.4523539164465872
2008-08-18,0.016633895279125694,0.7403703271426731,-0.4432444288427364
2008-08-19,0.025805943568730484,0.7594762820248796,-0.4288768259918757
2008-08-20,0.005811474755448496,0.7638899592652291,-0.42555775808387586
2008-08-21,0.002792921651796787,0.7660234440720511,-0.42395338590872156
2008-08-22,-0.02052022111139564,0.7503044736231799,-0.43577398980034543
2008-08-25,0.008660576935424961,0.7568025432419869,-0.43088746703004344
2008-08-26,0.005880998083583729,0.7612532975484443,-0.42754051731430365
2008-08-27,-0.003679496023669388,0.7584522690671096,-0.4296468797045575
2008-08-28,-0.01753361236729229,0.7451538609821936,-0.43964723022829344
2008-08-29,-0.006215187493648568,0.7405225900245731,-0.4431299277550099
2008-09-02,-0.03222222436305362,0.7166613049828917,-0.46107352016395786
2008-09-03,-0.006707439101483715,0.711854342923329,-0.4646883367076352
2008-09-04,0.009807807935885024,0.7188360735970467,-0.4594381027282245
2008-09-05,-0.009239918048517667,0.7121940871866917,-0.4644328503591669
2008-09-08,-0.024262057966899724,0.694914792959685,-0.4774268115889202
2008-09-09,0.00443847421608969,0.6979991543506158,-0.47510738396613783
2008-09-10,0.01634426642265126,0.7094074384921074,-0.4665283992063981
2008-09-11,0.0020823908605743257,0.7108847020584468,-0.4654175028205295
2008-09-12,0.005383584836561624,0.7147118101609922,-0.46253953259482294
2008-09-15,0.016108064924845032,0.726224434401619,-0.45388208449132283
2008-09-16,0.01508833914168816,0.7371819549608513,-0.4456420721707761
2008-09-17,0.01938699803624736,0.7514737000740342,-0.4348947361125728
2008-09-18,-0.03331845583363476,0.7264357567879794,-0.4537231708887606
2008-09-19,-0.03133621480091535,0.7036720098742059,-0.4708414189465533
2008-09-22,0.020842242406101052,0.7183381124783924,-0.4598125675289688
2008-09-23,0.0061325896371802815,0.722743385342969,-0.456499819678462
2008-09-24,0.002865887280004889,0.7248146864177311,-0.4549422094249982
2008-09-25,-0.005237134788347713,0.7210187342083874,-0.45779675054167845
2008-09-26,-0.008110409546487268,0.7151709769832675,-0.4621942409522217
2008-09-29,0.038873520533574034,0.7429721906420427,-0.4412878377348035
2008-09-30,-0.027080911611800408,0.7228518264172398,-0.4564182724175453
2008-10-01,-0.019016547652084773,0.7091056802147798,-0.46675532024291955
2008-10-02,0.0022764308312173596,0.7107199102478121,-0.4655414256133379
2008-10-03,0.012246377678244633,0.719423654692155,-0.45899624405802264
2008-10-06,0.005063087153655762,0.7230661593562628,-0.45625709489123334
2008-10-07,0.01963031499743135,0.7372601758284091,-0.44558325038632984
2008-10-08,0.018519801014327947,0.7509140875805397,-0.43531556250447423
2008-10-09,0.030428091293172612,0.7737629699907698,-0.4181332928885265
2008-10-10,-0.0032488284212937786,0.771249146862519,-0.420023677983995
2008-10-13,-0.012976582593006028,0.7612409686084721,-0.4275497886286235
2008-10-14,-0.030737205016831227,0.7378425488891424,-0.44514530813747377
2008-10-15,0.00019487504912187156,0.7379863359921013,-0.4450371808021416
2008-10-16,0.03021318827094375,0.7602832561028146,-0.428269984662343
2008-10-17,-0.012021896594479145,0.7511432094154326,-0.43514326378669244
2008-10-20,0.00893415624507302,0.7578540402107757,-0.43009674544928067
2008-10-21,-0.001229422281002057,0.7569223175679931,-0.4307973972084409
2008-10-22,0.007523544812104686,0.7626170565434981,-0.426514975919172
2008-10-23,0.027163204990446214,0.7833321799795998,-0.41093728465111345
2008-10-24,0.007908769953819603,0.7895273739884825,-0.4062785231470468
2008-10-27,-0.012318829437336287,0.7798013209322103,-0.4135924767536817
2008-10-28,-0.010079167326568992,0.771941572937055,-0.41950297630204036
2008-10-29,0.006246978303436781,0.7767638751947136,-0.41587662398978964
2008-10-30,-0.009739569495291403,0.7691985294508228,-0.42156573420426524
2008-10-31,-0.013988888177251302,0.7584382972362291,-0.4296573864663722
2008-11-03,-0.028119393531676456,0.737111472286749,-0.44569507486420923
2008-11-04,-0.01423952536407292,0.7266153547809727,-0.4535881139051108
2008-11-05,0.003973878979447813,0.729502836265481,-0.4514167391968378
2008-11-06,0.04154143104405682,0.7598074280346472,-0.42862780549625945
2008-11-07,-0.00998149675704494,0.7522234126557407,-0.4343309552027642
2008-11-10,0.013594248215500739,0.7624493244408939,-0.4266411097999654
2008-11-11,0.01810238477484793,0.7762514754832457,-0.41626194655548465
2008-11-12,0.02802111192474148,0.7980029049595075,-0.39990495722518515
2008-11-13,-0.0029695332055838094,0.7956332088350779,-0.40168695938121113
2008-11-14,-0.003934575566123464,0.7925027298519991,-0.40404106725172284
2008-11-17,0.014055513601114827,0.8036417627503546,-0.3956645583667735
2008-11-18,0.006907515744653438,0.8091929308796137,-0.39149010178863985
2008-11-19,0.029943789448488977,0.8334232336250786,-0.37326900951927744
2008-11-20,0.02004382571643263,0.8501282236678854,-0.3607069227749946
2008-11-21,0.008020450882805586,0.8569466353299006,-0.35557950404939376
2008-11-24,-0.05789573994147901,0.8073330757871152,-0.39288870549590893
2008-11-25,-0.001545246887700317,0.8060855468644177,-0.39382684233422904
2008-11-26,-0.03361354436500489,0.7789901545729014,-0.41420247066230254
2008-11-28,-0.013517414165782705,0.7684602220224724,-0.4221209384836524
2008-12-01,0.01504137054148393,0.7800189169683035,-0.41342884539122005
2008-12-02,-0.019345410928516986,0.764929130487535,-0.42477630541594147
2008-12-03,-0.014541039358297349,0.7538062658948076,-0.4331406557987134
2008-12-04,0.016603416480251557,0.7663220252728823,-0.4237288540212173
2008-12-05,-0.03843021239019065,0.7368721070823644,-0.4458750765555204
2008-12-08,-0.03848390741424557,0.7085143891372666,-0.4671999688052837
2008-12-09,-0.015292203352622455,0.6976796430203204,-0.4753476552285969
2008-12-10,-0.005956530868457847,0.6935238926903752,-0.47847276311543663
2008-12-11,0.012691735652042636,0.702325914604777,-0.4718536772895575
2008-12-12,-0.012056376999520984,0.6938584086017684,-0.4782212084670653
2008-12-15,0.01900230411220265,0.7070433170928282,-0.4683062091910588
2008-12-16,-0.03428741055079572,0.6828006326024699,-0.48653661248383395
2008-12-17,-0.020389090748856056,0.6688789485409619,-0.4970056640881161
2008-12-18,0.012593724348082315,0.6773026256411219,-0.4906710920729951
2008-12-19,-0.01863106196447375,0.6646837584541013,-0.500160430516881
2008-12-22,0.031554906702116074,0.6856577924385324,-0.4843880395358151
2008-12-23,0.0033925130134574693,0.6879838954221588,-0.48263881925004604
2008-12-24,0.001340293328909692,0.6889059956475904,-0.48194540351085
2008-12-26,-0.00229902427549812,0.6873221840400604,-0.48313642360421194
2008-12-29,0.002597206685995471,0.6891073018118822,-0.48179402206784927
2008-12-30,-0.01706937476262664,0.6773446710255927,-0.49063947410940667
2008-12-31,-0.006115245491845742,0.6732025420796778,-0.49375433876908315
2009-01-02,-0.046726391900124294,0.6417462162703028,-0.5174093719334966
2009-01-05,-0.02422162809715332,0.6262020780870482,-0.529098502649695
2009-01-06,-0.05159174743576062,0.5938952186306328,-0.5533931337681135
2009-01-07,0.023554455257236106,0.6078840969853545,-0.5428735523198801
2009-01-08,-0.00743999672506034,0.6033614412945671,-0.5462745715935586
2009-01-09,0.013071318733126416,0.611248171005007,-0.5403437819015338
2009-01-12,0.034777088576471785,0.6325056027902545,-0.5243582768899974
2009-01-13,0.007391493816893427,0.6371807640424292,-0.5208425740345732
2009-01-14,0.03192227323983712,0.6575210224953598,-0.5055467797580078
2009-01-15,0.01629045269326957,0.6682323376071508,-0.4974919129646207
2009-01-16,-0.006213894073427033,0.6640800126448215,-0.5006144449884989
2009-01-20,0.05318114991333652,0.6993965513517362,-0.4740565469228776
2009-01-21,-0.046908256318247764,0.6665890786528303,-0.4987276372287236
2009-01-22,0.02110797836267431,0.6806594265018293,-0.4881467910415408
2009-01-23,-0.03454301329970428,0.6571473988796075,-0.5058277432460893
2009-01-26,0.006299364442885733,0.6612870098378445,-0.5027147721032331
2009-01-27,-0.013549712055566583,0.6523267612684551,-0.5094528437507211
2009-01-28,-0.03781708767397365,0.6276576629454866,-0.5280039085668184
2009-01-29,0.038824150502241896,0.6520259385155677,-0.5096790612765467
2009-01-30,0.027434838269874653,0.6699141646865054,-0.4962271856223357
2009-02-02,0.004184044347293434,0.6727171152604338,-0.4941193778260188
2009-02-03,0.01344982157623717,0.6817650404319675,-0.487315373718903
2009-02-04,-0.015757085475814215,0.6710224104154591,-0.49539378919735
2009-02-05,-0.03428365364879868,0.6480173105061934,-0.5126935337575409
2009-02-06,-0.029162203672374164,0.6291196977139876,-0.5269044641769685
2009-02-09,-0.017624910075972142,0.6180315196147558,-0.5352427304531933
2009-02-10,0.03918582668360002,0.6422495956273816,-0.5170308326387888
2009-02-11,-0.005164694190039238,0.6389325728722898,-0.5195252206914274
2009-02-12,0.0013336383137853279,0.6397846778313977,-0.5188844411169339
2009-02-13,-0.0012144341394946816,0.6390077014767136,-0.5194687242766836
2009-02-17,0.042960752828122756,0.6664599533951215,-0.4988247389141517
2009-02-18,0.0029882215524778353,0.6684514833917202,-0.4973271161974062
2009-02-19,0.03661962450454453,0.6929299257130308,-0.4789194239439387
2009-02-20,0.013423726406856013,0.7022316274549255,-0.4719245808550353
2009-02-23,0.011269952986963781,0.7101457448823015,-0.46597319570770035
2009-02-24,-0.03719662382695028,0.6837307207476051,-0.48583718986046953
2009-02-25,-0.002039493615554257,0.6823362563078821,-0.48688582162910443
2009-02-26,-0.015872324377105607,0.6715059939135035,-0.49503013631069936
2009-02-27,0.034500014941643564,0.6946729607369225,-0.4776086684683388
2009-03-02,0.04612631555432065,0.726715664930928,-0.4535126810672677
2009-03-03,0.00994125727109709,0.7339401323189427,-0.4480799100343653
2009-03-04,-0.021910295042518846,0.7178592874762894,-0.46017264204540587
2009-03-05,0.04789644719195626,0.7522421969301528,-0.4343168295023604
2009-03-06,0.014380100364256899,0.7630595152202375,-0.42618224873623334
2009-03-09,-0.026840457195308094,0.7425786489644961,-0.4415837795269365
2009-03-10,-0.09716161636706118,0.6704285071514371,-0.4958404021136845
2009-03-11,-0.013922313467500225,0.6610945913173266,-0.5028594700731066
2009-03-12,-0.04536650607230183,0.6311030395259632,-0.5254129989428225
2009-03-13,-0.0036758018932432474,0.6287832297784421,-0.527157486739817
2009-03-16,-0.006072759854732831,0.6249647802233144,-0.5300289457719545
2009-03-17,-0.02549534903082895,0.6090310850195456,-0.5420110218338852
2009-03-18,-0.05603761863247543,0.5749024333418976,-0.567675633530235
2009-03-19,0.013732237449740566,0.5827971300669822,-0.5617388526745635
2009-03-20,0.036762228990024265,0.6042220516172335,-0.5456273960191551
2009-03-23,-0.07877003853714148,0.5566274573263533,-0.5814183435449476
2009-03-24,0.0035370960072605945,0.5585963020831939,-0.579937780039188
2009-03-25,-0.011939776324841202,0.5519267871804371,-0.5849532289880364
2009-03-26,-0.021937246369571464,0.5398190332720938,-0.5940582122586209
2009-03-27,0.014159347279805522,0.5474625184324423,-0.5883103415106056
2009-03-30,0.06656291613991287,0.5839032201366064,-0.5609070772969067
2009-03-31,-0.021277629481280314,0.5714791437656133,-0.5702499338140355
2009-04-01,-0.02290501507740342,0.5583894053612403,-0.5800933655595402
2009-04-02,-0.04993859330582528,0.5305042239406237,-0.6010629122032802
2009-04-03,-0.04146859281760964,0.508504960290008,-0.6176062718569653
2009-04-06,0.0017566422575220017,0.509398221591413,-0.6169345428750979
2009-04-07,0.02766641343061501,0.5234914433907811,-0.6063364955672927
2009-04-08,-0.013587365843717539,0.5163785736333748,-0.6116853456213398
2009-04-09,-0.09058937333619643,0.4696001622436884,-0.6468625268187644
2009-04-13,-0.03787681512514278,0.45181320371564715,-0.6602382496042101
2009-04-14,0.024022934645418256,0.46266708278044516,-0.6520761752794392
2009-04-15,-0.02556728028600719,0.4508379437958882,-0.6609716412242495
2009-04-16,-0.015859581534193503,0.4436878426675492,-0.6663484891226572
2009-04-17,-0.01947394295634076,0.43504749092901945,-0.6728459996127795
2009-04-20,0.08142945641239517,0.4704731716289459,-0.6462060271981076
2009-04-21,-0.04380089649937228,0.44986602493269506,-0.661702520382905
2009-04-22,-0.01428848341277527,0.44343812169747315,-0.6665362783089975
2009-04-23,-0.02496322627983113,0.4323684755244358,-0.6748606086496847
2009-04-24,-0.040674972721940365,0.41478189957665246,-0.688085644523687
2009-04-27,0.03816910455418234,0.43061375326877604,-0.6761801528775613
2009-04-28,0.01507531081721649,0.43710538944147104,-0.6712984680334069
2009-04-29,-0.033165101513089115,0.4226087448287263,-0.6821998877085869
2009-04-30,-0.02930631672863751,0.4102236391004837,-0.6915134384557956
2009-05-01,0.0011585215245783608,0.4106988920162725,-0.6911560501342034
2009-05-04,-0.05974086330474617,0.38616338564891767,-0.7096066543256339
2009-05-05,-0.007529297124258416,0.38325584677985736,-0.7117931121081237
2009-05-06,-0.047254462202817746,0.3651452978541897,-0.7254121735986021
2009-05-07,0.012740239952115071,0.3697973365662386,-0.7219138588023186
2009-05-08,-0.07031835890998112,0.34379379472961874,-0.7414684198869488
2009-05-11,0.035949998545547264,0.35615318115011674,-0.7321742099579065
2009-05-12,0.024796885564469774,0.3649846708265181,-0.7255329644910191
2009-05-13,0.049981428316984024,0.38322712598823166,-0.7118147100303518
2009-05-14,-0.03169549645001765,0.3710805519769212,-0.7209488858655322
2009-05-15,0.011930102283933581,0.3755075809175844,-0.7176197775314623
2009-05-18,-0.04724934693978502,0.35776509294829006,-0.730962058631812
2009-05-19,-0.0003700258602440725,0.3576327106120066,-0.731061609627505
2009-05-20,0.006006923735723104,0.35978098303005285,-0.7294461172269293
2009-05-21,0.014107700127778412,0.3648566652503182,-0.7256292241803606
2009-05-22,0.005885487304604996,0.36700402452164943,-0.7240144184625196
2009-05-26,-0.005949756542042188,0.36482043992579594,-0.7256564654817814
2009-05-27,0.0036339020620421063,0.3661461616747174,-0.7246595279459878
2009-05-28,-0.01270575657802961,0.36149399767249857,-0.7281579369599859
2009-05-29,-0.012344530759864978,0.35703152389872383,-0.7315136996690085
2009-06-01,-0.017757411271255564,0.3506915682920511,-0.7362813213246837
2009-06-02,0.011070301413521258,0.3545738296562246,-0.7333618760633724
2009-06-03,0.027838221916290495,0.3644445346119035,-0.7259391447978812
2009-06-04,-0.0341859079733316,0.35198566729027736,-0.7353081639729133
2009-06-05,0.001182304815656812,0.3524018216397568,-0.7349952175405136
2009-06-08,0.007644307628814781,0.3550956895733258,-0.7329694394602861
2009-06-09,0.00029012380194352,0.3551987112848386,-0.7328919675388272
2009-06-10,-0.002774707674473181,0.3542131386946736,-0.7336331142464106
2009-06-11,-0.011369237597685548,0.3501860053606319,-0.7366615026586988
2009-06-12,0.003382449517294089,0.35137049184542707,-0.7357707734854817
2009-06-15,0.02139097062110113,0.35888664771361445,-0.7301186538638734
2009-06-16,0.003776546490642697,0.36024199982357585,-0.7290994344132331
2009-06-17,0.029674779295061956,0.37093210166115226,-0.7210605199185383
2009-06-18,-0.00023034678389951066,0.3708466586444895,-0.7211247727306777
2009-06-19,-0.008460120164735498,0.3677092513496665,-0.723484090664344
2009-06-22,0.04215661943866308,0.3832106303228901,-0.7118271147057449
2009-06-23,-0.013119970340041753,0.3781829182190651,-0.7156079344136098
2009-06-24,-0.012539201216345688,0.3734408065109314,-0.7191739837483297
2009-06-25,-0.0006929790235551422,0.37318201986547983,-0.7193685902868607
2009-06-26,-0.003606535475789019,0.3718361256719084,-0.7203806974216118
2009-06-29,0.0010921610342594598,0.3722422305994972,-0.7200753081149089
2009-06-30,0.00128690190272682,0.37272126983433096,-0.7197150724963017
2009-07-01,0.004922710356623896,0.3745560686894784,-0.7183353109808738
2009-07-02,0.014335789720343672,0.3799256257286894,-0.7142974252274495
2009-07-06,0.01785087721989568,0.3867076314262643,-0.7091973836437766
2009-07-07,0.01770916740889386,0.39355590160948883,-0.70404751142778
2009-07-08,0.01848701212613564,0.40083157433485567,-0.6985762341827854
2009-07-09,-0.013660876934255745,0.3953558635265032,-0.7026939471526743
2009-07-10,-0.0007318324535432009,0.3950665292748759,-0.7029115253707827
2009-07-13,-0.018703849017069535,0.3876772645596209,-0.7084682233449591
2009-07-14,-0.004908799180754666,0.38577423472095346,-0.7098992942913673
2009-07-15,-0.027409780361898187,0.3752002476779728,-0.7178508909176726
2009-07-16,-0.0055118135718817875,0.37313221386064793,-0.719406044206407
2009-07-17,0.007913891091895307,0.37608514156401884,-0.7171854541992124
2009-07-20,-0.01941473685898992,0.36878354750397746,-0.7226762241858294
2009-07-21,-0.0021239384416635704,0.3680002739507807,-0.7232652428140685
2009-07-22,-0.0072227244352412595,0.36534230937994094,-0.7252640217068758
2009-07-23,-0.026213363600200133,0.35576545858562775,-0.7324657757999302
2009-07-24,-0.01061135562844691,0.35199030478425813,-0.7353046765956978
2009-07-27,-0.011969479893047528,0.3477771639085953,-0.7384729419469693
2009-07-28,0.002664167637467894,0.34870370057373096,-0.7377761900225821
2009-07-29,0.020799203190395216,0.35595645969520673,-0.7323221437175023
2009-07-30,-0.023879886152074353,0.3474562599625897,-0.7387142604509597
2009-07-31,-0.006741001294951113,0.345114056864243,-0.740475587959612
2009-08-03,-0.022027993673349854,0.33751188660305337,-0.7461923900661176
2009-08-04,-0.011965503267801948,0.3334733870209825,-0.7492293258521744
2009-08-05,-0.023005013424267695,0.3258018272759288,-0.7549983085773577
2009-08-06,-0.005129577547437273,0.3241306015378202,-0.7562550637527635
2009-08-07,-0.014536538469123526,0.31941886457954555,-0.7597982713951755
2009-08-10,0.003431928640000239,0.32051508732905243,-0.758973916203399
2009-08-11,0.01914010737924985,0.3266497805172001,-0.7543606510783321
2009-08-12,-0.015429078737343204,0.3216098753340644,-0.7581506399338341
2009-08-13,-0.014719024787385898,0.3168760916071542,-0.7617104266594614
2009-08-14,0.005421980209374657,0.31859418750467217,-0.7604184253087087
2009-08-17,0.02933880389826836,0.32794135989499984,-0.7533893884712026
2009-08-18,-0.018862444501966103,0.3217555841940811,-0.7580410674447605
2009-08-19,0.003622562275032427,0.3229211638351636,-0.7571645561435788
2009-08-20,-0.011046234438900909,0.31935410095415767,-0.7598469733864914
2009-08-21,-0.01693371616056764,0.3139462492538867,-0.7639136565742658
2009-08-24,-0.002731630865013517,0.31308866398946955,-0.7645585573167757
2009-08-25,0.0033872811440579208,0.31414918331741937,-0.7637610509574451
2009-08-26,-0.0014305176712677563,0.31369978735926946,-0.7640989949486922
2009-08-27,-0.00858245170102473,0.31100747408563684,-0.7661236039307682
2009-08-28,-0.011987519842234253,0.3072792658189521,-0.7689272018692783
2009-08-31,0.010808314728603505,0.3106004368334976,-0.7664296943418624
2009-09-01,0.01798834968064359,0.31618762610221923,-0.762228150008669
2009-09-02,0.0036305968676540435,0.3173355759071369,-0.7613648962748741
2009-09-03,-0.009270502126828081,0.3143937157757716,-0.7635771635114937
2009-09-04,-0.007922911707038223,0.3119028021244325,-0.7654503207705197
2009-09-08,-0.00935845880580627,0.30898387259933546,-0.7676453442815039
2009-09-09,-0.008904162931298218,0.30623262985456745,-0.7697142679938671
2009-09-10,-0.006644740160669413,0.3041977936004654,-0.7712444568457574
2009-09-11,-0.006117225636428757,0.30233694705890757,-0.7726438061188157
2009-09-14,-0.014354579513583302,0.2979970273124565,-0.7759074086817888
2009-09-15,-0.015039582583914194,0.29351527641042985,-0.7792776677153623
2009-09-16,-0.011952556558668644,0.2900070184683009,-0.7819158638757557
2009-09-17,-0.0018442596641649748,0.28947217022181504,-0.782318067651404
2009-09-18,0.004180904939526916,0.290682425848151,-0.781407960185202
2009-09-21,0.0048536180735572814,0.29209328732391304,-0.7803469979100212
2009-09-22,-0.017281494626673326,0.28704547874853753,-0.7841429300853717
2009-09-23,0.008609604860413277,0.28951682689753055,-0.7822844860070802
2009-09-24,0.017689917047172096,0.29463835554910833,-0.7784331166246631
2009-09-25,0.00013351732555743736,0.2946776948743479,-0.7784035336069627
2009-09-28,-0.009224057279142897,0.29195957093794117,-0.7804475521058277
2009-09-29,0.002371106287251728,0.29265183811221546,-0.7799269699162443
2009-09-30,0.003065504053090109,0.2935489635080927,-0.7792523351505467
2009-10-01,0.014571128550111076,0.29782630319112097,-0.7760357925488885
2009-10-02,0.003431029256803363,0.2988481539508153,-0.775267364800647
2009-10-05,-0.010737117939734687,0.29563938607577345,-0.7776803456096898
2009-10-06,-0.0012804053670953895,0.29526084781911727,-0.7779650048883819
2009-10-07,-0.0018332999953700954,0.2947195461081775,-0.778372061643892
2009-10-08,-0.01266526849113566,0.2909868439271318,-0.781179038988309
2009-10-09,0.002826965437012551,0.2918094536775392,-0.7805604396946351
2009-10-12,3.779383215885866e-05,0.29182048227505386,-0.7805521462327238
2009-10-13,0.005719210307545355,0.2934894649852342,-0.7792970778054894
2009-10-14,-0.01186958081944367,0.2900058680609367,-0.7819167289775645
2009-10-15,-0.004075498318641056,0.2888239496332583,-0.7828055269819402
2009-10-16,0.007084360840366541,0.29087008271180015,-0.781266842962547
2009-10-19,-0.003377256206719415,0.2898877399196127,-0.7820055608747671
2009-10-20,0.0037928164550171395,0.29098723090968753,-0.7811787479789507
2009-10-21,-0.003706649321598599,0.28990864328764226,-0.7819898416243058
2009-10-22,-0.005908745652689127,0.2881956468519394,-0.7832780081998503
2009-10-23,0.011386819652278215,0.29147727870721407,-0.7808102339645395
2009-10-26,0.010745803120262087,0.29460943615823154,-0.7784548638927462
2009-10-27,0.006162328423880078,0.2964249162606127,-0.7770896300033401
2009-10-28,0.013137188299528398,0.30031910620220026,-0.7741612144987764
2009-10-29,-0.017966271933801115,0.2949234914732555,-0.7782186955322907
2009-10-30,0.010277760212044833,0.29795464439951663,-0.7759392804654571
2009-11-02,0.007151884698625932,0.30008558166168203,-0.774336824033855
2009-11-03,-0.00629646068561175,0.2981961045944303,-0.7757577033495161
2009-11-04,0.010286823241101316,0.30126359521357815,-0.773450962480694
2009-11-05,0.003344480109419903,0.30227116531546233,-0.7726932737309024
2009-11-06,0.0034215403497881857,0.3033053983041667,-0.7719155345951944
2009-11-09,-0.007938204167958738,0.30089769812718414,-0.7737261156491175
2009-11-10,0.007750348126250453,0.30322976003805724,-0.7719724142735191
2009-11-11,-0.005739664671631465,0.3014893228969795,-0.7732812161514709
2009-11-12,0.004469314568263444,0.30283677351997884,-0.7722679385879178
2009-11-13,0.005838094534102658,0.3046047632321911,-0.7709384172849479
2009-11-16,0.00023261038466719915,0.30467561746333804,-0.77088513518208
2009-11-17,0.0005177944829727772,0.3048333768171569,-0.7707665007691102
2009-11-18,-0.007793413635118165,0.30245768422183095,-0.7725530122476422
2009-11-19,0.0017876673594365447,0.30299837795152507,-0.7721464126916351
2009-11-20,0.0009018278308443525,0.3032716303214624,-0.7719409279852427
2009-11-23,0.002029290597906437,0.30388705658948556,-0.7714781298546358
2009-11-24,0.0009579546096137911,0.30417816659614744,-0.7712592162757326
2009-11-25,0.0008893507822749584,0.3044486876865607,-0.7710557854807891
2009-11-27,0.009660894046111932,0.3073899342007784,-0.7688439796818487
2009-11-30,-0.012843379922836077,0.30344200849138225,-0.7718128042722455
2009-12-01,0.00397742941940197,0.3046489276630383,-0.7709052058068271
2009-12-02,-0.0011075042945712511,0.30431152766731495,-0.77115892927526
2009-12-03,0.0025854346027475053,0.30509830522096093,-0.7705672756524785
2009-12-04,0.0010731972339231859,0.30542573587819877,-0.7703210490873372
2009-12-07,0.0006938435971994199,0.3056376535694578,-0.770161687817835
2009-12-08,0.0015246754390719668,0.3061036517931107,-0.7698112589882931
2009-12-09,0.0056597424647489136,0.3078361196297789,-0.7685084499958821
2009-12-10,0.006279436691780678,0.3097691570544375,-0.767054813462949
2009-12-11,-0.01034070420183224,0.3065659258304867,-0.7694636307321693
2009-12-14,0.003648031770022193,0.3076842880675226,-0.7686226267329346
2009-12-15,0.0010859077384689888,0.3080184048169405,-0.7683713722527973
2009-12-16,0.0075544387189128235,0.31034531098042734,-0.7666215479789352
2009-12-17,-0.007780145005355097,0.3079307794592676,-0.7684372661767844
2009-12-18,0.00046315544208202087,0.3080733992755587,-0.7683300166364307
2009-12-21,0.0016909631130384102,0.30859434002984204,-0.7679382712401648
2009-12-22,0.002259750855016611,0.3092916863535778,-0.7674138695501831
2009-12-23,0.004764344609704857,0.31076525853228293,-0.7663057490732824
2009-12-24,-0.0007909697220896486,0.3105194526221065,-0.7664905941499919
2009-12-28,0.0009297615075034631,0.31080816165648556,-0.7662734860927926
2009-12-29,-0.002008975511693957,0.3101837556708831,-0.7667430369356657
2009-12-30,0.0019856128560395876,0.3107996605238778,-0.7662798789110444
2009-12-31,0.002377047322914887,0.311538446024889,-0.7657243151228985
2010-01-04,0.004168792595977294,0.3128371851920398,-0.7647476683823654
2010-01-05,0.0071168788654976485,0.3150636095436748,-0.7630734060354168
2010-01-06,-0.004653720609446288,0.31359739153065486,-0.7641759962086757
2010-01-07,-0.004463982992737665,0.3121974981082951,-0.7652287105508795
2010-01-08,0.003891416583625749,0.3134123886298002,-0.764315117661758
2010-01-11,-0.004769740413020202,0.31191749289381143,-0.7654392733697846
2010-01-12,-0.012664625115387173,0.3079671747793799,-0.7684098970393491
2010-01-13,0.0026281337590813255,0.30877655370810647,-0.7678012472714891
2010-01-14,-0.0010876724663250056,0.3084407059523914,-0.768053803461547
2010-01-15,-0.005855219718020905,0.30663471784905866,-0.7694118994050388
2010-01-19,0.006125778500833204,0.3085130942112675,-0.7679993677758663
2010-01-20,-0.007662853165827128,0.30614900367059156,-0.7697771545549789
2010-01-21,-0.0030687644876110165,0.3052095044802097,-0.7704836542473174
2010-01-22,-0.017489644304577653,0.29987149880847447,-0.7744978134966182
2010-01-25,0.002423396563576937,0.3005982063682016,-0.7739513322727668
2010-01-26,0.003737725815883269,0.30172176004435225,-0.7731064243317567
2010-01-27,-0.0010242842658686067,0.3014127111928686,-0.7733388278513403
2010-01-28,-0.01000629812002813,0.29839668574750683,-0.7756068671120948
2010-01-29,-0.01163577984060505,0.29492460760698264,-0.7782178562041222
2010-02-01,0.013456769643668038,0.298893340113799,-0.7752333849839822
2010-02-02,0.003663172262566477,0.29998823790676965,-0.7744100261543045
2010-02-03,0.0031638806824855234,0.30093736489765577,-0.7736962863938918
2010-02-04,-0.009685093203032865,0.29802275847034687,-0.7758880589523593
2010-02-05,0.00419156171710301,0.29927193925557666,-0.7749486799199183
2010-02-08,0.005725463204081837,0.30098540973179866,-0.7736601568677699
2010-02-09,0.006702078394453415,0.30300263754340784,-0.7721432094953093
2010-02-10,-0.0016291504629449656,0.30250900065618047,-0.7725144224910452
2010-02-11,0.012170290257599458,0.30619062299970257,-0.7697458569833435
2010-02-12,0.003120152923976494,0.3071459845673493,-0.7690274288457524
2010-02-16,0.003539062437405867,0.3082329933841317,-0.7682100024951094
2010-02-17,-0.0024935391624416126,0.3074644023439717,-0.7687879799313501
2010-02-18,0.0008701080781678833,0.30773192960420026,-0.7685868004849188
2010-02-19,-0.004278925211537209,0.3064151676922219,-0.7695770002586064
2010-02-22,-0.006566172755922393,0.3044031927661198,-0.7710899974818463
2010-02-23,-0.0018781951921135486,0.3038314641530025,-0.7715199351480025
2010-02-24,0.0019646198124352843,0.3044283774671187,-0.7710710586858478
2010-02-25,-0.00016485746554855378,0.3043781901763684,-0.7711087993309036
2010-02-26,0.0032648428353600463,0.3053719371298056,-0.770361505534322
2010-03-01,0.01848574822140071,0.3110169658734686,-0.766116466143688
2010-03-02,-0.0003328484057301642,0.3109134443722226,-0.7661943139050587
2010-03-03,-0.0032409872363541063,0.30990577786740137,-0.7669520751494794
2010-03-04,-7.272045368031624e-05,0.3098832413786367,-0.7669690225003037
2010-03-05,0.007957742879039035,0.3123492125360511,-0.76511462189851
2010-03-08,-0.0013803547928737793,0.3119180598034766,-0.7654388470559483
2010-03-09,0.0002510409609416842,0.3119963640129447,-0.7653799625987137
2010-03-10,0.005401662546449669,0.3136816630870619,-0.7641126243300366
2010-03-11,-1.7999736628354236e-06,0.31368109846832987,-0.7641130489211001
2010-03-12,0.003443594815611702,0.3147612890727708,-0.7633007498392944
2010-03-15,-0.00634875499717507,0.3127629467658528,-0.7648034953865798
2010-03-16,0.006275415358344526,0.3147256641655083,-0.7633275396292998
2010-03-17,0.005966799910298829,0.31660356923021976,-0.7619153624139897
2010-03-18,-0.004697032994008103,0.3151164718195247,-0.7630336538120976
2010-03-19,-0.009305769116216188,0.31218407068805554,-0.7652388079180357
2010-03-22,0.015458478980115173,0.3170099615827136,-0.7616097569648899
2010-03-23,0.0068557423988115035,0.31918330021718183,-0.759975414868251
2010-03-24,-0.0003921676545461248,0.3190581268509654,-0.7600695447468355
2010-03-25,0.0015185352150075939,0.3195426278522229,-0.7597052019013808
2010-03-26,0.0014414849994189886,0.3200032437569469,-0.7593588205544832
2010-03-29,-0.002999072509243485,0.3190435308257267,-0.7600805209003502
2010-03-30,0.0005538371718613562,0.3192202289925399,-0.7599476445745712
2010-03-31,-0.0029423080942602565,0.3182809847289235,-0.7606539525629856
2010-04-01,-0.0013129111684263297,0.3178631100693752,-0.7609681926617844
2010-04-05,0.015157227330114912,0.322681033488554,-0.7573451332188309
2010-04-06,0.005033164468203265,0.3243051402008717,-0.7561238113653113
2010-04-07,-0.0006211965966779444,0.3241036829514938,-0.7562753064237019
2010-04-08,0.0054523423366658235,0.3258708071835196,-0.7549464359584249
2010-04-09,0.0018701354162721372,0.3264802297211627,-0.754488152609427
2010-04-12,0.0013694111525358896,0.32692731538882536,-0.7541519459475307
2010-04-13,0.005399801671383862,0.328692658052883,-0.7528244152143517
2010-04-14,0.013667661525223411,0.33318511804897577,-0.7494461029842023
2010-04-15,-0.0031345763170515404,0.33214072386874544,-0.7502314832959329
2010-04-16,-0.012211018651523065,0.3280849472946538,-0.7532814113119696
2010-04-19,-0.007004615428107774,0.32578683841110373,-0.7550095801446948
2010-04-20,0.009243878170892877,0.3287983722550563,-0.7527449185505164
2010-04-21,0.006511394692411259,0.3309393082310314,-0.7511349431254946
2010-04-22,0.015850391643389666,0.3361848258766857,-0.7471903345076791
2010-04-23,0.005832576132322767,0.33814564946814313,-0.7457158028867081
2010-04-26,0.0017497821789121742,0.33873733069945916,-0.7452708609302203
2010-04-27,-0.01842711716220053,0.33249537821944913,-0.7499647846204857
2010-04-28,-0.0004770687752667724,0.3323367550565801,-0.7500840686144603
2010-04-29,0.013832124246316333,0.33693367834414034,-0.7466272004004016
2010-04-30,-0.023557187102177288,0.32899646864236265,-0.7525959508471718
2010-05-03,0.016579377069288862,0.33445102515044883,-0.7484941458277983
2010-05-04,-0.012241211794626835,0.33035693931665217,-0.7515728822563087
2010-05-05,-0.007276677052410565,0.32795303855722213,-0.7533806061631907
2010-05-06,-0.013363173054443296,0.32357054534925145,-0.7566762238016138
2010-05-07,-0.013772348889067648,0.3191142189084757,-0.7600273637404235
2010-05-10,0.037406037119898816,0.33105101722645364,-0.7510509384007378
2010-05-11,-0.001677741849425697,0.33049559908055787,-0.7514686106597581
2010-05-12,0.012601331961370595,0.33466028383634405,-0.748336784119861
2010-05-13,-0.009074521919635137,0.33162340175503985,-0.7506205074887312
2010-05-14,-0.01693280662036579,0.3260080868223339,-0.7548432022105095
2010-05-17,-0.006538033775424885,0.32387663493962787,-0.7564460456347322
2010-05-18,-0.014139881569612475,0.31929705767841693,-0.7598898697052678
2010-05-19,-0.003809098320616866,0.3180808237922362,-0.7608044727993366
2010-05-20,-0.01297041956208733,0.3139551820529965,-0.7639069391445039
2010-05-21,0.021640936729057945,0.32074946628356527,-0.7587976641523604
2010-05-24,-0.005271932219203808,0.3190584968379725,-0.7600692665180628
2010-05-25,0.0045358458544094635,0.3205056969981691,-0.7589809776952534
2010-05-26,0.002574372533510027,0.3213307980613547,-0.7583605049441786
2010-05-27,0.02625202867531211,0.3297663833863223,-0.7520169779908852
2010-05-28,-0.011678178107812255,0.32591531282716774,-0.7549129678896211
2010-06-01,-0.006215185335733892,0.3238896887541932,-0.7564362292175721
2010-06-02,0.012588880868544537,0.32796709746046976,-0.7533700339232987
2010-06-03,0.0011656135835102694,0.3283493803642141,-0.753082558684739
2010-06-04,-0.01823932725001493,0.3223605085634116,-0.7575861667006244
2010-06-07,-0.015174088004992732,0.3174689818371362,-0.7612645755407368
2010-06-08,0.003929382666314454,0.3187164389514595,-0.7603264927020312
2010-06-09,0.004277181108605744,0.3200796468831448,-0.7593013657043831
2010-06-10,0.014118330970107356,0.3245986372746361,-0.7559031027213448
2010-06-11,0.005917630816124176,0.3265194921734444,-0.7544586273998883
2010-06-14,0.004503525697694291,0.32798998109724553,-0.7533528255185367
2010-06-15,0.010136995641167244,0.33131481410597485,-0.7508525641859118
2010-06-16,-0.0019987687677660757,0.33065259240324163,-0.751350552299186
2010-06-17,-0.002277878291866072,0.32989940604085705,-0.7519169454783882
2010-06-18,-0.000557539987613444,0.32971547393009937,-0.7520552617015333
2010-06-21,-0.0006058817800787745,0.32951570533183505,-0.7522054869009347
2010-06-22,-0.00859196189083106,0.3266845189491936,-0.7543345279142389
2010-06-23,0.003486989298397609,0.3278236643707216,-0.7534778950420901
2010-06-24,-0.013731617267978889,0.32332211528019644,-0.7568630422354686
2010-06-25,0.00886691360149748,0.3261889845418393,-0.7547071678376396
2010-06-28,-0.004613237269204768,0.3246841973615468,-0.7558387618728398
2010-06-29,-0.023394460264499938,0.31708838580786103,-0.7615507822563368
2010-06-30,-0.0035037405486472214,0.31597739037300093,-0.7623862464493385
2010-07-01,0.0016532453430284475,0.3164997785221374,-0.7619934126178414
2010-07-02,-0.011928492817693507,0.3127244131872345,-0.7648324724859932
2010-07-06,-0.006841229524782478,0.3105849936986177,-0.7664413075184922
2010-07-07,0.014521567474539879,0.3150951746411917,-0.7630496692063566
2010-07-08,0.0005448132986093898,0.31526684268266386,-0.7629205755150303
2010-07-09,0.006431953562289265,0.31729462437452827,-0.7613956916661688
2010-07-12,-0.0005480047898780992,0.31712074540056845,-0.7615264479700212
2010-07-13,0.010481637427643123,0.3204446900746411,-0.7590268546615608
2010-07-14,0.002966523964774517,0.32139529692713226,-0.7583120020510473
2010-07-15,-0.0037225588581732893,0.3201988840175809,-0.7592116998487264
2010-07-16,-0.010198001011888691,0.31693349547436395,-0.76166725917732
2010-07-19,-0.0022828336614958197,0.3162099890224395,-0.7622113331807066
2010-07-20,-9.69605167796217e-05,0.316179329138493,-0.7622343892927258
2010-07-21,-0.0016227565469714722,0.31566624706211643,-0.7626202249941457
2010-07-22,0.01289152603573324,0.31973566670471987,-0.7595600374443012
2010-07-23,0.012877494087119858,0.32385306086215127,-0.7564637732481829
2010-07-26,0.006302015863489771,0.3258939879891442,-0.7549290040838585
2010-07-27,-0.006680530497165443,0.3237168432635399,-0.7565662083460469
2010-07-28,0.0006788061553225657,0.3239365842493288,-0.7564009639898588
2010-07-29,0.0004074587722771916,0.3240685750522427,-0.7563017074257181
2010-07-30,0.0030012983382810363,0.32504120152803606,-0.7555702961451731
2010-08-02,0.002094858746953178,0.32572211693217723,-0.7550582504420376
2010-08-03,-0.0030492684256032943,0.32472890276549526,-0.7558051435850768
2010-08-04,0.001674765031248977,0.32527274737648276,-0.7553961745787422
2010-08-05,-0.004755358246974667,0.3237259589347299,-0.7565593533972007
2010-08-06,-0.0018161177475466933,0.323138034475367,-0.7570014702759703
2010-08-09,0.002285808114641983,0.3238766660167202,-0.756446022264881
2010-08-10,-0.0020281920928045087,0.32321978192366124,-0.7569399965166945
2010-08-11,-0.003979707048352907,0.32193346187937255,-0.7579073041257297
2010-08-12,-0.0029886089863728426,0.32097132864218575,-0.7586308245321547
2010-08-13,0.002931970329084157,0.3219124070542514,-0.7579231372713275
2010-08-16,-0.0012791628397422605,0.3215006286654956,-0.7582327929984913
2010-08-17,0.003927695928125637,0.3227633853755949,-0.7572832049239973
2010-08-18,0.001336890452201124,0.3231948846638236,-0.7569587191580713
2010-08-19,-0.002476577956150453,0.3223944673369246,-0.757560629836639
2010-08-20,0.0007521297616744971,0.3226369498108079,-0.7573782839709375
2010-08-23,-0.007231197471139899,0.32030389831523975,-0.7591327295103305
2010-08-24,-0.005283500847866554,0.31861157239691623,-0.7604053519381859
2010-08-25,0.0036827809531859374,0.31978494902720417,-0.7595229773318186
2010-08-26,0.0005300207164609033,0.319954441675001,-0.7593955195279717
2010-08-27,0.004814699209021374,0.3214949260722565,-0.758237081326156
2010-08-30,-0.0023071832918016393,0.32075317835042355,-0.7587948726926975
2010-08-31,0.004862260590453753,0.3223127638887796,-0.7576220705079758
2010-09-01,0.006824871930766547,0.32451250722397196,-0.7559678721803483
2010-09-02,0.0015898476904544032,0.32502843268410553,-0.7555798982655376
2010-09-03,0.0033000776337244278,0.3261010517451308,-0.7547732929545711
2010-09-07,-0.0007093387539735283,0.32586973563141647,-0.7549472417613877
2010-09-08,0.004512909578201223,0.3273403562825934,-0.7538413408215681
2010-09-09,-0.007916715570318013,0.32474889578721755,-0.7557901089114546
2010-09-10,-7.820427702370167e-06,0.3247463561119566,-0.755792018737252
2010-09-13,0.005871493055586266,0.32665310208669496,-0.754358153271149
2010-09-14,-0.0005716130201471314,0.32646638292047075,-0.7544985653490323
2010-09-15,0.0031603790135758337,0.32749814042569064,-0.7537226877671586
2010-09-16,0.0002488420073157213,0.3275796357203463,-0.7536614036264262
2010-09-17,0.005719535825979619,0.3294532391827102,-0.752252461199146
2010-09-20,0.0067054928605263155,0.33166238552592714,-0.7505911918465039
2010-09-21,-0.005233420037389616,0.32992665695186735,-0.7518964529005958
2010-09-22,-0.004315211376641803,0.32850295368833127,-0.7529670721496244
2010-09-23,-0.003073131729439943,0.32749342083813693,-0.7537262368784178
2010-09-24,0.005754841940523416,0.3293780937116217,-0.7523089702975552
2010-09-27,-0.0010430656363604757,0.32903453074070116,-0.7525673282990726
2010-09-28,-0.00021494628198475378,0.32896380599167385,-0.7526205130318963
2010-09-29,6.456169635657975e-05,0.3289850444530286,-0.7526045417925737
2010-09-30,-0.0011859030088778092,0.328594900098936,-0.7528979288108446
2010-10-01,-0.0029158194828994705,0.3276367766872461,-0.7536184338442828
2010-10-04,0.008707573933278956,0.3304896981435115,-0.7514730481411849
2010-10-05,0.001811100513588081,0.33108824820555477,-0.7510229408510328
2010-10-06,-0.010770051010315163,0.32752241088346506,-0.7537044364784655
2010-10-07,-0.0021427991093930353,0.3268205961531177,-0.7542321983926269
2010-10-08,-0.0003292563791576465,0.3267129883869942,-0.7543131190090977
2010-10-11,-0.0010574749584631798,0.3263674975831703,-0.7545729267333685
2010-10-12,0.004859711813992549,0.32795354956687844,-0.7533802218859409
2010-10-13,0.0009508054420941794,0.3282653695865607,-0.7531457344587821
2010-10-14,0.008783816666888636,0.33114879241109746,-0.7509774118468286
2010-10-15,-0.0003816537142427781,0.33102240824450674,-0.7510724522425276
2010-10-18,-0.008437675705128007,0.3282293485126091,-0.7531728221645779
2010-10-19,0.0017795636886747987,0.3288134535427795,-0.7527335774815239
2010-10-20,0.004730095687174707,0.33036877264126724,-0.7515639836427862
2010-10-21,0.0011498057999781415,0.33074863257218184,-0.7512783304702552
2010-10-22,0.002800131844540053,0.3316747723507853,-0.7505818770029777
2010-10-25,0.001038708920638747,0.3320192858955769,-0.7503228041736518
2010-10-26,-0.0024363046340773824,0.3312103857707464,-0.750931093882867
2010-10-27,-0.0018285758300561486,0.3306047424646624,-0.7513865352646113
2010-10-28,0.0022359797112428315,0.33134396796125404,-0.7508306406015213
2010-10-29,0.0011181142427043448,0.3317144483710657,-0.7505520407919323
2010-11-01,0.002992774378506499,0.33270719487313105,-0.7498054993308436
2010-11-02,-0.002768916785214414,0.33178595633668523,-0.7504982670833148
2010-11-03,0.0024488129063241246,0.33259843806869954,-0.7498872840195983
2010-11-04,-0.003641705770900846,0.33138721241739216,-0.7507981209407597
2010-11-05,-0.006705611705942171,0.32916505844660654,-0.7524691719781221
2010-11-08,-0.0012008273980479204,0.3287697880259438,-0.7527664137782724
2010-11-09,-0.004739694473973541,0.3272115196784278,-0.7539382254406681
2010-11-10,0.0037359858373188057,0.32843397728175394,-0.7530189421358089
2010-11-11,0.005048688318578266,0.3300921380662805,-0.7517720117540598
2010-11-12,0.0013606644934406214,0.3305412827181112,-0.7514342567441754
2010-11-15,-0.0007126733765162245,0.33030571474607845,-0.7516114029317078
2010-11-16,-0.0025248075695752793,0.3294717563772136,-0.7522385363417821
2010-11-17,0.004177932374154408,0.33084826709455145,-0.7512034057016965
2010-11-18,-0.0022940370040442767,0.33008928892711265,-0.751774154295497
2010-11-19,0.004161294700953852,0.3314628877359667,-0.750741213399127
2010-11-22,0.015382171465294369,0.33656150670950297,-0.7469070720044012
2010-11-23,0.006773162774063686,0.33884109257793055,-0.7451928324061226
2010-11-24,0.003059724735900936,0.33987785305043094,-0.7444131926125508
2010-11-26,0.004854238619257118,0.34152770125053855,-0.743172513261558
2010-11-29,-0.0008288899110315974,0.34124461238463416,-0.7433853949741911
2010-11-30,0.004598064951605488,0.34281367727676415,-0.7422054643527518
2010-12-01,-0.0016323044959136764,0.3422541009700846,-0.7426262635323109
2010-12-02,-0.005677563668741322,0.3403109315209391,-0.744087519307768
2010-12-03,-0.0005699700109915127,0.3401169644955596,-0.7442333817472009
2010-12-06,0.002660554775179527,0.3410218643095678,-0.7435529006496769
2010-12-07,-0.0020295642083993145,0.3403297385394835,-0.7440733765038663
2010-12-08,-0.010103174952048228,0.33689132764963425,-0.7466590479559346
2010-12-09,-0.0045794889955047165,0.3353485375219818,-0.7478192200579311
2010-12-10,-0.002585676139859293,0.3344814348099745,-0.7484712778835585
2010-12-13,-0.005628016141262259,0.33259896789591137,-0.7498868855916209
2010-12-14,-0.007534366606200775,0.3300930453389396,-0.7517713294885922
2010-12-15,0.0019080608434177537,0.33072288295343527,-0.7512976940821758
2010-12-16,0.0016344914634458469,0.3312634466823889,-0.7508911922862138
2010-12-17,0.0020537833511750665,0.33194379003403807,-0.7503795767643001
2010-12-20,0.0007119735928516311,0.33218012524685336,-0.7502018536147199
2010-12-21,0.0023465117943257284,0.3329595898285857,-0.7496156993180261
2010-12-22,-0.008124985697772539,0.33025429792329225,-0.7516500681800139
2010-12-23,6.112708770199645e-05,0.3302744854067254,-0.7516348872719507
2010-12-27,-0.0013074466370369946,0.32984266914148125,-0.7519596114033443
2010-12-28,-0.001993738224525152,0.32918504920393443,-0.7524541390073156
2010-12-29,0.0015409027324613832,0.3296922913457382,-0.7520726949137025
2010-12-30,0.0008200927707791795,0.3299626696104524,-0.7518693715231225
2010-12-31,-0.0025018487773695365,0.3291371529089099,-0.7524901568326053
2011-01-03,0.0016288788518793505,0.32967327745665104,-0.752086993283438
2011-01-04,-0.007800763628877027,0.3271015741444545,-0.7540209040493581
2011-01-05,5.166728423448304e-05,0.3271184745944594,-0.7540081949774918
2011-01-06,-0.005235480539041345,0.3254058521867592,-0.7552960802854508
2011-01-07,0.002531615631697518,0.32622965472880106,-0.7546765840171639
2011-01-10,0.004369265036340254,0.32765503855302497,-0.7536047009931144
2011-01-11,-0.0054882721216659245,0.32585677853941103,-0.7549569854435635
2011-01-12,-0.004578252842768373,0.32436492381672766,-0.756078854321557
2011-01-13,0.0023891980356732082,0.32513989585555186,-0.7554960783994429
2011-01-14,-0.0033613177573798008,0.32404699734998,-0.7563179337728678
2011-01-18,0.0025387883848952933,0.3248696841030123,-0.7556992765735231
2011-01-19,0.00017252721224307065,0.3249257329639529,-0.7556571280507614
2011-01-20,-0.012610529483301262,0.3208282474285277,-0.7587384210415118
2011-01-21,-0.0036316739291494178,0.31966310384660684,-0.7596146044279207
2011-01-24,-0.001923488749053024,0.31904823546287053,-0.7600769830317402
2011-01-25,0.002086517658417735,0.3197139352400508,-0.7595763794201751
2011-01-26,0.008756094542780984,0.32251338068365726,-0.7574712074680605
2011-01-27,0.0038373089575175962,0.323750964168274,-0.7565405495600217
2011-01-28,-0.004213119164959545,0.3223869627764625,-0.7575662732365609
2011-01-31,0.0033527198427709157,0.32346783594361384,-0.7567534608702842
2011-02-01,0.00029633076434883957,0.3235636894146813,-0.7566813794374186
2011-02-02,-0.0039132815678260035,0.322297493592877,-0.7576335537103751
2011-02-03,0.007203098575991999,0.3246190342100217,-0.755887764306238
2011-02-04,0.0024319998643963425,0.3254085076572009,-0.7552940833821333
2011-02-07,0.0032379287265197287,0.32646215721199806,-0.754501743065167
2011-02-08,0.00407446549299134,0.32779231600632586,-0.7535014688886965
2011-02-09,0.002711343685708181,0.3286810736325533,-0.7528331266528315
2011-02-10,0.005840535686914487,0.33060074717271754,-0.7513895397084243
2011-02-11,0.00880397334396764,0.3335113473383219,-0.7492007798429858
2011-02-14,0.002831477620673307,0.33445567725455094,-0.7484906474638289
2011-02-15,-0.0018270145931349228,0.33384462185145003,-0.7489501587212224
2011-02-16,-5.2200490040373834e-05,0.33382719499859204,-0.7489632636459618
2011-02-17,-0.009352220441470872,0.33070516948160733,-0.7513110145432521
2011-02-18,-0.00260383806571931,0.329844066772781,-0.7519585603901094
2011-02-22,-0.007631502349425608,0.32732686100226044,-0.7538514892192473
2011-02-23,-0.005612549307697314,0.3254897228551515,-0.7552330098730204
2011-02-24,0.0045699843456081,0.3269772057932559,-0.7541144285598185
2011-02-25,0.0036669470328551355,0.3281762138878508,-0.753212779193204
2011-02-28,-0.00493883920279655,0.3265554043372761,-0.7544316215940738
2011-03-01,-0.007342027744350798,0.32415782549856414,-0.7562345914414654
2011-03-02,0.004280202658783955,0.3255452866851288,-0.7551912260916336
2011-03-03,0.006326519398234036,0.3276048552563459,-0.7536424386346443
2011-03-04,0.0038933420184601784,0.328880333004767,-0.7526832843894152
2011-03-07,-0.013395845576881402,0.3244747028505618,-0.7559963009203161
2011-03-08,-0.004471956623793577,0.32302366605389576,-0.7570874748786457
2011-03-09,-0.009614557285622195,0.3199179365120089,-0.7594229712668201
2011-03-10,-0.006722127910363062,0.31776740722195573,-0.7610401608262596
2011-03-11,0.006240796969061426,0.319750529093813,-0.7595488609862168
2011-03-14,0.0029846855948745727,0.32070488389195284,-0.7588311899353312
2011-03-15,0.003696726510509267,0.321890442138286,-0.7579396548016571
2011-03-16,0.002530033370208513,0.32270483569844705,-0.7573272340507011
2011-03-17,0.0017527274179451485,0.3232704493118792,-0.7569018948402332
2011-03-18,-0.005844413939096418,0.3213811229918229,-0.7583226607945968
2011-03-21,0.012653957294447939,0.32544786599740316,-0.7552644860652559
2011-03-22,-0.0061582120944518514,0.3234436890129044,-0.7567716192671107
2011-03-23,0.003146907396336646,0.3244615363501575,-0.7560062020767834
2011-03-24,0.004874602176033242,0.3260431572612891,-0.7548168293784883
2011-03-25,0.003880916594622045,0.3273085035608674,-0.7538652939429011
2011-03-28,-0.0011475355711566657,0.32693290541028924,-0.7541477422733979
2011-03-29,0.004381790277551562,0.32836545683662777,-0.7530704692407773
2011-03-30,0.0005895208699757629,0.3285590351264121,-0.7529248991289814
2011-03-31,0.005169038167396895,0.33025736931922367,-0.7516477585023656
2011-04-01,-0.001209089180318225,0.3298580587072594,-0.7519480385104682
2011-04-04,0.0009743358622281665,0.33017945124330284,-0.751706352588693
2011-04-05,0.0011203352476077135,0.33054936292056647,-0.751428180463741
2011-04-06,-0.013747522680862096,0.3260051280566715,-0.7548454271906389
2011-04-07,-0.003565743046666738,0.3248426775381257,-0.7557195854039924
2011-04-08,-0.0046251810819925784,0.32334022133135254,-0.7568494265562832
2011-04-11,-0.005230716827462766,0.3216489201946391,-0.7581212783524025
2011-04-12,-0.007068865421043631,0.31937522726495915,-0.7598310864839435
2011-04-13,0.009815030329906731,0.32250990480718555,-0.7574738213134826
2011-04-14,-0.0004493759864940787,0.32236497660055874,-0.7575828067542805
2011-04-15,0.001685877701645313,0.32290844452640105,-0.7571741210136921
2011-04-18,-0.005793347826587988,0.3210377235911171,-0.7585808957919568
2011-04-19,0.0044464720405309015,0.32246520885302066,-0.7575074324950457
2011-04-20,0.010787399485176496,0.3259437698809891,-0.7548915682971835
2011-04-21,0.008438489040026838,0.3286942428107949,-0.7528232234826411
2011-04-25,-0.0024970870539175725,0.3278734646723748,-0.7534404454113117
2011-04-26,0.0010756621983506129,0.32822614576416514,-0.7531752306187984
2011-04-27,-0.0008103668782499874,0.3279601621670622,-0.7533752492366368
2011-04-28,-0.005884044017002997,0.32603043013704774,-0.7548264001258107
2011-04-29,0.0029230228741746775,0.3269834245420154,-0.7541097520852347
2011-05-02,-0.005893377086316918,0.3250563879202141,-0.7555588760380444
2011-05-03,-0.014092817530656032,0.32047542755808034,-0.7590037401950287
2011-05-04,-0.010005289475191576,0.31726897813567595,-0.761414977536816
2011-05-05,0.004117960542149173,0.31857547926888663,-0.7604324938283648
2011-05-06,0.0009665280968137431,0.3188833914205559,-0.7602009451025663
2011-05-09,0.009562582015522767,0.321932740004403,-0.7579078469728647
2011-05-10,0.0033323357897909614,0.3230055279958251,-0.7571011146269049
2011-05-11,-0.008026410440603786,0.32041295305354667,-0.7590507207764745
2011-05-12,-0.0019005182861435092,0.3198040023771512,-0.7595086492876719
2011-05-13,0.00010148027907255701,0.319836456176561,-0.7594842441582871
2011-05-16,-0.007148346435744352,0.31755015438503015,-0.7612035341042985
2011-05-17,-0.009212081020212327,0.31462485663485434,-0.7634033464954701
2011-05-18,0.01584478025688827,0.31961001835158853,-0.7596545245111757
2011-05-19,0.0010667877600765818,0.31995097440716386,-0.7593981268997345
2011-05-20,-0.0013876782210463323,0.31950698540817646,-0.7597320048789786
2011-05-23,-0.003838114900870796,0.31828068088654904,-0.760654181051255
2011-05-24,0.0011871666679989644,0.31865853310196557,-0.7603700376728741
2011-05-25,0.011106453750629136,0.32219769936210585,-0.757708598579023
2011-05-26,0.005896426301471538,0.32409751435089823,-0.7562799451870639
2011-05-27,-0.004340862737409155,0.3226906515275655,-0.7573379004913606
2011-05-31,0.00026110052066601237,0.3227749062246934,-0.757274541290833
2011-06-01,0.0012788884186688211,0.3231876993141011,-0.7569641225127738
2011-06-02,0.008679390531767181,0.3259927715715115,-0.7548547192188314
2011-06-03,-0.002435660190316471,0.3251987639554639,-0.755451809820074
2011-06-06,-0.0015284543504258418,0.32470171248994306,-0.7558255905652433
2011-06-07,0.0072209307058974225,0.32704636105591917,-0.7540624240745615
2011-06-08,-0.003405728649149601,0.3259325298944709,-0.7549000207227932
2011-06-09,0.001865874328021943,0.32654067903466827,-0.7544426949636611
2011-06-10,-0.006864278848735576,0.32429921275831886,-0.7561282687787745
2011-06-13,-0.007343550330941935,0.3219177051671433,-0.7579191531112915
2011-06-14,0.0039217941748382204,0.32318020014804505,-0.7569697618561235
2011-06-15,0.0016321270679719932,0.3237076713005393,-0.7565731056261132
2011-06-16,-0.011704115774557097,0.3199189592385255,-0.7594222021805062
2011-06-17,-0.0025815127181901577,0.31909308437646106,-0.7600432568252913
2011-06-20,0.006837666164690316,0.3212749363628886,-0.7584025127214964
2011-06-21,0.010121041429629886,0.32452657330411916,-0.7559572945434561
2011-06-22,0.0017060536266643319,0.3250802330414536,-0.755540944600751
2011-06-23,0.0026409622736560485,0.32593875767282743,-0.754895337457988
2011-06-24,0.0005107273557002736,0.3261052235126539,-0.754770155801818
2011-06-27,0.001282348541755677,0.3265234040704843,-0.7544556856687156
2011-06-28,0.009279307023428884,0.3295533149871895,-0.7521772045881782
2011-06-29,5.1934166044275464e-05,0.32957043006377046,-0.7521643341179718
2011-06-30,0.0013974068023783232,0.3300309740246043,-0.7518180068725963
2011-07-01,0.0015218918190083722,0.3305332454639917,-0.7514403007276305
2011-07-05,0.011863074109558044,0.3344543858506038,-0.7484916185945129
2011-07-06,0.00719235682678004,0.33685990113592285,-0.7466826805705187
2011-07-07,-0.0027785153160431197,0.3359239307412559,-0.7473865266223725
2011-07-08,0.006732230491915409,0.33818544807075634,-0.745685874494231
2011-07-11,-0.00048615244410678255,0.3380210383886154,-0.7458095099279165
2011-07-12,-0.0049958031441661305,0.33633235182223925,-0.7470793955774357
2011-07-13,0.0016156741435615677,0.3368757553067217,-0.7466707582964962
2011-07-14,-0.002169622239725969,0.33614486217598377,-0.747220387053269
2011-07-15,0.0020695440628270305,0.3368405287797499,-0.7466972485060914
2011-07-18,0.0023323472616940456,0.3376261578646769,-0.746106458527265
2011-07-19,0.004527085437254152,0.33915462032718213,-0.7449570607730509
2011-07-20,-0.010125008416177061,0.3357206769419841,-0.7475393726792103
2011-07-21,-0.009945374824535889,0.33238180897344916,-0.7500501882463531
2011-07-22,0.0005562985800928701,0.3325667125018298,-0.74991114152098
2011-07-25,-0.0005147009913379214,0.3323955400852191,-0.7500398625043617
2011-07-26,-0.0019686055704281917,0.3317411843734218,-0.7505319354234207
2011-07-27,-0.004118415206609644,0.3303749364350396,-0.7515593484941363
2011-07-28,-0.0005141360137972231,0.3302050787821624,-0.7516870807803668
2011-07-29,0.0006883021671625915,0.33043235965349627,-0.7515161664599335
2011-08-01,0.004154454938374532,0.33180512600185746,-0.7504838515705766
2011-08-02,-0.006710377068755644,0.329578588493039,-0.7521581990112817
2011-08-03,-0.002172024471706427,0.3288627357334817,-0.752696517468141
2011-08-04,-0.017422431956875782,0.3231331470970131,-0.7570051455652507
2011-08-05,-0.006378213248573042,0.3210721349771458,-0.7585550185651415
2011-08-08,-0.015148155770643414,0.31620848426289894,-0.7622124647539569
2011-08-09,0.01881498201216765,0.3221579412064002,-0.7577384965555849
2011-08-10,0.014551136224618292,0.32684570529473705,-0.7542133164169844
2011-08-11,0.002630764092943457,0.32770555924015926,-0.7535667096352905
2011-08-12,0.020879543651410922,0.3345479017691242,-0.7484212949919598
2011-08-15,-0.005636856533612017,0.3326621032432307,-0.749839408059002
2011-08-16,-0.008963860849744789,0.32968016643977494,-0.7520818127952509
2011-08-17,-0.004737175627043229,0.3281184135905969,-0.753256244789178
2011-08-18,-0.01708637398947314,0.3225120596631553,-0.757472200870277
2011-08-19,-0.008714864151653368,0.319701410875921,-0.7595857976926921
2011-08-22,0.000594176177668051,0.31989136983823035,-0.7594429493009079
2011-08-23,0.016777042205502423,0.32525820085118234,-0.7554071135084981
2011-08-24,-0.0026279514586867486,0.32440343808780564,-0.7560498917413379
2011-08-25,-0.008573766091249827,0.32162207889044353,-0.7581414629074827
2011-08-26,0.013693733723662962,0.32602628599842015,-0.7548295165017431
2011-08-29,-2.016388573732183e-05,0.32601971204164193,-0.7548344600913586
2011-08-30,0.008300705523406192,0.32872590566612525,-0.7527994131400901
2011-08-31,-0.000751883598562183,0.3284787420492324,-0.752985279206905
2011-09-01,0.010351627036044617,0.33187903147619513,-0.7504282749448422
2011-09-02,0.006859628016230644,0.33415559817850876,-0.7487163057475947
2011-09-06,0.009462594612374373,0.33731757714152744,-0.7463385100161845
2011-09-07,-0.00890364608493528,0.3343142208164314,-0.7485970221483778
2011-09-08,0.007508509125685706,0.3368244221942781,-0.7467093605949542
2011-09-09,-0.003227317813591556,0.33573738273647785,-0.7475268099875221
2011-09-12,-0.0003426776924099595,0.33562233302490596,-0.747613326917671
2011-09-13,0.0057004068322245895,0.3375355168651283,-0.74617462020207
2011-09-14,-0.0024591489506993933,0.3367054667530056,-0.746798814618461
2011-09-15,-0.006968311299867711,0.3343591982443034,-0.7485631992996951
2011-09-16,0.003662590590641952,0.3355838190976876,-0.7476422892393091
2011-09-19,0.01566399209065453,0.3408404013857854,-0.7436893600539378
2011-09-20,-0.004566857602872903,0.3392838318073505,-0.7448598942486728
2011-09-21,0.007465881272787246,0.3418168846134005,-0.742955048511207
2011-09-22,-0.009652689945260477,0.33851743220817243,-0.7454362237299228
2011-09-23,-0.006004347295970199,0.3364848559794545,-0.746964713051622
2011-09-26,-0.012323819469677104,0.3323380773600834,-0.7500830742474318
2011-09-27,0.0023389347788184962,0.3331153944475466,-0.7494985348579737
2011-09-28,-0.0014229908446385772,0.33264137429103957,-0.7498549961494394
2011-09-29,-0.025324195731624775,0.32421749902005664,-0.756189717188239
2011-09-30,0.004636431533799648,0.3257207112563229,-0.7550593075047459
2011-10-03,0.004609876720416166,0.3272222435805008,-0.7539301611085294
2011-10-04,-0.007151519804158596,0.32488210722517363,-0.7556899344345679
2011-10-05,-0.006779223883932597,0.3226796586844104,-0.7573461670661342
2011-10-06,-0.005527771423627283,0.3208959592881489,-0.7586875019896597
2011-10-07,0.012079385013576197,0.32477218512969136,-0.7557725954176049
2011-10-10,-0.0036913655154668145,0.3235733322851208,-0.7566741280368123
2011-10-11,-0.0032061330813485927,0.32253591312023927,-0.7574542631644615
2011-10-12,-0.01184625754944816,0.3187150696244705,-0.7603275224305359
2011-10-13,0.01041449567233641,0.32203432633778295,-0.7578314544501106
2011-10-14,0.002774722514429687,0.3229278822334916,-0.7571595039344866
2011-10-17,0.010087100946666677,0.32618528838007416,-0.7547099473367351
2011-10-18,-0.02393693516636667,0.31837741227989774,-0.7605814394242904
2011-10-19,0.009994965832367638,0.321559583637433,-0.7581884590917015
2011-10-20,-0.005202582277314405,0.31988664344650025,-0.7594465035288811
2011-10-21,-0.0021352597817006205,0.31920360236204576,-0.7599601477352433
2011-10-24,-0.004217277464867609,0.3178574322030997,-0.7609724623948697
2011-10-25,0.003367725621383155,0.3189278888214771,-0.7601674832322608
2011-10-26,-0.007154193215270786,0.31664621708310986,-0.7618832913965219
2011-10-27,-0.01821727985292092,0.3108777843321381,-0.7662211301148079
2011-10-28,0.00024618961254381196,0.3109543192134113,-0.7661635761854099
2011-10-31,0.0127174818208399,0.31490887511511956,-0.7631897657164975
2011-11-01,0.016469642814683886,0.3200953118074395,-0.7592895857429867
2011-11-02,-0.011909432159209523,0.3162831584069878,-0.7621563100915958
2011-11-03,-0.008938486116999657,0.31345606578652613,-0.764282272611858
2011-11-04,0.004457605610363607,0.31485332930397864,-0.7632315359477905
2011-11-07,-0.003422945217726055,0.3137756036061525,-0.7640419814295263
2011-11-08,-0.009039090338224743,0.3109393575792255,-0.7661748272754133
2011-11-09,0.023086082387608533,0.3181177292058495,-0.7607767200735968
2011-11-10,-0.0026104087995433584,0.3172873118862398,-0.7614011906285723
2011-11-11,-0.00851931590853258,0.3145842410425118,-0.7634338892610072
2011-11-14,0.003940475069524546,0.3158238524016051,-0.7625017063993458
2011-11-15,-0.0011665150780422716,0.31545543911577323,-0.7627787517398403
2011-11-16,-0.0034670865395648428,0.3143617278089824,-0.7636012183365819
2011-11-17,0.014427535022277498,0.3188971926466102,-0.7601905666349091
2011-11-18,-0.005832048659244763,0.3170373687017986,-0.7615891469192403
2011-11-21,0.009160354903173894,0.3199415435166754,-0.7594052188922522
2011-11-22,0.012216860529566642,0.32385022473143293,-0.7564659060073171
2011-11-23,0.011109965241082704,0.32744818947151594,-0.7537602506880399
2011-11-25,0.0012726474864940159,0.32786491558680386,-0.7534468742900031
2011-11-28,-0.013769372956181232,0.3233504212848423,-0.7568417562314163
2011-11-29,0.004588270852896946,0.3248340405980955,-0.7557260803488913
2011-11-30,-0.0239697479576369,0.3170478505168984,-0.7615812646355524
2011-12-01,0.0018277979364386427,0.3176273499238255,-0.7611454833630449
2011-12-02,-0.007900860929754075,0.315117820404591,-0.7630326396814372
2011-12-05,-0.011348060698542724,0.3115418442514472,-0.7657217596699056
2011-12-06,-0.000709520345045962,0.3113207989746177,-0.7658879848478215
2011-12-07,-0.007383785742972043,0.3090220728976582,-0.7676166178075605
2011-12-08,0.015359173525434614,0.3137683965384828,-0.7640474011160395
2011-12-09,-0.0020619211316746764,0.3131214308512084,-0.7645339167657519
2011-12-12,0.002575644016934716,0.31392792019115434,-0.7639274399572786
2011-12-13,0.007268561567473957,0.3162097246068128,-0.762211532020217
2011-12-14,0.005078912120453176,0.31781572600972346,-0.7610038252880904
2011-12-15,9.123945359730806e-06,0.31781862574304204,-0.7610016447000512
2011-12-16,0.002127065739478766,0.31849464685322826,-0.7604932794867009
2011-12-19,0.013897832340326873,0.32292103205648603,-0.7571646552406255
2011-12-20,-0.013252914246191462,0.3186413873103498,-0.7603829312406658
2011-12-21,0.0006825313311076409,0.3188588700405767,-0.7602193850837694
2011-12-22,-0.018770268541671777,0.31287380342302107,-0.7647201316168343
2011-12-23,0.0027421682355160655,0.31373175602849274,-0.7640749546352976
2011-12-27,0.008630792511907615,0.31643950971917106,-0.7620387345203925
2011-12-28,0.004972433310583009,0.3180129840780832,-0.7608554879972932
2011-12-29,-0.008312192171176545,0.31536959904149686,-0.762843303137742
2011-12-30,-0.005131910652818729,0.3137511504366006,-0.7640603701167566
2012-01-03,-0.018262178578512582,0.30802137089811366,-0.7683691417714326
2012-01-04,0.00026072142216303007,0.3081016786679908,-0.7683087506446584
2012-01-05,-0.0017856525733252837,0.3075515161126315,-0.7687224707202867
2012-01-06,-0.002287351308192771,0.3068480377499146,-0.7692514836794403
2012-01-09,-0.009477890318167983,0.30393976570377584,-0.7714384928082065
2012-01-10,-0.012052868342470744,0.30027641972370683,-0.7741933145625459
2012-01-11,-0.009659465020497809,0.29737591015090536,-0.7763744863419235
2012-01-12,-0.0017445081639128495,0.2968571354478961,-0.7767646028761592
2012-01-13,0.008815686694655968,0.2994741349470778,-0.7747966295559583
2012-01-17,0.006013217707386971,0.301274938118246,-0.773442432661041
2012-01-18,-0.012090187769066176,0.2976324675462826,-0.7761815561906719
2012-01-19,-0.014025186993656501,0.2934581165335626,-0.7793206517177269
2012-01-20,-0.0071770541917281615,0.2913519517281987,-0.780904479359344
2012-01-23,-0.0034863552827066086,0.29033619531216426,-0.781668324185147
2012-01-24,-0.0032447489060051272,0.2893941272600514,-0.7823767556513934
2012-01-25,-0.0010127104710865547,0.28910105479710424,-0.7825971449896971
2012-01-26,0.002691503086893588,0.28987917117851486,-0.7820120045343373
2012-01-27,-0.0063198902888781695,0.2880471666196357,-0.7833896647499728
2012-01-30,0.003298487811373193,0.28899728668783115,-0.7826751781993331
2012-01-31,0.0010137107473575217,0.2892902463433038,-0.7824548736918062
2012-02-01,-0.009180610618277643,0.2866343852359603,-0.7844520707883458
2012-02-02,-0.002845535528757477,0.2858187569090078,-0.7850654200790677
2012-02-03,-0.017687395901231404,0.28076336739956037,-0.788867053086994
2012-02-06,-0.002771978193828152,0.27998509746750305,-0.7894523090118355
2012-02-07,0.006394668634066575,0.28177550938828455,-0.7881059262962984
2012-02-08,-0.0058401544603388774,0.2801298968903163,-0.7893434204159584
2012-02-09,-0.003909602746951332,0.27903470027593075,-0.7901670039581636
2012-02-10,0.009115161564334229,0.28157814665100145,-0.788254342297714
2012-02-13,0.0005819571591839362,0.28174201306931473,-0.788131115396288
2012-02-14,0.0051607404157615324,0.28319601046297954,-0.7870377150806713
2012-02-15,-0.004029450095204447,0.282054886271658,-0.7878958359799144
2012-02-16,-0.011681992743264341,0.27875992313703024,-0.7903736352848132
2012-02-17,0.0037669539147506914,0.27980999892076686,-0.7895839824296144
2012-02-21,0.003285202507422619,0.2807292314308233,-0.7888927232010903
2012-02-22,0.010576471568793953,0.28369835616558076,-0.7866599530900611
2012-02-23,-0.0011450866458414938,0.2833734969664884,-0.7869042459288008
2012-02-24,0.0035022224945458315,0.2843659340019225,-0.7861579371854005
2012-02-27,0.0008523925703945061,0.284608325411339,-0.7859756597998195
2012-02-28,-0.003664244964498388,0.2835654507880962,-0.7867598974106782
2012-02-29,0.00793036406581442,0.28581422804933254,-0.7850688257637133
2012-03-01,0.0005186223241057496,0.285962457688546,-0.784957357658608
2012-03-02,0.001790343040961997,0.2864744285846451,-0.784572357560382
2012-03-05,0.014198240481125286,0.2905418614133829,-0.7815136640867424
2012-03-06,0.01145647366874221,0.29387044659833267,-0.7790105811323722
2012-03-07,-0.006371956323778674,0.2919979169477588,-0.7804187160574139
2012-03-08,-0.004285928021559954,0.2907464348932753,-0.7813598256352735
2012-03-09,-0.0014710382422993206,0.29031873576873507,-0.7816814536930671
2012-03-12,0.008118111330575379,0.29267557558705753,-0.7799091194286181
2012-03-13,-0.01817307443862171,0.2873567605655475,-0.7839088473845035
2012-03-14,0.0006216284116487011,0.2875353896921944,-0.7837745189845318
2012-03-15,-0.014333487917649476,0.2834140046581447,-0.786873784304155
2012-03-16,-0.004735021792013943,0.28207203316992646,-0.7878829415799242
2012-03-19,-0.0005105836765033479,0.2819280117941918,-0.7879912450874614
2012-03-20,0.0020906131661724446,0.28251741420756155,-0.7875480167930975
2012-03-21,0.0026436880795491034,0.2832643021277671,-0.7869863600176168
2012-03-22,0.011155527379517974,0.28642426480579347,-0.7846100805245826
2012-03-23,-0.004481284963774829,0.285140716054659,-0.7855753041320764
2012-03-26,-0.00016743041933598696,0.28509297482500023,-0.7856112053488216
2012-03-27,0.00509171434730932,0.28654458681523376,-0.7845195988471938
2012-03-28,0.0038652987484646788,0.28765216724803,-0.7836867027222992
2012-03-29,0.007181505316490975,0.2897179428164219,-0.7821332476278717
2012-03-30,0.0006743997846753053,0.28991332853467383,-0.7819863183369841
2012-04-02,0.0011096225369206531,0.2902350228977696,-0.7817444054424537
2012-04-03,0.008627718826237462,0.2927390890688581,-0.7798613575403579
2012-04-04,0.006212116876599738,0.29455761850450324,-0.7784938305643426
2012-04-05,0.007960826309596934,0.2969025405435861,-0.7767304584229612
2012-04-09,0.006616556005857475,0.2988670128313741,-0.7752531829967146
2012-04-10,-0.00020011888814167907,0.2988072038970641,-0.7752981590798467
2012-04-11,0.0017076377853721338,0.29931745836898016,-0.7749144497258487
2012-04-12,-0.009863085447187097,0.2963652647012521,-0.7771344877411297
2012-04-13,0.017365575372596295,0.3015118180432411,-0.7732642998900461
2012-04-16,0.0019236502208486138,0.30209182131860846,-0.7728281397104553
2012-04-17,-0.007886722792247567,0.2997093068660634,-0.7746197811987581
2012-04-18,0.009070097522155547,0.30242769950763626,-0.772575560634666
2012-04-19,-0.0014362527000160799,0.3019933369076587,-0.7729021995997543
2012-04-20,0.014689340663084716,0.30642941991147704,-0.7695662826458378
2012-04-23,0.0007744048951209903,0.30666672035426557,-0.7693878336471178
2012-04-24,-0.00928415693765166,0.30381957839494167,-0.7715288731912697
2012-04-25,0.001988444901711403,0.30442370688664117,-0.7710745709439787
2012-04-26,0.0011457640297670667,0.3047725046198002,-0.7708122764218673
2012-04-27,0.004942251733253952,0.3062787670590056,-0.7696795729977728
2012-04-30,-7.126845844162511e-05,0.3062569390434239,-0.7696959875795528
2012-05-01,-0.0038492485541105547,0.3050780799636247,-0.770582484966368
2012-05-02,0.010068029155426456,0.30814961496737997,-0.768272702736244
2012-05-03,0.003047448270790534,0.30908868497865705,-0.7675665257849027
2012-05-04,0.006891702778645209,0.31121883232777225,-0.7659646633648043
2012-05-07,-0.006733136831490271,0.30912335334517277,-0.7675404553097729
2012-05-08,0.0002635480059488269,0.30920482218853906,-0.767479191060306
2012-05-09,0.00288887480021843,0.31009807620746555,-0.7668074675548338
2012-05-10,0.0018134506758901475,0.31066042377335623,-0.7663845843992585
2012-05-11,0.0006862760371279161,0.31087362257787593,-0.7662242597376281
2012-05-14,-0.001202326985569457,0.3104998508323488,-0.766505334618717
2012-05-15,0.010918390770928585,0.3138900095380514,-0.7639559486191569
2012-05-16,0.007236033539465299,0.3161613281747718,-0.7622479259465739
2012-05-17,-0.006732456574474974,0.31403278576230687,-0.76384858146063
2012-05-18,0.0014181971767936628,0.31447814617249564,-0.7635136721855615
2012-05-21,-0.0011928842874833652,0.3141030101331696,-0.7637957730102161
2012-05-22,0.0024658793321163442,0.31487755025401254,-0.7632133218887234
2012-05-23,-0.003967049216034283,0.31362841551513054,-0.7641526662944921
2012-05-24,0.006378866789105153,0.3156290093989797,-0.762648227570219
2012-05-25,-0.002514560180024166,0.31483534126028456,-0.7632450628858292
2012-05-29,-0.005695640526067114,0.31304215233156435,-0.7645935339004031
2012-05-30,0.009654548554654814,0.3160644329909031,-0.7623207907433648
2012-05-31,-0.00025537471424941455,0.3159837181266436,-0.7623814880035117
2012-06-01,-0.003194064344103673,0.314974445799258,-0.7631404568201787
2012-06-04,0.005819063423407138,0.3168073020761164,-0.761762156115976
2012-06-05,-0.007595013603853889,0.3144011463070481,-0.763571575781228
2012-06-06,-0.007529036644197975,0.31203400855552443,-0.7653516540509011
2012-06-07,0.0040326867844714745,0.313292343978132,-0.764405390767194
2012-06-08,0.0038732149836971925,0.31450579257910566,-0.7634928821966354
2012-06-11,0.004263170266356714,0.31584658432262586,-0.7624846120842343
2012-06-12,-0.002870738875727478,0.31493987125424516,-0.7631664567419076
2012-06-13,0.00028417569728672517,0.3150293695117622,-0.7630991544046113
2012-06-14,0.0029375796511210083,0.31595479337714544,-0.762403239301257
2012-06-15,-0.004233905054675658,0.31461707078041695,-0.7634092014273539
2012-06-18,0.01038544205752483,0.3178845081393152,-0.7609521013974342
2012-06-19,-0.010091386871919307,0.31467661258709156,-0.763364426223152
2012-06-20,-0.006885171185903162,0.3125100102412293,-0.76499370265728
2012-06-21,0.013058437980220015,0.3165909028281624,-0.761924887498469
2012-06-22,0.002648772679191948,0.3174294801620543,-0.7612942806448794
2012-06-25,0.010227626782826422,0.3206760304150184,-0.758852887636389
2012-06-26,0.0030019700065029744,0.3216386902401287,-0.7581289712379187
2012-06-27,-0.014911178971894293,0.31684267816567246,-0.7617355534359063
2012-06-28,-0.005305490744039457,0.3151616722693478,-0.7629996632517858
2012-06-29,-0.009476691928582843,0.3121749821935542,-0.765245642430119
2012-07-02,0.008835527184773696,0.31493321273513164,-0.7631714639220663
2012-07-03,-0.012211890788730478,0.31108728273546615,-0.7660635881403048
2012-07-05,0.00904697500835693,0.3139016816077915,-0.7639471712686656
2012-07-06,0.01143315658156026,0.31749056868482844,-0.76124834231626
2012-07-09,0.010523244799728925,0.32083159966070407,-0.7587359001761129
2012-07-10,0.006283455810247029,0.3228475308397029,-0.7572199278662706
2012-07-11,-0.006303098438677627,0.3208125910721363,-0.7587501945598787
2012-07-12,0.014146567843377568,0.325350988156748,-0.7553373378200183
2012-07-13,-0.002736521431882641,0.3244606582047729,-0.7560068624386553
2012-07-16,0.0017374249626472614,0.3250243842517348,-0.7555829426707417
2012-07-17,-0.0017561001225820411,0.3244536088907082,-0.7560121634950787
2012-07-18,-0.00903774163839234,0.32152128099990995,-0.7582172625243204
2012-07-19,-0.003048811471253333,0.3205410232301453,-0.7589544125078874
2012-07-20,0.013133845580819445,0.3247509595315679,-0.7557885569838281
2012-07-23,0.0018031563370807357,0.3253365362822203,-0.7553482055727658
2012-07-24,0.0028262894225570814,0.3262560314934861,-0.7546567487939666
2012-07-25,-0.00017010295814016903,0.32620053437741797,-0.7546984824067564
2012-07-26,0.005282885661399488,0.32792381450322133,-0.7534025825367435
2012-07-27,-0.010692461822953527,0.32441750163580835,-0.7560393160086083
2012-07-30,0.001685178278103554,0.32496420296260164,-0.7556281987632347
2012-07-31,-0.0029333356339517943,0.3240109738862927,-0.7563450232757355
2012-08-01,-0.0032871858773758653,0.32294588958881887,-0.7571459624741759
2012-08-02,0.012473549432797215,0.32697417110672367,-0.7541167106321431
2012-08-03,-0.013979876293358435,0.3224031126435283,-0.7575541286001098
2012-08-06,-0.014428573926440534,0.3177512954986366,-0.7610522767787634
2012-08-07,-0.016219071739064846,0.3125976644417634,-0.7649277870435749
2012-08-08,-0.004126648688139481,0.3113076836998793,-0.7658978474827896
2012-08-09,-0.005111940537117677,0.3097162973320577,-0.7670945637660688
2012-08-10,-0.005796472862809965,0.30792103521940245,-0.7684445938067996
2012-08-13,0.002938477043930892,0.3088258541127381,-0.7677641735613029
2012-08-14,0.007770052325873654,0.3112254471587767,-0.7659596890379317
2012-08-15,-0.00153717200205474,0.31074704011507726,-0.7663194492512948
2012-08-16,-0.005234073908489656,0.30912056714027053,-0.7675425505248901
2012-08-17,0.002457672306624812,0.3098802841975393,-0.7669712462888465
2012-08-20,-0.0039968561018702805,0.3086417372927951,-0.7679026286850281
2012-08-21,-0.0032859593309520914,0.3076275530962166,-0.76866529120799
2012-08-22,0.00745240819970162,0.309920119195365,-0.7669412905273127
2012-08-23,0.005230800329480968,0.3115412494569649,-0.7657222069530146
2012-08-24,0.00352212623450718,0.3126385370648084,-0.7648970509919615
2012-08-27,0.004381291881430131,0.31400829774907263,-0.7638669963501723
2012-08-28,0.0029100761692358655,0.3149220858132945,-0.7631798313234808
2012-08-29,-0.0016138360659240657,0.314413853193253,-0.7635620202528292
2012-08-30,0.0046294295739822714,0.3158694099836956,-0.762467447276975
2012-08-31,-0.0036956691095819225,0.314702061162557,-0.7633452889945935
2012-09-04,0.012061716854481973,0.3184979083178216,-0.7604908268781672
2012-09-05,-0.002673902255837528,0.31764627604229106,-0.7611312509964714
2012-09-06,-0.010491329760211105,0.3143137442132284,-0.7636373018116764
2012-09-07,-0.016417507167560907,0.3091534960647448,-0.7675177881033273
2012-09-10,-0.001497422415308398,0.3086905626899665,-0.7678659121785819
2012-09-11,-0.0072659792528194525,0.30644762346592,-0.7695525936445644
2012-09-12,-0.003988907731256229,0.3052252321714517,-0.7704718270854236
2012-09-13,-0.005772567262832921,0.3034632989884282,-0.7717967939022882
2012-09-14,-0.016077167489163255,0.29858446870377725,-0.775465655068285
2012-09-17,0.009254999957967844,0.3013478679490806,-0.7733875897153797
2012-09-18,0.005478173685026083,0.30299870390931793,-0.7721461675726582
2012-09-19,0.002834952802185402,0.3038576909340242,-0.7715002127119296
2012-09-20,0.008742067490442661,0.30651403537565947,-0.7695026521499055
2012-09-21,0.005657126616080371,0.3082480240833853,-0.7681986994684469
2012-09-24,0.004697472762373528,0.30969601078057246,-0.7671098191729171
2012-09-25,0.012646841472313054,0.31361268713352214,-0.7641644939755387
2012-09-26,-0.0004902266023369243,0.31345894585145895,-0.7642801068143674
2012-09-27,-0.003166593708732106,0.31246634872557993,-0.765026535945152
2012-09-28,0.0045256933594937186,0.31388047560507254,-0.7639631180992218
2012-10-01,-0.001344464664788347,0.3134584743966546,-0.7642804613465242
2012-10-02,-0.0006882748200589254,0.31324272882159326,-0.7644427011695752
2012-10-03,0.010768634331634061,0.3166159252253162,-0.761906070754323
2012-10-04,-0.004711317718940236,0.3151242470067035,-0.7630278069019503
2012-10-05,0.0016510930048362377,0.31564454644659057,-0.7626365437715854
2012-10-08,-0.005442685034911382,0.31392659259729433,-0.7639284383026346
2012-10-09,-0.0067428546313828145,0.31180983121848543,-0.7655202345257635
2012-10-10,0.0031419102194671054,0.31278950971372116,-0.7647835201543616
2012-10-11,-0.012558353875277766,0.3088613883622616,-0.7677374519455603
2012-10-12,0.002188853295368854,0.30953744062999056,-0.7672290633018606
2012-10-15,0.004700971413572406,0.3109925672898225,-0.7661348137825321
2012-10-16,-0.003276772138582905,0.30997351551002084,-0.766901136708914
2012-10-17,-0.003514349040372121,0.30888416038324745,-0.767720327475433
2012-10-18,-0.005298010414361253,0.30724768888470577,-0.7689509475995124
2012-10-19,0.005822976939350633,0.3090367850917502,-0.7676055542955256
2012-10-22,-0.0009542103080887595,0.30874189900583704,-0.7678273074711595
2012-10-23,0.002971999574184365,0.3096594797982153,-0.7671372903278264
2012-10-24,0.011894832546725586,0.3133428274569212,-0.7643674273898992
2012-10-25,-0.003936297163314825,0.3121094169740575,-0.7652949472170488
2012-10-26,0.0037610624803455193,0.3132832799920011,-0.7644122068490794
2012-10-31,-0.0027939549825960774,0.3124079806109034,-0.7650704285375922
2012-11-01,0.0018712023032068964,0.3129925591437627,-0.7646308277823803
2012-11-02,-0.0020596950824809507,0.3123478899088412,-0.7651156165089646
2012-11-05,0.0016932392477444736,0.312876769614985,-0.7647179010521553
2012-11-06,-0.000513571269151779,0.3127160850953257,-0.7648387351783207
2012-11-07,0.002925483080513037,0.31363093071127635,-0.7641507748768929
2012-11-08,-0.00015340904477380583,0.3135828168897844,-0.7641869562812296
2012-11-09,0.0004663317115120864,0.3137290505014854,-0.7640769891809553
2012-11-12,0.0036521513892903423,0.31487483648913517,-0.7632153626292271
2012-11-13,0.0035923175257286974,0.316005966882666,-0.7623647570265767
2012-11-14,-0.005764629000222652,0.3141843097217308,-0.7637346360396963
2012-11-15,-0.004094782361540317,0.3128977933520095,-0.7647020912846838
2012-11-16,0.008340758721422288,0.3155075983508241,-0.7627395282004341
2012-11-19,0.003584547601460699,0.3166385503557351,-0.7618890567453236
2012-11-20,0.011704032277236844,0.32034449816931615,-0.7591021985799076
2012-11-21,-0.0002962382590895956,0.32024959987286955,-0.7591735617252187
2012-11-23,0.00024126769909646448,0.3203268657569674,-0.7591154580845746
2012-11-26,-0.004945083763319811,0.3187428225741575,-0.7603066523216353
2012-11-27,-0.006622882616490099,0.3166318262754001,-0.7618941132272626
2012-11-28,-0.006678499394962692,0.3145172008151939,-0.7634843032480114
2012-11-29,0.0035259389810115703,0.31562616927374687,-0.7626503633332125
2012-11-30,-0.004500658840433174,0.3142056435647329,-0.7637185930737505
2012-12-03,0.0011161799179564983,0.31455635359418843,-0.7634548605123529
2012-12-04,-0.004304090200221142,0.3132024746752664,-0.7644729721291317
2012-12-05,-0.004064006775996991,0.3119296176959271,-0.7654301555663292
2012-12-06,-0.001175634902515679,0.31156290235023537,-0.7657059240625231
2012-12-07,-0.0002781449330398561,0.3114762427076235,-0.7657710917725864
2012-12-10,-0.0015986069368479107,0.31097831462536774,-0.7661455317300891
2012-12-11,-0.0035120563796063532,0.3098861412515685,-0.7669668418072759
2012-12-12,-0.0024571575976876092,0.3091247021651741,-0.7675394410024422
2012-12-13,-0.006152303759885843,0.30722287309776974,-0.768969608973588
2012-12-14,0.0026818612701599905,0.3080468022224379,-0.7683500175156645
2012-12-17,0.007661498106241055,0.31040690221429873,-0.7665752316135499
2012-12-18,-0.0013424810499662887,0.30999018683029733,-0.7668885999417014
2012-12-19,-0.0010805815744087469,0.309655217146161,-0.7671404958253891
2012-12-20,0.0033628849068016056,0.31069655200221424,-0.7663574161133949
2012-12-21,-0.003270065749203112,0.3096805538491163,-0.7671214427245179
2012-12-24,0.0038806265836218833,0.310882308438814,-0.7662177280043991
2012-12-26,-0.0011038427997730068,0.31053914324106696,-0.766475786882056
2012-12-27,0.0015884536342188464,0.3110324202717154,-0.7661048444970507
2012-12-28,0.002497528540510428,0.31180923261836807,-0.765520684670695
2012-12-31,-0.0012404701021411766,0.31142244258773344,-0.7658115492509314
2013-01-02,0.0025227138590276643,0.31220807229966174,-0.7652207588006026
2013-01-03,-0.0027912353219263037,0.3113366261004684,-0.7658760829114934
2013-01-04,-0.0013088910942122257,0.3109291203632634,-0.7661825256215127
2013-01-07,0.003289896915213208,0.3119520451171965,-0.765413290233832
2013-01-08,0.00400284349646938,0.3132007403322042,-0.7644742763482862
2013-01-09,0.004172002041342945,0.31450741446022024,-0.7634916625484225
2013-01-10,-0.0056277567029678335,0.3127374432503587,-0.7648226739298234
2013-01-11,-0.0058477354996100215,0.3109086374014063,-0.7661979287281874
2013-01-14,-0.0016318585546392574,0.3104012784817516,-0.7665794606382846
2013-01-15,-0.003598862843129695,0.30928418685416365,-0.7674195091442169
2013-01-16,0.0013820542402812894,0.3097116343760574,-0.7670980702906228
2013-01-17,0.001824590145295469,0.31027673117202337,-0.7666731197248547
2013-01-18,-0.00014334030053654456,0.31023225601212767,-0.7667065648699967
2013-01-22,-0.00015194560827904926,0.31018511758328016,-0.766742012782905
2013-01-23,0.004735013090410346,0.3116538481754874,-0.7656375331599893
2013-01-24,-0.0027000898973279816,0.3108123547685654,-0.7662703328890169
2013-01-25,-0.003608655172719519,0.3096907401567847,-0.767113782661255
2013-01-28,-0.005104397005798227,0.308109955670005,-0.7683025263717305
2013-01-29,0.003781605334765232,0.309275105922061,-0.7674263379694062
2013-01-30,-0.0008733344509336619,0.3090050053172431,-0.7676294525608373
2013-01-31,-0.0022103387325227153,0.30832199958544704,-0.7681430701821396
2013-02-01,0.001967471407224027,0.30892861430384955,-0.7676868983021562
2013-02-04,-0.0046937360583687825,0.3074785849274297,-0.7687773146844268
2013-02-05,0.000357529993434428,0.30758851774388,-0.768694645639264
2013-02-06,-0.002418620406541954,0.3068445778780467,-0.7692540854894634
2013-02-07,-0.003978367242752116,0.3056238374608006,-0.7701720774771509
2013-02-08,0.0003521473695433814,0.30573146209123214,-0.7700911441787869
2013-02-11,-0.0026354340418622635,0.30492572698836856,-0.7706970538039437
2013-02-12,0.002115261876371849,0.305570724753792,-0.7702120180237155
2013-02-13,0.0030911429446859643,0.30651528754371726,-0.7695017105244559
2013-02-14,0.0062923666054297755,0.3084439941031111,-0.7680513307851513
2013-02-15,-0.0006341787067879653,0.30824838548981426,-0.7681984276922351
2013-02-19,-0.004248059321355332,0.3069389280625415,-0.7691831345221819
2013-02-20,-0.0071841323919085275,0.30473383816710975,-0.77084135344206
2013-02-21,-0.002724174984118421,0.3039036898683605,-0.7714656216944075
2013-02-22,0.0007239826985911951,0.30412371088186324,-0.7713001667584809
2013-02-25,-0.005026043743875802,0.3025951718074211,-0.7724496221245699
2013-02-26,0.010354417940100552,0.3057283686829717,-0.77009347040962
2013-02-27,0.004050900172173197,0.3069668437843078,-0.7691621420093185
2013-02-28,0.0031697772310652567,0.3079398602964272,-0.7684304374229918
2013-03-01,0.0017932539338961317,0.3084920746623072,-0.76801517439393
2013-03-04,0.008912195873128947,0.3112414164570056,-0.765947680188535
2013-03-05,0.0015414120307445198,0.31172116772079833,-0.765586909126954
2013-03-06,-0.0017767465875311026,0.31116731819978916,-0.7660034017862354
2013-03-07,-0.003370438433922298,0.31011854791114807,-0.7667920729142621
2013-03-08,-0.0006732629166481574,0.30990975659307474,-0.7669490831634374
2013-03-11,-0.002718093820332554,0.30906739279881834,-0.7675825374203136
2013-03-12,-0.00174425486640102,0.3085283004948831,-0.7679879327104548
2013-03-13,0.0009456967809885823,0.30882007471550504,-0.7677685196452685
2013-03-14,-0.002621880619997524,0.30801038534654224,-0.768377402862964
2013-03-15,-0.004033081006921042,0.30676815451146666,-0.769311555560251
2013-03-18,0.003644722406272834,0.30788623927774555,-0.7684707602179333
2013-03-19,0.004931379410194288,0.309404543138802,-0.767329001692014
2013-03-20,0.0045961197650895074,0.31082660347493074,-0.7662596179179276
2013-03-21,-0.0007282021762429181,0.3106002588658461,-0.7664298281728357
2013-03-22,0.0012228885679529023,0.31098008837161634,-0.7661441978798934
2013-03-25,-0.0031089963140220546,0.3100132524231347,-0.7668712547066975
2013-03-26,0.00021345978140007511,0.3100794277842281,-0.7668214910956891
2013-03-27,-0.0013745260978666716,0.3096532155183271,-0.7671420010416398
2013-03-28,0.0007618164838643855,0.3098891144421905,-0.7669646059796336
2013-04-01,0.0010029474935987594,0.3101999169528139,-0.7667308837152811
2013-04-02,0.0019369597544711154,0.3108007617077918,-0.7662790508250765
2013-04-03,-0.007451342590903483,0.3084848787547933,-0.76802058568805
2013-04-04,-0.004398180466064545,0.3071281065869777,-0.7690408730166058
2013-04-05,0.0041217113949989165,0.3083940000036217,-0.7680889261511394
2013-04-08,0.0004065795127781609,0.3085193866858869,-0.767994635859726
2013-04-09,-0.0054975925494029606,0.3068232728042962,-0.7692701068210451
2013-04-10,-0.00047593407388236313,0.30667724515410855,-0.7693799190390722
2013-04-11,0.004004407142703696,0.3079053057051083,-0.7684564223396214
2013-04-12,0.0015078031360086998,0.3083695662906442,-0.7681073002071024
2013-04-15,0.00041961364781392815,0.3084989623692302,-0.768009994865441
2013-04-16,0.004694569717270024,0.30994723225577797,-0.7669209016126269
2013-04-17,0.005546585461514023,0.3116663810680444,-0.7656281084741288
2013-04-18,0.0005293032984420986,0.31183134711155724,-0.7655040546588819
2013-04-19,0.009787579741401287,0.3148834212872802,-0.7632089068948205
2013-04-22,0.0002757911201116924,0.3149702633387416,-0.7631436020140205
2013-04-23,0.006458639622150861,0.3170045427613405,-0.7616138318972283
2013-04-24,-0.012235152607127585,0.3131259438035028,-0.7645305230433942
2013-04-25,-0.00401536626016697,0.3118686284535713,-0.7654760192364649
2013-04-26,0.0018474943992664763,0.3124448039979462,-0.7650427374955105
2013-04-29,-0.005781797024475354,0.3106383115598781,-0.7664012126967379
2013-04-30,-0.006443290718735311,0.30863677861012073,-0.7679063575948768
2013-05-01,-0.0003539409287860889,0.3085275394220419,-0.767988505034235
2013-05-02,0.0036749318080107002,0.3096613570903113,-0.7671358786115612
2013-05-03,-2.403287948294386e-05,0.3096539150362358,-0.7671414750069264
2013-05-06,-0.0015049602969308563,0.30918789818831705,-0.7674919178418429
2013-05-07,0.0032111755205831176,0.31018075479823987,-0.7667452935800789
2013-05-08,-0.005658085596245961,0.30842572553728326,-0.76806506867473
2013-05-09,-0.001097399636029771,0.30808725925833647,-0.7683195939839489
2013-05-10,-0.002904337690026008,0.3071924698194557,-0.7689924721191819
2013-05-13,0.006093095950119569,0.30906422301321984,-0.7675849210866041
2013-05-14,0.0057733645025368225,0.3108485634273685,-0.7662431041201512
2013-05-15,-0.0005788547080956948,0.31066862727292377,-0.7663784153998812
2013-05-16,-0.007533326466383426,0.3083282590808137,-0.7681383630662676
2013-05-17,-0.001300095338499449,0.3079274029484551,-0.768439805299622
2013-05-20,-0.006658246394281468,0.3058771464280731,-0.7699815901310448
2013-05-21,-0.0022425894881796427,0.3051911895548191,-0.7704974269991048
2013-05-22,0.0013163302010576886,0.30559292193472687,-0.7701953258310432
2013-05-23,-0.0006631242104228939,0.30539027586965806,-0.7703477148741531
2013-05-24,0.001854742288581648,0.30595669612883514,-0.7699217690692607
2013-05-28,-0.00042890409325363477,0.3058254700495071,-0.7700204505642755
2013-05-29,-0.01083452057712828,0.30251199770124576,-0.7725121687249555
2013-05-30,-0.00024504903508372635,0.3024378674281078,-0.7725679143985028
2013-05-31,-0.0024571619513033237,0.30169472860763014,-0.7731267518657483
2013-06-03,-0.006803864370874308,0.2996420385927761,-0.7746703666754335
2013-06-04,-0.0042615801814391745,0.2983650900195831,-0.7756306269751004
2013-06-05,-0.002798870913011047,0.2975300046476694,-0.7762586078870304
2013-06-06,0.0029394787637325873,0.29840458777790446,-0.7756009248163463
2013-06-07,0.0027725061408199426,0.29923191632996754,-0.7749787770024054
2013-06-10,-0.0014240301176578474,0.2988058010689492,-0.775299214001066
2013-06-11,0.0025815568108767573,0.29957718521982823,-0.7747191361565612
2013-06-12,-0.004373097107555219,0.29826710509765386,-0.7757043112506224
2013-06-13,-0.0012698264426858627,0.2978883576406175,-0.7759891278471769
2013-06-14,0.005137563668045519,0.29941877804396566,-0.7748382577291574
2013-06-17,-0.0006462999631174123,0.2992252636987592,-0.7749837797548824
2013-06-18,0.0013068709928026694,0.2996163125162008,-0.774689712583734
2013-06-19,-0.00418561890922035,0.29836223281302215,-0.7756327755831853
2013-06-20,-0.007365759254318592,0.29616456843554045,-0.7772854105427993
2013-06-21,-0.001632034200552491,0.2956812177308618,-0.7776488883697554
2013-06-24,0.00411616342493014,0.29689828994472434,-0.7767336548565705
2013-06-25,-0.0019519675142896835,0.2963187541277041,-0.7771694635093247
2013-06-26,0.005891054413119099,0.298064384031898,-0.7758567566939536
2013-06-27,0.0010582933193015163,0.29837982357824067,-0.7756195473969962
2013-06-28,-0.0050480487617493835,0.29687358767929556,-0.7767522308629197
2013-07-01,0.0003407238236888539,0.29697473958324183,-0.7766761650293893
2013-07-02,-0.0030305057894800284,0.2960747559156055,-0.7773529492041966
2013-07-03,0.0004910673209400714,0.296220148552791,-0.777243614513447
2013-07-05,0.00767391108117573,0.2984933156332378,-0.7755342018184591
2013-07-08,0.0013597515000999486,0.2988991923669399,-0.7752289841126606
2013-07-09,0.005166848805339297,0.30044355930193795,-0.7740676262577482
2013-07-10,-0.004358757871038574,0.2991339985730278,-0.7750524107701197
2013-07-11,2.1336794532079127e-05,0.2991403811336929,-0.7750476111096278
2013-07-12,0.006677229400284981,0.3011378100814113,-0.7735455524048647
2013-07-15,-0.0064304032211163304,0.29920137253746387,-0.7750017458141165
2013-07-16,-0.004534940426038359,0.29784451213761753,-0.7760220994928122
2013-07-17,0.007011611106695898,0.29993288202699003,-0.7744516535579615
2013-07-18,0.0013588542259331269,0.3003404470912287,-0.7741451662342466
2013-07-19,0.00415053130354787,0.30158701951860245,-0.7732077486766442
2013-07-22,0.0012474624415896038,0.30196323799832286,-0.7729248338610747
2013-07-23,-0.0038857187710252773,0.3007898937762732,-0.7738071840965745
2013-07-24,0.003222849210586388,0.3017592942479824,-0.7730781987583998
2013-07-25,-0.00458326622731558,0.30037625106587706,-0.774118241786272
2013-07-26,8.558376123716702e-05,0.30040195839522965,-0.7740989099758092
2013-07-29,-0.0029430337847118643,0.2995178652826789,-0.7747637445157536
2013-07-30,0.0040033706534344324,0.30071694631473084,-0.7738620403004586
2013-07-31,0.00664619665643984,0.3027155702778626,-0.7723590829488094
2013-08-01,0.008869955618005625,0.3054006439511065,-0.7703399181177232
2013-08-02,0.0007320470654603455,0.3056242115963006,-0.7701717961287279
2013-08-05,0.0007396251490176938,0.3058502589493459,-0.7700018094091912
2013-08-06,-0.0008913814651937374,0.30557762969739377,-0.7702068255333119
2013-08-07,-0.005597822536439716,0.30386706035524186,-0.7714931669440616
2013-08-08,0.0008240574403599594,0.3041174642672079,-0.7713048641881086
2013-08-09,-0.002145604772281196,0.30346494838454213,-0.7717955535629042
2013-08-12,-0.0014840773588461363,0.3030145829254412,-0.7721342266150495
2013-08-13,0.005917467936306251,0.3048076620041357,-0.7707858382072624
2013-08-14,-0.002578324621773893,0.3040217689042851,-0.7713768267242719
2013-08-15,-0.003078706681476723,0.3030857750530451,-0.7720806904153763
2013-08-16,0.010055349892020296,0.3061334085684977,-0.7697888820103552
2013-08-19,-0.0025829971763516022,0.30534266683857836,-0.7703835166780872
2013-08-20,0.002100645540668871,0.30598408355004875,-0.7699011738363329
2013-08-21,-0.004087942575976384,0.3047332381873334,-0.7708418046244896
2013-08-22,0.0035120965671991723,0.3058034907470826,-0.7700369789131658
2013-08-23,-0.005845126941351286,0.3040160305245575,-0.7713811419632349
2013-08-26,-0.0001991162846494074,0.3039554959820856,-0.771426663700848
2013-08-27,-0.009316435951095041,0.3011237140717852,-0.7735561525486072
2013-08-28,0.0030209238902186505,0.30203338589353596,-0.7728720829200483
2013-08-29,0.005774667070619241,0.30377752814128295,-0.7715604948164684
2013-08-30,-0.005787862816361749,0.30201930548170774,-0.7728826713343082
2013-09-03,0.013390734142669138,0.30606356570736687,-0.7698414035669527
2013-09-04,0.0037886658167626567,0.30722313827651887,-0.7689694095602128
2013-09-05,0.006930638583226511,0.309352390812318,-0.7673682200362052
2013-09-06,-0.007817903332894708,0.30693390372514745,-0.7691869128041213
2013-09-09,0.00047980099910967277,0.30708117091881537,-0.7690761684542772
2013-09-10,0.007916305960715722,0.30951211942258355,-0.7672481047501405
2013-09-11,0.00011152054748129759,0.30954663638359364,-0.7672221481313549
2013-09-12,0.0015811939555965635,0.31003608965401863,-0.7668540811989835
2013-09-13,0.001268765777069815,0.3104294528342282,-0.7665582736361453
2013-09-16,0.0029534646904165298,0.3113462952620394,-0.7658688117400597
2013-09-17,0.0011632262069345236,0.31170846143212017,-0.7655964642060151
2013-09-18,-0.012811528141378538,0.30771499970657673,-0.7685995317012784
2013-09-19,-0.0006982712132785157,0.30750013118038766,-0.7687611119870305
2013-09-20,0.006225906098945661,0.3094145981225302,-0.7673214403838371
2013-09-23,-0.006011385859378382,0.30755458758269116,-0.7687201609868943
2013-09-24,0.004994742580327689,0.3090907435770655,-0.7675649777270042
2013-09-25,0.0010906664167841655,0.3094278584708239,-0.7673114686541266
2013-09-26,0.0028179590838178802,0.3102998135153881,-0.7666557618935201
2013-09-27,-0.0003267833913556536,0.31019841268999054,-0.7667320149150019
2013-09-30,0.004626801874173038,0.3116336392871901,-0.765652730164426
2013-10-01,0.0030344044271056994,0.3125792617818783,-0.7649416257713568
2013-10-02,-0.0023330566957195827,0.311849996642235,-0.7654900302852359
2013-10-03,0.004017537394893268,0.3131028656653425,-0.7645478777124315
2013-10-04,0.007505943689154451,0.31545299814393946,-0.7627805873410491
2013-10-07,-0.009120170826236926,0.3125760129132181,-0.7649440689077984
2013-10-08,-0.009960045991276185,0.30946274144883273,-0.7672852367919989
2013-10-09,-0.0020892252907994666,0.3088162040628377,-0.7677714303608355
2013-10-10,0.009243874368073092,0.3116708622560198,-0.7656247386384137
2013-10-11,0.002295558517556816,0.3123863209585459,-0.7650867165108906
2013-10-14,0.005105484063063947,0.31398120434171894,-0.7638873704858349
2013-10-15,-0.0006120162415688426,0.3137890427451145,-0.7640318752499371
2013-10-16,0.0028843404856975373,0.3146941171850725,-0.7633512628343864
2013-10-17,-0.0006373781991442279,0.3144935380153798,-0.7635020975803106
2013-10-18,0.0037291347919342945,0.31566632680983153,-0.762620165024178
2013-10-21,0.0012481459223598528,0.31606032444846555,-0.7623238803511023
2013-10-22,-0.002403178906629804,0.31530077494352843,-0.7628950585884522
2013-10-23,-0.003098969565332355,0.31432366743805273,-0.7636298395856765
2013-10-24,0.0014495004155973953,0.3147792797246363,-0.7632872209399211
2013-10-25,-0.001051884162440246,0.3144481683856296,-0.7635362153632617
2013-10-28,-0.0016380808212377702,0.3139330768717238,-0.7639235621537923
2013-10-29,0.007294180646648767,0.31622296144538437,-0.7622015779697248
2013-10-30,0.004599186309130445,0.3176773297602966,-0.7611078987227904
2013-10-31,0.0026898169705301803,0.3185318236330386,-0.7604653226946493
2013-11-01,6.307854210035314e-05,0.3185519161560859,-0.7604502131964224
2013-11-04,0.0025897454681327366,0.3193768845373161,-0.7598298402216557
2013-11-05,0.006827655948061123,0.32155748002270057,-0.7581900410016983
2013-11-06,-0.010507445974066405,0.3181787321738051,-0.7607308460818641
2013-11-07,-0.0098164632486148,0.3150553423429301,-0.7630796229378287
2013-11-08,0.02173488820261947,0.32190303498639167,-0.75793018502946
2013-11-11,0.004750192377833474,0.3234321363295855,-0.7567803068394834
2013-11-12,0.0032046067500108126,0.3244686091368377,-0.7560008833690456
2013-11-13,0.006470130981353787,0.32656796353729073,-0.7544221771251087
2013-11-14,-0.0020124231158074246,0.32591077061858614,-0.7549163836125918
2013-11-15,-0.001313009381544755,0.32548284671921746,-0.7552381807001713
2013-11-18,-0.002951576004111187,0.3245221593590912,-0.7559606138127394
2013-11-19,-0.002104704152350853,0.32383913622275823,-0.7564742445221848
2013-11-20,0.005529383746418058,0.3256297670790424,-0.7551276971680116
2013-11-21,0.009190885149149888,0.32862259286941026,-0.752877103956475
2013-11-22,0.010078630779833257,0.3319346586488525,-0.7503864435300092
2013-11-25,0.0030067719280345152,0.33293271046241957,-0.7496359124955584
2013-11-26,0.0034613681447825803,0.33408511314077033,-0.7487693102184729
2013-11-27,0.00018881170365848954,0.3341481923201494,-0.748721874923924
2013-11-29,0.0013521313965153116,0.3346000045820743,-0.7483821138817511
2013-12-02,0.001908081601483788,0.33523844869467373,-0.7479020064226447
2013-12-03,-0.005916316104124561,0.3332550720619397,-0.7493934978418639
2013-12-04,-0.003475920798354694,0.3320967038258024,-0.7502645861949182
2013-12-05,-0.0013842284471830037,0.33163700612115105,-0.7506102770589762
2013-12-06,0.006076090275234498,0.3336520625089517,-0.7490949625886709
2013-12-09,-0.004222652866094295,0.33224316567092,-0.7501544474640133
2013-12-10,0.0031901133045239014,0.333303059014064,-0.7493574118427921
2013-12-11,-0.003381999475277239,0.3321758282433701,-0.750205084944422
2013-12-12,0.003584599779773116,0.33336654564413726,-0.7493096701469253
2013-12-13,0.004434197876570731,0.33484475887295223,-0.748198059618614
2013-12-16,0.002246288698244321,0.33559691687047494,-0.7476324397657392
2013-12-17,0.0003896354231280859,0.33572767731718023,-0.7475341084246234
2013-12-18,0.0020353469740606806,0.33641099962931614,-0.747020252736152
2013-12-19,0.001557189505994058,0.3369348553076399,-0.7466263153284838
2013-12-20,0.0015262873142892314,0.3374491147030378,-0.7462395942877948
2013-12-23,-0.0035832354633716897,0.33623995506815046,-0.7471488775727424
2013-12-24,-0.0015812882197128782,0.33570826278820437,-0.7475487080739779
2013-12-26,0.0035328077007793614,0.3368942555241978,-0.7466568462057899
2013-12-27,-0.008077876930880133,0.33417286518935285,-0.7487033210234206
2013-12-30,-0.0015527135021207053,0.333653990469531,-0.7490935127699057
2013-12-31,0.003217695492468119,0.3347275874107088,-0.7482861720969144
2014-01-02,-0.0013228476633339494,0.3342847938038491,-0.7486191511459848
2014-01-03,0.0028289270980242083,0.33523046111549826,-0.7479080130507374
2014-01-06,-0.0006417768246415385,0.33501531797464046,-0.7480697998456391
2014-01-07,0.0021578821417274504,0.33573824154650306,-0.7475261641657643
2014-01-08,0.011413593053772696,0.3395702212081041,-0.7446445305468273
2014-01-09,0.0029268137442690213,0.34056407999868044,-0.7438971526491576
2014-01-10,-0.004153688794322649,0.3391494827958411,-0.7449609241763928
2014-01-13,-0.01046656108793732,0.3355997540162161,-0.7476303062433116
2014-01-14,0.00839973111978207,0.3384187017138173,-0.7455104686729738
2014-01-15,-0.0010390497910037846,0.3380670678325298,-0.7457748959673118
2014-01-16,-0.009184199544772951,0.3349621924220396,-0.7481097500520386
2014-01-17,0.002701649937203291,0.33586714300816206,-0.7474292307740846
2014-01-21,-0.0009494948130206127,0.3355482388980118,-0.7476690454093853
2014-01-22,0.003044693891469483,0.3365698805712779,-0.7469007748933145
2014-01-23,-0.005723444695686727,0.3346435414735943,-0.7483493743107338
2014-01-24,-0.013090503495964703,0.3302628890240322,-0.7516436077060809
2014-01-27,-0.005346177974082327,0.3284972448410752,-0.7529713651802851
2014-01-28,0.001685278070706417,0.3290508540440933,-0.7525550532391869
2014-01-29,-0.004452146991733026,0.3275858712741337,-0.7536567145145276
2014-01-30,0.008540836748669896,0.33038372872185684,-0.7515527367290652
2014-01-31,-0.005925040393736375,0.3284261917837466,-0.7530247967996587
2014-02-03,-0.010561211608784024,0.3249576132744514,-0.75563315418278
2014-02-04,-0.0024746808441801237,0.3241534468937106,-0.7562378841350765
2014-02-05,0.0004975387523115927,0.3243147257952356,-0.7561166030360883
2014-02-06,-0.0012436521151302372,0.3239113911005325,-0.7564199091385676
2014-02-07,0.01095427847167801,0.32745960667879637,-0.7537516649931149
2014-02-10,-0.006003974512672215,0.3254935475463672,-0.7552301337202841
2014-02-11,0.004309219598249382,0.32689617072055777,-0.7541753666154507
2014-02-12,0.004791720249904333,0.32846256572141563,-0.7529974437417366
2014-02-13,0.0011501222999867752,0.3288403378429627,-0.7527133605936303
2014-02-14,-0.003046755481713339,0.32783844174103116,-0.7534667825177961
2014-02-18,0.006892179870291245,0.3300979632499063,-0.7517676312389072
2014-02-19,-0.004682464626230227,0.328552291213798,-0.7529299705247163
2014-02-20,0.005785898284087347,0.33045326135176484,-0.7515004484651259
2014-02-21,0.0023727099538391576,0.33123733109425274,-0.7509108311056746
2014-02-24,0.006665740208355606,0.3334452730906361,-0.7492504674171098
2014-02-25,-0.0013524902984430591,0.3329942915937193,-0.7495896037272672
2014-02-26,-0.004270898361168994,0.331572106819473,-0.7506590810783282
2014-02-27,0.002911316759451012,0.332537418251023,-0.7499331706822546
2014-02-28,-0.005551780084504402,0.33069124363502445,-0.751321486725056
2014-03-03,-0.0003000345313665324,0.3305920248427134,-0.7513960988662475
2014-03-04,0.01227189657561632,0.3346490159803068,-0.7483452575032392
2014-03-05,0.002314777057793851,0.33542365384491124,-0.7477627328788228
2014-03-06,-3.665912446487648e-05,0.3354113575074365,-0.7477719796761928
2014-03-07,0.0015021416509108142,0.33591519287773697,-0.7473930974613376
2014-03-10,0.0015835335939106887,0.33644712587036385,-0.7469930859451139
2014-03-11,-0.00532065816751929,0.33465700572216334,-0.7483392492488189
2014-03-12,-0.001749346457308764,0.3340715746747897,-0.7487794910915891
2014-03-13,-0.0066617304463274995,0.3318460798945261,-0.7504530544045263
2014-03-14,-0.0011863913073027845,0.3314523805899767,-0.7507491147315446
2014-03-17,0.002963651745599785,0.3324346900162954,-0.7500104219103265
2014-03-18,0.005263441291573267,0.3341844404904785,-0.7486946164425463
2014-03-19,0.0026652158537065684,0.33507511415933583,-0.7480248333501671
2014-03-20,0.0046108358080550246,0.3366200904940898,-0.7468630172290376
2014-03-21,-0.011968385938124994,0.33259129133653,-0.7498926583340528
2014-03-24,-0.009602314788760802,0.32939764506111613,-0.7522942677597095
2014-03-25,-0.004051352536033593,0.32806313907643425,-0.7532978110062113
2014-03-26,-0.006893375171137813,0.3258016767789592,-0.7549984217504864
2014-03-27,-0.010620540598875981,0.3223414868435464,-0.757600470959074
2014-03-28,-0.0049676332254311615,0.32074021256356755,-0.7588046229133666
2014-03-31,0.007502584483184225,0.32314659310548016,-0.7569950342198206
2014-04-01,0.009767292167056824,0.32630286029313044,-0.754621533721
2014-04-02,-0.001787511587708851,0.32571959014925395,-0.7550601505728479
2014-04-03,-0.008455779488670916,0.3229653771198116,-0.7571313079275922
2014-04-04,-0.01818951830556492,0.3170907924806271,-0.7615489724478919
2014-04-07,-0.015472417421988113,0.31218463137869784,-0.76523838628088
2014-04-08,-0.004496934912191614,0.3107807574108013,-0.766294093977656
2014-04-09,0.01690242730721372,0.3160337065714182,-0.7623438968898468
2014-04-10,-0.02203444742663777,0.30907007847892487,-0.767580517799447
2014-04-11,-0.0068955532467918305,0.30693886929578335,-0.7691831787145527
2014-04-14,-0.002122528617208617,0.3062873827619694,-0.7696730940230643
2014-04-15,-0.0034095333545285924,0.3052430857143712,-0.7704584012914379
2014-04-16,0.008707428477490868,0.3079009680514777,-0.7684596842380742
2014-04-17,0.006436525697157678,0.3098827805445208,-0.7669693690457445
2014-04-21,0.00564674645951432,0.31163261003842496,-0.7656535041554453
2014-04-22,0.009087381082077716,0.3144645343234467,-0.7635239082424563
2014-04-23,0.00025525511392640056,0.3145448030039812,-0.7634635465107138
2014-04-24,-0.004920022950388927,0.31299723535427604,-0.7646273112904847
2014-04-25,-0.01394141109303774,0.3086336122252178,-0.7679087387038577
2014-04-28,-0.013192789063391221,0.304561874081258,-0.7709706697575941
2014-04-29,0.01233273012927998,0.3083179534819699,-0.7681461128360247
2014-04-30,0.0047542706956208115,0.309783780493143,-0.7670438166946153
2014-05-01,-0.0022367192581111564,0.30909088114546346,-0.7675648742761105
2014-05-02,0.0009101508522144373,0.3093722004743497,-0.7673533232483484
2014-05-05,0.0029411125142790756,0.3102820989247349,-0.7666690831959486
2014-05-06,-0.0043766082434078535,0.30892411573279904,-0.7676902812098751
2014-05-07,-0.0036320757994550744,0.3078020799281779,-0.768534047717471
2014-05-08,-0.0024257939306337006,0.3070554155108517,-0.7690955364196663
2014-05-09,0.003964128992179624,0.308272622785684,-0.7681802013411638
2014-05-12,0.014302331086918299,0.31268163990179754,-0.7648646378282424
2014-05-13,-0.0028768132611667017,0.31178211321360466,-0.7655410783563074
2014-05-14,-0.004207169928869394,0.31047039288253303,-0.7665274868810019
2014-05-15,-0.006156343885140828,0.30855903037779336,-0.7679648239594905
2014-05-16,-0.004943767301188752,0.30703358633292516,-0.7691119518755252
2014-05-19,0.009904247231612474,0.31007452288037507,-0.7668251795640759
2014-05-20,-0.0036156622248982376,0.3089533981410931,-0.7676682609541234
2014-05-21,0.008001584033308444,0.3114255147186953,-0.7658092390205432
2014-05-22,0.003816054937295026,0.31261393159173717,-0.7649155542108388
2014-05-23,0.003488933913124251,0.31370462093938273,-0.7640953601154769
2014-05-27,0.0075449654861983705,0.3160715114772313,-0.7623154677495141
2014-05-28,0.0006195160639244586,0.3162673228559403,-0.7621682183636386
2014-05-29,0.002651884171968741,0.31710602716353287,-0.761537516026326
2014-05-30,-0.0034180498487307973,0.3160221429553549,-0.7623525926836002
2014-06-02,0.0029546667346683356,0.3169558830685637,-0.7616504237946222
2014-06-03,-0.002700725579478829,0.3160998722075941,-0.7622941405919381
2014-06-04,0.0024827610646464653,0.31688467266285086,-0.7617039737393614
2014-06-05,-0.0021081269680777405,0.3162166395386398,-0.7622063320187072
2014-06-06,0.0034252961478953062,0.3172997751759519,-0.761391818283777
2014-06-09,0.0006182702094073015,0.31749595217439486,-0.7612442939533011
2014-06-10,0.0011903145040988918,0.3178738722112607,-0.7609600995734573
2014-06-11,0.004947079470488295,0.3194464195186816,-0.7597775501894296
2014-06-12,-0.006814181384217975,0.3172696536735423,-0.761414469535
2014-06-13,0.002411545184638431,0.3180347637790907,-0.7608391097478827
2014-06-16,0.00011420090312302027,0.31807108363633874,-0.7608117973582242
2014-06-17,0.0052833566527808245,0.319751566612126,-0.7595480807765301
2014-06-18,-0.0014688755677324942,0.3192818913481853,-0.7599012747258919
2014-06-19,-0.0016076655445309443,0.31876859285247217,-0.7602872731738008
2014-06-20,0.006627583001161501,0.32088125815976537,-0.7586985571803254
2014-06-23,-0.002277230717073795,0.32015053750215067,-0.7592480562379886
2014-06-24,-0.01234101490156139,0.31619955494809376,-0.7622191795635355
2014-06-25,0.004605822127631854,0.31765591385502107,-0.7611240033992427
2014-06-26,-0.0018338179183231527,0.3170733907483324,-0.7615620584820665
2014-06-27,-0.002412829976998034,0.3163083465662264,-0.7621373686950146
2014-06-30,-0.002005382485234779,0.31567402734808897,-0.7626143742497256
2014-07-01,0.0071977574880495694,0.3179461724422164,-0.7609057300844262
2014-07-02,0.000276851733627987,0.3180341963912574,-0.7608395364212995
2014-07-03,0.002022442156337005,0.31867740215719587,-0.7603558482176288
2014-07-07,-0.005505152410964905,0.31692303448839015,-0.7616751257975872
2014-07-08,-0.005422529265654197,0.3152045100589169,-0.7629674494026831
2014-07-09,-0.0009344231159463022,0.31490997567846735,-0.763188938097193
2014-07-10,0.0001371731541209093,0.31495317287309527,-0.7631564539769011
2014-07-11,0.0008769616443805242,0.3152293747254809,-0.7629487512713198
2014-07-14,0.004931640265446424,0.3167839726027286,-0.761779699788115
2014-07-15,-0.004256141545942563,0.3154356951758454,-0.7627935991049337
2014-07-16,-0.0032404731309195476,0.31441353428109514,-0.7635622600735164
2014-07-17,-0.004144111349897076,0.31311056958511957,-0.7645420843950896
2014-07-18,0.009349237973743632,0.3160379148122653,-0.7623407323092978
2014-07-21,0.00032782420398921484,0.31614151969011905,-0.7622628218490464
2014-07-22,0.0030966888252800754,0.3171205116013505,-0.7615266237861127
2014-07-23,-0.002772983943656056,0.31624114151447597,-0.7621879066293432
2014-07-24,0.005118806635405062,0.31785991876804837,-0.760970592507818
2014-07-25,-0.002195775189359792,0.31716196984472556,-0.7614954473503166
2014-07-28,-0.002943852867887284,0.3162282916702134,-0.7621975696616385
2014-07-29,-0.002330806812486199,0.31549122461368756,-0.762751841186297
2014-07-30,0.0022247175508290267,0.31619310347821816,-0.7622240310434824
2014-07-31,-0.004214918628170619,0.31486037527626876,-0.7632262374043685
2014-08-01,0.00035489967875780755,0.3149721191223079,-0.763142206472085
2014-08-04,0.003458178356664755,0.31606134888760945,-0.7623231099768994
2014-08-05,-0.004555559687230141,0.3146215125479255,-0.7634058612356749
2014-08-06,-0.004695212078314999,0.3131442978221127,-0.7645167208936596
2014-08-07,-0.0033110896478169088,0.312107448979321,-0.7652964271413426
2014-08-08,0.000436588162398408,0.3122437113969418,-0.7651939583397599
2014-08-11,0.003175086480558865,0.31323511218363775,-0.7644484288513309
2014-08-12,-0.0014411746167487637,0.31278368569088427,-0.7647878997966057
2014-08-13,0.006182836102173062,0.3147175759549446,-0.7633336219318002
2014-08-14,-0.0027255540506839534,0.31385979619097915,-0.7639786689372047
2014-08-15,0.005484764568649158,0.31558124328065085,-0.7626841475031461
2014-08-18,0.0018016116118036946,0.3161497981130127,-0.7622565965076227
2014-08-19,0.0015588084234695902,0.31664261508138947,-0.7618860000876344
2014-08-20,-0.0006744852398454232,0.31642904431121105,-0.7620466044659758
2014-08-21,-0.006285080708359351,0.3144402622292461,-0.7635421607617353
2014-08-22,0.002980351234550395,0.31537740465297337,-0.7628374333486424
2014-08-25,0.0017126251809651766,0.3159175279376895,-0.7624312627650129
2014-08-26,-0.0016882216896889166,0.3153841891148722,-0.7628323314600051
2014-08-27,-0.0011395818765051093,0.31502478300882064,-0.7631026034367663
2014-08-28,-0.001080349275054478,0.31468444621287284,-0.7633585353674056
2014-08-29,0.0005247605634108808,0.3148495802001641,-0.7632343552590987
2014-09-02,0.0026473832142927486,0.3156831076938132,-0.7626075458654904
2014-09-03,-0.0006410427496950409,0.3154807413264249,-0.7627597245770457
2014-09-04,-0.0031930106379839743,0.31447340796329054,-0.7635172353002293
2014-09-05,0.0013775274416117057,0.31490660371241713,-0.7631914738023873
2014-09-08,0.0022651268063242323,0.3156199071019747,-0.7626550724617309
2014-09-09,-0.0018751357528165873,0.3150280769298671,-0.7631001264211075
2014-09-10,0.0014775255492018417,0.3154935389622469,-0.762750100805292
2014-09-11,-0.0036430244990002855,0.3143441882705311,-0.7636144080004437
2014-09-12,-0.0003758316639729877,0.3142260477711932,-0.7637032491908242
2014-09-15,-0.004148398067969213,0.3129225130417136,-0.7646835021753483
2014-09-16,0.006940498444840353,0.31509435125683516,-0.763050288388151
2014-09-17,-0.00010782981981330935,0.31506037468971493,-0.763075838632859
2014-09-18,0.0023892448614522104,0.3158131310709895,-0.7625097687977587
2014-09-19,-0.0018493298505565824,0.3152290884205022,-0.7629489665715365
2014-09-22,-0.0022243071977201424,0.3145279220901977,-0.7634762408914185
2014-09-23,0.0007090704710874372,0.31475094455208436,-0.763308528878124
2014-09-24,0.005442793977388209,0.3164640690974697,-0.7620202659646027
2014-09-25,-0.003633781054475476,0.31531410795876114,-0.7628850322134896
2014-09-26,0.004895516147970162,0.31685773326595607,-0.7617242320597652
2014-09-29,0.00044167314655496994,0.31699768081801794,-0.7616189920515913
2014-09-30,0.0010886220296321394,0.31734277147669876,-0.7613594852348927
2014-10-01,-0.010380683736962975,0.3140485365297878,-0.7638367369454954
2014-10-02,-0.0019894154376545493,0.31342376352304263,-0.7643065637868229
2014-10-03,0.007184487201727186,0.3156755525407911,-0.7626132273108182
2014-10-06,-0.0023004807779833125,0.31494934700009175,-0.7631593310183371
2014-10-07,-0.003074700006584724,0.31398097224079674,-0.7638875450248146
2014-10-08,0.0008296182944251117,0.3142414565994691,-0.7636916618126255
2014-10-09,-0.006421909545655029,0.31222342638969247,-0.7652092125853489
2014-10-10,-0.01452866836069715,0.3076872357732361,-0.7686204100698433
2014-10-13,-0.015870987058620615,0.3028039356361763,-0.7722926325472538
2014-10-14,-0.004127077026137009,0.30155424046998835,-0.7732323983921501
2014-10-15,0.006166353781879387,0.30341373060115223,-0.7718340691343679
2014-10-16,0.008095842230022928,0.3058701202945219,-0.7699868737558133
2014-10-17,0.009828857641864535,0.3088764741637967,-0.767726107482199
2014-10-20,0.005438067327648536,0.31055616522622614,-0.7664629864162322
2014-10-21,0.010531218345105047,0.313826700010642,-0.7640035571345178
2014-10-22,-0.0033633970008658536,0.31277117622903455,-0.7647973068626667
2014-10-23,0.001842397906911134,0.31334742518946107,-0.7643639699131306
2014-10-24,0.0035449179705469565,0.3144582161080398,-0.7635286595155673
2014-10-27,-0.001472693106386026,0.3139951156609311,-0.7638769092285566
2014-10-28,0.0031564393494482126,0.3149862221995378,-0.7631316010135322
2014-10-29,0.0033760618576349054,0.3160496351699862,-0.7623319186464349
2014-10-30,-0.0009740937452882395,0.31574177319716645,-0.7625634296379361
2014-10-31,0.0065487417559038615,0.31780948453138586,-0.7610085188552275
2014-11-03,0.00428252792256326,0.319170512522947,-0.7599850311639702
2014-11-04,-0.0002096119055098451,0.3191036105836345,-0.7600353411589388
2014-11-05,-3.5317146409460375e-05,0.3190923407546997,-0.7600438160259282
2014-11-06,0.0005903116551328292,0.31928070468251085,-0.7599021670938071
2014-11-07,-0.005838042717442759,0.3174167302897191,-0.7613038684986788
2014-11-10,0.004664837476606824,0.3188974277488766,-0.7601903898389304
2014-11-11,-0.0010376199694349685,0.3185665334096429,-0.760439221079296
2014-11-12,-0.00218040874059827,0.31787192815573445,-0.7609615614955592
2014-11-13,0.004590129032712212,0.3193310013218463,-0.7598643442190458
2014-11-14,-0.0014685334198470826,0.3188620530744119,-0.7602169914548571
2014-11-17,0.0014445060512421864,0.3193226512395894,-0.7598706234480285
2014-11-18,0.0023139491519474083,0.3200615476176229,-0.7593149762807984
2014-11-19,-0.003136397192582715,0.3190577074782213,-0.760069860113488
2014-11-20,-0.0036964094295219175,0.3178783395597372,-0.760956740144991
2014-11-21,-0.003600077524959451,0.3167339528938168,-0.7618173144122881
2014-11-24,0.00235494484348198,0.31747984388293976,-0.7612564073250565
2014-11-25,-0.00026487268327035613,0.31739575214480625,-0.7613196439810619
2014-11-26,0.0030092169297773123,0.3183508648155998,-0.7606014030129244
2014-11-28,-0.00030218523271066314,0.3182546638854319,-0.7606737457336656
2014-12-01,-0.008565286827125937,0.31552872140518257,-0.7627236437467184
2014-12-02,0.004953988098437323,0.317091846935739,-0.7615481795017991
2014-12-03,-0.0036968917187598527,0.31591959271271597,-0.7624297100623222
2014-12-04,0.0030169644434546905,0.31687271089092095,-0.7617129689447589
2014-12-05,0.0020825800360612726,0.317532623672595,-0.761216717131031
2014-12-08,0.003937929900981435,0.3187830448858924,-0.7602764053015667
2014-12-09,-0.001260901788767356,0.31838109077436705,-0.7605786732109318
2014-12-10,0.0035164892107787697,0.3195006744449911,-0.7597367506984477
2014-12-11,-0.00039557999096992267,0.31937428637107923,-0.7598317940324368
2014-12-12,0.001340493515386725,0.3198024055309409,-0.7595098501097353
2014-12-15,0.0024654246717196507,0.3205908542716122,-0.7589169397608901
2014-12-16,-0.00913974532116408,0.3176607355112752,-0.7611203775327225
2014-12-17,-0.00023622297376343646,0.31758569674768483,-0.7611768063875133
2014-12-18,0.0034996823571970246,0.31869714580749087,-0.7603410010703382
2014-12-19,-0.0034399618858413886,0.31760083977278664,-0.7611654188922552
2014-12-22,-0.00250838402087575,0.3168041749012839,-0.7617645077391384
2014-12-23,-0.011125530725719267,0.3132795603193835,-0.7644150040282434
2014-12-24,0.004897128534969409,0.3148137305936462,-0.7632613140220594
2014-12-26,-0.0002959841996958273,0.3147205507035432,-0.7633313849325657
2014-12-29,-0.002080837783171312,0.31406566829049876,-0.7638238539288889
2014-12-30,-0.002993487699917712,0.3131255165755047,-0.7645308443171668
2014-12-31,-0.002117191329829633,0.3124625699466626,-0.7650293775720207
2015-01-02,0.003911255611595061,0.31368469092677986,-0.7641103474064893
2015-01-05,0.011099900971282679,0.31716655993227455,-0.7614919956225511
2015-01-06,0.0024688779917703906,0.31794960547181683,-0.7609031484596825
2015-01-07,0.006272515370919288,0.3199439492593165,-0.7594034097832575
2015-01-08,0.0003277413621298672,0.320048808125052,-0.759324556329056
2015-01-09,0.004694294184286806,0.3215512113837214,-0.7581947549935308
2015-01-12,0.0007822111090992394,0.32180273231341,-0.7580056122446484
2015-01-13,0.001580860229142215,0.3223114574545536,-0.7576230529413703
2015-01-14,0.007497953076964306,0.32472813363871583,-0.7558057219653869
2015-01-15,0.006279821392212164,0.3267673683189934,-0.7542722255143293
2015-01-16,-0.00011713807520683309,0.3267290914184281,-0.7543010095928573
2015-01-20,0.0025069951894933096,0.32754819967888166,-0.7536850434058433
2015-01-21,-0.006240513237164272,0.3255041308029763,-0.7552221751529806
2015-01-22,-0.0009012353480575469,0.3252107749743579,-0.7554427775811534
2015-01-23,0.00495879235811098,0.3268234276800761,-0.7542300690955019
2015-01-26,-0.003756241977985434,0.3255957998016351,-0.755153240426892
2015-01-27,-0.007435131036253363,0.32317495236525623,-0.75697370816812
2015-01-28,0.01018334827027097,0.32646595545741985,-0.7544988867995636
2015-01-29,0.001096587473732217,0.32682395393477454,-0.7542296733540406
2015-01-30,-0.012481306412856557,0.3227447640226533,-0.7572972081080966
2015-02-02,-0.01376997940845377,0.3183005752678751,-0.7606392205548225
2015-02-03,-0.01419432746954868,0.31378251266877716,-0.7640367858416337
2015-02-04,0.007277877235434131,0.31606618327460656,-0.7623194745369106
2015-02-05,-0.004238913215107113,0.31472640615347536,-0.7633269816572698
2015-02-06,-0.015751981718129675,0.30976884155753315,-0.767055050715379
2015-02-09,-0.012173187414225526,0.30599796739416574,-0.769890733240218
2015-02-10,0.00786463291429198,0.30840452908024035,-0.7680810083269753
2015-02-11,0.0010936826582904511,0.30874182576543363,-0.7678273625476544
2015-02-12,-0.003110027355333151,0.3077816302415676,-0.768549425801291
2015-02-13,-0.016776163947447572,0.30261823515262243,-0.7724322785797795
2015-02-17,0.0032792958636430948,0.3036106098794214,-0.7716860166922275
2015-02-18,0.009438613932617353,0.3064762732119197,-0.7695310491483673
2015-02-19,-0.00609815571535509,0.3046073331748117,-0.7709364846982152
2015-02-20,0.004075058700734905,0.3058486259381734,-0.7700030374271637
2015-02-23,0.010562909425995118,0.3090792772720234,-0.7675736003432528
2015-02-24,-0.005390424045673754,0.3074132089037968,-0.7688264771968119
2015-02-25,-0.00982332069558951,0.30439339036667457,-0.7710973688476368
2015-02-26,-0.0021384603157075396,0.3037424571810118,-0.7715868680405171
2015-02-27,0.0002758654610715101,0.303826249234009,-0.7715238567465543
2015-03-02,0.0028114558378191483,0.30468044331610067,-0.770881506159802
2015-03-03,-0.0036026893935049977,0.3035827743145574,-0.771706948927416
2015-03-04,0.0035715034712411843,0.3046670212468308,-0.77089159950305
2015-03-05,0.003225992855019757,0.30564987488053325,-0.7701524974400218
2015-03-06,-0.008913838127382735,0.3029253613721934,-0.7722013208718247
2015-03-09,0.006831831482766244,0.3049948963929443,-0.7706450386840242
2015-03-10,0.007785607037194419,0.3073694668046096,-0.7688593710831871
2015-03-11,0.000743751246022138,0.3075980732285347,-0.7686874599524238
2015-03-12,0.0055834659087472885,0.30931553658400257,-0.7673959342708025
2015-03-13,0.0064345652918908975,0.3113058475999486,-0.7658992282227086
2015-03-16,0.00914950356840297,0.3141541415634291,-0.7637573223759664
2015-03-17,-0.0008189367083190565,0.31389686920483234,-0.7639507901767444
2015-03-18,-0.0016205298726908164,0.3133881899513418,-0.764333314972688
2015-03-19,0.009746196196626457,0.3164425327363133,-0.7620364612234032
2015-03-20,-0.0020111746276041532,0.31580611154337923,-0.7625150474548855
2015-03-23,-0.0005235468701064027,0.3156407722421202,-0.7626393819584879
2015-03-24,-0.0001322258513620315,0.3155990363722859,-0.7626707671682883
2015-03-25,-0.009226143204333938,0.31268727446756545,-0.7648604006569684
2015-03-26,-0.0048609869141279065,0.31116730571816426,-0.7660034111723681
2015-03-27,0.012137798077822209,0.31494419164339127,-0.7631632078262791
2015-03-30,0.0003657058571505828,0.31505936857895084,-0.7630765952241925
2015-03-31,-0.003293591850100484,0.3140216916103014,-0.7638569242192601
2015-04-01,-0.003501718870362252,0.31292207592708654,-0.7646838308838269
2015-04-02,-0.001128664612571252,0.3125688918534953,-0.7649494239166742
2015-04-06,-0.007641099412878731,0.3101805218774694,-0.7667454687355812
2015-04-07,-0.000852483283700346,0.30991609816763943,-0.7669443143243315
2015-04-08,0.0032345221170293416,0.3109185286415861,-0.7661904905545142
2015-04-09,-0.011221693973134095,0.30742949606259307,-0.76881422931752
2015-04-10,0.003670551682824961,0.30855793191671566,-0.7679656499978963
2015-04-13,-0.0009533852917909786,0.3082637573227608,-0.7681868681343785
2015-04-14,-0.007559802988673732,0.30593334404885236,-0.7699393297414701
2015-04-15,-0.013207391098909749,0.30189276272380183,-0.7729778309900519
2015-04-16,0.0031729784433167834,0.3028506619521178,-0.7722574945416283
2015-04-17,0.000502230966076575,0.3030027629326469,-0.7721431152030953
2015-04-20,-0.0006726063081219629,0.30279896136292,-0.7722963731811587
2015-04-21,0.009961539420006587,0.30581530515287375,-0.7700280945265243
2015-04-22,-0.0029282182685499984,0.3049198111895229,-0.770701502461385
2015-04-23,-0.00026983164465529914,0.3048375341753816,-0.7707633744520929
2015-04-24,-0.0018954497804829756,0.30425972993814593,-0.7711978809636664
2015-04-27,-0.010714265588777363,0.30099981038361895,-0.7736493276342966
2015-04-28,-0.0025444265816864926,0.30023393846499624,-0.7742252603018466
2015-04-29,-0.012543721649226066,0.2964678875112405,-0.7770573157920467
2015-04-30,-0.007130409234705706,0.2943539501483366,-0.7786469883663332
2015-05-01,0.004392229381078338,0.2956468202166146,-0.7776747551650456
2015-05-04,0.002498856139619103,0.29638559908847173,-0.7771191963619974
2015-05-05,-0.0059340504877777814,0.29462683197963047,-0.7784417823035419
2015-05-06,0.006115749302653574,0.29642869582185294,-0.7770867877881675
2015-05-07,0.009675158638461294,0.29929669047892155,-0.7749300670974091
2015-05-08,0.0013504315553350074,0.2997008701741516,-0.7746261255578604
2015-05-11,0.0014196758900789557,0.3001263482737735,-0.7743061677020612
2015-05-12,0.001343843538052036,0.30052967112750034,-0.7740028705039494
2015-05-13,-0.005224305590707805,0.29895961228645535,-0.7751835485710595
2015-05-14,0.006206487036770275,0.30081510124462907,-0.7737882281796131
2015-05-15,0.006017692085096893,0.30262531389846653,-0.7724269553907739
2015-05-18,0.004777126628203884,0.30407099334385945,-0.7713398101395097
2015-05-19,0.006284523725320008,0.30598193471571056,-0.7699027897512953
2015-05-20,-0.004847934083149007,0.3044985544655744,-0.7710182858592974
2015-05-21,-0.004346263326921369,0.3031751235652001,-0.7720135006860028
2015-05-22,0.0032517056723126462,0.30416095983420116,-0.7712721556929727
2015-05-26,0.002703869780137032,0.3049833714617943,-0.7706537053868752
2015-05-27,0.005180660757087393,0.30656338684589063,-0.7694655400385895
2015-05-28,-0.0005934051015767779,0.3063814705681796,-0.7696023403632198
2015-05-29,0.006918064028551803,0.3085010371987321,-0.7680084346018241
2015-06-01,0.00731929396880051,0.3107590469796695,-0.7663104201363927
2015-06-02,-0.009210861465992036,0.30789668844863605,-0.7684629024825622
2015-06-03,0.0010923760667932274,0.3082330274221422,-0.7682099768986594
2015-06-04,-0.0018068955111012763,0.30767608254851997,-0.7686287972509194
2015-06-05,-0.0010322837313945072,0.30735847353396595,-0.7688676379794304
2015-06-08,-0.0006385095185860469,0.30716222222299644,-0.7690152181926337
2015-06-09,-0.003386484516320455,0.30612202211343964,-0.7697974445797301
2015-06-10,0.0014010586810747768,0.3065509170299899,-0.7694749172910529
2015-06-11,0.0023266520525731683,0.30726415435031584,-0.7689385656341986
2015-06-12,0.0014974030298249208,0.3077242526259966,-0.7685925735423036
2015-06-15,0.0042452046845862885,0.3090306050648053,-0.7676102016514573
2015-06-16,-0.0007119326974424435,0.30881059607254924,-0.7677756475474536
2015-06-17,-0.0005542138263225724,0.3086394489704909,-0.7679043494943917
2015-06-18,0.004437464095463747,0.31000902544374115,-0.7668744333785598
2015-06-19,0.003918589952501163,0.3112238236960297,-0.7659609098755258
2015-06-22,0.00020220983637969303,0.3112867562144967,-0.7659135848694053
2015-06-23,-0.002368826481875795,0.3105493719029186,-0.766468094968614
2015-06-24,-0.004099828657678683,0.3092761726883669,-0.767425535765344
2015-06-25,0.010555672312032228,0.3125407906211847,-0.7649705559327366
2015-06-26,-0.0005791081034288799,0.31235979571668393,-0.7651066633883403
2015-06-29,-0.001519101722842668,0.3118852894128639,-0.7654634902606714
2015-06-30,-0.0004064707240563358,0.31175851717345376,-0.7655588224856027
2015-07-01,0.006714744297589376,0.31385189589886914,-0.7639846099257678
2015-07-02,-0.004348874989045943,0.3124869932385299,-0.7650110113526916
2015-07-06,0.007869540608749613,0.3149461223215266,-0.7631617559639226
2015-07-07,-0.0015885835034781662,0.3144458041071222,-0.763537993291391
2015-07-08,0.00505378953457247,0.31603494702110896,-0.7623429640765631
2015-07-09,0.003400447002899013,0.31710960710951824,-0.7615348239210393
2015-07-10,0.00979592977458289,0.32021599055160865,-0.7591988358024863
2015-07-13,-0.003029979167736332,0.3192457427710612,-0.7599284583135715
2015-07-14,0.001005160518991036,0.3195666359875507,-0.7596871478781348
2015-07-15,0.006569309193799284,0.32166596802737524,-0.7581084584493025
2015-07-16,0.0053566284303960396,0.32338901309680157,-0.7568127353407598
2015-07-17,0.0022516849465960176,0.3241171832694862,-0.7562651542377227
2015-07-20,0.009091100049282637,0.3270637650102807,-0.7540493363694014
2015-07-21,-0.0018299617259138511,0.32646525083837863,-0.7544994166703085
2015-07-22,0.005769868935505084,0.32834891254771287,-0.753082910480906
2015-07-23,0.004046033716511332,0.32967742331866073,-0.752083875611529
2015-07-24,0.0067160631502428386,0.33189155771287815,-0.7504188552641726
2015-07-27,-0.004967330099705796,0.3302429427884127,-0.7516586071967379
2015-07-28,-0.004852385321634046,0.328640476780253,-0.7528636553259307
2015-07-29,-0.004660808226767023,0.32710874654242694,-0.7540155104343207
2015-07-30,-0.0001953400696279605,0.3270448490971014,-0.7540635610616399
2015-07-31,0.008300147211758,0.32975936948945456,-0.7520222524137159
2015-08-03,0.0026403121846559027,0.330630037170722,-0.7513675137452404
2015-08-04,0.010844984849282232,0.3342157149145561,-0.7486710981987681
2015-08-05,0.008775784404082552,0.3371487199731026,-0.7464654899420455
2015-08-06,-0.01676090616098529,0.3314978019153371,-0.7507149580736984
2015-08-07,0.005018756073676864,0.3331615085221103,-0.749463857255454
2015-08-10,-0.00911752702768386,0.330123899463576,-0.751748127308339
2015-08-11,-0.00033508532558900904,0.33001327978923956,-0.7518313128679279
2015-08-12,-0.009224376164133805,0.32696911315730404,-0.7541205141901934
2015-08-13,0.013961818493321131,0.33153419656812855,-0.7506875894380858
2015-08-14,0.0002588093265974082,0.33162000071028636,-0.7506230650609959
2015-08-17,0.004900423951489437,0.33324507930456,-0.7494010123560717
2015-08-18,0.0038852771545695294,0.33453982879805466,-0.7484273658344205
2015-08-19,0.007184384873646263,0.3369432916837036,-0.7466199712068979
2015-08-20,-0.007057521297694768,0.3345653072265305,-0.7484082061565158
2015-08-21,-0.009368304780663049,0.3314309974593962,-0.7507651947615553
2015-08-24,0.0001906617375384517,0.3314941886692459,-0.7507176752205336
2015-08-25,0.017224588329965783,0.33720403960284967,-0.7464238897982705
2015-08-26,0.01206198896416165,0.34127139100720993,-0.7433652575554421
2015-08-27,-0.018192633221913113,0.3350627657614837,-0.7480341192967361
2015-08-28,-0.0079086669730821,0.3324128659319963,-0.7500268335357976
2015-08-31,-0.009565478005620588,0.3292331779741385,-0.7524179463616062
2015-09-01,0.0033776381601482806,0.3303452085196508,-0.7515817037694693
2015-09-02,0.010205533274813453,0.3337165575373733,-0.7490464625812161
2015-09-03,-0.002274753451184913,0.3329574346463976,-0.7496173200065466
2015-09-04,0.004853200098236797,0.33457334370093217,-0.7484021627594055
2015-09-08,0.0020174849662178427,0.335248340391946,-0.7478945679052398
2015-09-09,0.002630624128144957,0.33613025276510156,-0.7472313732727349
2015-09-10,0.003264703427325638,0.33722761835333165,-0.746406158670738
2015-09-11,0.012436869991596811,0.34142167440036786,-0.7432522450354564
2015-09-14,0.0042870781762872606,0.3428853758096011,-0.7421515473383371
2015-09-15,-0.002262308468505847,0.3421096633201802,-0.7427348800763847
2015-09-16,-0.013115264003634348,0.3376228047675416,-0.7461089800431095
2015-09-17,0.011659074917149608,0.34155917434206456,-0.7431488456206407
2015-09-18,0.010243967113222905,0.3450580952912442,-0.7405176708421852
2015-09-21,0.0037741510853955174,0.3463603966761121,-0.7395383453279534
2015-09-22,0.005654706255261016,0.3483189629777712,-0.7380655111800236
2015-09-23,0.017636082435660904,0.3544619449227511,-0.7334460129424518
2015-09-24,-0.005734764437418095,0.3524291891665901,-0.7349746372680814
2015-09-25,-0.0028392182259905016,0.35142856578933723,-0.7357271021082996
2015-09-28,-0.004475026665979052,0.3498559135862432,-0.7369097303734606
2015-09-29,-0.0030751434551591662,0.3487800564633297,-0.7377187706942188
2015-09-30,-0.0026442406042871693,0.3478577980760638,-0.7384123053704914
2015-10-01,0.01375390502155033,0.3526422011918076,-0.7348144530637508
2015-10-02,-0.017527060323453667,0.34646142005892333,-0.7394623761418105
2015-10-05,-0.018786770327577945,0.33995252893290984,-0.7443570366429273
2015-10-06,-0.027338908329506997,0.33065859790802893,-0.7513460361832298
2015-10-07,-0.003581098489342148,0.3294744769025725,-0.7522364905174229
2015-10-08,-0.010227619043101424,0.32610473746838786,-0.7547705213051925
2015-10-09,0.006634909975827627,0.32826841304418153,-0.7531434457906334
2015-10-12,0.01619731428899863,0.33358547970140895,-0.7491450325978051
2015-10-13,-0.0031520282283504456,0.33253400885282225,-0.7499357345362787
2015-10-14,-0.01416742066017744,0.32782285966558916,-0.7534785001771815
2015-10-15,0.010179761679886778,0.33116001825020386,-0.750968970060017
2015-10-16,0.012528470906987426,0.335308946904409,-0.7478489920464768
2015-10-19,0.01205671431654808,0.339351671085018,-0.7448088793789516
2015-10-20,-0.0026263349732915976,0.3384604199230025,-0.745479096743912
2015-10-21,-9.967125478727288e-05,0.33842668514825297,-0.7455044651617091
2015-10-22,-0.008154194254822942,0.33566708821653835,-0.7475796711897655
2015-10-23,0.004475431688243962,0.3371693433398433,-0.7464499812514512
2015-10-26,0.014417428546740952,0.342030458255597,-0.7427944419731192
2015-10-27,0.01435315212337283,0.34693967345376653,-0.7391027314717824
2015-10-28,-0.0026077480136901814,0.34603494220944714,-0.7397830858055641
2015-10-29,-0.004335216754522911,0.3445348057303304,-0.74091118253179
2015-10-30,-0.006420824079392503,0.3423226083535083,-0.7425747462496912
2015-11-02,-0.009956320748149524,0.3389143346653976,-0.7451377546447031
2015-11-03,-0.014486162186586948,0.3340047666460755,-0.7488297304661575
2015-11-04,0.005539578986051899,0.3358550124326293,-0.7474383529191269
2015-11-05,0.007009746701608401,0.33820927099824755,-0.745667959746549
2015-11-06,0.00019724889371088432,0.3382759824027948,-0.7456177930329737
2015-11-09,0.0007301556026877552,0.33852297650660085,-0.7454320544393327
2015-11-10,0.011290712608708902,0.3423451421457816,-0.7425578009266177
2015-11-11,0.008740408624537826,0.3453373785787612,-0.7403076509095168
2015-11-12,0.008156056553758105,0.34815396976857615,-0.7381895854237566
2015-11-13,-0.007770682702681697,0.3454485757378255,-0.7402240310836861
2015-11-16,-0.002254478569593106,0.3446697693269281,-0.7408096904385031
2015-11-17,0.011873640106554713,0.3487622541235253,-0.7377321579836634
2015-11-18,-0.0035022035392572506,0.34754081772277456,-0.7386506733482063
2015-11-19,-0.0009203954934253867,0.34722094272036114,-0.7388912180906665
2015-11-20,0.011912520585061362,0.3513572193480819,-0.7357807543512311
2015-11-23,0.001163114269742049,0.3517658879436826,-0.7354734371762766
2015-11-24,-0.011685014459744653,0.3476554984566157,-0.7385644338878584
2015-11-25,0.009571901884611508,0.3509832227774881,-0.7360619982998851
2015-11-27,0.008018814392639463,0.3537976920958712,-0.7339455284530878
2015-11-30,-0.013856184429615307,0.34889540602341856,-0.7376320282791656
2015-12-01,0.004637986479491869,0.350513578199312,-0.7364151691736727
2015-12-02,0.014669498586307292,0.35565543663918836,-0.7325485118704937
2015-12-03,-0.004147278055157746,0.3541804346516171,-0.7336577075580326
2015-12-04,0.020774063484917952,0.36153820148618565,-0.7281246958661245
2015-12-07,0.007416772335550634,0.3642196480172131,-0.726108258631705
2015-12-08,0.014339075588662598,0.369442221081008,-0.7221809042491146
2015-12-09,-0.019019160082267013,0.36241574033712004,-0.7274647901051113
2015-12-10,-0.0030476703862151156,0.36131121661779636,-0.728295387593509
2015-12-11,0.007462296056211095,0.3640074278846282,-0.7262678473358937
2015-12-14,0.015945149476903196,0.3698115807329517,-0.7219031472450299
2015-12-15,-0.0077238484435554425,0.3669552121306987,-0.724051125188339
2015-12-16,0.0006053124366378632,0.3671773346842905,-0.7238840899025394
2015-12-17,0.009294099570323294,0.37058991739281216,-0.7213178411411432
2015-12-18,-0.002610062116333358,0.36962265468873007,-0.7220452188864787
2015-12-21,-0.002243291366048251,0.368793483378771,-0.7226687524471025
2015-12-22,-0.011368927754825283,0.3646006969097874,-0.7258217113646869
2015-12-23,-0.021603382288489615,0.35672408867179556,-0.7317448897492793
2015-12-24,0.0013036947181205734,0.3571891479820234,-0.7313951669789367
2015-12-28,0.009902468659831671,0.36072620232554736,-0.7287353160380663
2015-12-29,-0.00024894451909212195,0.36063640151458554,-0.7288028458943618
2015-12-30,0.0032852853311288364,0.3618211949943525,-0.7279118858621347
2015-12-31,-0.007912098237518596,0.35895843015514084,-0.7300646737504546
2016-01-04,-0.017121689458086047,0.35281245538566247,-0.7346864225802665
2016-01-05,0.0018367038285061377,0.35346046737321396,-0.734199120116865
2016-01-06,0.018424835935901922,0.3599729184943926,-0.7293017825133998
2016-01-07,0.00741249729420853,0.36264121677872063,-0.7272952327087334
2016-01-08,-0.00024652977968650535,0.36255181491944294,-0.7273624625549331
2016-01-11,0.013969232547884434,0.3676163855327102,-0.7235539253930805
2016-01-12,0.012905072488894559,0.3723605016361152,-0.7199863687610077
2016-01-13,-0.0026465152449987634,0.37137504389189985,-0.7207274291048893
2016-01-14,-0.007769798922173352,0.36848953447614646,-0.7228973208252227
2016-01-15,0.005531422215094004,0.37052780567317745,-0.7213645489097733
2016-01-19,0.01043856526838406,0.37439558435644804,-0.7184559945674822
2016-01-20,0.006177923755476344,0.3767085717309892,-0.7167166371681088
2016-01-21,-0.01771811882737037,0.37003400449377055,-0.7217358854525813
2016-01-22,0.004888943792715431,0.37184307994313404,-0.7203754678370292
2016-01-25,0.010606434049357906,0.37578700904726103,-0.7174096486780601
2016-01-26,-0.013261612667902727,0.3708034672876466,-0.7211572524609782
2016-01-27,-0.006244245799335654,0.36848807929465666,-0.7228984151159739
2016-01-28,-0.00589855829771061,0.3663145308769257,-0.7245329149688003
2016-01-29,-0.008286581259244521,0.363279035750372,-0.7268155953531586
2016-02-01,0.004542670501436041,0.36492929270986535,-0.7255746086167171
2016-02-02,0.007364517429539151,0.36761682084657654,-0.7235535980387668
2016-02-03,-0.02864392809957947,0.3570868310620512,-0.7314721088999319
2016-02-04,-0.02104407994430485,0.3495722672421229,-0.7371230313075172
2016-02-05,-0.01856299542676329,0.3430831588439841,-0.7420028152751572
2016-02-08,-0.0014237049099052853,0.3425947096662321,-0.7423701271337917
2016-02-09,0.017793116566241673,0.34869053727030114,-0.7377860887749372
2016-02-10,0.004643987955218172,0.350309851925483,-0.7365683705295174
2016-02-11,0.006957939139013286,0.3527472865549773,-0.7347354292843706
2016-02-12,-0.011424414475640568,0.3487173553482157,-0.7377659216859288
2016-02-16,-0.01023994154255901,0.3451465100145742,-0.7404511833183317
2016-02-17,-0.007174915367791466,0.342670113015731,-0.7423134241118331
2016-02-18,-0.011259073647940146,0.338811964976339,-0.7452147362478434
2016-02-19,0.017318712357893232,0.3446797519411768,-0.7408021835518899
2016-02-22,-0.010526429204175161,0.34105150493425535,-0.7435306110166078
2016-02-23,0.013983286141293905,0.34582052571666994,-0.7399443261639702
2016-02-24,-0.0007763336058717736,0.3455520536209558,-0.7401462161229667
2016-02-25,0.005932306701674537,0.3476019743844288,-0.7386046837794176
2016-02-26,-0.011507878798172331,0.3436018129932074,-0.7416127893968939
2016-02-29,-0.003935739223599588,0.3422494858605101,-0.742629734076541
2016-03-01,-0.0041568959627346115,0.3408267903544886,-0.7436995954958862
2016-03-02,-0.0145180844285085,0.33587863823662456,-0.7474205864075378
2016-03-03,-0.011244767663372188,0.33210176098656385,-0.7502607832299358
2016-03-04,-0.009019722565071208,0.32910629523909346,-0.75251336167882
2016-03-07,-0.02372407675432827,0.32129855223050857,-0.7583847536820223
2016-03-08,0.02802601096960286,0.3303032689798383,-0.7516132421382914
2016-03-09,-0.002500700804045195,0.32947727932952164,-0.7522343831033904
2016-03-10,-8.010130693994949e-05,0.32945088776884035,-0.7522542294531186
2016-03-11,-0.012343425418056372,0.3253843353067532,-0.7553122608945029
2016-03-14,0.0043781923232745195,0.326808930505707,-0.7542409709135518
2016-03-15,0.011394977625926974,0.3305329109567726,-0.7514405522757422
2016-03-16,-0.00973734536974759,0.3273143978467185,-0.753860861463147
2016-03-17,-0.012603931003496818,0.3231889497598074,-0.7569631821825257
2016-03-18,-0.009830067735721454,0.3200119804922318,-0.7593522505639456
2016-03-21,-0.00221606809190458,0.31930281215323575,-0.7598855423628595
2016-03-22,0.0021710598289170404,0.3199960376619619,-0.7593642395095413
2016-03-23,0.021404804173337972,0.32684549018436027,-0.7542134781791409
2016-03-24,-0.0005875569484563346,0.3266534498455308,-0.7543578917578736
2016-03-28,0.005053421530771413,0.32830416742208096,-0.7531165586392188
2016-03-29,0.002569729372789366,0.3291478202843146,-0.7524821350082986
2016-03-30,0.0015651317955942,0.32966298000329214,-0.7520947369278226
2016-03-31,-0.004020453013135497,0.3283375854820187,-0.7530914283897132
2016-04-01,0.011402965130007731,0.3320816075201411,-0.7502759385573411
2016-04-04,0.006318021613614062,0.33417970629393706,-0.7486981765397069
2016-04-05,0.0012635671718991977,0.334601964800325,-0.7483806398053441
2016-04-06,-0.005972857120509983,0.33260343507233076,-0.7498835262925408
2016-04-07,0.007505485175230789,0.335099785223497,-0.7480062808070485
2016-04-08,-0.004968768746267875,0.3334347518837974,-0.7492583793232303
2016-04-11,-0.006869216668088212,0.3311443163284373,-0.7509807778433666
2016-04-12,-0.009717246713107522,0.3279265053090306,-0.7534005590613687
2016-04-13,-0.018880981101782865,0.3217349311595171,-0.7580565984454413
2016-04-14,0.0008528732959470198,0.3220093302906764,-0.7578502513791248
2016-04-15,0.007449090126177508,0.3244080068134817,-0.7560464560776167
2016-04-18,-0.0003998974846946185,0.3242782768675422,-0.7561440124862135
2016-04-19,-0.015053540389083499,0.31939674072941426,-0.7598149084433722
2016-04-20,-0.012868074597857982,0.31528671964339544,-0.7629056281188162
2016-04-21,-0.011347962917102722,0.3117088576406272,-0.7655961662587776
2016-04-22,-0.019161922116504592,0.3057359167874929,-0.7700877942647371
2016-04-25,0.014870777601143218,0.3102824476107213,-0.7666688209854596
2016-04-26,-0.013113197347664448,0.3062136526416856,-0.7697285387832405
2016-04-27,-0.008210631051855327,0.3036994453168037,-0.771619212793063
2016-04-28,0.007442269979325132,0.30595965858142266,-0.7699195413165781
2016-04-29,0.01078054226754962,0.30925806961292474,-0.7674391492068043
2016-05-02,0.009346535455701594,0.3121485611255238,-0.7652655109692575
2016-05-03,0.013060511572078793,0.31622538102031145,-0.7621997584589055
2016-05-04,0.011835522935572863,0.3199680737701876,-0.7593852682460611
2016-05-05,-0.000582930300644618,0.31978155468474806,-0.759525529863982
2016-05-06,0.005297339528095101,0.3214755461547353,-0.7582516549478328
2016-05-09,0.009618057067513432,0.3245675163034616,-0.7559265055691441
2016-05-10,-0.0036994252647807925,0.3233668030335214,-0.7568294372209049
2016-05-11,0.0049086963513467925,0.32495411247971867,-0.7556357867666363
2016-05-12,0.009806220592639456,0.3281406841891802,-0.7532394973867231
2016-05-13,0.010645127627976272,0.33163378365230545,-0.7506127003428612
2016-05-16,-0.008006918554716934,0.32897841895660884,-0.7526095241397968
2016-05-17,-0.017339377143920042,0.3232741380781097,-0.7568991209025506
2016-05-18,-0.010527409065764243,0.31987089898617904,-0.7594583433010564
2016-05-19,0.00304821019114546,0.3208459327203196,-0.7587251217717117
2016-05-20,-0.00814468425118166,0.3182327439050367,-0.7606902294726233
2016-05-23,-0.006012875027629258,0.3163192501862362,-0.7621291692156951
2016-05-24,0.0032033052728344833,0.3173325173082568,-0.7613671963291903
2016-05-25,-0.014494367445250914,0.3127329832000645,-0.7648260278700854
2016-05-26,0.006545271590427383,0.3147799055103934,-0.7632867503514955
2016-05-27,-0.0032836491288692326,0.3137462787478787,-0.7640640336074955
2016-05-31,-0.0045677244099649374,0.31231317221190635,-0.7651417240803753
2016-06-01,-4.441909666143814e-05,0.31229929954292124,-0.7651521562728352
2016-06-02,-0.007069659713950037,0.31009144976624786,-0.7668124506125411
2016-06-03,0.004880424305433961,0.3116048276145943,-0.765674396428786
2016-06-06,-0.012387363131188382,0.307744865461501,-0.7685770727711574
2016-06-07,-0.004357357432107607,0.30640391108478937,-0.7695854651830781
2016-06-08,0.005853096168989613,0.30819732264292315,-0.7682368267520617
2016-06-09,0.012225974980738047,0.311965335398686,-0.7654032959944759
2016-06-10,0.013645875236422453,0.3162223754436251,-0.7622020186407407
2016-06-13,0.002690488606009246,0.3170731681417214,-0.7615622258813616
2016-06-14,0.006162460248939243,0.31902711893639996,-0.7600928625765099
2016-06-15,-0.003666566924864409,0.31785738465397295,-0.7609724981516257
2016-06-16,0.006303267798181348,0.3198609248710765,-0.7594658437963452
2016-06-17,-0.009700409940588864,0.3167581427758511,-0.7617991237162343
2016-06-20,-0.004186528317939691,0.3154320258411821,-0.7627963584301543
2016-06-21,-0.0001942822426491241,0.3153707429997983,-0.7628424428856031
2016-06-22,-0.0011349271760479015,0.3150128201730374,-0.7631115994421773
2016-06-23,-0.01332011227729259,0.310816814039546,-0.7662669795347957
2016-06-24,0.03579046070428151,0.32194109100865836,-0.7579015670505428
2016-06-27,0.03646305380518583,0.33368004633220727,-0.7490739188637556
2016-06-28,-0.014166920307405205,0.3289528277076476,-0.7526287686582622
2016-06-29,-0.011046557647534982,0.32531903133305545,-0.7553613692256205
2016-06-30,0.0021039031639587887,0.32600347107237304,-0.7548466732363077
2016-07-01,-0.0009750927424988194,0.3256855874537009,-0.7550857204660345
2016-07-05,0.023813378357544476,0.33344126157333503,-0.7492534840623267
2016-07-06,-0.003947859874408244,0.3321248821962976,-0.7502433961712447
2016-07-07,-0.007042129084613545,0.3297860159036592,-0.7520022144151415
2016-07-08,-0.010941070140342513,0.32617780397235313,-0.7547155755818751
2016-07-11,-0.004458674693705164,0.32472348325213324,-0.7558092190377883
2016-07-12,-0.022582343917764577,0.3173904658751591,-0.7613236192350245
2016-07-13,0.0024850970152383045,0.3181792119745706,-0.7607304852735775
2016-07-14,-0.00801643324779226,0.31562854956094133,-0.7626485733666135
2016-07-15,-0.004816958585626901,0.31410817990926476,-0.763791885358946
2016-07-18,-0.004957651024703731,0.3125509411692698,-0.7649629227605396
2016-07-19,0.007236653499698443,0.3148127640315164,-0.7632620408729757
2016-07-20,-0.0075330087508687854,0.3124412767251818,-0.7650453899907423
2016-07-21,-0.008281849888182116,0.30985368497247184,-0.7669912488013755
2016-07-22,0.005215515932634818,0.3114697318032314,-0.7657759879470557
2016-07-25,0.004681974976599861,0.3129280252935024,-0.7646793569837049
2016-07-26,-0.007469213311058402,0.31059069912157694,-0.7664370170628891
2016-07-27,-0.0029049219217805004,0.30968845739099754,-0.7671154992921396
2016-07-28,0.002567317151719417,0.31048352587934697,-0.7665176109191026
2016-07-29,1.0350665322064815e-05,0.31048673959041134,-0.7665151942210348
2016-08-01,0.006073303260533447,0.31237241971831814,-0.7650971701888123
2016-08-02,0.004343607431983218,0.3137292428821532,-0.7640768445114505
2016-08-03,-0.019201737843807663,0.30770509620639386,-0.7686069790944255
2016-08-04,0.004142350034202207,0.3089797184221886,-0.7676484682063632
2016-08-05,-0.021086103298992156,0.3024645401622448,-0.772547856607443
2016-08-08,-0.005118703651655286,0.3009163138160201,-0.7737121167244032
2016-08-09,0.004435408651238542,0.3022510006376185,-0.7727084374892521
2016-08-10,0.005981655144926627,0.3040589618906417,-0.7713488577449614
2016-08-11,-0.009376253142835314,0.3012080280936073,-0.773492748736143
2016-08-12,0.002630975004508357,0.30200049888667885,-0.772896813819728
2016-08-15,-0.01638617016320434,0.2970518673225491,-0.7766181652730838
2016-08-16,-0.010329285693107015,0.2939835337193036,-0.7789255400626285
2016-08-17,0.006793730737470497,0.29598077868864264,-0.7774236197088823
2016-08-18,-0.001260741634301529,0.2956076233979969,-0.7777042310183274
2016-08-19,-0.004516613099890532,0.29427247813373003,-0.7787082550005602
2016-08-22,0.0026587983809701695,0.2950548893221561,-0.7781198848672336
2016-08-23,-0.008119105512619034,0.29265930754373537,-0.7799213529331487
2016-08-24,0.003977414053975031,0.2938233347865864,-0.7790460090293252
2016-08-25,0.001287182355989062,0.29420153899890156,-0.7787616009506624
2016-08-26,-0.008579754655632849,0.2916773619749814,-0.7806597721349107
2016-08-29,0.0021617135835773817,0.29230788489038473,-0.7801856213849098
2016-08-30,-0.008798373015164134,0.2897360510838454,-0.7821196302820619
2016-08-31,0.004034006938921482,0.29090484832437336,-0.781240699358765
2016-09-01,0.0059046445130853,0.29262253804086175,-0.7799490034545473
2016-09-02,0.004293969560811243,0.29387905031201655,-0.779004111173555
2016-09-06,0.005211262937184167,0.29541053131492245,-0.7778524434888436
2016-09-07,-0.0077620773522499055,0.2931175319201868,-0.7795767700060965
2016-09-08,-0.005735962086281308,0.29143622087026827,-0.7808411092962771
2016-09-09,-0.011596268719459544,0.28805664813847287,-0.7833825346851362
2016-09-12,0.00023500781345887217,0.2881243437015042,-0.7833316278882556
2016-09-13,0.0016106373278265093,0.2885884075245253,-0.782982653720373
2016-09-14,0.005534757860143085,0.2901856744814178,-0.7817815152572645
2016-09-15,-0.0009231747926572249,0.2899177823815463,-0.7819829690616709
2016-09-16,-0.0006661210703315034,0.2897246620380382,-0.7821281947996699
2016-09-19,0.005247523103545362,0.2912449988957497,-0.7809849074682701
2016-09-20,0.00019486686980101734,0.2913017528970297,-0.7809422286827492
2016-09-21,0.0039417674804782,0.2924499966736055,-0.7800787538834248
2016-09-22,0.001085735816586413,0.2927675201095546,-0.7798399775096878
2016-09-23,0.0034710516231338264,0.2937837312854317,-0.7790757907062736
2016-09-26,0.008189785531694454,0.29618975703736034,-0.7772664688133989
2016-09-27,-0.005687849565014689,0.2945050742566336,-0.7785333436318728
2016-09-28,-0.004177472895328325,0.29327478729138984,-0.7794585145860696
2016-09-29,0.0012955376229085293,0.2936547358121763,-0.7791727947943037
2016-09-30,-0.00830224312989296,0.29121674279921916,-0.7810061559416162
2016-10-03,-0.005675397334824884,0.2895639720732801,-0.7822490330205282
2016-10-04,-0.009911512187156031,0.2866939552351145,-0.7844072743835102
2016-10-05,-0.008559521285817405,0.28423999222276436,-0.7862526449074919
2016-10-06,0.0036222792197754847,0.285269588840022,-0.7854783923048584
2016-10-07,-0.002197378537521767,0.28464274356809727,-0.7859497774814423
2016-10-10,0.0010443547534232584,0.2849400115703701,-0.7857262331140837
2016-10-11,0.0008212665236397887,0.28517402326311836,-0.7855502572424462
2016-10-12,0.008606412954673322,0.28762834867126635,-0.7837046141982512
2016-10-13,0.004235133186015677,0.28884649303596294,-0.7827885744318601
2016-10-14,0.003103046467431069,0.289742797125808,-0.7821145572850653
2016-10-17,0.006762111367132666,0.29170207018779726,-0.7806411916561499
2016-10-18,-0.007724104822901429,0.28944893282060935,-0.7823355420856245
2016-10-19,-0.005178126537122419,0.28795012962042915,-0.7834626361913394
2016-10-20,-0.0036589613138579952,0.2868965312358276,-0.7842549380285201
2016-10-21,-0.0005691519074158923,0.2867332435278437,-0.7843777297420567
2016-10-24,0.0052432155302568895,0.2882366477233498,-0.783247175705971
2016-10-25,-0.004746273076430629,0.2868685978826198,-0.7842759438001581
2016-10-26,-0.012970648485224905,0.283147726138035,-0.7870740247029331
2016-10-27,-0.011371075334195811,0.2799280320134132,-0.7894952220086432
2016-10-28,0.008661516771750897,0.28235263335758065,-0.7876719313435373
2016-10-31,0.009734100433879301,0.28510108224845365,-0.7856051085983037
2016-11-01,-0.006481807454623919,0.2832531119282143,-0.7869947750036245
2016-11-02,-0.0061975539137580655,0.2814976354957994,-0.7883148863694517
2016-11-03,0.0037550047418048256,0.28255466045189304,-0.7875200077639994
2016-11-04,-0.003072143788403406,0.2816866119069013,-0.7881727768523072
2016-11-07,-0.002079800766548773,0.2811007598755308,-0.7886133352733857
2016-11-08,0.005183389623668113,0.28255781463747487,-0.78751763582886
2016-11-09,-0.02775480621758665,0.274715477246947,-0.7934150426710846
2016-11-10,-0.021882580887594653,0.2687039935950165,-0.797935654709995
2016-11-11,0.0012952126958188125,0.269052022418938,-0.797673938404603
2016-11-14,-0.01697129861833168,0.2644858602026001,-0.8011076744142095
2016-11-15,0.012228632963009814,0.2677201607109237,-0.7986754931654614
2016-11-16,0.01060635890870791,0.27055969682252073,-0.7965401731888556
2016-11-17,-0.000982332490653306,0.2702939172416707,-0.7967400383872749
2016-11-18,0.0035259423268802917,0.27124695800517135,-0.7960233554852645
2016-11-21,0.0007698618029048976,0.27145578067729365,-0.795866321657968
2016-11-22,3.613492048959449e-05,0.27146558971034485,-0.7958589453037318
2016-11-23,0.0015460340681611624,0.2718852847603705,-0.795543336278461
2016-11-25,0.0031343788843169063,0.2727374762558799,-0.7949024916289343
2016-11-28,0.0015043853815412725,0.2731477785281577,-0.7945939459355504
2016-11-29,0.0025196046331899297,0.27383600293648275,-0.7940764038900443
2016-11-30,-0.009445404673149483,0.27124951107466994,-0.7960214355870531
2016-12-01,-0.01464613724617391,0.26727675350751273,-0.7990089336367227
2016-12-02,0.004996840878272159,0.26861229291525096,-0.798004613260151
2016-12-05,-0.0037974280365070637,0.2675922570631841,-0.7987716762050021
2016-12-06,-0.0007462069946955231,0.2673925778492372,-0.7989218341877488
2016-12-07,0.0021517209871190707,0.2679679320707953,-0.7984891700783191
2016-12-08,-0.003738041338867439,0.26696625686322384,-0.7992424258907959
2016-12-09,-0.0023275322861871926,0.26634488428105213,-0.7997096956262316
2016-12-12,0.0063342323352896576,0.26803197465940415,-0.7984410103038223
2016-12-13,0.0023101448934532026,0.2686511673569458,-0.7979753798330461
2016-12-14,0.0002706403025974698,0.2687238751901724,-0.7979207038287119
2016-12-15,0.002191336570896964,0.26931273964534974,-0.7974778800767908
2016-12-16,-0.0003058285998514392,0.26923037610726186,-0.7975398171331658
2016-12-19,0.001794173485248154,0.26971342210949695,-0.7971765684412476
2016-12-20,-0.0021341764315868468,0.2691378060807482,-0.7976094294286539
2016-12-21,0.00016384271526727226,0.26918190234967754,-0.797576269208027
2016-12-22,0.004672263333603805,0.27043959108209564,-0.7966304922327964
2016-12-23,-0.0003869525683934187,0.27033494378773115,-0.7967091865861597
2016-12-27,-0.0003432535669827318,0.27024215035399596,-0.7967789668829989
2016-12-28,-0.00016653399438354134,0.2701971458492467,-0.7968128100933867
2016-12-29,0.004649903243501203,0.2714535364341159,-0.7958680093200019
2016-12-30,-0.0030310830049291486,0.27063073823320255,-0.7964867503277144
2017-01-03,-0.008725555667128748,0.2682693346615126,-0.7982625165167283
2017-01-04,-0.001720061945295149,0.26780789478787165,-0.7986095174850074
2017-01-05,-0.004195931861017539,0.2666841911094992,-0.7994545382270978
2017-01-06,-0.00023579203064695627,0.26662130910253606,-0.7995018252487662
2017-01-09,-0.0027191101750934253,0.26589633638805865,-0.80004700187582
2017-01-10,0.008525009373410256,0.26816310514812225,-0.7983424006925699
2017-01-11,0.004535889228736807,0.26937946328830825,-0.7974277041599784
2017-01-12,-0.005906269749622824,0.26778843551311887,-0.79862415078301
2017-01-13,0.0017508231179192107,0.2682572856967267,-0.7982715772908102
2017-01-17,-0.010372023710442478,0.26547491476898133,-0.8003639092742201
2017-01-18,0.004251054204914738,0.2666034630217094,-0.7995152454312875
2017-01-19,0.0052009315094970355,0.26799004937308,-0.7984725379540774
2017-01-20,-0.0014659772412031853,0.26759718205983013,-0.7987679726269141
2017-01-23,-0.0012854339829282354,0.2672532035482746,-0.799026643113353
2017-01-24,0.011361230851245328,0.2702895288895214,-0.7967433384108141
2017-01-25,0.0019148144239500818,0.2708070831780817,-0.7963541396234392
2017-01-26,0.001048152874296317,0.2710909304006946,-0.7961406876295469
2017-01-27,0.005122533227437316,0.2724796026993291,-0.7950964115282068
2017-01-30,-0.004117861916532601,0.27135756932034155,-0.7959401762117356
2017-01-31,-0.006086551998847434,0.26970593736439247,-0.7971821969400985
2017-02-01,0.0042699052730272805,0.2708575561685114,-0.7963161841333493
2017-02-02,0.0015456833153351785,0.27127621617391356,-0.7960013534575604
2017-02-03,0.0037637182302726548,0.2722972234141667,-0.7952335600326177
2017-02-06,6.222266943451275e-05,0.2723141664742871,-0.7952208189181124
2017-02-07,-0.003863643145393107,0.27126204171159524,-0.7960120125974186
2017-02-08,-0.005334292384892597,0.2698150506681827,-0.7971001441652298
2017-02-09,0.0006370070124422559,0.26998692474752073,-0.7969708955342395
2017-02-10,0.0006072254633650827,0.27015086768300306,-0.7968476110922037
2017-02-13,0.002024303243401959,0.27069773496066163,-0.7964363690524328
2017-02-14,-0.0052869233950398825,0.2692665767727138,-0.7975125943752688
2017-02-15,-0.003254906553226039,0.26839013922741156,-0.7981716719587824
2017-02-16,-0.0004311013820215795,0.26827443586746963,-0.7982586804299321
2017-02-17,-0.0065518122574249,0.26651675213019943,-0.7995804516803203
2017-02-21,-0.001577441745306143,0.26609633747956585,-0.7998966018424152
2017-02-22,-0.0034454639768096737,0.26517951213441904,-0.8005860508924043
2017-02-23,-0.00933524099574935,0.262703997481509,-0.8024476281652378
2017-02-24,-0.001580455043839385,0.2622888056236526,-0.8027598508077265
2017-02-27,0.002922209034990197,0.26305526834122284,-0.802183473861694
2017-02-28,-0.00032369575020975156,0.2629701184687905,-0.8022475062305263
2017-03-01,0.015927884124089534,0.26715867604385946,-0.7990977274245163
2017-03-02,-0.012988466665922183,0.2636886944855519,-0.8017071398949711
2017-03-03,0.00538357402002053,0.2651082820905574,-0.800639615604954
2017-03-06,0.0009505084177825078,0.2653602697443084,-0.8004501218814142
2017-03-07,0.0029327225684177166,0.2661384977961489,-0.7998648974503308
2017-03-08,-0.005680805818891574,0.2646266166692375,-0.8010018261054594
2017-03-09,0.0021528053724566574,0.26519630627129803,-0.8005734217675902
2017-03-10,0.003922126383154876,0.2662364397008399,-0.7997912455236026
2017-03-13,0.0043582233719802665,0.2673967575748169,-0.7989186910505686
2017-03-14,-0.007045951570383021,0.26551269297086727,-0.8003355002151354
2017-03-15,-0.00032024165608416646,0.2654276647463589,-0.8003994411052078
2017-03-16,0.000749373127564989,0.26562656910563215,-0.800249865810125
2017-03-17,0.002190947403390437,0.2662085429474857,-0.7998122237722949
2017-03-20,0.0035901516873638236,0.26716427199713927,-0.7990935192896813
2017-03-21,-0.021071310071990857,0.2615347707817299,-0.8033268820402009
2017-03-22,0.005888543949668933,0.2630748297738447,-0.8021687637413761
2017-03-23,0.0006891055577483776,0.26325611610114563,-0.802032437136974
2017-03-24,-0.000634553304637367,0.26308906606270765,-0.8021580581081997
2017-03-27,-0.0018220957239527605,0.26260969260041606,-0.8025185450645393
2017-03-28,0.005963339219308364,0.26417572327967065,-0.8013408961592366
2017-03-29,-0.0033131929093813445,0.26330045814646974,-0.8019990920934659
2017-03-30,0.008053332791268814,0.2654209043600168,-0.8004045248891212
2017-03-31,-0.0019658425424375608,0.2648991286545736,-0.8007968981653723
2017-04-03,0.0006736983693167786,0.2650775907655816,-0.8006626953605034
2017-04-04,0.0007951659533503689,0.2652883714407545,-0.8005041891226214
2017-04-05,-0.008078800379446837,0.2631451596448961,-0.8021158759552357
2017-04-06,0.0032787998625674643,0.26400795995817505,-0.8014670535165135
2017-04-07,0.000563941557305073,0.2641568450182548,-0.8013550925374973
2017-04-10,-0.006346689540539659,0.2624803235329155,-0.802615830093971
2017-04-11,-0.0018378099262202035,0.2619979345888892,-0.802978584680703
2017-04-12,-0.01040476794664682,0.2592719068769911,-0.8050285467876201
2017-04-13,-0.005257597748616944,0.25790875948311504,-0.8060536282610742
2017-04-17,0.004264537917570918,0.25900862116720447,-0.8052265366048181
2017-04-18,0.0007894557498218412,0.25921309701243833,-0.8050727715742282
2017-04-19,0.0010065835392518334,0.25947401664904957,-0.8048765610347428
2017-04-20,0.007125496112659686,0.2613228977460186,-0.803486209728907
2017-04-21,-0.0011907036809203871,0.26101173960976365,-0.8037201994223344
2017-04-24,0.01296912266161402,0.2643968328768839,-0.8011746226126455
2017-04-25,0.0054869212730583655,0.26584755748372535,-0.800083683419835
2017-04-26,-0.0038585581205273843,0.26482176923197415,-0.8008550721466013
2017-04-27,0.0017762745531891715,0.2652921654017914,-0.8005013360788586
2017-04-28,0.0012872428956643461,0.26563366085698026,-0.8002445328410317
2017-05-01,0.008058290793272844,0.26777421414064745,-0.7986348451991186
2017-05-02,-0.010202791432601594,0.26504216968274164,-0.8006893318753455
2017-05-03,0.00022039351403792793,0.26510058325788627,-0.8006454050968123
2017-05-04,-0.0008059584140718675,0.2648869232122342,-0.8008060766099584
2017-05-05,-0.0003447290991249333,0.2647956089818253,-0.8008747445517198
2017-05-08,0.0019783667755370275,0.26531947181694304,-0.8004808017621706
2017-05-09,0.0026817941959018086,0.26603100403652147,-0.7999457323343654
2017-05-10,0.006173869636539935,0.26767344477472077,-0.7987106233655643
2017-05-11,0.002382397504658257,0.2683111493216153,-0.7982310720569562
2017-05-12,0.001079561922744736,0.26860080782187085,-0.7980132500051559
2017-05-15,0.008189561883324037,0.2708005307594389,-0.7963590670164615
2017-05-16,0.015382862433918199,0.2749662180711434,-0.7932264865584611
2017-05-17,-0.030100863064416103,0.2666894975936436,-0.7994505477719129
2017-05-18,0.0022806616511167853,0.267297726103561,-0.7989931623270639
2017-05-19,0.006786130332748617,0.2691116433105471,-0.7976291037288417
2017-05-22,0.002781290693879487,0.26986012101970136,-0.7970662514383307
2017-05-23,0.010306174990319038,0.2726413466498391,-0.7949747807142127
2017-05-24,0.002492779901667545,0.27332098151913137,-0.7944636979682421
2017-05-25,0.0030768925051517775,0.27416196079866834,-0.793831284860984
2017-05-26,-0.0029722963298542742,0.2733470702088008,-0.7944440793763224
2017-05-30,-0.0007863102948178541,0.27313213459343727,-0.7946057101128696
2017-05-31,-0.004554234678466109,0.2718882267542683,-0.7955411239106326
2017-06-01,-0.0024270416120826125,0.27122834271410035,-0.7960373541108611
2017-06-02,0.00438382601661996,0.27241736057933513,-0.7951432173573937
2017-06-05,0.00028002376211308554,0.27249364391350944,-0.7950858525904237
2017-06-06,0.0030340755922848594,0.2733204102275602,-0.7944641275772544
2017-06-07,0.004445387492687313,0.274535425360682,-0.7935504409806877
2017-06-08,0.01147539691765428,0.27768582833465283,-0.7911813503474665
2017-06-09,-0.024258381661716125,0.27094961952886104,-0.7962469528488219
2017-06-12,-0.011638093955346401,0.2677962823996188,-0.7986182499552554
2017-06-13,0.0058922538584106855,0.269374206077856,-0.7974316575615408
2017-06-14,-0.005856819793181928,0.26779652989592656,-0.7986180638390064
2017-06-15,-0.0019150019476351754,0.2672836990196059,-0.7990037106389731
2017-06-16,0.007459476101567808,0.2692774953847813,-0.7975043836219808
2017-06-19,0.012751997684052573,0.27271132138229554,-0.7949221599908975
2017-06-20,-0.0006675552312174989,0.27252927151309453,-0.7950590607758024
2017-06-21,0.0066424968852490975,0.2743395463502595,-0.7936977412253456
2017-06-22,-0.003450285216553091,0.2733929966691713,-0.7944095428589373
2017-06-23,3.9247020930055166e-05,0.2734037265298337,-0.7944014740459628
2017-06-26,-0.006049753346204033,0.2717497014203952,-0.7956452944163279
2017-06-27,-0.008610443173384212,0.2694098160589307,-0.7974048789959698
2017-06-28,0.009236786533820348,0.27189829701998286,-0.7955335511104621
2017-06-29,-0.007029037437008033,0.2699871137111707,-0.7969707534343187
2017-06-30,-0.0036493887100156074,0.2690018257865434,-0.7977116860745386
2017-07-03,-0.01341042461647565,0.2653943970801386,-0.8004244582592299
2017-07-05,0.025625621436153042,0.2721952934309903,-0.7953102109786658
2017-07-06,0.006735438884700318,0.2740286481945978,-0.7939315354143903
2017-07-07,0.00962288116205057,0.27666559331117185,-0.7919485630684368
2017-07-10,0.009880471508240625,0.27939917982319334,-0.789892916773586
2017-07-11,0.004991106881001728,0.2807936909921551,-0.7888442498647474
2017-07-12,0.001994112126596868,0.28135362509643447,-0.788423181622802
2017-07-13,-0.007337134212390286,0.2792892957879594,-0.7899755491354661
2017-07-14,0.002070260089038681,0.27986749727032495,-0.7895407438971189
2017-07-17,-0.004223434371099658,0.27868549526299985,-0.7904296047530599
2017-07-18,0.007169024717495887,0.28068339846694784,-0.7889271894094793
2017-07-19,0.002044704339971207,0.28125731302995105,-0.7884956079176149
2017-07-20,-0.0005819688931128175,0.28109363002280713,-0.7886186968945635
2017-07-21,-0.0032761699703488813,0.28017271951327005,-0.7893112179720908
2017-07-24,0.007782152259628092,0.28235306627551643,-0.7876716057909541
2017-07-25,-0.01298222940348293,0.27868749399635084,-0.790428101713449
2017-07-26,0.0031390723196947005,0.27956231419459987,-0.7897702403685518
2017-07-27,-0.015675268183806015,0.27518009994551407,-0.7930656482309919
2017-07-28,-0.0015102621804579635,0.27476450584775175,-0.7933781733563061
2017-07-31,-0.006735663482607017,0.27291378459939647,-0.7947699084487396
2017-08-01,0.0002348394160613165,0.2729778755132069,-0.7947217123338816
2017-08-02,0.001823055116160617,0.2734755292257599,-0.7943474787013152
2017-08-03,0.004078811702710758,0.274590984414771,-0.79350866079075
2017-08-04,0.0019304583872202933,0.2751210708836896,-0.7931100378530852
2017-08-07,0.007823506569199062,0.27727348238907323,-0.7914914328751275
2017-08-08,0.0001836055743715179,0.2773243913460653,-0.7914531495398991
2017-08-09,-0.0031747013563753045,0.276443969224703,-0.7921152235089226
2017-08-10,-0.015020936886898961,0.2722915218102149,-0.7952378476163421
2017-08-11,0.005941478736852933,0.27390933609727564,-0.7940212576418424
2017-08-14,0.0106219884915183,0.27681879791302033,-0.7918333538110166
2017-08-15,0.006975263008143834,0.2787496818340619,-0.7903813367043252
2017-08-16,-0.0023992211351728052,0.27808089970598293,-0.7908842582316308
2017-08-17,-0.013034437168878891,0.2744562716909,-0.7936099642287342
2017-08-18,0.003366604603285131,0.275380257438575,-0.7929151305842344
2017-08-21,-0.00548666277171108,0.2738693388320226,-0.7940513354278426
2017-08-22,0.009891708418134845,0.27657837447641637,-0.7920141512887905
2017-08-23,-0.005278592881545474,0.27511842983771573,-0.7931120239092597
2017-08-24,0.005624454147543736,0.27666582083148217,-0.7919483919740592
2017-08-25,-0.005086845074429569,0.27525846466352255,-0.7930067182715731
2017-08-28,0.0032639607450384027,0.27615689748692385,-0.7923311003255248
2017-08-29,-3.0205769515250836e-05,0.2761485559553283,-0.7923373731244439
2017-08-30,0.009235016886645332,0.27869879253279844,-0.7904196052585231
2017-08-31,0.0011131474468672443,0.27900902538215133,-0.7901863113772031
2017-09-01,-0.0021553279020734275,0.2784076694448149,-0.7906385286745288
2017-09-05,-0.013986234525282807,0.2745137944863223,-0.793566707313045
2017-09-06,-0.005714959631843388,0.2729449592324488,-0.7947464652474194
2017-09-07,-0.005312086345786161,0.271495052041359,-0.795836789746803
2017-09-08,0.00352070645374754,0.2724509064232415,-0.7951179910148468
2017-09-11,0.011409445394056777,0.27555942016263874,-0.792780400921106
2017-09-12,0.0025111016602902565,0.2762513778801178,-0.7922600514418143
2017-09-13,-0.0018898437278901704,0.27572930594631,-0.7926526474806292
2017-09-14,-0.0025119428258353936,0.27503668969436557,-0.7931734921752462
2017-09-15,0.0013717227328202556,0.275413963773979,-0.7928897835527132
2017-09-18,0.009057237795433899,0.2779084535360629,-0.7910139370724864
2017-09-19,0.010080242340663105,0.28070983809622535,-0.788907306912356
2017-09-20,-0.0008084955790045122,0.2804828854331415,-0.7890779744214774
2017-09-21,0.0015658901610928013,0.28092209082379616,-0.7887476936968663
2017-09-22,0.0003612816026417668,0.2810235828069864,-0.7886713721250833
2017-09-25,-0.019884894744206492,0.27543545844222966,-0.7928736196468137
2017-09-26,-0.0022532916962162723,0.27481482201087826,-0.7933403357997308
2017-09-27,0.015936634855770366,0.27919444548221917,-0.790046876191955
2017-09-28,0.004302615621411713,0.2803957118647623,-0.7891435286016943
2017-09-29,0.0026062853287554893,0.2811265030948414,-0.7885939764738158
2017-10-02,0.0009317853683655593,0.2813884526570849,-0.7883969914343099
2017-10-03,0.003495591996363307,0.2823720718800621,-0.7876573136511611
2017-10-04,-0.002020021049986341,0.2818016743509361,-0.7880862503473964
2017-10-05,0.00044285410910834997,0.2819264713803761,-0.7879924034725863
2017-10-06,0.008361992006469162,0.2842839382804709,-0.7862195976451132
2017-10-09,0.007130629252279876,0.2863110616467269,-0.7846952088545173
2017-10-10,-0.0023649094960221393,0.2856339618982224,-0.7852043851996363
2017-10-11,0.0010841406997025356,0.28594362930153355,-0.7849715165315136
2017-10-12,0.0015962924184259898,0.2864000789490848,-0.7846282681936072
2017-10-13,0.000664504973341424,0.28659039322591184,-0.7844851526067047
2017-10-16,0.00499016961990237,0.2880205278995437,-0.7834096969626048
2017-10-17,-0.004481061953520008,0.28672989007014027,-0.784380251529047
2017-10-18,0.0024979491804392718,0.28744612676404846,-0.7838416443550675
2017-10-19,0.0007856079565452085,0.28767194672831237,-0.7836718286309992
2017-10-20,0.005483990296440876,0.2892495368927287,-0.7824854870383647
2017-10-23,-0.001071543524082629,0.2889395934246274,-0.7827185633061228
2017-10-24,0.00703795659402607,0.2909731377414455,-0.7811893459859836
2017-10-25,-0.0034570103560638767,0.2899672405909369,-0.7819457766829272
2017-10-26,0.008039692467278954,0.29229848803087355,-0.7801926877862665
2017-10-27,0.01313714991787662,0.2961384570889038,-0.7773050461726692
2017-10-30,-0.0021776053860368414,0.29549358438973433,-0.7777899879035668
2017-10-31,0.005780161346197958,0.29720158498427335,-0.7765055781809088
2017-11-01,-0.005087871957812455,0.2956894613742144,-0.7776426891824098
2017-11-02,0.002994082193661278,0.2965747799253683,-0.7769769331174603
2017-11-03,0.0024930913412869013,0.29731416794124427,-0.7764209162405082
2017-11-06,0.002256865850169932,0.29798516613364257,-0.7759163282415591
2017-11-07,-0.005869654783361509,0.29623609607787543,-0.7772316220373693
2017-11-08,-0.0026279509193086826,0.2954576021568552,-0.7778170464010291
2017-11-09,-0.012249094289292961,0.2918385141295474,-0.7805385863491365
2017-11-10,0.0030722301798103476,0.2927351092202872,-0.7798643503708145
2017-11-13,0.00348251418172821,0.2937545633896367,-0.7790977248490769
2017-11-14,0.0036546320085797494,0.2948281282196668,-0.7782904083235422
2017-11-15,0.0015050374463188962,0.2952718555928655,-0.777956727085861
2017-11-16,-0.0005822279964261591,0.29509994005198265,-0.7780860068957698
2017-11-17,-0.005908345620945177,0.2933563876134353,-0.7793971514651536
2017-11-20,0.005687965515007794,0.29502498862978777,-0.778142370070175
2017-11-21,0.004762220176334277,0.2964299625831633,-0.7770858351886495
2017-11-22,-0.0056207433681255605,0.29476380583686024,-0.7783387785021741
2017-11-24,0.001508003354705866,0.2952083106449081,-0.7780045126365472
2017-11-27,-0.0010744684754492584,0.2948911186214295,-0.7782430397894112
2017-11-28,-0.0009010443831412599,0.2946254086353574,-0.7784428526528315
2017-11-29,-0.019092689951129723,0.28900021705655765,-0.7826729745735878
2017-11-30,0.003136326017293555,0.2899066159563156,-0.7819913661694818
2017-12-01,-0.00875600926380354,0.2873681909413642,-0.783900251786891
2017-12-04,-0.020778616981800432,0.2813970773690407,-0.7883905056848748
2017-12-05,0.00350369282558521,0.2823830062901592,-0.7876490910178171
2017-12-06,0.004675514621273037,0.28370329216486795,-0.7866562412380302
2017-12-07,0.010513221432620616,0.2866859276965607,-0.7844133110608981
2017-12-08,-0.0003019442587671917,0.2865993645266234,-0.7844784062238899
2017-12-11,-0.002262010328429323,0.28595107380394286,-0.784965918295011
2017-12-12,-0.00369576502375447,0.2848942658268732,-0.7857606337330915
2017-12-13,0.0016773786874099102,0.2853721413965365,-0.7854012731861111
2017-12-14,-0.0005391404071216548,0.2852182857440428,-0.7855169720310533
2017-12-15,0.0011834712206210617,0.2855558333768158,-0.7852631375401404
2017-12-18,0.0029562456273668305,0.2864000065606051,-0.7846283226294589
2017-12-19,0.0025948211704511738,0.28714316336084594,-0.7840694716415023
2017-12-20,0.0007965466565508417,0.2873718862875725,-0.783897472901091
2017-12-21,-0.004775001908826391,0.2859996849820063,-0.7849293628804905
2017-12-22,-0.0035432456922655313,0.2849863178302045,-0.785691410988997
2017-12-26,-0.005901405637671532,0.2833044979675021,-0.7869561329043879
2017-12-27,0.0035611441363940072,0.28431338611925316,-0.7861974529862857
2017-12-28,0.0013578591511194684,0.2846994436523809,-0.7859071392412905
2017-12-29,-0.004490940959291047,0.2834208752597951,-0.7868686176387636
2018-01-02,0.006133970614970091,0.28515937058030777,-0.7855612760022318
2018-01-03,0.009058982198983809,0.28774262424226815,-0.7836186794187633
2018-01-04,-0.001402362336731818,0.2873391048233584,-0.7839221244331187
2018-01-05,0.005583574580718891,0.28894348414509663,-0.7827156374996477
2018-01-08,0.003005461495881149,0.28981189266118046,-0.7820625977144958
2018-01-09,0.005550237195946362,0.2914204174076562,-0.7808529934379429
2018-01-10,-0.0037168190005903586,0.2903372604630754,-0.7816675231958552
2018-01-11,-0.002933085573860653,0.28948567643285694,-0.7823079110338748
2018-01-12,0.0025986304527640942,0.2902379427272744,-0.7817422097421616
2018-01-16,-0.0010116218397911976,0.2899443316856754,-0.7819630040894909
2018-01-17,0.009089601553428635,0.2925798101333733,-0.7799811346727579
2018-01-18,0.003797923454689563,0.2936910058566475,-0.7791455198636574
2018-01-19,0.0026210286130158183,0.2944607783863831,-0.7785666539519073
2018-01-22,-0.006671740511734567,0.2924962124821058,-0.7800439997773854
2018-01-23,-0.000676413164708491,0.29229836419335553,-0.7801927809115925
2018-01-24,-0.0032438820975770684,0.29135018276259766,-0.7809058096145116
2018-01-25,0.00018351398062975402,0.29140364959439363,-0.780865602767501
2018-01-26,0.003385908711322987,0.29239031575006663,-0.780123633702961
2018-01-29,-0.004539242178902983,0.29106308529611113,-0.7811217057790005
2018-01-30,0.002567088735404353,0.29181027006366683,-0.7805598257754812
2018-01-31,0.004777597602629795,0.29320442211034575,-0.7795114289251855
2018-02-01,0.0038518337236737926,0.2943337967913606,-0.7786621436114349
2018-02-02,-0.000594662231483954,0.29415876759895954,-0.7787937648750268
2018-02-05,-0.005846620614007304,0.2924389328845245,-0.7800870738092553
2018-02-06,0.01026653686120852,0.29544126796863596,-0.777829329646262
2018-02-07,-0.0009455606548342714,0.29516191032983047,-0.7780394054908065
2018-02-08,-0.015333896838961398,0.2906359280460421,-0.781442926349325
2018-02-09,0.004698068016656181,0.2920013554040864,-0.7804161303517928
2018-02-12,0.007745430498826692,0.29426303160793194,-0.7787153587507692
2018-02-13,0.0048606723526262805,0.2956933477900686,-0.7776397666129883
2018-02-14,0.013434265284000168,0.29966577066699457,-0.774652520249055
2018-02-15,-0.00020630319010414572,0.2996039486625409,-0.7746990101530095
2018-02-16,-0.0003089168327977711,0.2995113959596264,-0.7747686094212192
2018-02-20,0.008087181072544072,0.3019335988520423,-0.7729471223823877
2018-02-21,0.00827766282114704,0.30443290337771495,-0.771067655218898
2018-02-22,-0.0018419015614565936,0.3038721679376248,-0.7714893260622182
2018-02-23,0.0018722696816559,0.3044410985847535,-0.7710614924554697
2018-02-26,0.0037124731755962047,0.3055713279967984,-0.7702115643873496
2018-02-27,0.0051267656435745445,0.30713792058283385,-0.7690334929303599
2018-02-28,-0.0018223371062316134,0.3065782117534249,-0.7694543917664897
2018-03-01,-0.012392451909006015,0.30277895600792154,-0.772311417129356
2018-03-02,0.0013933603383333515,0.30320083619650495,-0.7719941648884927
2018-03-05,-0.0026385006279143653,0.3024008405998163,-0.7725957584276026
2018-03-06,0.00517442004327056,0.3039655895705179,-0.7714190733620856
2018-03-07,0.003917715357772639,0.3051564402290128,-0.7705235583553023
2018-03-08,0.0035350042317445684,0.30623516953656643,-0.7697123581630027
2018-03-09,0.00949367366730503,0.3091424663015984,-0.767526082441789
2018-03-12,-0.0036959122072744263,0.30799990288660745,-0.7683852856315653
2018-03-13,-0.004792851151505816,0.3065237051973937,-0.7694953804820317
2018-03-14,-0.0007823172010049251,0.306283906430302,-0.7696757082107917
2018-03-15,0.006143468372291868,0.3081655519223986,-0.7682607182088141
2018-03-16,-0.002731319559445385,0.30732385332288564,-0.7688936722418622
2018-03-19,0.0005127647397352917,0.3074814381585492,-0.7687751690658582
2018-03-20,0.013948448119159539,0.31177032704630836,-0.7655499415077118
2018-03-21,-0.0012431131413256171,0.3113827612556817,-0.7658413894564081
2018-03-22,-0.013585645310371396,0.30715242550549793,-0.7690225852856227
2018-03-23,-0.00538162490020707,0.30549944636423854,-0.7702656190920352
2018-03-26,0.015619712531733212,0.3102712598950516,-0.766677234103597
2018-03-27,-0.022711108374194412,0.30322465568617724,-0.771976252726037
2018-03-28,-0.01562609509611526,0.29848643838093825,-0.7755393734851125
2018-03-29,0.008795928970470173,0.3011119038915856,-0.7735650337576203
2018-04-02,-0.004106674589367267,0.299875335287318,-0.7744949284796321
2018-04-03,0.001248699706812339,0.3002497895305716,-0.7742133403629399
2018-04-04,-0.001125435654557615,0.29991187771216044,-0.7744674487200189
2018-04-05,0.002987439171532295,0.30080784620364553,-0.7737936839418695
2018-04-06,-0.008309179406444834,0.29830837984267317,-0.7756732728048675
2018-04-09,0.006032274327582386,0.3001078578241008,-0.7743200724474177
2018-04-10,0.011348063266174234,0.30351350078136474,-0.7717590423516454
2018-04-11,-0.0031777116631998546,0.3025490223899932,-0.7724843263047845
2018-04-12,0.015674227955890418,0.3072912447347657,-0.7689181937717477
2018-04-13,-0.007944495688212582,0.3048499707659449,-0.7707540221849525
2018-04-16,0.0010431175230233034,0.30516796511234395,-0.770514891688411
2018-04-17,0.009850051451235405,0.30817388526996936,-0.7682544515642495
2018-04-18,0.004199787567964163,0.30946815012209744,-0.767281169490998
2018-04-19,-0.0006421062684241956,0.3092694386830264,-0.7674305997108481
2018-04-20,3.4775541045692127e-05,0.3092801936950855,-0.7674225119841224
2018-04-23,-0.005704222506745204,0.3075159906533195,-0.7687491857258248
2018-04-24,-0.017120064756592702,0.302251296979647,-0.7727082146412134
2018-04-25,-0.006672309121462714,0.30023458289383576,-0.7742247756938965
2018-04-26,-0.0012631297347556717,0.2998553476647806,-0.7745099590930886
2018-04-27,-0.012311858344583298,0.2961635711004661,-0.7772861605348487
2018-04-30,0.00018639171667544896,0.2962187735369002,-0.7772446485199835
2018-05-01,0.0008199165318352355,0.29646164820636306,-0.7770620077247502
2018-05-02,8.466741287317854e-05,0.29648674884713283,-0.7770431321417132
2018-05-03,0.01586201453573649,0.3011896259669993,-0.7735065870629028
2018-05-04,0.0028134244417035137,0.30203700022228236,-0.7728693649590607
2018-05-07,0.005558693797496855,0.30371593142203257,-0.7716068153068371
2018-05-08,0.009950919508177357,0.3067381842089643,-0.7693340931097391
2018-05-09,0.00809692422137228,0.3092218200423056,-0.7674664087411945
2018-05-10,0.0014545973911810018,0.3096716132950354,-0.7671281659859875
2018-05-11,0.0038767693855631647,0.31087213872503555,-0.7662253755891221
2018-05-14,-0.0036552662275503955,0.3097358182952676,-0.7670798840785894
2018-05-15,-0.0035642322384357374,0.3086318479063013,-0.7679100654647367
2018-05-16,0.002222502305309653,0.3093177828997651,-0.7673942450501929
2018-05-17,0.0024370880054620015,0.3100716175583462,-0.7668273643548033
2018-05-18,0.003173701158857352,0.3110556922103199,-0.7660873440908422
2018-05-21,0.0056073976548240605,0.31279990516933975,-0.7647757028126636
2018-05-22,-0.0027738402013189494,0.3119322482174123,-0.7654281774245288
2018-05-23,0.006810215603172391,0.3140565740813551,-0.7638306927383608
2018-05-24,0.008378734603634716,0.31668797076610955,-0.7618518927912912
2018-05-25,-0.0012514805917120848,0.3162916419170671,-0.7621499305254159
2018-05-29,0.0006668094251426553,0.3165025481649913,-0.7619913298573193
2018-05-30,-0.0017858628500994006,0.31593731802226166,-0.7624163806993287
2018-05-31,-0.0019028024220327604,0.31533615172831836,-0.7628684553855694
2018-06-01,0.00803205897758337,0.3178689502967644,-0.7609638008337808
2018-06-04,0.003596358316281057,0.31901212093965164,-0.7601041410110172
2018-06-05,0.003410479373777593,0.3201001051981014,-0.7592859811320806
2018-06-06,0.001085808986797745,0.3204476727690004,-0.7590246116871456
2018-06-07,-0.008176749388055913,0.3178274524567825,-0.7609950070460693
2018-06-08,-4.541315668789593e-05,0.31781301890888436,-0.7610058610172635
2018-06-11,-0.0029704808668342985,0.3168689614169847,-0.7617157885343973
2018-06-12,0.001241984797896183,0.3172625078499897,-0.7614198431661783
2018-06-13,0.001121427114519419,0.31761829462871316,-0.7611522929093185
2018-06-14,-0.003753045460444955,0.3164262587299026,-0.7620486992121529
2018-06-15,-0.004064097070737703,0.3151402716986939,-0.7630157563966631
2018-06-18,0.007233561174650771,0.31741985813262247,-0.7613015163731299
2018-06-19,-0.008004621732568022,0.31487903223786545,-0.7632122074427006
2018-06-20,-0.00329143881526099,0.31384262716904593,-0.7639915799741037
2018-06-21,-0.006856117922946558,0.3116908851079276,-0.7656096815326096
2018-06-22,-0.013484045809245258,0.3074880309348081,-0.7687702113240674
2018-06-25,-0.017154811390417628,0.3022131317593105,-0.7727369147366492
2018-06-26,0.0037889818119764456,0.303358211818887,-0.7718758190400526
2018-06-27,-0.008670389188832669,0.3007279780587889,-0.7738537444723591
2018-06-28,0.005439266831624683,0.30236371777518567,-0.7726236746455715
2018-06-29,-0.0012002217158298373,0.30200081427503284,-0.7728965766489274
2018-07-02,0.007296750648839183,0.3042044389125442,-0.7712394595972369
2018-07-03,-0.010783108949976328,0.3009241693046838,-0.7737062094278553
2018-07-05,-0.003823482211173205,0.29977359109643525,-0.7745714397106069
2018-07-06,-0.00018681973494748155,0.2997175874736024,-0.7746135542144897
2018-07-09,0.011084793328556329,0.30303989498768075,-0.7721151920438996
2018-07-10,-0.0008032540184946879,0.3027964769742677,-0.7722982414316442
2018-07-11,-0.0006810569369464625,0.30259025533314143,-0.7724533192938721
2018-07-12,0.009651733612408767,0.30551077587132763,-0.7702570993473087
2018-07-13,-0.0005124807917840357,0.30535420746701053,-0.7703748381709419
2018-07-16,0.003136973970635778,0.30631209566765866,-0.7696545100152812
2018-07-17,0.005539068890653794,0.30800877946760236,-0.7683786104776044
2018-07-18,0.009220931517665698,0.3108489073299129,-0.7662428455067918
2018-07-19,-0.00745208426671926,0.30853243507827277,-0.7679848235200237
2018-07-20,0.005966584894723957,0.31037332004494317,-0.7666004852726915
2018-07-23,0.0019835109045414174,0.31098894890973106,-0.7661375347901153
2018-07-24,-0.0058425115915623875,0.30917199237087817,-0.7675038789539353
2018-07-25,0.0033489942476381263,0.31020740759485904,-0.766725250781954
2018-07-26,-0.007976950602731415,0.3077328984278735,-0.7685860719333308
2018-07-27,-0.009870074461237771,0.3046955518062179,-0.7708701446347164
2018-07-30,-0.020376599410144372,0.2984868926050097,-0.7755390319103991
2018-07-31,0.0009075292465408666,0.29875777818975785,-0.7753353270171509
2018-08-01,0.007938346378551817,0.3011294209163147,-0.7735518610239889
2018-08-02,0.007976109331929014,0.3035312621006037,-0.7717456859095044
2018-08-03,-0.008723539412132024,0.30088339517285495,-0.773736871414462
2018-08-06,0.004629559555347859,0.30227635277002296,-0.7726893727854959
2018-08-07,0.0071258572745775735,0.304430330917342,-0.7710695896989707
2018-08-08,0.004684313706823323,0.3058563780892309,-0.7699972078400888
2018-08-09,0.0005350489646791888,0.30602002622766805,-0.7698741450842703
2018-08-10,0.006604133031793402,0.30804102319126847,-0.7683543633243517
2018-08-13,-0.0027391703675565602,0.30719724634855117,-0.7689888801881074
2018-08-14,0.003504793489540673,0.3082739092575584,-0.7681792339193791
2018-08-15,-0.013842222729156944,0.30400671314402733,-0.7713881485967109
2018-08-16,-0.004410227884110581,0.30266597426076275,-0.7723963789584078
2018-08-17,-0.003917312978266599,0.3014803369117114,-0.7732879735770145
2018-08-20,0.002281518034382262,0.3021681697373871,-0.7727707260001191
2018-08-21,0.004030980993130301,0.3033862038863274,-0.7718547691155428
2018-08-22,0.008986603901997889,0.30611261552998464,-0.7698045182934543
2018-08-23,0.005725544835423236,0.30786527703489025,-0.7684865237420317
2018-08-24,0.0036952411836602018,0.30900291348560854,-0.7676310256099909
2018-08-27,-0.001517513340011558,0.3085339974422917,-0.7679836486284325
2018-08-28,-0.00014903039932198986,0.30848801649744845,-0.7680182261179267
2018-08-29,0.003022192857317408,0.309420326777475,-0.7673171324578725
2018-08-30,0.0009444706094566634,0.3097125651820848,-0.7670973703281548
2018-08-31,0.0035412404298060195,0.3108093318395265,-0.7662726061197528
2018-09-04,0.009528690957147607,0.31377093790922295,-0.7640454900152484
2018-09-05,-0.014315015263652225,0.309279302143762,-0.7674231824272076
2018-09-06,0.0015902410667920466,0.30977113079113977,-0.7670533292207196
2018-09-07,0.0016411101587559859,0.3102794993407704,-0.7666710380728553
2018-09-10,0.003111582525586658,0.311244959608967,-0.7659450157522095
2018-09-11,0.00591069280012519,0.3130846329508029,-0.7645615886419828
2018-09-12,-0.0048540481905362115,0.3115649050547434,-0.7657044180366178
2018-09-13,-0.0016783217688882452,0.3110419988921684,-0.7660976414121814
2018-09-14,-0.0005905193979258636,0.3108583225582529,-0.7662357652921481
2018-09-17,-0.013090386776729416,0.30678906688320007,-0.76929582953904
2018-09-18,0.006657999494172035,0.30883166833532594,-0.7677598012888076
2018-09-19,-0.009455519772146736,0.3059115043891162,-0.7699557530796085
2018-09-20,-0.003493402585269913,0.3048428323488194,-0.7707593902465267
2018-09-21,-0.0007854754677347795,0.30460338578249463,-0.7709394531216966
2018-09-24,0.01550547629084076,0.30932640635885494,-0.767387760242908
2018-09-25,0.010694349516108894,0.31263445106301846,-0.7649001236492208
2018-09-26,0.0038042840421524476,0.31382380131622456,-0.7640057369413076
2018-09-27,0.0025656442181426964,0.3146289615375871,-0.7634002596247761
2018-09-28,0.0015378714411447376,0.3151128204320928,-0.7630363996410708
2018-10-01,0.0032760468091553347,0.3161451447819933,-0.7622600957942289
2018-10-02,-0.014841762691557738,0.31145299356705075,-0.7657885750347647
2018-10-03,0.00800444062820969,0.31394600056253635,-0.7639138435891821
2018-10-04,-0.012489822792372466,0.3100248706491362,-0.7668625178464856
2018-10-05,-0.004434023427939046,0.30865021310943414,-0.767896254904285
2018-10-08,-0.012303186022066636,0.30485283212179826,-0.770751870456616
2018-10-09,0.003271056124264393,0.3058500228453096,-0.7700019869584969
2018-10-10,-0.020654164309666163,0.29953294621934745,-0.7747524037107528
2018-10-11,0.008222689901259914,0.3019959127513199,-0.7729002625754622
2018-10-12,0.01777740755416987,0.30736461717199365,-0.7688630179878212
2018-10-15,-0.009795596543437682,0.30435379739044865,-0.7711271426098802
2018-10-16,0.0086174785907469,0.3069765597234734,-0.7691548356613178
2018-10-17,-0.005460503423255518,0.30530031316824413,-0.7704153664714313
2018-10-18,-0.0032677670787015296,0.30430266285575563,-0.7711655955786516
2018-10-19,-0.014849242846914497,0.2997839987160478,-0.7745636132216334
2018-10-22,0.016656077187537966,0.30477722413825103,-0.7708087273625732
2018-10-23,-0.0074709388346791295,0.3025002521385109,-0.7725210013418896
2018-10-24,-0.016105515338330333,0.2976283296878453,-0.7761846678439259
2018-10-25,0.008578113115230518,0.3001814191662048,-0.7742647546077681
2018-10-26,0.008279503429384927,0.30266677225562905,-0.7723957788694101
2018-10-29,-0.009102568506796818,0.2999117272264411,-0.7744675618846875
2018-10-30,0.000288462657772575,0.299998240560374,-0.7744025041981748
2018-10-31,0.012170930067817996,0.3036494981667027,-0.7716567728532959
2018-11-01,-0.01585600835568461,0.29883482918657206,-0.775277384970898
2018-11-02,0.006551567857468504,0.30079266584816294,-0.773805099509427
2018-11-05,-0.009477789532900512,0.297941816268214,-0.7759489271696921
2018-11-06,-0.0015286447762832597,0.2974863690671392,-0.7762914216717949
2018-11-07,0.014617856140919788,0.30183498201404724,-0.7730212818563034
2018-11-08,-0.0006007812327635262,0.3016536452214617,-0.7731576464104009
2018-11-09,0.0005633601547057505,0.3018235848657012,-0.7730298524669887
2018-11-12,-0.005435440816336949,0.300183040633189,-0.7742635352709798
2018-11-13,-0.005917682174965461,0.29840665280440704,-0.7755993719245464
2018-11-14,-0.004834166644342585,0.29696410531697004,-0.7766841619557583
2018-11-15,0.01139483851758527,0.3003479633425761,-0.774139514042825
2018-11-16,-0.011226101020230325,0.29697622676487184,-0.7766750466746586
2018-11-19,-0.026722482220320906,0.28904028482528954,-0.782642843769249
2018-11-20,-0.00870046114149602,0.28652550105884017,-0.7845339512608608
2018-11-21,0.00361534714439093,0.28756139021088845,-0.7837549666968385
2018-11-23,-0.0002640700340865779,0.2874854538647735,-0.7838120705301539
2018-11-26,0.002276379095409959,0.2881398797421857,-0.7833199448468288
2018-11-27,-0.0011033572155874926,0.2878219585267736,-0.7835590203491559
2018-11-28,0.019064633901999976,0.29330917879504315,-0.7794326523107225
2018-11-29,0.004699903663648653,0.29468770367904373,-0.7783960070252363
2018-11-30,0.0012755767458006325,0.2950636004611301,-0.7781133341250211
2018-12-03,-0.000867188058491981,0.2948077248303146,-0.7783057515920065
2018-12-04,0.010714985568612233,0.2979665853473868,-0.7759303009196705
2018-12-06,0.0054363329822681005,0.29958643092292464,-0.7747121834242332
2018-12-07,-0.006175183593198869,0.2977364297099444,-0.7761033770528994
2018-12-10,0.01112137761096395,0.30104766897328894,-0.7736133381632851
2018-12-11,0.004683127104991012,0.3024575134717521,-0.7725531406510292
2018-12-12,-0.0016104461263574505,0.3019704219407938,-0.77291943156462
2018-12-13,0.0027769437116103796,0.3028089768050946,-0.7722888416080744
2018-12-14,-0.007724188574922986,0.3004700231660726,-0.7740477255361078
2018-12-17,-0.012028917853077045,0.29685569394009576,-0.7767656868843499
2018-12-18,0.002688847786620256,0.29765389371569223,-0.7761654437956311
2018-12-19,0.006180849575397023,0.2994936476582801,-0.7747819560739562
2018-12-20,-0.006293773813630937,0.2976087023812996,-0.7761994275011751
2018-12-21,0.005090527483870702,0.2991236876602107,-0.7750601645359638
2018-12-24,-0.0023916969962588385,0.2984082744349239,-0.7755981524647821
2018-12-26,0.006133408490044032,0.30023853427884245,-0.7742218042679281
2018-12-27,-0.0016989305998036783,0.29972844984571595,-0.7746053857534257
2018-12-28,0.002360676238763961,0.3004360116753483,-0.7740733020432284
2018-12-31,0.004785001814650424,0.30187359853640117,-0.7729922423835274
2019-01-02,-0.02013791407980564,0.29579449394611335,-0.7775637051018572
2019-01-03,-0.0019806432506250826,0.2952086305781069,-0.7780042720480413
2019-01-04,-0.004708896984085378,0.2938185235479017,-0.7790496270618741
2019-01-07,0.0008381171895326099,0.2940647779030903,-0.778864444756281
2019-01-08,0.008190289909448045,0.29647325368627414,-0.7770532804495481
2019-01-09,-0.007252321832257866,0.29432313423588463,-0.7786701618111742
2019-01-10,-0.003117698253805342,0.2934055235142229,-0.7793602014612104
2019-01-11,-0.00027109400514302483,0.2933259830357223,-0.7794200155878903
2019-01-14,0.0074980830441905505,0.29552536561554305,-0.777766088546882
2019-01-15,0.015714546835706018,0.30016941281464765,-0.7742737833368698
2019-01-16,-0.0021271482778889564,0.299530907965104,-0.7747539364699192
2019-01-17,0.0024174551747489447,0.30025501050856146,-0.7742094142080467
2019-01-18,-0.0075194291443508275,0.29799726423180606,-0.7759072305193707
2019-01-22,0.00618124578967824,0.29983925856667454,-0.7745220580315212
2019-01-23,0.0016706491407925655,0.3003401847663748,-0.7741453635015039
2019-01-24,-0.02525424196806897,0.2927553210675502,-0.7798491511412472
2019-01-25,-0.010547207175032356,0.28966757004465765,-0.7821711277539197
2019-01-28,-0.004010104401210927,0.2885059728471335,-0.7830446442732245
2019-01-29,-0.0036365462690371507,0.2874568075279813,-0.7838336124626404
2019-01-30,0.0034414279350846156,0.2884460694155383,-0.783089691417943
2019-01-31,0.0012884988457094002,0.2888177318430296,-0.7828102027357126
2019-02-01,-0.004817311079302181,0.2874264069835233,-0.7838564735523852
2019-02-04,0.0016662403655813088,0.28790532846497324,-0.783496326483859
2019-02-05,0.0004589744980286176,0.2880374696685852,-0.7833969568189857
2019-02-06,0.0008376018014900622,0.28827873037207624,-0.783215529719809
2019-02-07,0.009446080763693267,0.29100183454162587,-0.7811677661052279
2019-02-08,0.007752566624486089,0.29325784565175744,-0.7794712546323735
2019-02-11,-0.0024361625094173962,0.29254342188258814,-0.780008498494087
2019-02-12,-0.007136805599136241,0.290455596351306,-0.7815785350737968
2019-02-13,-0.0036340446979677195,0.28940006773139054,-0.7823722884403341
2019-02-14,0.006240079893462451,0.2912059472752079,-0.7810142741331705
2019-02-15,-0.004201626513563189,0.2899824086462291,-0.7819343703650644
2019-02-19,-0.006329946957309923,0.2881468353809455,-0.7833147142338659
2019-02-20,-0.006662644344494036,0.28622701549781077,-0.7847584112276107
2019-02-21,0.0023439500188727944,0.2868979173161888,-0.7842538957015455
2019-02-22,0.005370607392919474,0.2884387333919403,-0.7830952080788066
2019-02-25,-0.005529470173643115,0.28684382001872616,-0.7842945766562551
2019-02-26,0.0016090416819009115,0.287305363681332,-0.7839474976390829
2019-02-27,0.00510682575898244,0.28877258211327367,-0.7828441551547336
2019-02-28,0.003920015506707116,0.28990457511306955,-0.781992900875568
2019-03-01,-0.0019065760108750115,0.2893518500047161,-0.7824085479809592
2019-03-04,-0.0033868062894555433,0.2883718713392545,-0.783145488079189
2019-03-05,0.0048057195295437595,0.28975770567312065,-0.7821033461161815
2019-03-06,0.0044963448526431195,0.29106055624153765,-0.7811236076180827
2019-03-07,0.004021542734521209,0.2922310687067965,-0.7802433868525411
2019-03-08,0.001806449993146251,0.292758969518859,-0.779846407520227
2019-03-11,-0.0034280760959854006,0.29175536949356606,-0.7806011107880523
2019-03-12,0.0006412242593736465,0.2919424501142879,-0.7804604268978099
2019-03-13,-0.0022309117937681358,0.29129115225922636,-0.7809502003206424
2019-03-14,0.0025358231625421247,0.2920298151101689,-0.7803947287648653
2019-03-15,-0.0026876876448130903,0.29124493018418024,-0.7809849591390998
2019-03-18,-0.007658504366332187,0.2890144296146926,-0.7826622867858254
2019-03-19,0.002298730679805259,0.2896787959509543,-0.7821626859165812
2019-03-20,0.008948432494276931,0.2922709671015449,-0.7802133834167712
2019-03-21,-0.0007139018117541221,0.29206231432860796,-0.7803702894805492
2019-03-22,0.013067324430934096,0.2958787873439893,-0.7775003167985195
2019-03-25,0.0068367766273673206,0.2979016445218365,-0.775979136164811
2019-03-26,-0.0010742524829206684,0.29758162294054274,-0.776219791134012
2019-03-27,-0.002804587984956292,0.2967470290962999,-0.7768474024190685
2019-03-28,-0.0008096819377356372,0.29650675838676394,-0.7770280850466885
2019-03-29,-0.002862626472713343,0.2956579702908676,-0.7776663703531055
2019-04-01,-0.016178790029136383,0.290874582069091,-0.7812634594635783
2019-04-02,0.003550263861516899,0.2919072635860447,-0.7804868870285186
2019-04-03,-0.005427889442530811,0.29032282323182795,-0.7816783799369136
2019-04-04,-0.012827342593154852,0.28659875291562137,-0.7844788661529554
2019-04-05,-0.0007868071087202176,0.286373254979477,-0.7846484397131457
2019-04-08,-0.0037912489831891574,0.2852875426677235,-0.7854648910971115
2019-04-09,0.01107756422672069,0.2884478337447085,-0.7830883646493532
2019-04-10,0.001692474440275695,0.28893602433067433,-0.7827212472507239
2019-04-11,-0.000663265178638245,0.2887443831268816,-0.7828653606814804
2019-04-12,-0.00969376506342847,0.28594536291346506,-0.7849702128621664
2019-04-15,0.001648229480904057,0.28641666649054687,-0.7846157944277332
2019-04-16,-0.017321376460588584,0.28145553558567726,-0.7883465453361153
2019-04-17,-0.007779194066382758,0.2792660383532986,-0.789993038634766
2019-04-18,0.0027009753430350444,0.280020329037038,-0.7894258150102527
2019-04-22,0.0024453227605119553,0.2807050691210383,-0.7889108931629211
2019-04-23,-0.002293517721650296,0.28006126707045215,-0.7893950297702992
2019-04-24,0.0016399227903249921,0.28052054592500825,-0.7890496538798638
2019-04-25,0.007278696920112717,0.2825623699586609,-0.7875142102452625
2019-04-26,-0.006794597411656801,0.2806424724111082,-0.7889579656423439
2019-04-29,-0.010627276535408504,0.2776600072492146,-0.7912007677020578
2019-04-30,0.006940084967153915,0.2795869912915047,-0.7897516832888336
2019-05-01,-0.0027395581865468444,0.2788210464606601,-0.7903276707860875
2019-05-02,0.006514047665180128,0.28063730004736026,-0.7889618552395186
2019-05-03,-0.0031292769870164307,0.2797591082026236,-0.7896222520493003
2019-05-06,0.005370676464275496,0.2812616038607142,-0.7884923812297742
2019-05-07,0.003951303916440152,0.28237295393759326,-0.7876566503473704
2019-05-08,0.0038377487454386255,0.28345663038731306,-0.7868417299236388
2019-05-09,0.0024103199424330137,0.28413985155635046,-0.7863279502943792
2019-05-10,0.008650446518385712,0.2865977881459807,-0.7844795916559268
2019-05-13,0.017551505362594953,0.2916280107615327,-0.7806968840531272
2019-05-14,-0.004468102601590093,0.29032498688795255,-0.7816767528760263
2019-05-15,0.0019299365876033615,0.2908852957024431,-0.7812554028534774
2019-05-16,0.008326304644708798,0.29330729529112787,-0.7794340686982513
2019-05-17,0.01003680981711875,0.2962511648319384,-0.7772202903936399
2019-05-20,0.0018376568532102885,0.29679557281526336,-0.7768108977335256
2019-05-21,-0.004194522661446523,0.29555065705927275,-0.7777470694807702
2019-05-22,0.011589697090421172,0.2989759996494647,-0.775171225338594
2019-05-23,0.01066651267871371,0.30216503094035685,-0.7727730863631284
2019-05-24,0.0014306369485330567,0.30259731939817475,-0.7724480071447783
2019-05-28,0.0055084721194895185,0.3042641682955119,-0.771194543336401
2019-05-29,-0.0035822787303426253,0.3031742092370215,-0.7720141882571934
2019-05-30,0.011846162414351614,0.30676566015948586,-0.7693134313031202
2019-05-31,0.013627876893482818,0.3109462248112873,-0.7661696631439393
2019-06-03,-0.011423432764890823,0.30739415151865895,-0.7688408082754062
2019-06-04,-0.013409364154117477,0.30327219140209927,-0.7719405060548128
2019-06-05,0.017861444318533128,0.30868907076218743,-0.767867034102398
2019-06-06,0.007411078968899947,0.3109767898424423,-0.7661466783608459
2019-06-07,0.0035354801782845123,0.31207624211883683,-0.7653198945775647
2019-06-10,-0.0033577278041232944,0.3110283750436681,-0.7661078864926162
2019-06-11,-0.002848013341020102,0.3101425620821079,-0.7667740143522446
2019-06-12,0.012938888334007175,0.31415546206051115,-0.7637563293673596
2019-06-13,-0.012317301768519626,0.3102859144320831,-0.7666662139494446
2019-06-14,0.005866986036882714,0.3121063575594975,-0.765297247884753
2019-06-17,-0.0012923720777702121,0.311703000017693,-0.7656005711681626
2019-06-18,-0.008515983771046471,0.3090485423281559,-0.7675967129000371
2019-06-19,0.005112536616870324,0.31062856431719893,-0.7664085425848575
2019-06-20,-0.004567649064206752,0.3092097220460796,-0.7674755063867265
2019-06-21,-0.006502354211115344,0.3071991309078155,-0.7689874630069602
2019-06-24,0.005751291606884805,0.3089659226910479,-0.7676588425418669
2019-06-25,-0.0039291635487543435,0.30775194504980297,-0.7685717489486268
2019-06-26,-0.01584974831129682,0.30287415417845154,-0.7722398284799147
2019-06-27,-0.002004840223366704,0.3022669398915364,-0.7726964512330591
2019-06-28,-0.005669428232653271,0.3005532591687176,-0.7739851323898207
2019-07-01,0.002065389576863315,0.301174018737497,-0.7735183236380424
2019-07-02,0.019449034102969675,0.307031562498851,-0.769113473790781
2019-07-03,0.006315479151899637,0.3089706139307876,-0.7676553147480522
2019-07-05,-0.00288337751232985,0.30807973501060887,-0.768325252188617
2019-07-08,0.008869160418654449,0.3108121436021545,-0.7662704916853266
2019-07-09,0.0019497925777612823,0.311418162812828,-0.7658147676248108
2019-07-10,0.003854329849742238,0.3126184711335094,-0.7649121404932983
2019-07-11,-0.003717586271902367,0.31145628499688033,-0.7657860998924914
2019-07-12,-0.012254745433447421,0.30763946751059634,-0.7686563316152837
2019-07-15,0.0057205990429054256,0.3093993495539974,-0.7673329072473398
2019-07-16,-0.0015013724195455179,0.3089348259039517,-0.7676822272033346
2019-07-17,0.01051492890430109,0.3121832536343944,-0.7652394223391721
2019-07-18,0.002413229324277362,0.31293662341661327,-0.7646728912289766
2019-07-19,-0.016103882179082336,0.3078971289035923,-0.7684625712621692
2019-07-22,-0.004746277047071847,0.30643576382781784,-0.7695615120457256
2019-07-23,-0.014264057350551392,0.30206474651831783,-0.7728484998536798
2019-07-24,-0.014777384100105649,0.2976010197359156,-0.7762052048202571
2019-07-25,0.015701852746172317,0.30227390712491964,-0.772691211900985
2019-07-26,-0.001018672995267878,0.30196598885855735,-0.7729227652250086
2019-07-29,0.0062351281689246845,0.3038487855017465,-0.7715069095619416
2019-07-30,-0.010933999987918079,0.3005265028847415,-0.7740052530100306
2019-07-31,-0.0002329728283808603,0.300456488375361,-0.7740579036454361
2019-08-01,0.015188853309885342,0.3050200779032976,-0.7706261022873787
2019-08-02,0.01062160280338331,0.30825988001784344,-0.7681897838524114
2019-08-05,0.010555654491562061,0.3115137648049222,-0.7657428753031431
2019-08-06,0.013179220925681594,0.3156192735326771,-0.7626555489033482
2019-08-07,0.004112910085197688,0.3169173872258724,-0.7616793725167671
2019-08-08,0.0010720089346880524,0.31725712549653656,-0.7614238906747847
2019-08-09,0.01318915063888494,0.32144147751597,-0.7582772744300552
2019-08-12,0.0055426826347854605,0.3232231256114976,-0.7569374820766057
2019-08-13,-0.003252454323689069,0.3221718571590862,-0.7577280318139524
2019-08-14,0.011779498842196704,0.32596688017748,-0.7548741894452081
2019-08-15,0.020501559877701046,0.33264970968958596,-0.7498487279625491
2019-08-16,-0.011111821654506566,0.3289533654420919,-0.7526283642840772
2019-08-19,-0.005956584564323668,0.32699392690311724,-0.7541018543510342
2019-08-20,0.0009885208217770805,0.3273171672084556,-0.7538587789140238
2019-08-21,0.00216982594224621,0.32802738848920704,-0.7533246953070553
2019-08-22,0.0027721439101901133,0.328936727616583,-0.7526408758633565
2019-08-23,0.010458457585303258,0.33237689843060947,-0.7500538809552356
2019-08-26,0.0032449093067883528,0.33345543132168837,-0.7492428284673516
2019-08-27,0.016163663355038556,0.3388452926574813,-0.7451896739628363
2019-08-28,-0.007313560571898594,0.3363671270851281,-0.7470532447166542
2019-08-29,-0.006741736887634686,0.3340994284166706,-0.7487585451873555
2019-08-30,-0.006670394621070786,0.3318708533864572,-0.7504344248361278
2019-09-03,0.005491030306337372,0.3336931663001923,-0.7490640526994845
2019-09-04,-0.010359205426788547,0.3302363702409731,-0.7516635497265363
2019-09-05,-0.01941365403218726,0.3238252756002695,-0.7564846676557268
2019-09-06,0.0003010592404350073,0.32392276619177546,-0.7564113551147369
2019-09-09,-0.04252314830010802,0.3101485503672214,-0.7667695111854153
2019-09-10,-0.03500271984286247,0.2992925075490476,-0.774933212644206
2019-09-11,-0.008157530590415435,0.29685101976323414,-0.7767692018469474
2019-09-12,0.008583275147847562,0.2993989737437811,-0.7748531504849262
2019-09-13,-0.011238654273892973,0.2960341321879164,-0.7773834980874823
2019-09-16,-0.008590224985438443,0.29349113238905317,-0.7792958239243821
2019-09-17,0.022935361319477297,0.30022245755445864,-0.7742338939013703
2019-09-18,0.004728560532785027,0.30164207761830636,-0.7731663452024318
2019-09-19,0.0034954000435071554,0.302696437349537,-0.7723734708355834
2019-09-20,0.00139165319902854,0.30311768581490905,-0.7720566936480879
2019-09-23,0.0012115128762063266,0.30348491679427964,-0.7717805373973976
2019-09-24,0.011823255187410432,0.30707309641106845,-0.7690822404523134
2019-09-25,-0.005393689141070626,0.30541683958544114,-0.770327739064466
2019-09-26,0.011534040031146423,0.3089395296394058,-0.7676786900127918
2019-09-27,-0.007878242713617607,0.3065056290410757,-0.7695089736804166
2019-09-30,0.0038274301050021356,0.30767875791302013,-0.7686267853873482
2019-10-01,0.013061559593578492,0.3116975223451793,-0.7656046903563272
2019-10-02,0.00979667610504952,0.3147511220143414,-0.7633083954272053
2019-10-03,0.002716152748671071,0.31560603413954796,-0.7626655048748576
2019-10-04,0.008086548816594819,0.31815819774142934,-0.7607462878941662
2019-10-07,-5.134898192212198e-06,0.3181565640314749,-0.7607475164376201
2019-10-08,0.011351688760643283,0.3217681783235159,-0.758031596709009
2019-10-09,0.0016716582422477543,0.32230606475090345,-0.757627108233284
2019-10-10,-0.004902873143964256,0.32072583900189944,-0.758815431775152
2019-10-11,-0.02527910832544915,0.3126181757749999,-0.7649123626017346
2019-10-14,0.0011922056102584198,0.3129908809180276,-0.764632089801526
2019-10-15,-0.010942172129878906,0.30956608082394016,-0.7672075259887675
2019-10-16,0.0014136841350891759,0.3100037094811627,-0.7668784309614897
2019-10-17,-0.0020370881264465753,0.3093722046054242,-0.7673533201417967
2019-10-18,0.003727986106529857,0.3105255398859397,-0.766486016551555
2019-10-21,-0.012265404493170623,0.3067168185337785,-0.7693501600133617
2019-10-22,-0.02651760475215589,0.29858342316906106,-0.7754664413062754
2019-10-23,-0.006304014030166664,0.2967011490802281,-0.7768819040105239
2019-10-24,0.008478693292747292,0.299216787122885,-0.7749901541065674
2019-10-25,-0.011118879101027861,0.2958898318418677,-0.7774920113795973
2019-10-28,-0.004406583680498948,0.29458596853764774,-0.7784725114510327
2019-10-29,0.0009782791353496927,0.2948741558442349,-0.7782557957310787
2019-10-30,0.007331955338730222,0.2970361599854306,-0.7766299771287568
2019-10-31,0.005724765887125116,0.29873662246135785,-0.775351236041617
2019-11-01,-0.02430602917427514,0.2914755214003877,-0.7808115554523544
2019-11-04,-0.0317664455740348,0.28221638011365885,-0.7877743932465345
2019-11-05,-0.009929224883652188,0.2794141902096601,-0.7898816290220592
2019-11-06,0.013582177825214745,0.28320924342797604,-0.7870277639430924
2019-11-07,-0.01983579371909014,0.2775915632959991,-0.7912522372854106
2019-11-08,-0.009496559976834545,0.2749553983660954,-0.7932346229340597
2019-11-11,0.007599624498261594,0.2770449561474477,-0.7916632837091171
2019-11-12,0.0029566545516071154,0.27786408237804083,-0.7910473040086288
2019-11-13,0.01864018735250822,0.2830435209321003,-0.787152386607538
2019-11-14,0.0043635939160579255,0.28427860791801923,-0.7862236060566911
2019-11-15,-0.012162422396311014,0.280821091410285,-0.7888236448581898
2019-11-18,0.008278352802853899,0.2831458274794618,-0.7870754524867052
2019-11-19,0.00355683542846061,0.2841529305900615,-0.7863181149125209
2019-11-20,0.002359536986778683,0.2848233999396903,-0.7858139246012524
2019-11-21,-0.012900883501418969,0.2811489264385903,-0.7885771142075978
2019-11-22,-0.008545814044247386,0.2787462799945063,-0.7903838948742778
2019-11-25,-0.01081253869994517,0.27573232505459994,-0.7926503771230815
2019-11-26,0.012470058387706302,0.27917072324740877,-0.7900647152191375
2019-11-27,-0.003197423661569878,0.27827809617127996,-0.7907359672660942
2019-11-29,0.0026167510825746594,0.279006280680693,-0.7901883753818938
2019-12-02,-0.0027663784477268975,0.2782344437190375,-0.7907687937383199
2019-12-03,0.007862296609018667,0.28042200544240187,-0.7891237559348279
2019-12-04,-0.00434113807902164,0.27920465479638024,-0.7900391988279002
2019-12-05,-0.0002406680983207092,0.2791374591430681,-0.7900897296946402
2019-12-06,-0.00944632553064772,0.27650063583620477,-0.7920726104401709
2019-12-09,-0.0031459194427252424,0.2756307871100018,-0.7927267332576622
2019-12-10,-0.002070700527642862,0.27506003829369846,-0.7931559341204719
2019-12-11,0.001682918462114618,0.2755229419103329,-0.7928078324232244
2019-12-12,-0.013437937139565878,0.2718204819364336,-0.7955920677469315
2019-12-13,0.00818869068329493,0.2740463357843952,-0.7939182344164992
2019-12-16,0.001401969110772408,0.2744305402820853,-0.7936293141468577
2019-12-17,-0.004991206906188425,0.27306080067416033,-0.7946593529393227
2019-12-18,-0.003517347745955766,0.2721003508824002,-0.7953816074014146
2019-12-19,-0.0023393403483309236,0.271463815552786,-0.7958602794632312
2019-12-20,0.0025661094331597654,0.2721604214106375,-0.7953364346006792
2019-12-23,-0.010631768902558791,0.2692668747057766,-0.7975123703307785
2019-12-24,0.0021906722597059385,0.2698567501786523,-0.7970687862975285
2019-12-26,0.0008065622311207829,0.27007440644115943,-0.7969051096450406
2019-12-27,0.004018768561477551,0.2711597729750249,-0.7960889182846853
2019-12-30,0.00028745404651956406,0.27123771894901993,-0.796030303219116
2019-12-31,-0.002716787984687802,0.2705008235731851,-0.7965844456405707
2020-01-02,0.006452815532208252,0.2722463154890133,-0.7952718425919074
2020-01-03,0.002368855333412487,0.2728912276254613,-0.7947868712043316
2020-01-06,-0.004989030934653509,0.2715297648490423,-0.7958106858520902
2020-01-07,-0.0036918807918887176,0.27052730932577,-0.7965645284589018
2020-01-08,0.003078454819186758,0.27136011542488553,-0.7959382615511427
2020-01-09,0.00596535397246929,0.2729788745674051,-0.7947209610490578
2020-01-10,0.004153155220599609,0.2741125982054281,-0.7938684053367591
2020-01-13,0.005449432667756752,0.27560635635273245,-0.7927451050909444
2020-01-14,-0.0076959461667575274,0.27348530467102566,-0.7943401276049614
2020-01-15,0.0008394539710790187,0.2737148829960635,-0.7941674856083878
2020-01-16,0.0030276384084868607,0.27454359268879686,-0.7935442991821003
2020-01-17,0.006903006016718871,0.2764387687609792,-0.7921191342371685
2020-01-21,0.010524179482948006,0.27934805997946494,-0.7899313586948098
2020-01-22,0.006449432642622399,0.28114969647614974,-0.7885765351423848
2020-01-23,0.0012502980630931895,0.2815012173970931,-0.7883121927937808
2020-01-24,0.004050329009330238,0.28264138994407834,-0.787454787527332
2020-01-27,0.006505852923554942,0.2844802132571636,-0.7860719996353791
2020-01-28,0.006583556960371417,0.28635310494524074,-0.7846635924595603
2020-01-29,0.004858013153424817,0.28774421209558876,-0.7836174853593176
2020-01-30,0.0017202271477694659,0.2882391975008491,-0.78324525828333
2020-01-31,-0.0003030926537249755,0.288151834317571,-0.7833109550532045
2020-02-03,0.004381273823316973,0.28941430640640736,-0.7823615810127795
2020-02-04,0.005412258808875284,0.29098069153566997,-0.7811836655624662
2020-02-05,-0.011870349861883714,0.2875266489240887,-0.7837810920077347
2020-02-06,0.0037660434049573135,0.28860948676401876,-0.7829668022152634
2020-02-07,0.00024383601042964444,0.2886798601498434,-0.7829138817061847
2020-02-10,0.006522293628784693,0.2905627149624572,-0.7814979822999394
2020-02-11,0.0028414357153562593,0.29138833023830246,-0.780877122862969
2020-02-12,0.002585898715049803,0.2921418309470462,-0.7803104932965423
2020-02-13,0.004902443656444353,0.2935740398129546,-0.7792334778680166
2020-02-14,0.003298181274614508,0.2945423002137786,-0.7785053498586592
2020-02-18,-0.007838884123467556,0.29223341725294316,-0.7802416207550851
2020-02-19,0.004276713560217685,0.2934832158712576,-0.7793017771145969
2020-02-20,-0.009226499015357844,0.2907753932689974,-0.7813380490507402
2020-02-21,-0.0129560814911376,0.2870080835781867,-0.7841710511062501
2020-02-24,-0.0033646161470704565,0.28604241154583976,-0.7848972326727032
2020-02-25,-2.9530203850311465e-05,0.286033964655117,-0.7849035847012711
2020-02-26,0.00731441791971208,0.28812613661183667,-0.7833302796267443
2020-02-27,-0.006882009809974985,0.2861432497131638,-0.7848214027678775
2020-02-28,0.005354822840688236,0.28767549612243665,-0.7836691595005917
2020-03-02,0.012683483179711295,0.29132422343872066,-0.7809253309238646
2020-03-03,0.009699583584650031,0.2941499470941978,-0.7788003978598812
2020-03-04,0.01584196489655625,0.2988098602303879,-0.7752961615276452
2020-03-05,0.004868580935814692,0.300264640219339,-0.7742021727034543
2020-03-06,0.005797989700914481,0.30200557151087953,-0.7728929992263001
2020-03-09,0.03737790098098634,0.31329390585851935,-0.7644042162392919
2020-03-10,-0.005040161290548699,0.3117148540416464,-0.7655916569888191
2020-03-11,0.011694755842356434,0.3153602831520992,-0.7628503086498921
2020-03-12,0.011271887874595375,0.3189149889038903,-0.7601771839194988
2020-03-13,-0.02585034781207965,0.3106709255182392,-0.7663766871284521
2020-03-16,-0.003680580782347254,0.30952747608014275,-0.7672365566041155
2020-03-17,0.031199410913609685,0.31918455099541965,-0.7599744742879405
2020-03-18,0.01340384005669926,0.3234628496655317,-0.7567572105317708
2020-03-19,-0.023318183538946245,0.31592028356900026,-0.7624291905411162
2020-03-20,-0.01573094536223307,0.31095055884935513,-0.7661664039643754
2020-03-23,0.012879400015592237,0.31495541548184797,-0.7631547675439483
2020-03-24,-0.0028742918111889894,0.3140501417102389,-0.7638355298561158
2020-03-25,-0.007904834100798347,0.3115676274406872,-0.7657023708131061
2020-03-26,0.01511417679284239,0.31627671564475224,-0.7621611550234316
2020-03-27,0.02144883179090582,0.3230604817179967,-0.7570597896441859
2020-03-30,0.015757423700532333,0.3281510826093252,-0.7532316778157129
2020-03-31,-0.02347654803839208,0.320447227954597,-0.7590249461858257
2020-04-01,0.017378672845887434,0.32601617549359146,-0.7548371195615691
2020-04-02,-0.0016710889209758102,0.3254713734746652,-0.7552468085349042
2020-04-03,-0.010714736471265909,0.3219840334789432,-0.757869274481954
2020-04-06,-0.0065125098491545215,0.3198871092896411,-0.7594461532166732
2020-04-07,-0.02567389582883793,0.31167436096875073,-0.7656221076202147
2020-04-08,-0.015262750926171631,0.306917352827211,-0.7691993590142083
2020-04-09,-0.006692939451651154,0.3048631735680774,-0.7707440937297285
2020-04-13,0.002453241307790892,0.30561107649869884,-0.7701816736704112
2020-04-14,0.02266301207115472,0.3125371440144674,-0.7649732981666312
2020-04-15,0.015768646369504362,0.3174654317157664,-0.7612672452180299
2020-04-16,0.024480976926349395,0.32523729562451364,-0.7554228341566487
2020-04-17,-0.02884566111894998,0.3158556108116852,-0.7624778241999992
2020-04-20,-0.005369109456491702,0.3141597474647902,-0.7637531067602135
2020-04-21,-0.004205888331094807,0.3128384266488283,-0.764746734811748
2020-04-22,0.009964506716743543,0.31595570725242605,-0.7624025520706439
2020-04-23,-0.019219087419949925,0.30988332689390957,-0.7669689581931551
2020-04-24,-0.000281903538994749,0.3097959696873827,-0.7670346504685361
2020-04-27,-0.01872662005111107,0.3039945382696816,-0.7713973040542862
2020-04-28,-0.015494070438173767,0.29928442548091105,-0.7749392903276254
2020-04-29,-0.029686103069373613,0.29039983717902645,-0.781620465751826
2020-04-30,0.009407378551999366,0.29313173837880857,-0.779566086805144
2020-05-01,0.030011910329456222,0.301929181825751,-0.7729504439687689
2020-05-04,0.0017584156597580994,0.30246009882721137,-0.7725511964739025
2020-05-05,0.02536711824047492,0.310132639917187,-0.7667814757812014
2020-05-06,0.016163870702209687,0.3151455838093433,-0.7630117617103686
2020-05-07,-0.01866190248326199,0.3092643676562627,-0.7674344131030097
2020-05-08,-0.02588594519493316,0.301258767184367,-0.7734545931396527
2020-05-11,0.0398905039902106,0.3132761312388209,-0.7644175826833262
2020-05-12,0.01599920856435642,0.3182883014007455,-0.7606484504545814
2020-05-13,0.03693040818350135,0.33004281829150833,-0.7518091000305156
2020-05-14,-0.014249099679841929,0.3253400052750567,-0.7553455969038104
2020-05-15,0.0024258901621678247,0.3261292443932131,-0.7547520921942082
2020-05-18,-0.0690692002241204,0.3036037583132772,-0.7716911690429931
2020-05-19,0.014672431200229047,0.30805836356925975,-0.7683413234283717
2020-05-20,-0.017347006298322427,0.3027144731961729,-0.7723599079499208
2020-05-21,-0.007034030155893058,0.30058517046308575,-0.7739611352220913
2020-05-22,0.010536947992657137,0.3037524207716193,-0.7715793754596072
2020-05-26,-0.059312340569389166,0.2857361537420366,-0.7851275373354195
2020-05-27,-0.020738586676666487,0.27981038975100003,-0.7895836885268177
2020-05-28,0.03462509994705162,0.2894988524623519,-0.7822980027115689
2020-05-29,0.03189262145643168,0.29873172977600504,-0.7753549153217398
2020-06-01,-0.02144019365530642,0.2923268636386228,-0.7801713494409545
2020-06-02,-0.018044177510207014,0.28705206582012543,-0.7841379766334711
2020-06-03,-0.04917390621007734,0.27293659445807766,-0.7947527555248143
2020-06-04,-0.03167625946661485,0.26429098407408935,-0.801254220495618
2020-06-05,-0.0498022189337242,0.25112870662302217,-0.811152201318649
2020-06-08,-0.04041332598095572,0.2409797603390902,-0.8187841689675442
2020-06-09,0.03761456092831084,0.2500441082168547,-0.8119678150499994
2020-06-10,0.05368674442843521,0.26346816235052894,-0.8018729791922685
2020-06-11,0.04609285778505898,0.2756121628886427,-0.7927407385988003
2020-06-12,-0.036284161529575004,0.26561180665087564,-0.8002609671179819
2020-06-15,-0.0011492866986208762,0.2653065425344951,-0.8004905245316686
2020-06-16,-0.007332387032828485,0.2633612122822906,-0.801953405222519
2020-06-17,0.026746542526575413,0.2704052141464493,-0.7966563435530597
2020-06-18,-0.004795895102795401,0.26910837910415397,-0.7976315583991981
2020-06-19,0.026767990123251977,0.27631186953809833,-0.79221456195317
2020-06-22,0.007015539186957287,0.2782503462866643,-0.7907568350700733
2020-06-23,-0.006174027970920809,0.276532420865772,-0.7920487082230747
2020-06-24,0.029517220716928142,0.2846948893678535,-0.7859105640453248
2020-06-25,-0.0029960484296144554,0.2838419296916437,-0.7865519863637138
2020-06-26,0.01968533259598829,0.2894294524823108,-0.7823501912233306
2020-06-29,-0.022130778030509664,0.2830241535139328,-0.7871669508297499
2020-06-30,0.006713135191089358,0.28492413291881546,-0.7857381737975382
2020-07-01,0.009345890240924703,0.2875870025920654,-0.7837357062870299
2020-07-02,0.0005376892918022363,0.28774163504382066,-0.7836194232921012
2020-07-06,0.0028748710700878194,0.28856885514606795,-0.7829973570319948
2020-07-07,0.02436167175445347,0.2955988748736949,-0.7777108098741594
2020-07-08,0.004010807502554507,0.296784465058785,-0.7768192507226659
2020-07-09,0.037375877536570325,0.3078770448795786,-0.7684776743691563
2020-07-10,-0.03420135573771721,0.297347232544175,-0.7763960517892804
2020-07-13,-0.014969147873940481,0.2928961978503143,-0.7797432123552436
2020-07-14,0.006782399430614759,0.29488273685584343,-0.7782493428441328
2020-07-15,-0.033271290395964125,0.285071607685156,-0.7856272733538615
2020-07-16,0.005244608105246412,0.2865666965493972,-0.7845029724141495
2020-07-17,0.01855748155197541,0.29188465273402314,-0.7805038903002195
2020-07-20,0.029942581844676356,0.30062443283771656,-0.7739316100709457
2020-07-21,-0.02835813115744768,0.29209928574217126,-0.7803424871231068
2020-07-22,0.004300907685840852,0.2933555778052484,-0.779397760437722
2020-07-23,-0.010430678020733464,0.2902956802275756,-0.7816987913692488
2020-07-24,-0.0012539538866244827,0.28993166283108396,-0.7819725310182661
2020-07-27,0.02501965915664392,0.29718565421383664,-0.7765175580575574
2020-07-28,-0.01471552403264191,0.29281241157709653,-0.779806219302835
2020-07-29,-0.00731665006771103,0.29067000562610434,-0.7814173001432825
2020-07-30,0.015545040534275663,0.2951884826456603,-0.7780194232139184
2020-07-31,0.007808688447518035,0.29749351753993586,-0.7762860460483955
2020-08-03,0.011209979530775018,0.3008284137820968,-0.7737782172038492
2020-08-04,-0.007140939651521155,0.298680216233816,-0.775393653302656
2020-08-05,-0.01609567839170314,0.29387275553135217,-0.7790088448238318
2020-08-06,0.0013067846351091758,0.29425678393295773,-0.7787200569777526
2020-08-07,-0.023217835012247025,0.2874247784723679,-0.7838576981863625
2020-08-10,-0.035776557864900464,0.2771417092535451,-0.7915905257542509
2020-08-11,-0.018263847226642777,0.2720800354156077,-0.7953968845524602
2020-08-12,0.0230500791670074,0.27835150177169965,-0.790680766543578
2020-08-13,0.013202024756316735,0.2820263051890476,-0.7879173288415131
2020-08-14,-0.010979566713765631,0.2789297785561876,-0.7902459046783313
2020-08-17,0.02451000830949127,0.28576634974636433,-0.7851048300590474
2020-08-18,0.012496352180831616,0.2893373866942256,-0.7824194243335056
2020-08-19,0.0006863715161620025,0.28953597963501326,-0.782270083223898
2020-08-20,0.013152584252691665,0.2933441260013484,-0.7794063721491687
2020-08-21,0.008121423453122004,0.2957264978660913,-0.7776148378863318
2020-08-24,-0.03222427124862823,0.28619692698344745,-0.7847810376719528
2020-08-25,0.007918113402586625,0.2884630667067742,-0.7830769095218524
2020-08-26,0.026660216494326802,0.2961535545157942,-0.7772936929670865
2020-08-27,-0.02596570382592314,0.2884637190322427,-0.7830764189756683
2020-08-28,-0.008291931054119461,0.2860717977624125,-0.7848751343535346
2020-08-31,0.02186873817774264,0.29232782700771487,-0.7801706249911899
2020-09-01,0.009434210120862247,0.2950857091518807,-0.778096708476619
2020-09-02,0.0039882636776451255,0.2962625887674833,-0.7772116996390865
2020-09-03,-0.041486500674940995,0.2839716906786213,-0.7864544066123785
2020-09-04,-0.025350928885577398,0.2767727445427104,-0.7918679857641765
2020-09-08,0.00186599001457935,0.27728919972033483,-0.7914796135038982
2020-09-09,0.026814815956419654,0.2847246585775385,-0.7858881777168437
2020-09-10,0.001936178150057513,0.2852759362402589,-0.7854736190848701
2020-09-11,-0.00190196865332198,0.28473335035198283,-0.7858816415366813
2020-09-14,-0.01109122984128487,0.2815753073197499,-0.7882564774636366
2020-09-15,0.01715347441328631,0.28640530214927246,-0.78462434036763
2020-09-16,-0.030397288684607487,0.2776993574990388,-0.7911711764691128
2020-09-17,-0.0015752957851774589,0.27726189887162406,-0.7915001436346447
2020-09-18,0.006992757453026808,0.279200724081399,-0.7900421547100908
2020-09-21,0.04244522730316799,0.2910514622782431,-0.7811304462426771
2020-09-22,0.015990201843790804,0.29570543390700266,-0.7776306779006372
2020-09-23,0.006325531858279013,0.29757592804984767,-0.7762240736693937
2020-09-24,0.0010346007653168688,0.2978838003327479,-0.7759925549247526
2020-09-25,0.0038284705975220193,0.29902423970379993,-0.775134949007656
2020-09-28,-0.007248313749364983,0.2968568181957615,-0.7767648414485154
2020-09-29,0.017291187592904444,0.3019898251274171,-0.7729048404446699
2020-09-30,-0.0011162123986306588,0.3016527403403496,-0.7731583268774346
2020-10-01,0.005656835419718755,0.3033591402463622,-0.7718751208662465
2020-10-02,-0.025697288310964597,0.29556363295768506,-0.7777373116562506
2020-10-05,0.007513624225434636,0.29778438703043336,-0.7760673133367008
2020-10-06,-0.003723007935696724,0.29667573339439246,-0.7769010165062101
2020-10-07,0.003930162167238687,0.2978417171377169,-0.7760242013217334
2020-10-08,-0.01649049794832366,0.29293015891233215,-0.7797176737703115
2020-10-09,0.021144760473729304,0.2991240969580649,-0.7750598567455889
2020-10-12,0.006661269624941674,0.30111664321921977,-0.7735614698018982
2020-10-13,0.02277855378760384,0.30797564487313145,-0.7684035275621949
2020-10-14,-0.0016187012992252535,0.3074771242966456,-0.768778413073026
2020-10-15,-0.008352563383824035,0.30490890212688193,-0.7707097060335418
2020-10-16,0.00810063064969796,0.3073788565248167,-0.7688523100505589
2020-10-19,-0.0005806593866846918,0.3072003741065072,-0.7689865281264385
2020-10-20,-0.011863767049746808,0.30355582043051255,-0.7717272181420997
2020-10-21,-0.005614541883249805,0.30185149356280117,-0.7730088652366468
2020-10-22,-0.02491205086838017,0.2943317538004681,-0.7786636799325428
2020-10-23,0.002091713741056374,0.29494741157432175,-0.7782007077104629
2020-10-26,0.014125897405115861,0.29911380845012514,-0.7750675936630536
2020-10-27,0.018852506885200536,0.3047528535833897,-0.7708270539238815
2020-10-28,0.004105703965182249,0.30600407858274764,-0.7698861376504642
2020-10-29,-0.010360385193519173,0.30283375845784244,-0.772270205902774
2020-10-30,-0.01447747534491477,0.2984494901861612,-0.775567158382119
2020-11-02,-0.010839211404576898,0.2952145330684452,-0.7779998333985452
2020-11-03,-0.0007983417369264176,0.29497885098534943,-0.7781770653971477
2020-11-04,0.04648744539646506,0.30869166421364286,-0.7678650838371139
2020-11-05,0.0006078782912269266,0.308879311175001,-0.7677239740609427
2020-11-06,0.02251475357698961,0.31583365275113645,-0.7624943365750825
2020-11-09,-0.1690471862903919,0.2624428624177401,-0.8026440007050977
2020-11-10,-0.0232453922086648,0.2563422751484751,-0.8072316183134406
2020-11-11,0.03506397580056724,0.26533065448094356,-0.8004723924428686
2020-11-12,0.01601964016300848,0.26958115608994376,-0.7972760319672174
2020-11-13,-0.022760106331603018,0.2634454603123402,-0.8018900510356081
2020-11-16,-0.036042530622703024,0.25395021924162053,-0.8090304349378192
2020-11-17,-0.008355802623191503,0.2518282613335214,-0.8106261389305156
2020-11-18,0.0029745499286969656,0.2525773370703149,-0.8100628369255742
2020-11-19,-0.0005295496647725004,0.25244358482614015,-0.8101634180866082
2020-11-20,0.008623931346381081,0.2546206409705151,-0.8085262804371555
2020-11-23,-0.02594753277381157,0.24801386354404378,-0.8134945510508359
2020-11-24,-0.040984384515538465,0.23784916799537043,-0.8211383620848116
2020-11-25,0.012200203529832658,0.24075097625431532,-0.8189562136985671
2020-11-27,0.01727067408065298,0.24490890789980263,-0.8158294654710276
2020-11-30,0.03212426799083902,0.25277642729051963,-0.8099131218638028
2020-12-01,-0.008517856514705508,0.2506233139525591,-0.8115322546170952
2020-12-02,-0.02135473437308611,0.24527131965539964,-0.8155569332576416
2020-12-03,-0.018152460025119936,0.24081904183004657,-0.8189050286535928
2020-12-04,-0.018040052969725443,0.236474653559314,-0.8221719915292329
2020-12-07,0.015184913622871653,0.24006550074761068,-0.819471688580877
2020-12-08,-6.79820090097526e-05,0.24004918061257594,-0.8194839612581704
2020-12-09,-0.01124554064669354,0.23734969779479173,-0.8215139617092218
2020-12-10,-0.006468262885564237,0.2358144575536458,-0.8226684563262894
2020-12-11,0.009321013977886686,0.23801248740869113,-0.8210155465289865
2020-12-14,0.021346306261443314,0.243093174858965,-0.8171948895691572
2020-12-15,-0.007633540951281719,0.24123751315370198,-0.8185903398657346
2020-12-16,0.0020848014852428106,0.2417404454794211,-0.8182121367368493
2020-12-17,0.008414259181370719,0.24377451224230498,-0.8166825265393256
2020-12-18,0.01569027722595788,0.24759940192000943,-0.8138062245603653
2020-12-21,0.0074828077361239744,0.24945214064015614,-0.8124129723370875
2020-12-22,0.01192511634915835,0.2524268864408366,-0.8101759752066146
2020-12-23,-0.018262957060925043,0.2478168250527446,-0.8136427232205481
2020-12-24,0.004085815742824702,0.24882935893788194,-0.8128813017252927
2020-12-28,-0.008401180505306862,0.246738898578425,-0.8144533196854166
2020-12-29,0.0022902380419388643,0.2473039893903754,-0.8140283736196046
2020-12-30,-0.006532946892723894,0.24568836556132934,-0.8152433163783013
2020-12-31,-0.0028051029919796654,0.24499918439199866,-0.8157615779043167
2021-01-04,0.013687886357095839,0.24835270538553753,-0.8132397433200603
2021-01-05,-0.0015737961970467426,0.24796184884227548,-0.8135336659017827
2021-01-06,-0.026234524229945985,0.2414566877107206,-0.8184255214617515
2021-01-07,0.0189264023053592,0.24602659412165317,-0.8149889698325509
2021-01-08,0.00833952477884213,0.2480783389995848,-0.8134460657621103
2021-01-11,-0.00048626526163393153,0.24795770712116547,-0.8135367804597513
2021-01-12,-0.014683574977904392,0.24431680153730256,-0.8162747271244921
2021-01-13,-0.0034166670557077223,0.24348205237033418,-0.8169024552116267
2021-01-14,-0.012747515221105113,0.24037826120167746,-0.8192364939507635
2021-01-15,0.010253578536083717,0.24284299858127611,-0.8173830211450298
2021-01-19,0.007841650014291077,0.24474728838457147,-0.815951002710182
2021-01-20,0.011293329996073041,0.24751130027794252,-0.8138724766483416
2021-01-21,0.01167190567007166,0.2504002288270634,-0.811700013753177
2021-01-22,0.0018682139445246005,0.2508680300262703,-0.8113482290931169
2021-01-25,0.006139352187983275,0.25240819721530716,-0.8101900294306328
2021-01-26,-0.003435180552159112,0.2515411294850276,-0.8108420609501386
2021-01-27,-0.013690431458333279,0.2480974228928611,-0.8134317147495003
2021-01-28,-0.0003899593257133707,0.24800067498911857,-0.813504468792216
2021-01-29,0.0071934342153286155,0.24978465153000987,-0.8121629254570202
2021-02-01,0.008979286620384806,0.25202753950947077,-0.8104762825267642
2021-02-02,0.002711624210550427,0.25271094348733014,-0.8099623654259902
2021-02-03,-0.02563371834147437,0.2462330223401677,-0.8148337366249403
2021-02-04,-0.006832202215606316,0.24455070853937977,-0.816098829979827
2021-02-05,0.004373972316852096,0.2456203665685976,-0.815294451353122
2021-02-08,-0.001726035983856899,0.24519641697753208,-0.8156132597765046
2021-02-09,0.002400969378983753,0.24578512606653166,-0.8151705528593373
2021-02-10,-0.010542777254641552,0.2431938682299082,-0.8171191685506398
2021-02-11,0.012094457041315487,0.24613516602192617,-0.8149073241909955
2021-02-12,0.0028416164832401492,0.24683458776679912,-0.8143813617924897
2021-02-16,-0.015471709470829466,0.24301563473751925,-0.8172531994352072
2021-02-17,-0.013287407921172698,0.23978658686753912,-0.8196814307206008
2021-02-18,0.00036429837320165517,0.23987394073105056,-0.8196157409591542
2021-02-19,-0.005392226521970492,0.238580486105911,-0.8205884137449003
2021-02-22,-0.03682161172083379,0.22979556808235138,-0.8271946375122045
2021-02-23,-0.01477614516876292,0.2264000754092282,-0.8297480346342648
2021-02-24,-0.011112498067722363,0.22388420500871095,-0.8316399592704176
2021-02-25,-0.005816560578752509,0.22258196896765195,-0.8326192356463624
2021-02-26,0.02062045040874229,0.22717170942062964,-0.8291677688956308
2021-03-01,0.0037776326088877392,0.22802988067795377,-0.8285224274887619
2021-03-02,-0.015350154594735975,0.22452958675732798,-0.8311546347363394
2021-03-03,-0.03225263569985733,0.21728791579180437,-0.8366003427917976
2021-03-04,-0.026414984973193348,0.21154825876130734,-0.8409165422815772
2021-03-05,-0.003158321608490329,0.21088012132442302,-0.8414189790036427
2021-03-08,-0.03774012904320706,0.20292147833299212,-0.8474038471998487
2021-03-09,0.03818194338911044,0.210669414731137,-0.8415774295322374
2021-03-10,-0.012519010665544476,0.2080320420812139,-0.8435607233815863
2021-03-11,0.026223863278004172,0.21348744591019564,-0.8394582811802351
2021-03-12,-0.01777704688561244,0.20969226957476045,-0.8423122388427908
2021-03-15,0.001561713448193529,0.21001974881213759,-0.8420659757455762
2021-03-16,0.00974986379142588,0.21206741275656543,-0.8405261405210637
2021-03-17,-0.0015953332965916187,0.21172909455187283,-0.8407805544790264
2021-03-18,-0.009704778803372203,0.20967431052300864,-0.8423257439790031
2021-03-19,0.013079461508933389,0.21241673759690646,-0.8402634496164267
2021-03-22,0.017995458235983697,0.21623927412695554,-0.837388917195239
2021-03-23,-0.0036696534106156397,0.2154457509371465,-0.8379856435098574
2021-03-24,-0.015335197934098009,0.21214184770246497,-0.8404701657347993
2021-03-25,-0.00774448790459893,0.21049891772887397,-0.8417056426066888
2021-03-26,0.020562989227886973,0.21482740470661466,-0.8384506374407749
2021-03-29,-0.002558998920964143,0.2142776616097769,-0.8388640420852463
2021-03-30,-0.001757290768412096,0.2139011134531531,-0.8391472048165491
2021-03-31,0.020265648811727953,0.21823595829883227,-0.8358874185589765
2021-04-01,0.010267587238586942,0.22047671503926214,-0.8342023783120811
2021-04-05,0.0074371955627878,0.2221164434860502,-0.832969308975743
2021-04-06,-0.0030218640482111464,0.22144523779096317,-0.833474053015897
2021-04-07,-0.007173944284411449,0.21985660199300255,-0.8346687008814698
2021-04-08,0.012109432170571697,0.2225189406020892,-0.8326666327291214
2021-04-09,0.002614674361710163,0.2231007551710764,-0.8322291104638597
2021-04-12,-0.002849651658057689,0.2224649957341892,-0.8327071990574002
2021-04-13,-0.004118659388934981,0.2215487381907992,-0.8333962211227037
2021-04-14,-0.0019128460658866867,0.22112494955854878,-0.833714908505691
2021-04-15,-0.00072214810761718,0.22096526459467813,-0.8338349909698385
2021-04-16,-0.0026133366143436094,0.22038780797821475,-0.8342692360719598
2021-04-19,-0.00975224068345114,0.21823853303111299,-0.8358854823704382
2021-04-20,-0.02040766164243294,0.21378479489167312,-0.8392346759168334
2021-04-21,0.009110456880930077,0.2157324720473322,-0.8377700303638249
2021-04-22,8.725117836282472e-05,0.21575129495972944,-0.8377558756078085
2021-04-23,0.015865935597809053,0.21917439111070441,-0.835181720779079
2021-04-26,0.012143026786790821,0.22183583161294027,-0.8331803279995467
2021-04-27,0.0029437381280628516,0.2224888582086298,-0.832689254570568
2021-04-28,-0.002337914273884607,0.22196869833124355,-0.8330804127504817
2021-04-29,-0.01004653695917001,0.21973868159967985,-0.8347573765529934
2021-04-30,-0.019366410025136404,0.21548313219343757,-0.8379575329522974
2021-05-03,0.004056711056839751,0.21635728499836912,-0.8373001734845473
2021-05-04,-0.0002378927082124338,0.21630581517789937,-0.8373388785869028
2021-05-05,0.016615269922211275,0.2198997946828241,-0.8346362201487746
2021-05-06,-0.005573970070181412,0.218674079808823,-0.8355579529083574
2021-05-07,0.020234775461774122,0.22309890071306462,-0.8322305050089835
2021-05-10,-0.019048851728406768,0.2188491228326109,-0.835426321243617
2021-05-11,-0.0031691607048881577,0.21815555479223056,-0.8359478816793907
2021-05-12,-0.022000162881496865,0.21335609705329817,-0.8395570550034988
2021-05-13,-0.00011534071344239193,0.21333148840884675,-0.8395755606072414
2021-05-14,0.022006496798267453,0.21802616712548564,-0.8360451806953808
2021-05-17,0.004641926976106887,0.21903822867216263,-0.835284114396788
2021-05-18,-0.012913122978222225,0.21620976108838705,-0.8374111108840491
2021-05-19,-0.0022640315032820637,0.21572025537796585,-0.8377792172510912
2021-05-20,-0.001422874843640567,0.21541331245332482,-0.8380100371219803
2021-05-21,0.0013969501122823157,0.2157142341043436,-0.8377837452251492
2021-05-24,0.008029519942674824,0.21744631584900323,-0.8364812265724085
2021-05-25,-0.0010055820231110004,0.21722765574279376,-0.8366456581114086
2021-05-26,0.012325934811165012,0.21990518966666164,-0.8346321631421689
2021-05-27,0.012569130601224133,0.22266920671546886,-0.832553633203461
2021-05-28,-0.003196679719027944,0.22195740457830948,-0.8330889056082244
2021-06-01,0.017402863777519078,0.22582009905459746,-0.8301841745695677
2021-06-02,-0.011161685211716345,0.22329956619447144,-0.8320796053569899
2021-06-03,-0.00824206848965512,0.22145911587618633,-0.8334636167504476
2021-06-04,0.0013936752161800314,0.22176775795738013,-0.8332315191205204
2021-06-07,-0.008353085785195594,0.21991531285077165,-0.8346245505475735
2021-06-08,0.00836018826889167,0.22175384626941633,-0.8332419806550986
2021-06-09,-0.017661061347001912,0.21783743798651853,-0.8361871042648534
2021-06-10,-0.015471941495942266,0.21446706989036518,-0.8387216078039484
2021-06-11,0.01015565005660399,0.21664512240083697,-0.8370837208911136
2021-06-14,-0.009701563166387489,0.21454332606117552,-0.8386642634637212
2021-06-15,0.0017332086457237453,0.21491517440878707,-0.8383846349702924
2021-06-16,0.002157384747340735,0.2153788291280287,-0.8380359684468414
2021-06-17,-0.02023843292750593,0.2110198991407163,-0.8413138666360984
2021-06-18,-0.0020454394604139557,0.21058827071208133,-0.8416384495151015
2021-06-21,0.013464948631271503,0.2134238309595678,-0.8395061193726538
2021-06-22,0.00571028707545265,0.2146425423030898,-0.8385896532404182
2021-06-23,0.01209785992783854,0.21723925771442773,-0.836636933474417
2021-06-24,0.0074761010756995505,0.21886336036271076,-0.8354156146770355
2021-06-25,-0.005393676247424652,0.21768288225449084,-0.8363033295668489
2021-06-28,-0.003078683118247182,0.21701270563976255,-0.8368072997426248
2021-06-29,0.010013139912487846,0.21918568422412105,-0.835173228402251
2021-06-30,0.0035464662202872805,0.21996301884919245,-0.8345886758245805
2021-07-01,-0.001529119953252871,0.2196266690080924,-0.8348416095808712
2021-07-02,-0.005800308071634765,0.21835276666709852,-0.8357995791259174
2021-07-06,-0.01730609670626525,0.21457393257107713,-0.8386412474887738
2021-07-07,-0.005150155127234512,0.21346884353207532,-0.8394722700953436
2021-07-08,-0.009076512866107972,0.21153129082724323,-0.8409293021011903
2021-07-09,0.020892001697659406,0.2159506029143141,-0.8376059968106405
2021-07-12,0.008956912908485205,0.21788485365715246,-0.8361514478672132
2021-07-13,-0.010390015047133343,0.2156210267491122,-0.8378538367893238
2021-07-14,-0.011906824127901465,0.213053665105333,-0.8397844826376873
2021-07-15,-0.01017851346856707,0.2108850955055308,-0.8414152384390331
2021-07-16,-0.024400392494903365,0.20573941640387067,-0.8452847688648314
2021-07-19,-0.010108741640020468,0.20365964979827533,-0.8468487451641529
2021-07-20,0.02361069072587817,0.20846819480300308,-0.8432327382519436
2021-07-21,0.024268036804380687,0.21352730862702515,-0.8394283045741197
2021-07-22,-0.0124492278832358,0.2108690585026333,-0.8414272982020741
2021-07-23,-0.003023653122680512,0.21023146361541512,-0.8419067670470372
2021-07-26,0.010673165291418842,0.21247529877603938,-0.8402194118402754
2021-07-27,-0.016378682064213824,0.2089952334108878,-0.8428364072937766
2021-07-28,0.01083173283932821,0.21125901394388757,-0.8411340532455138
2021-07-29,0.01435930834931747,0.2142925472666806,-0.8388528481298599
2021-07-30,-0.000941747225097002,0.21409073785493324,-0.8390046080129658
2021-08-02,-0.002397043096517757,0.21357755312972967,-0.8393905209058996
2021-08-03,0.014581907239797647,0.21669192119797034,-0.8370485283799172
2021-08-04,0.0011041823502910989,0.2169311885928078,-0.8368686002410004
2021-08-05,0.006541164631506253,0.2183501712111017,-0.8358015308986086
2021-08-06,0.00828937618310915,0.2201601579199168,-0.8344404280195366
2021-08-09,-0.0010809658342254527,0.2199221723111477,-0.8346193922603765
2021-08-10,0.01034165309689793,0.22219653112550578,-0.8329090833861792
2021-08-11,0.004447306070980105,0.223184707107331,-0.8321659789383169
2021-08-12,0.0018630923208611135,0.2236005208212763,-0.8318532886624976
2021-08-13,-0.011029392816779109,0.22113434284310204,-0.8337078447926884
2021-08-16,-0.0087793097302535,0.21919293595528638,-0.8351677751289648
2021-08-17,-0.019939730956411234,0.2148222877847921,-0.83845448534584
2021-08-18,0.0016415944501907522,0.21517493886019692,-0.8381892931255305
2021-08-19,-0.01510687354780584,0.2119243182681791,-0.8406337470129641
2021-08-20,0.002026984192809319,0.2123538855113806,-0.8403107141372922
2021-08-23,0.01629115648725324,0.21581337589092275,-0.8377091909919651
2021-08-24,0.013714386764950222,0.21877312399694046,-0.8354834720688322
2021-08-25,0.013493183391252848,0.22172506988010848,-0.8332636203865648
2021-08-26,-0.0017728276885198406,0.22133198953698605,-0.833559215257027
2021-08-27,0.014589831335689007,0.22456118593352314,-0.8311308722802473
2021-08-30,-0.008900427761645414,0.2225624953200524,-0.8326338797526891
2021-08-31,-0.007525059823389158,0.22088769922832624,-0.8338933198199586
2021-09-01,-0.010553270142005466,0.21855661166732365,-0.8356462884882903
2021-09-02,0.0005019900601976672,0.21866632491397114,-0.8355637845587548
2021-09-03,0.00138074034463476,0.2189682463307929,-0.8353367408419761
2021-09-07,0.0019774782854024837,0.2194012512831047,-0.8350111228225874
2021-09-08,-0.01442721334725649,0.2162359026221883,-0.8373914525535503
2021-09-09,0.010992328536160743,0.21861283870512468,-0.835604005977231
2021-09-10,0.00631606802276516,0.21999361226503605,-0.8345656696963131
2021-09-13,0.0007208302401315985,0.22015219031339248,-0.8344464196282743
2021-09-14,-0.0021357633517327277,0.21968199733351745,-0.8348000028979803
2021-09-15,0.013572804812721932,0.22266369820419418,-0.8325577755822524
2021-09-16,0.0028726857544096943,0.22330334103804955,-0.8320767666894808
2021-09-17,-0.005814875161091635,0.22200485998685862,-0.8330532193278284
2021-09-20,-0.014547552633177068,0.21877523260137868,-0.8354818864065963
2021-09-21,0.0008295258453219585,0.21895671231113784,-0.835345414379347
2021-09-22,0.01671089028593776,0.22261567390793893,-0.8325938896639636
2021-09-23,0.021426239059835792,0.2273854905555569,-0.8290070063238264
2021-09-24,-0.0005075676284697734,0.22727007704136717,-0.8290937968321116
2021-09-27,0.00870900123221429,0.22924937242236584,-0.8276053744981294
2021-09-28,-0.008380947745924917,0.2273280454113079,-0.8290502048461389
2021-09-29,-0.015763232111359504,0.2237446206660678,-0.8317449261465386
2021-09-30,-0.008020890034424553,0.22194998966791124,-0.8330944815916512
2021-10-01,0.009012504536125216,0.2239503149565862,-0.8315902448498916
2021-10-04,-0.0073195777809888455,0.22231109320718453,-0.8328229331517901
2021-10-05,0.008976192809215586,0.22430660044343972,-0.8313223195664815
2021-10-06,-0.011222486689800706,0.22178932260552878,-0.8332153025900131
2021-10-07,0.008178124549684617,0.22360314330958697,-0.8318513165616128
2021-10-08,-0.003754699866447853,0.22276358061726514,-0.8324826644008623
2021-10-11,0.0010059624328023925,0.22298767241076267,-0.8323141482544063
2021-10-12,0.0008037246850463801,0.22316689310754023,-0.8321793749960253
2021-10-13,-0.004197388676059276,0.22223017491753932,-0.8328837833870263
2021-10-14,0.005297282444041685,0.2234073909216663,-0.8319985215866477
2021-10-15,0.0009814649273929559,0.2236266574403763,-0.8318336340278348
2021-10-18,0.01202105598949781,0.2263148860102113,-0.8298120967269331
2021-10-19,-0.006049292751482733,0.2249458410107171,-0.8308416131765929
2021-10-20,-5.595889246460361e-05,0.22493325329058964,-0.8308510790925706
2021-10-21,-0.0019776861822898817,0.22448840590361932,-0.8311856025761984
2021-10-22,0.00277287664781373,0.2251108845620544,-0.8307175010757673
2021-10-25,0.008642634908761904,0.22705643575131265,-0.8292544542411222
2021-10-26,-0.003449621357966907,0.22627317702108107,-0.8298434617225499
2021-10-27,-0.002986048869612358,0.22559751425661367,-0.8303515574613303
2021-10-28,0.011753553330949629,0.22824908667175844,-0.8283575854444395
2021-10-29,0.002945772768572994,0.22892145661572774,-0.8278519658937097
2021-11-01,0.0061028823059945505,0.23031853732277036,-0.8268013667023506
2021-11-02,0.0033313818393973836,0.23108581631528402,-0.8262243759207744
2021-11-03,-0.0005504701357649018,0.2309586104746036,-0.8263200342121539
2021-11-04,-0.0008174924511792079,0.23076980355400575,-0.8264620162731066
2021-11-05,0.008103059415118038,0.232639744983419,-0.8250558276801878
2021-11-08,0.005685822353655269,0.2339624932457944,-0.8240611261945701
2021-11-09,-0.004247007227315904,0.23296885284605867,-0.8248083398631875
2021-11-10,-0.015548830952785921,0.22934645953589083,-0.8275323653709927
2021-11-11,0.013044986611842115,0.23233828103000992,-0.8252825273862813
2021-11-12,-0.0021145259461447957,0.23184699570648928,-0.8256519720153678
2021-11-15,-0.004392868415813177,0.23082852236174906,-0.8264178599608608
2021-11-16,0.0029304498262016565,0.23150495376498645,-0.8259091862087514
2021-11-17,-0.007765671826014168,0.229707162267951,-0.827261118336578
2021-11-18,0.00582193720732346,0.23104450294274745,-0.8262554434142703
2021-11-19,-0.013495493216258718,0.22792644342062973,-0.8286002118990349
2021-11-22,0.005597871451610942,0.2292023463513213,-0.8276407379184123
2021-11-23,0.006904041095948823,0.23078476876981874,-0.8264507624897336
2021-11-24,0.0022061152818049928,0.23129390657500964,-0.8260678928647166
2021-11-26,-0.024357126932607633,0.22566025153382344,-0.8303043792758666
2021-11-29,0.007128496013745779,0.2272688697373432,-0.8290947047199845
2021-11-30,-0.0035934364370234784,0.2264521934998279,-0.8297088420353239
2021-12-01,-0.006602826863680022,0.22495696887324798,-0.8308332450677802
2021-12-02,0.01052290411984456,0.227324169487792,-0.8290531195253633
2021-12-03,-0.01799909610812402,0.22323253991348174,-0.8321300088564103
2021-12-06,-0.004187037521341667,0.2222978568928796,-0.8328328868080358
2021-12-07,0.02158609208931016,0.22709639890302555,-0.8292244021083699
2021-12-08,-0.0033020096127046425,0.22634652441083714,-0.8297883047742235
2021-12-09,-0.00835312216986896,0.2244558242397082,-0.8312101038591849
2021-12-10,5.134769652839153e-05,0.22446734952925532,-0.8312014368868208
2021-12-13,-0.026200276754899776,0.21858624284915001,-0.8356240059562154
2021-12-14,-0.0013634083205635772,0.21828822054688876,-0.8358481175541956
2021-12-15,-0.00027888192949931294,0.21822734390675566,-0.8358938965479031
2021-12-16,-0.00970611020480129,0.21610920525709562,-0.8374867284732896
2021-12-17,-0.003151192300492069,0.215428203593424,-0.8379988390432525
2021-12-20,-0.01328822486274256,0.21256554518229787,-0.8401515468980711
2021-12-21,0.025869561204804936,0.21806452256342407,-0.8360163375570573
2021-12-22,0.0037482388484372732,0.21888188047836224,-0.8354016876229796
2021-12-23,0.0026301421131402114,0.21945757093001172,-0.834968770669845
2021-12-27,0.013037244256704494,0.2223186928862093,-0.8328172182230836
2021-12-28,-0.009671659238531286,0.2201685022462582,-0.8344341531189796
2021-12-29,-0.00434597163030227,0.21921165618160982,-0.8351536975924716
2021-12-30,-0.003348090593512814,0.2184777156975598,-0.8357056179469375
2021-12-31,0.0004238165496690511,0.21857031016920633,-0.8356359872688058
2022-01-03,-0.005374483273727254,0.21739560769306857,-0.8365193589060324
2022-01-04,0.004366904579972263,0.2183449535679693,-0.8358054545457023
2022-01-05,-0.019806642429307842,0.2140202731464047,-0.8390575971963583
2022-01-06,0.011239847151232404,0.21642582830383533,-0.8372486291886932
2022-01-07,-0.014530789989017532,0.21328099004455311,-0.8396135351783771
2022-01-10,0.0032680312744798306,0.2139779989902707,-0.8390893871953368
2022-01-11,0.006661462464474318,0.2154034053987677,-0.838017487188003
2022-01-12,0.006079531422034927,0.21671295717030287,-0.8370327094115422
2022-01-13,-0.017571265040634786,0.21290503636212374,-0.8398962508674261
2022-01-14,-0.002475819283710047,0.21237792196749938,-0.8402926388169228
2022-01-18,-0.010809592991867449,0.21008220307057213,-0.8420190103891171
2022-01-19,-0.015269905522215048,0.2068742676777857,-0.8444313651747813
2022-01-20,-0.009104047698962142,0.20499087447715927,-0.8458476694466925
2022-01-21,-0.008870054931271583,0.20317259416013747,-0.847215009086484
2022-01-24,0.011046073722934677,0.20541685361371026,-0.8455273348130953
2022-01-25,-0.003724609064125465,0.2046517561388165,-0.84610268510201
2022-01-26,0.0072658841873923545,0.2061387320976676,-0.8449844850352106
2022-01-27,-0.006941314227954614,0.2047078583836255,-0.8460604964347894
2022-01-28,0.0032806090553407783,0.20537942483753827,-0.8455554811054187
2022-01-31,0.008951944886055998,0.2072179701294138,-0.844172902284321
2022-02-01,0.009096678001308854,0.2091029652797659,-0.8427553933525229
2022-02-02,0.013699109953257469,0.21196748979268562,-0.8406012821965024
2022-02-03,-0.005996325638021372,0.21069646369921471,-0.8415570888147352
2022-02-04,-9.057431834874293e-05,0.21067738001063668,-0.8415714396734131
2022-02-07,-0.004319113790279114,0.20976744043333287,-0.8422557106530937
2022-02-08,-0.001602603257950219,0.20943126644988252,-0.8425085121651241
2022-02-09,0.006125226073039138,0.21071408030365094,-0.8415438411975562
2022-02-10,-0.004963498385226312,0.2096682013063193,-0.8423303380859013
2022-02-11,-0.0045068073299063096,0.20872326711982372,-0.8430409248739196
2022-02-14,-0.008310152230502148,0.20698874499601022,-0.8443452786821761
2022-02-15,0.005025455835275079,0.2080289577923867,-0.8435630427546414
2022-02-16,0.0014552615419392608,0.20833169433427165,-0.8433353860670243
2022-02-17,-0.01008967721882959,0.20622969478398698,-0.8449160814532205
2022-02-18,-0.001527455029660729,0.2059146881994238,-0.8451529651646242
2022-02-22,-0.006027638691743002,0.20467350885763474,-0.8460863271430996
2022-02-23,0.0016401666170532247,0.20500920751425816,-0.8458338830749718
2022-02-24,0.014976742695517513,0.20807957766541113,-0.8435249768094185
2022-02-25,0.004362962480305983,0.20898742105568321,-0.842842282154133
2022-02-28,0.011050189645451737,0.2112967716918624,-0.8411056595676898
2022-03-01,-0.0009186571846869894,0.2111026623944465,-0.8412516289951341
2022-03-02,0.008569003170127067,0.21291160177772678,-0.8398913137007409
2022-03-03,0.005063010966807543,0.21398957555248796,-0.8390806816661266
2022-03-04,0.007422472694488806,0.21557790733393153,-0.8378862624197776
2022-03-07,0.007999987579811064,0.21730252791508467,-0.8365893545326191
2022-03-08,0.007261660313585087,0.21888050505808737,-0.8354027219336113
2022-03-09,-0.0049641230042364185,0.21779395530774964,-0.8362198030680954
2022-03-10,0.011634209229090307,0.22032781575263113,-0.8343143499894079
2022-03-11,0.00809294353891768,0.22211091632557023,-0.8329734653786633
2022-03-14,0.003287971449553074,0.22284121067708276,-0.8324242869015106
2022-03-15,-0.011931340806232498,0.22018241624682103,-0.8344236898453361
2022-03-16,-0.010658640805823131,0.21783557096028794,-0.8361885082612283
2022-03-17,0.004709276957246638,0.21886141899507985,-0.8354170745778506
2022-03-18,-0.0028423414200020886,0.21823934011862972,-0.8358848754438032
2022-03-21,0.013015970953214257,0.22107993703046244,-0.8337487577495966
2022-03-22,-0.005303092598612975,0.2199075296526944,-0.8346304034818849
2022-03-23,0.008684350955665844,0.22181728381799187,-0.8331942758683247
2022-03-24,-0.0022199372191083282,0.2213248633738028,-0.833564574103685
2022-03-25,0.00590304334161134,0.22263135363487457,-0.8325820985710395
2022-03-28,-0.0102433684748491,0.22035085864553813,-0.8342970218246623
2022-03-29,-0.008181166783634805,0.21854813152004185,-0.8356526655256598
2022-03-30,0.0023956736631460494,0.2190717015228542,-0.8352589429448513
2022-03-31,-0.0041783554349222206,0.21815634208815854,-0.8359472896359524
2022-04-01,0.0015316144930376347,0.21849047350344886,-0.8356960241271367
2022-04-04,-0.011244477473714763,0.21603366229591806,-0.837543536482681
2022-04-05,0.007758307637236783,0.2177097179080087,-0.8362831492610561
2022-04-06,0.019137933528779252,0.22187623201790146,-0.8331499470540731
2022-04-07,0.009945772447154475,0.22408296253298357,-0.8314904943946773
2022-04-08,0.0125122329574834,0.22688674076199927,-0.829382064204993
2022-04-11,-0.008210377893322216,0.22502391488135903,-0.8307829019332487
2022-04-12,0.004411601793707498,0.2260166307878767,-0.8300363834798914
2022-04-13,-0.0030681039656424297,0.2253231882666553,-0.8305578495257516
2022-04-14,0.007948715229479437,0.22711421812478533,-0.8292110021237613
2022-04-18,0.004902555782359376,0.22822765824810903,-0.8283736995346598
2022-04-19,-0.018848832367554694,0.22392583337615085,-0.8316086549019945
2022-04-20,0.012659663698920638,0.22676065912019347,-0.8294768771032448
2022-04-21,-0.007106746962878299,0.22514912849469076,-0.8306887417889919
2022-04-22,-0.0022556164453134777,0.22464127841781015,-0.8310706430473893
2022-04-25,-0.009592762178138644,0.22248634805855508,-0.8326911421935417
2022-04-26,0.017469766135053695,0.22637313252738023,-0.8297682955753398
2022-04-27,0.0026515853368002697,0.2269733802062354,-0.8293169116840289
2022-04-28,-0.006818508889769943,0.22542576019555804,-0.8304807158390447
2022-04-29,-0.0022988757070549794,0.22490753439170008,-0.8308704196032797
2022-05-02,-0.0140513605943779,0.22174727752556983,-0.8332469203246098
2022-05-03,0.005670117674940618,0.22300461068323751,-0.8323014107401916
2022-05-04,-0.0009352408382483487,0.22279604766420888,-0.8324582493093841
2022-05-05,0.012525597853250916,0.2255867013605445,-0.8303596887166037
2022-05-06,0.016032723264252917,0.22920347051555381,-0.8276398925513353
2022-05-09,-0.024979243467755218,0.22347814122189133,-0.8319453176394239
2022-05-10,0.010049776082410923,0.22572404650048475,-0.8302564057120995
2022-05-11,0.015194772262722011,0.22915387198127968,-0.8276771904538389
2022-05-12,-0.017258714799820607,0.22519897065948016,-0.8306512606773
2022-05-13,-0.0011096932943794006,0.2249490688718382,-0.830839185837738
2022-05-16,0.011662800387321263,0.22757260495940423,-0.8288662970288068
2022-05-17,-0.011738791924996274,0.2249011775019564,-0.8308751999593397
2022-05-18,-0.002394873343838384,0.2243625676669591,-0.831280232434739
2022-05-19,-0.00045137131724164447,0.22426129683925156,-0.8313563876984698
2022-05-20,-0.0014592219269703663,0.22393404983753293,-0.8316024761553835
2022-05-23,0.011730001060325769,0.22656079647957025,-0.82962717302213
2022-05-24,0.015007796444056146,0.2299609747953389,-0.8270702523152477
2022-05-25,-0.008858180885329397,0.2279239388840351,-0.8286020953006936
2022-05-26,-0.007994235094106326,0.22610186133302138,-0.8299722904454971
2022-05-27,0.002383967018356728,0.22664088071322838,-0.8295669499937124
2022-05-31,-0.007127616624464424,0.22502547140407353,-0.8307817314342953
2022-06-01,0.008740358123064963,0.22699227461095664,-0.8293027031660661
2022-06-02,-0.01927568482548229,0.22261684306773652,-0.8325930104603989
2022-06-03,0.012456891307928228,0.2253899568851454,-0.8305076397875166
2022-06-06,-0.002665064083867241,0.2247892782061864,-0.8309593477892088
2022-06-07,0.007704940751177322,0.22652126627626498,-0.8296568995793843
2022-06-08,-0.0024535143505141823,0.22596549309875952,-0.8300748388207773
2022-06-09,-0.0008097183100213786,0.22578252470156443,-0.8302124303351175
2022-06-10,0.018735080074608487,0.2300125783812955,-0.8270314466217727
2022-06-13,0.003251210398457228,0.2307603976679047,-0.8264690894624234
2022-06-14,0.0006952206374173568,0.23092082705866207,-0.8263484471921878
2022-06-15,-0.0141967349600106,0.2276425052801638,-0.8288137322627946
2022-06-16,0.011638327602180153,0.23029188333279535,-0.8268214103978745
2022-06-17,-0.02132226874510487,0.22538153790655716,-0.8305139708262692
2022-06-21,0.01336900185303217,0.22839466410446915,-0.8282481117881826
2022-06-22,-0.012563589879751483,0.225525207213937,-0.8304059320727488
2022-06-23,-0.01709100802000239,0.2216707540887309,-0.8333044656478382
2022-06-24,-0.014943857186490783,0.21835813799720719,-0.8357955399068228
2022-06-27,0.018833336162021867,0.22247055021382175,-0.8327030221105847
2022-06-28,0.01360187354862867,0.225496566506124,-0.8304274697722651
2022-06-29,0.001801009903545307,0.225902688055617,-0.8301220679659557
2022-06-30,0.006646464469935393,0.22740414224544153,-0.8289929803264653
2022-07-01,-0.006265466487434589,0.22597934921309892,-0.8300644190773458
2022-07-05,-0.0336733815725377,0.21836986035953249,-0.8357867247365053
2022-07-06,0.008448149793760285,0.22021468165029234,-0.8343994263889554
2022-07-07,-0.002243114807857003,0.21972071483697506,-0.8347708874878119
2022-07-08,0.008132985390987923,0.2215077002008416,-0.8334270815295843
2022-07-11,0.012632035621323149,0.224305793360176,-0.8313229264899182
2022-07-12,-0.014444582712905598,0.22106578977500102,-0.8337593964300055
2022-07-13,0.001695541664700118,0.22144061603220438,-0.8334775285602877
2022-07-14,0.0007621274416820594,0.2216093820023855,-0.8333506172151468
2022-07-15,-0.008686538095320991,0.21968436366334124,-0.8347982234272692
2022-07-18,-0.000831313507714726,0.2195017370843942,-0.8349355578956326
2022-07-19,-0.016436279989348608,0.2158939450755267,-0.8376486032823456
2022-07-20,-0.014821844473277269,0.21269399859889498,-0.840054950434514
2022-07-21,-0.008655885509830543,0.21085294369839488,-0.841439416471417
2022-07-22,0.006097873477590076,0.2121386982714451,-0.8404725340945268
2022-07-25,0.020320030999697796,0.21644936319655642,-0.8372309310420244
2022-07-26,0.013249251839440949,0.2193171553200342,-0.8350743626557289
2022-07-27,-0.013495600727117182,0.21635733855922787,-0.8373001332069925
2022-07-28,-0.002237819153709963,0.21587316996295433,-0.8376642260852079
2022-07-29,0.005849224129150489,0.21713586051753786,-0.8367146877594012
2022-08-01,-0.007874274538338338,0.21542607313970444,-0.8380004411360619
2022-08-02,0.008313158766437876,0.21721694428814503,-0.8366537130831331
2022-08-03,-0.021517286442118057,0.21254302507781542,-0.8401684819279798
2022-08-04,-0.013325877573779643,0.20971070274646766,-0.8422983771702388
2022-08-05,0.010966433687524682,0.212010481261701,-0.8405689527810613
2022-08-08,-1.8624727490262445e-05,0.21200653262426242,-0.8405719221408692
2022-08-09,0.030517687900412288,0.21847648181973825,-0.8357065458182016
2022-08-10,-0.027129302512829558,0.21254936725251186,-0.8401637126375773
2022-08-11,0.00300866492448856,0.21318885707848673,-0.8396828188061295
2022-08-12,-0.0027731610742464112,0.2125976500385736,-0.8401274041725493
2022-08-15,-0.002197123518105741,0.21213054674177984,-0.8404786640127424
2022-08-16,-0.0005862256958666872,0.21200619036440158,-0.840572179518937
2022-08-17,0.019352059731592822,0.2161089468238009,-0.8374869228141099
2022-08-18,0.005323004707806713,0.21725929576514316,-0.8366218649391692
2022-08-19,0.022951992794414622,0.2222458295560643,-0.8328720111604881
2022-08-22,0.01913289048662549,0.22649803467406973,-0.8296743696527717
2022-08-23,0.0036155264063448315,0.22731694429941904,-0.8290585528385741
2022-08-24,0.0005781141921948073,0.22744835945104488,-0.8289597291619357
2022-08-25,-0.014271599071756411,0.2242023076554308,-0.8314007473324612
2022-08-26,0.025936441062367532,0.23001731759398267,-0.8270278827524904
2022-08-29,0.009306029731195799,0.23215786559020216,-0.8254181990867172
2022-08-30,-0.009450780904626751,0.22996379246722337,-0.8270681334370837
2022-08-31,0.0019760202983678376,0.23041820558902826,-0.8267264165585209
2022-09-01,-0.003094447857858621,0.22970518846633167,-0.8272626026276249
2022-09-02,0.008565179448199903,0.23167265462572842,-0.8257830758217154
2022-09-06,0.00017787146209046986,0.23171386257953305,-0.8257520876026909
2022-09-07,-0.013906010360101279,0.22849164720592297,-0.8281751808777139
2022-09-08,-0.003826309728872829,0.22761736739325275,-0.8288326358547833
2022-09-09,-0.005657203175183473,0.22632968969970874,-0.8298009644107134
2022-09-12,-0.006688008115978266,0.22481599489811024,-0.8309392569420663
2022-09-13,0.01747615763000082,0.2287449146626951,-0.8279847247473408
2022-09-14,0.008452252957426892,0.23067832454414922,-0.8265308081283638
2022-09-15,-0.005908567219119412,0.22931534615758628,-0.8275557625089838
2022-09-16,0.0059085471081935514,0.23067026668299012,-0.8265368676082315
2022-09-19,0.004555371502095642,0.2317210554422186,-0.8257466785982698
2022-09-20,0.008836353605118034,0.23376862462585724,-0.8242069146334978
2022-09-21,0.004949297305906062,0.23492561504992335,-0.8233368623896965
2022-09-22,0.011965528593838513,0.2377366242142283,-0.8212229945651431
2022-09-23,-0.016874405882158765,0.23372495992418318,-0.8242397503172478
2022-09-26,-0.00166380596608439,0.23333608694143848,-0.8245321812692705
2022-09-27,0.003199823930108952,0.23408272133619168,-0.8239707151439318
2022-09-28,-0.007141373870550436,0.23241104910649404,-0.8252278060792547
2022-09-29,0.0071137401610303725,0.23406436092039012,-0.8239845221043293
2022-09-30,0.011934718847702166,0.23685785326024206,-0.8218838268628005
2022-10-03,0.004620743557532888,0.2379523126597454,-0.8210607977032844
2022-10-04,-0.012041981012794311,0.23508689542874625,-0.823215580179786
2022-10-05,0.0014938957659149578,0.23543809074644934,-0.8229514826835369
2022-10-06,0.0018925166969905951,0.23588366126429455,-0.8226164154083381
2022-10-07,0.01756938947543137,0.24002799317993767,-0.819499894124099
2022-10-10,0.011074474387354748,0.24268617704265705,-0.8175009503246615
2022-10-11,0.011386633343237137,0.2454495555581137,-0.8154229005605192
2022-10-12,-0.0073170587839207655,0.24365358673160778,-0.8167734620472835
2022-10-13,0.0009305540408031549,0.24388031956129705,-0.8166029598520093
2022-10-14,-0.004782253187600111,0.2427140221256821,-0.8174800109318534
2022-10-17,-0.009630849901596471,0.2403764798095769,-0.8192378335506098
2022-10-18,0.0008944138017431955,0.24059147585073307,-0.8190761573741043
2022-10-19,0.01567833783725788,0.24436355028988532,-0.8162395722466007
2022-10-20,-0.0012254660711473432,0.24406409104997995,-0.816464764416032
2022-10-21,0.0005727801480310834,0.24420388611618063,-0.8163596390766253
2022-10-24,0.0022308158320368146,0.2447486600115735,-0.8159499712520765
2022-10-25,-0.018534807441257208,0.24021229072675324,-0.8193613030944771
2022-10-26,0.004368308749701865,0.24126161217812087,-0.81857221749425
2022-10-27,0.015861356755129064,0.24508834868019563,-0.8156945267106344
2022-10-28,-0.004207393681081672,0.24405716551065182,-0.8164699723943407
2022-10-31,0.005619906435788999,0.24542874394580552,-0.8154385508110392
2022-11-01,0.0027300427533567236,0.2460987749096802,-0.8149346901641319
2022-11-02,0.014244962697790194,0.2496044427782405,-0.8122984417288649
2022-11-03,0.018919687371646232,0.25432688080217875,-0.8087471869272043
2022-11-04,-0.014436855415606943,0.2506552003957354,-0.8115082761373642
2022-11-07,-0.005415275554156178,0.24929783341651027,-0.8125290107617583
2022-11-08,0.005889757076119111,0.25076613709493634,-0.8114248521763254
2022-11-09,-0.000664831333374047,0.25059941990964646,-0.8115502228432941
2022-11-10,-0.06117633266587148,0.2352686664313795,-0.8230788891014422
2022-11-11,-0.04821032308400818,0.22392628801117895,-0.8316083130182432
2022-11-14,0.01242435813135956,0.22670842840845581,-0.8295161543928381
2022-11-15,-0.010942735728795254,0.2242276179888916,-0.831381714061346
2022-11-16,0.026269012810539037,0.23011785615831842,-0.8269522781479324
2022-11-17,0.010666731466829551,0.23257246153568173,-0.8251064245679898
2022-11-18,0.007771477151415302,0.2343798931065547,-0.8237472431425906
2022-11-21,0.007970465565633304,0.23624800997383733,-0.8223424266132107
2022-11-22,7.388625772544123e-05,0.23626546545518937,-0.8223293001599565
2022-11-23,-0.011703963886371016,0.2335002229799052,-0.8244087516145506
2022-11-25,0.0040871300056808165,0.23445456874757953,-0.8236910873545396
2022-11-28,0.00875696972874391,0.2365076803088678,-0.8221471555435955
2022-11-29,-0.0005713223412926105,0.23637255818722003,-0.8222487668470959
2022-11-30,-0.013860481700925301,0.23309632066986516,-0.8247124845615286
2022-12-01,-0.007112656923883691,0.23143838651072082,-0.8259592445218824
2022-12-02,0.007775100284449145,0.23323784317551277,-0.8246060601944588
2022-12-05,0.003840136168772712,0.2341335082530176,-0.823932523582428
2022-12-06,0.0074697575073217354,0.23588242878400614,-0.8226173422286627
2022-12-07,0.0040710962074953375,0.2368427288452435,-0.8218952003633343
2022-12-08,-0.011893528833553685,0.23402583302070507,-0.8240134949332073
2022-12-09,-0.009939993754108785,0.23169961770217914,-0.8257627996943786
2022-12-12,-0.0013848975030658452,0.2313787374801621,-0.8260041003580231
2022-12-13,-0.01929751043793283,0.22691370387852297,-0.8293617880475216
2022-12-14,0.007596968313594033,0.22863756009680838,-0.8280654549582303
2022-12-15,0.015777385269168644,0.23224486296945845,-0.825352777400027
2022-12-16,0.007449949640162829,0.23397507550276742,-0.824051664386863
2022-12-19,0.009186604345640205,0.23612451194815262,-0.8224352966423112
2022-12-20,0.005399643059781719,0.23739950003033783,-0.8214765106241636
2022-12-21,-0.004332474397418296,0.23637097277449648,-0.8222499590712222
2022-12-22,0.006113426242662976,0.23781600928245986,-0.8211632973063738
2022-12-23,0.00522341636410195,0.23905822131699125,-0.8202291587470218
2022-12-27,0.0050319714616501926,0.24026115546433122,-0.8193245570042
2022-12-28,-0.00046859774787956054,0.2401485696279777,-0.819409221109885
2022-12-29,-0.02474734593393302,0.23420552989985494,-0.8238783635875571
2022-12-30,0.0022663455673965034,0.23473632056440324,-0.8234792110975511
2023-01-03,-0.01888454278250861,0.2303034324760961,-0.8268127254875816
2023-01-04,-0.020661415930148117,0.2255450374675667,-0.8303910198000914
2023-01-05,0.011486586313830864,0.22813578000809415,-0.8284427916094244
2023-01-06,-0.005063190279851431,0.22698068514427083,-0.8293114183993859
2023-01-09,-0.011449664657000293,0.22438183241575277,-0.8312657454194919
2023-01-10,-0.004810236007677887,0.22330250284599776,-0.8320773970066038
2023-01-11,-0.016087154295540123,0.2197102010281339,-0.8347787938306673
2023-01-12,0.0021857351378609447,0.2201904293346676,-0.8344176640348232
2023-01-13,-5.580041074780421e-05,0.22017814261826799,-0.8344269035971826
2023-01-17,-0.00596490570044354,0.21886480076025122,-0.8354145315037559
2023-01-18,-0.0076083804298605895,0.2171995940933616,-0.8366667603613022
2023-01-19,0.009389494147927314,0.2192389884110334,-0.8351331438635526
2023-01-20,-0.021053278792041927,0.21462328886593068,-0.8386041317493607
2023-01-23,-0.023491025438387447,0.20958156772751074,-0.8423954861960871
2023-01-24,0.014360041759295042,0.21259116779205633,-0.8401322787964095
2023-01-25,0.001259435838773218,0.2128589127277803,-0.8399309356588627
2023-01-26,-1.398837681614788e-05,0.21285593517710039,-0.8399331747652513
2023-01-27,-0.01511065366092536,0.20963954286096684,-0.8423518891239774
2023-01-30,0.011539850036855648,0.21205875174737734,-0.8405326535658746
2023-01-31,-0.010773625233575192,0.20977411022855136,-0.8422506949933486
2023-02-01,-0.029101644930197127,0.203669338557132,-0.8468414592556375
2023-02-02,-0.046439840321519224,0.19421096699614934,-0.8539541174316826
2023-02-03,0.024966466715942492,0.1990597286395297,-0.8503078677655402
2023-02-06,0.017938230418500515,0.20263050791890977,-0.8476226558056819
2023-02-07,-0.007326197176967491,0.20114599686382675,-0.8487390022745521
2023-02-08,0.009332574981710078,0.20302320696182924,-0.8473273476714711
2023-02-09,0.005641122767242247,0.20416848579690014,-0.8464661024964854
2023-02-10,0.021891117205399543,0.20863796204912902,-0.8431050739512341
2023-02-13,-0.008756652290202243,0.20681099196092836,-0.8444789482647401
2023-02-14,-0.006735728789500755,0.20541796920839192,-0.8455264958902868
2023-02-15,-0.01068023572621231,0.20322405687484646,-0.8471763093276325
2023-02-16,0.007772452307170383,0.20480360616457585,-0.8459884944804759
2023-02-17,0.005392514760902174,0.20590801263390432,-0.8451579851636131
2023-02-21,0.017928139309991573,0.20959956016944845,-0.8423819559505865
2023-02-22,-6.719581906826366e-05,0.20958547595532653,-0.8423925472241564
2023-02-23,0.0009849877459379218,0.2097919150808691,-0.8422373058145036
2023-02-24,0.018071177195256888,0.21358310195242777,-0.8393863482130764
2023-02-27,-0.0006526588039388074,0.21344370506056595,-0.839491174126948
2023-02-28,-0.008285519822708812,0.21167521301125422,-0.8408210731854389
2023-03-01,0.014519399319887081,0.2147486099550868,-0.8385098907837072
2023-03-02,-0.005451438434504476,0.21357792112902121,-0.8393902441718811
2023-03-03,-0.0027065759633392947,0.21299985626139342,-0.8398249466764833
2023-03-06,0.0036017730386764825,0.2137670334009177,-0.8392480324879541
2023-03-07,0.005287060676187767,0.214897232677077,-0.8383981270819014
2023-03-08,-0.008948830735263126,0.21297415371637338,-0.8398442748891469
2023-03-09,0.003222258314055594,0.2136604114538649,-0.8393282117723649
2023-03-10,0.005955611106256434,0.21493288977328687,-0.8383713130859343
2023-03-13,-0.0036756014010871797,0.21414288214249647,-0.8389653957140115
2023-03-14,-0.0014132898024138319,0.21384023619090498,-0.8391929842780846
2023-03-15,-0.026429600248094348,0.20818852423142128,-0.8434430494207039
2023-03-16,-0.0016416414723646776,0.20784675331597258,-0.8437000598035618
2023-03-17,-0.005395482414826404,0.20672531981347747,-0.8445433733823302
2023-03-20,0.011928464594336913,0.20919123547162552,-0.8426890145157662
2023-03-21,0.003669338949684608,0.20995882901987423,-0.8421117871895156
2023-03-22,0.0031591259801262684,0.21062211541138778,-0.8416129984344703
2023-03-23,-0.009170251800065907,0.2086906575784028,-0.8430654471206837
2023-03-24,-0.0012414570090464613,0.2084315770988296,-0.8432602746213173
2023-03-27,0.006370179779318762,0.20975932371663608,-0.842261814392094
2023-03-28,0.006659387420140808,0.2111561923182519,-0.8412113747031809
2023-03-29,-0.010313830195149757,0.20897836320602706,-0.8428490936214135
2023-03-30,-0.004141400156991053,0.20811290017983788,-0.8434999184097611
2023-03-31,-0.00599893322325057,0.206864444788762,-0.8444387519486543
2023-04-03,0.013276544851535657,0.20961088986818804,-0.8423734360617396
2023-04-04,-0.012536659199382153,0.20698306957743134,-0.8443495465746033
2023-04-05,-0.0015597142990335369,0.20666023512415357,-0.8445923168124618
2023-04-06,-0.0042459212742487346,0.20578277203529868,-0.8452521656006895
2023-04-10,0.002421055601666273,0.20628098356826113,-0.8448775124893714
2023-04-11,-0.0027896630134961325,0.20570552913801315,-0.8453102519553413
2023-04-12,0.010169380823363555,0.20779742700128914,-0.843737152998005
2023-04-13,-0.00628475849413533,0.2064914703568833,-0.8447192272530186
2023-04-14,0.005487115635122288,0.20762451293239798,-0.8438671836970447
2023-04-17,-0.006216206654362064,0.20633387605349893,-0.8448377375487115
2023-04-18,0.006488282216745158,0.20767262847220894,-0.8438310010005388
2023-04-19,-0.006970065576226124,0.2062251366333704,-0.8449195091645386
2023-04-20,0.013529170412021185,0.20901519165012564,-0.8428213987764458
2023-04-21,-0.003861143373738588,0.20820815402787507,-0.8434282878910536
2023-04-24,0.004402368399484343,0.20912476302568234,-0.842739001533412
2023-04-25,0.006393095365388592,0.2104617175789698,-0.8417336169729589
2023-04-26,-0.005928734488508649,0.20921394593544862,-0.8426719363363828
2023-04-27,-0.001994383327122569,0.20879669312987345,-0.842985708803442
2023-04-28,-0.007490560361372214,0.20723268889672922,-0.8441618338292479
2023-05-01,0.010201229506196221,0.2093467171173509,-0.8425720929303153
2023-05-02,0.017299099488845577,0.21296822680442715,-0.8398487319035961
2023-05-03,-0.004594070262258532,0.21198983580685898,-0.8405844780818208
2023-05-04,-0.002656481790897078,0.21142668866818282,-0.8410079625129828
2023-05-05,-0.008208985168476434,0.2096910901166856,-0.8423131257906196
2023-05-08,0.006142820225732065,0.2109791847862102,-0.8413444836703937
2023-05-09,0.004663336624894551,0.21196305174571412,-0.8406046195903524
2023-05-10,0.0003925855822960098,0.21204626538380894,-0.8405420432621189
2023-05-11,0.006440982637766335,0.21341205169754923,-0.8395149773313165
2023-05-12,0.007376477800293952,0.2149862809592114,-0.8383311631243213
2023-05-15,-0.011185223102922436,0.21258161144261506,-0.8401394651335657
2023-05-16,0.007546723902974761,0.21418590617102193,-0.8389330418139469
2023-05-17,-0.013825561118128334,0.21122466583461275,-0.8411598828884592
2023-05-18,-0.0001964093402160251,0.2111831793373588,-0.841191080571061
2023-05-19,0.0033657507428270163,0.2118939692800861,-0.8406565693325254
2023-05-22,-0.015070922858178602,0.20870053161495267,-0.8430580218840724
2023-05-23,-0.010890531014298857,0.20642767200269937,-0.8447672033641894
2023-05-24,0.010448971931138952,0.20858462895326593,-0.8431451802293496
2023-05-25,0.00698776048537371,0.2100421683813219,-0.8420491163178159
2023-05-26,-0.011279465652243076,0.20767300495754212,-0.8438307178850505
2023-05-30,-0.0033384425716261627,0.20697970055681433,-0.8443520800648433
2023-05-31,-0.00050934800356979,0.20687427585955623,-0.8444313590221221
2023-06-01,-0.0014875150734637672,0.20656654725590323,-0.844662769720535
2023-06-02,-0.006208919424713781,0.20528399220815,-0.8456272460669984
2023-06-05,0.006503052665147688,0.20661896482079137,-0.8446233519181081
2023-06-06,-0.006485085314248893,0.20527902320638675,-0.8456309827367613
2023-06-07,-0.013939279693219167,0.2024175814867621,-0.847782775644361
2023-06-08,0.00903010447579681,0.20424543339532567,-0.8464082382054137
2023-06-09,0.004273405906377117,0.2051182570367478,-0.8457518782633899
2023-06-12,0.0016986008657662928,0.20546667108573488,-0.8454898722702653
2023-06-13,-0.003929151043278496,0.2046593615006794,-0.8460969658998316
2023-06-14,0.0028200970037100172,0.20523652075282867,-0.8456629444145038
2023-06-15,0.0005231671676748,0.20534389376209436,-0.8455822003342659
2023-06-16,-0.002338855282882054,0.20486362411136133,-0.8459433612207852
2023-06-20,0.006323861017799475,0.2061591531978443,-0.8449691284482761
2023-06-21,0.012292286997376813,0.20869332067608837,-0.8430634444817088
2023-06-22,0.0067486283132080944,0.21010171432878044,-0.8420043379997607
2023-06-23,0.004882968819604654,0.21112763444879334,-0.8412328501085807
2023-06-26,-0.009789042586852256,0.20906089704391273,-0.842787028500261
2023-06-27,-4.4940287601605766e-05,0.20905150178707332,-0.8427940936964149
2023-06-28,-0.00023175813465268374,0.2090030524009728,-0.8428305274440162
2023-06-29,-0.004331172947656739,0.20809782403443602,-0.8435112556117481
2023-06-30,0.0018351123934128187,0.20847970693036386,-0.8432240811774917
2023-07-03,-0.013571414012484963,0.20565034251441036,-0.8453517520790197
2023-07-05,-0.0028245590404199434,0.20506947098029585,-0.84578856518577
2023-07-06,-0.0006254054006624253,0.20494121942563379,-0.8458850098499466
2023-07-07,-0.012101625269549521,0.20246109758586026,-0.847750051709163
2023-07-10,0.012557002824149847,0.2050034021600264,-0.8458382486784982
2023-07-11,-0.012844648709360291,0.20237020547505716,-0.8478184022186427
2023-07-12,0.00043374204092829074,0.202457981941003,-0.8477523946618293
2023-07-13,-0.0017477591564233335,0.20210413414927464,-0.8480184868081025
2023-07-14,0.014567886145181815,0.20504836416503183,-0.8458044374277505
2023-07-17,0.009911250861062586,0.20708064994092198,-0.8442761665254342
2023-07-18,-0.007265877350089318,0.20557602733687447,-0.8454076367999462
2023-07-19,-0.02081209540833554,0.20129755944227284,-0.8486250278122658
2023-07-20,-0.003404634827191338,0.20061221476076707,-0.8491404043145413
2023-07-21,-0.002156898506503326,0.20017951457436325,-0.8494657931511669
2023-07-24,-0.00757784161063062,0.1986625859192258,-0.8506065175276493
2023-07-25,0.007291305347807877,0.200111095494348,-0.849517244029971
2023-07-26,-0.014024104286493574,0.19730471662225077,-0.8516276298930137
2023-07-27,0.006859521284983072,0.19865813252554868,-0.8506098664621614
2023-07-28,0.0011316154368132447,0.19888293713496308,-0.8504408142809423
2023-07-31,-0.0007974673519316321,0.19872433448574167,-0.8505600828487347
2023-08-01,0.0028228588913585544,0.19928530524027407,-0.8501382350498805
2023-08-02,-0.012956857408428502,0.1967031939566807,-0.8520799725693146
2023-08-03,0.00288992969793169,0.19727165235857413,-0.8516524940891237
2023-08-04,8.277137799902131e-05,0.19728798080507998,-0.8516402151616368
2023-08-07,0.008234704751406982,0.19891258907801107,-0.8504185161365106
2023-08-08,0.0020707347639485185,0.19932448429120192,-0.8501087725578315
2023-08-09,-0.004766089461931913,0.1983744859671166,-0.8508231675573796
2023-08-10,-0.005628790868566739,0.19725787747194828,-0.8516628527496344
2023-08-11,-0.008196381796722144,0.19564107659577717,-0.852878680643135
2023-08-14,0.01712927754595679,0.19899226689617605,-0.8503585987309439
2023-08-15,0.007804612660863745,0.20054532446180792,-0.84919070555601
2023-08-16,-0.0036983488474460237,0.1998036378922239,-0.849748450936301
2023-08-17,-0.014483365934058016,0.1969098086896748,-0.8519245991035497
2023-08-18,0.004862026446976082,0.197867189387193,-0.8512046525882446
2023-08-21,0.006955685677696152,0.1992434913624995,-0.8501696789213448
2023-08-22,0.004964808139103221,0.20023269707007937,-0.849425800123769
2023-08-23,0.0065381368570553095,0.20154184584678086,-0.8484413253978367
2023-08-24,-0.011894613850313493,0.199144583415754,-0.8502440573078947
2023-08-25,0.005474629744525246,0.20023482627558295,-0.8494241989696131
2023-08-28,0.0010183144552312706,0.2004387282936201,-0.8492708654548158
2023-08-29,0.006412949437926003,0.20172413172356926,-0.8483042471361553
2023-08-30,0.0020192529384294206,0.20213146376930421,-0.8479979350414376
2023-08-31,0.0011403296783633868,0.2023619602763714,-0.8478246025755929
2023-09-01,0.007160278148250188,0.2038109281985754,-0.8467349844027136
2023-09-05,-0.0013616344760472145,0.20353341221214505,-0.8469436753319227
2023-09-06,0.008173390217734099,0.20519697021250183,-0.8456926862651183
2023-09-07,0.0023606197307446414,0.2056813622290745,-0.8453284253757175
2023-09-08,-0.0016610636124269895,0.20533971240252136,-0.8455853447002027
2023-09-11,0.003536045846439532,0.20606580303967137,-0.8450393273997006
2023-09-12,-0.010185084794774242,0.20396700536240908,-0.8466176149899898
2023-09-13,-0.004759713026497473,0.20299618095000993,-0.8473476711259572
2023-09-14,-0.004753603110902165,0.2020312176727447,-0.8480733197113793
2023-09-15,-0.01161586816051896,0.199684449683949,-0.8498380799996772
2023-09-18,0.009657357984792897,0.20161287389854327,-0.8483879125825503
2023-09-19,-0.0004338469592313111,0.2015254047662605,-0.8484536890256591
2023-09-20,-0.005826550368655772,0.20035120684482613,-0.849336681239735
2023-09-21,-0.004545358057641221,0.19944053887243585,-0.8500214999696529
2023-09-22,0.007897461592341613,0.2010156128681368,-0.8488370505259863
2023-09-25,0.00334536995681658,0.20168808446027695,-0.8483313545362321
2023-09-26,0.0019623056756600007,0.20208385813312632,-0.8480337342924189
2023-09-27,0.012735112083834505,0.20465741871678542,-0.8460984268656712
2023-09-28,0.005413810279958964,0.20576539515410422,-0.8452652329469347
2023-09-29,-0.010548692604047654,0.20359483925207317,-0.8468974824397364
2023-10-02,0.01376826000578841,0.2063979859347324,-0.8447895271704259
2023-10-03,-0.007331616350707931,0.20488475508630014,-0.8459274708108243
2023-10-04,0.007852021550028109,0.20649351459851,-0.8447176899913635
2023-10-05,-0.0005252101549132253,0.20638506210771915,-0.8447992458374585
2023-10-06,0.009963476000457362,0.20844137472088234,-0.843252906848107
2023-10-09,-0.004141528605647277,0.20757810880487534,-0.8439020794182477
2023-10-10,-0.004214703648926159,0.20670322859225823,-0.8445599858937134
2023-10-11,0.0019626059441823474,0.2071089055773751,-0.8442549183980645
2023-10-12,0.0034198892202161675,0.20781719509096994,-0.8437222874723924
2023-10-13,-0.012300075498300112,0.20526102790150605,-0.8456445151351837
2023-10-16,-0.002122852583816028,0.2048252889980686,-0.8459721890750551
2023-10-17,-0.0013324056066016051,0.20455237863463377,-0.8461774165939041
2023-10-18,-0.005745343101521462,0.20337715503714549,-0.8470611801123344
2023-10-19,-0.0004401114511578646,0.20328764642230973,-0.8471284902382936
2023-10-20,0.0011049477459167294,0.20351226864899677,-0.8469595752081676
2023-10-23,0.010597412602141943,0.20566897212946816,-0.8453377426818414
2023-10-24,-0.0034871627840049294,0.20495177094403372,-0.8458770751496515
2023-10-25,-0.012058997923203727,0.20248025796386268,-0.84773564318034
2023-10-26,-0.009635242567769533,0.20052931156319634,-0.8492027471927228
2023-10-27,0.019743255104252448,0.20448841291726866,-0.8462255185615282
2023-10-30,0.0024601495556506427,0.20499148499544279,-0.845847210339347
2023-10-31,-0.0069946056076713335,0.2035576504049688,-0.8469254483063455
2023-11-01,0.018973635198382563,0.20741987900559253,-0.8440210676043542
2023-11-02,-0.011868141363907719,0.20495819055986952,-0.8458722476238172
2023-11-03,-0.004945960606538653,0.20394447542337296,-0.8466345574154441
2023-11-06,0.008318272689750716,0.20564094118351275,-0.8453588218428414
2023-11-07,0.004190497480515001,0.20650267902943298,-0.84471079837539
2023-11-08,0.004718976073047646,0.20747716023079313,-0.8439779923485208
2023-11-09,0.008045066753510993,0.20914632783467876,-0.8427227848819479
2023-11-10,0.013645824683963305,0.2120003019576055,-0.840576607577665
2023-11-13,0.006635862625765158,0.21340710683801692,-0.8395186958462169
2023-11-14,-0.015693609014435044,0.21005797914239932,-0.842037226687733
2023-11-15,-0.012550062810091411,0.20742173831040134,-0.8440196694144582
2023-11-16,0.0025135983203861227,0.20794311324342993,-0.8436275975174851
2023-11-17,0.002556950194196981,0.20847481342721963,-0.8432277610725903
2023-11-20,0.0050152522563769505,0.20952036720565825,-0.8424415087475724
2023-11-21,-6.340650703201499e-05,0.2095070822510217,-0.8424514989811559
2023-11-22,-0.0014169104175372695,0.20921022948363238,-0.8426747310935169
2023-11-24,-0.002823303762437287,0.20861956545559088,-0.8431189081171471
2023-11-27,0.005500184079899541,0.2097670114682653,-0.8422560332331357
2023-11-28,-0.014267220985359274,0.20677421916020916,-0.8445066012661057
2023-11-29,-0.004887180956996176,0.20576367613393165,-0.8452665256433366
2023-11-30,-0.0003477412844365445,0.20569212360890243,-0.8453203328604547
2023-12-01,-0.011825483120680255,0.20325971487310848,-0.8471494946533258
2023-12-04,-0.009537534138923593,0.20132111840343833,-0.8486073115662215
2023-12-05,0.004508051811021258,0.20222868443585376,-0.8479248254829522
2023-12-06,-0.00810252332987567,0.20059012180224217,-0.8491570181323715
2023-12-07,0.0010274087412847242,0.20079620984679716,-0.8490020407342392
2023-12-08,0.006660729371486639,0.20213365905940692,-0.8479962841919233
2023-12-11,0.006590247021896612,0.20346576980404824,-0.8469945421565019
2023-12-12,0.0043533174762938566,0.20435152089556377,-0.8463284608229035
2023-12-13,-0.023115282912913385,0.19962787767637868,-0.8498806219266448
2023-12-14,-0.017199602650433167,0.1961943575023957,-0.8524626155796368
2023-12-15,0.010003860163323261,0.1981570584196827,-0.850986672217033
2023-12-18,0.005316908981739308,0.19921064146338935,-0.8501943819161448
2023-12-19,-0.0017566993271041897,0.1988606882635786,-0.8504575453446293
2023-12-20,0.002014000020926416,0.19926119369390288,-0.8501563668378239
2023-12-21,0.0039990672753965435,0.2000580526128606,-0.8495571320680185
2023-12-22,-0.0032073430796815557,0.19941639780227818,-0.8500396539593676
2023-12-26,-0.0025018360663669305,0.19891749066603148,-0.8504148301616169
2023-12-27,0.00013150921713304205,0.19894365014950302,-0.8503951583330368
2023-12-28,-0.003031069719576142,0.19834063807563293,-0.8508486210385156
2023-12-29,0.003494025462143901,0.19903364531524706,-0.8503274823227102
2024-01-02,-0.023449648553304517,0.19436637628232145,-0.8538372502603309
2024-01-03,0.003940187153169491,0.19513221618115714,-0.8532613416715347
2024-01-04,0.0008566917148744279,0.19529938433406463,-0.8531356318786929
2024-01-05,-0.0029251102593181306,0.19472811210131055,-0.8535652263486129
2024-01-08,0.009600355444729522,0.19659757119256427,-0.852159400472091
2024-01-09,0.0067194986214012,0.19791860830116353,-0.8511659857673761
2024-01-10,0.010329498683857212,0.19996300830512123,-0.8496286050132471
2024-01-11,0.011090727676675193,0.20218074357564206,-0.8479608768210872
2024-01-12,0.0009714596588493904,0.202377154011822,-0.847813176946352
2024-01-16,0.012881859967805836,0.20498414817048535,-0.8458527276028297
2024-01-17,0.005908082471194741,0.2061952114231642,-0.8449420128047975
2024-01-18,0.014710431497850765,0.2092284319559895,-0.8426610429059679
2024-01-19,0.006407443769914923,0.21056905136881496,-0.8416529023855708
2024-01-22,0.00542860798327423,0.21171214820210618,-0.8407932980673328
2024-01-23,-0.006739528956729246,0.21028530804880674,-0.8418662762451133
2024-01-24,0.0060995178913327815,0.21156794704753487,-0.8409017367678474
2024-01-25,0.0020375473420746557,0.21199902675570975,-0.84057756652447
2024-01-26,-0.011171557275476697,0.209630667485963,-0.8423585633710378
2024-01-29,0.0022952317140074335,0.21011181844220536,-0.8419967397462453
2024-01-30,0.0007679932375905038,0.21027318289790684,-0.8418753943108531
2024-01-31,0.004770484967929036,0.21127628795607992,-0.8411210632563533
2024-02-01,0.009292143295470514,0.21323949749870288,-0.8396447374094994
2024-02-02,0.017404774047749216,0.21695088277072339,-0.8368537902967442
2024-02-05,0.0128600910584882,0.21974089087837428,-0.8347557151841132
2024-02-06,-0.009474847835774557,0.21765887937400413,-0.8363213796384751
2024-02-07,0.01211718224967199,0.22029629168363832,-0.8343380559651796
2024-02-08,0.009527858129031909,0.22239524349715184,-0.8327596524650362
2024-02-09,0.008122363123808712,0.22420161842184358,-0.8314012656334053
2024-02-12,-0.010662812293908745,0.22181099864862092,-0.8331990022909468
2024-02-13,0.0020291767437615304,0.2222610923685892,-0.8328605335855594
2024-02-14,0.008768658109677595,0.22421002389865283,-0.8313949447479373
2024-02-15,-0.0147065073826998,0.220912677526912,-0.8338745362377622
2024-02-16,-0.007371975668019998,0.21928411464342645,-0.835099209114456
2024-02-20,-0.003055370080105598,0.2186141205205025,-0.8356030420571134
2024-02-21,-0.00755892931351007,0.21696163183655284,-0.8368457070415598
2024-02-22,0.02671005587444094,0.22275668914551705,-0.8324878467604849
2024-02-23,-0.0008284593483987991,0.2225721442839761,-0.8326266237698066
2024-02-26,0.012754393845064459,0.22541091707111444,-0.8304918778101886
2024-02-27,-0.0007902893806351253,0.2252327772170739,-0.8306258382790865
2024-02-28,0.005506954910814145,0.22647312396564578,-0.8296931024074325
2024-02-29,0.006731327947054746,0.2279975888342525,-0.8285467108280915
2024-03-01,0.01783320265155572,0.2320635160399998,-0.8254891495770131
2024-03-04,-0.0007800381165890941,0.23188249765201893,-0.8256252746921015
2024-03-05,-0.011462543525965187,0.22922453442977314,-0.8276240525707714
2024-03-06,0.0018180602197678905,0.22964127843721474,-0.8273106627179055
2024-03-07,0.005607973513448342,0.23092910064428507,-0.8263422254883726
2024-03-08,-0.014102950264700062,0.2276723190232268,-0.8287913124453886
2024-03-11,-0.01623472247541847,0.22397612210854978,-0.8315708379732183
2024-03-12,0.01970110316035884,0.22838869879566745,-0.828252597676916
2024-03-13,-0.0061553107060507315,0.22698289539282948,-0.8293097563011715
2024-03-14,0.004986436235074177,0.22811473112715835,-0.8284586202850182
2024-03-15,-0.010998618829868622,0.22560578415001278,-0.8303453385340529
2024-03-18,0.0067503907283185125,0.22712871134359408,-0.8292001032802772
2024-03-19,0.000926275742730941,0.22733909515938938,-0.8290418954790848
2024-03-20,0.0037025899772123796,0.22818083861455504,-0.8284089077147624
2024-03-21,0.005746310920954732,0.2294920366594385,-0.8274228919472252
2024-03-22,0.006772693559048663,0.2310463158979748,-0.826254080079077
2024-03-25,-0.004312188228871981,0.2300500006942353,-0.8270033051897745
2024-03-26,0.00910645880379294,0.23214494154836993,-0.8254279179152928
2024-03-27,-0.015169666933486725,0.22862338010478742,-0.8280761182564031
2024-03-28,-0.008522475391119002,0.22667494297400992,-0.8295413353077086
2024-04-01,0.0038008402221397478,0.22753649821461674,-0.8288934491587339
2024-04-02,-0.004297662263313667,0.22655862319271325,-0.8296288073252902
2024-04-03,0.008458339152460987,0.22847493286559184,-0.8281877499958382
2024-04-04,-0.011705577448060266,0.2258005018439933,-0.8301989115947874
2024-04-05,0.01242323964127274,0.22860567558952086,-0.8280894319821805
2024-04-08,-0.00741736735617002,0.22691002331396795,-0.8293645558175765
2024-04-09,-0.012875528382092058,0.22398843686860778,-0.8315615773221382
2024-04-10,0.0065247564371260875,0.22544990686390803,-0.8304625576395115
2024-04-11,0.008931335019809928,0.22746347551229454,-0.8289483619433882
2024-04-12,0.0022834233233901056,0.2279828709174987,-0.8285577786435456
2024-04-15,-0.006567342054521855,0.22648562942161157,-0.8296836983537805
2024-04-16,0.009537799221287597,0.22864580388154182,-0.8280592556645667
2024-04-17,-0.012824973432955793,0.22571342752120424,-0.8302643911427112
2024-04-18,-0.012885978441177889,0.22280488916028163,-0.8324516005391465
2024-04-19,-0.021891537036316442,0.21792734767735694,-0.8361194925313193
2024-04-22,0.0019804008463573477,0.21835893118114158,-0.8357949434356269
2024-04-23,0.01413121436977609,0.22144460804721747,-0.8334745265807145
2024-04-24,-0.004397549884964973,0.2204707943365733,-0.8342068306571933
2024-04-25,0.005354505554648017,0.22165130642948613,-0.8333190902110245
2024-04-26,0.0070419975503951265,0.22321217438640442,-0.8321453236525929
2024-04-29,-0.007590834413138755,0.22151780773164056,-0.8334194807062171
2024-04-30,-0.003353700945115569,0.22077490325049104,-0.8339781419512104
2024-05-01,-0.004615996561364213,0.21975580705625125,-0.834744498277075
2024-05-02,-0.001803591692752304,0.21935945730821052,-0.835042551727164
2024-05-03,0.006981080611266179,0.22089082336252275,-0.8338909704833426
2024-05-06,0.01505915678936981,0.224217252904872,-0.8313895085637212
2024-05-07,-0.006956573823460258,0.2226574690325458,-0.8325624598948076
2024-05-08,-0.0008491602672576918,0.2224683971566352,-0.8327046412011123
2024-05-09,-0.002796729634179884,0.22184621319763873,-0.8331725210887259
2024-05-10,0.0008465916925750399,0.22203402635876107,-0.8330312863309863
2024-05-13,-0.0129548332725868,0.21915761256644217,-0.8351943381783067
2024-05-14,0.0030658389716089894,0.21982951451597316,-0.834689070557552
2024-05-15,0.009954358577085622,0.2220177763292918,-0.8330435062891706
2024-05-16,-0.012410357225415962,0.21926245641465278,-0.8351154960172249
2024-05-17,-0.00019202446912445074,0.21922035265786083,-0.835147157876569
2024-05-20,0.009104928816689428,0.2212163383639802,-0.8336461844838062
2024-05-21,0.002171146817225869,0.2216966315129375,-0.833285005926715
2024-05-22,-0.0029803012834947805,0.22103590875749302,-0.8337818668375293
2024-05-23,0.017447101061881083,0.22489234459588972,-0.8308818422699265
2024-05-24,0.010135287162343758,0.2271716930889818,-0.8291677811769657
2024-05-28,0.003383328060669245,0.22794028945279948,-0.8285897997373554
2024-05-29,0.003767216137966967,0.2287989897897189,-0.8279440604647137
2024-05-30,-0.0075345978317820205,0.22707508141733537,-0.8292404327736815
2024-05-31,-0.014500329710159398,0.22378241786782274,-0.8317165027996273
2024-06-03,-0.0045186821591466165,0.22277121624867272,-0.8324769224361054
2024-06-04,-0.008153267171014118,0.2209549030045855,-0.8338427828447944
2024-06-05,0.020523747267058173,0.22548972559126895,-0.8304326141133033
2024-06-06,-0.006625662391276354,0.22399570679679964,-0.8315561103647597
2024-06-07,0.004491791093119822,0.2250018487174866,-0.8307994956016057
2024-06-10,0.008830859262359865,0.2269888083772815,-0.8293053097601433
2024-06-11,-0.00029956400293020967,0.22692081070122364,-0.8293564437448304
2024-06-12,0.01840600411459808,0.2310975160766783,-0.8262155777462681
2024-06-13,0.002241658385017771,0.23161555776134837,-0.8258260124389376
2024-06-14,-0.0039090862529384,0.23071015256853683,-0.826506873579332
2024-06-17,0.014326416509876556,0.23401540230729087,-0.8240213387886288
2024-06-18,0.0086827113843123,0.23604729050500878,-0.8224933668635328
2024-06-20,-0.01518799243249425,0.23246220604310794,-0.825189336264327
2024-06-21,-0.00462449692119823,0.23138718528696664,-0.8259977476405652
2024-06-24,-0.006752991973410034,0.2298246294819738,-0.8271727834541038
2024-06-25,0.013041604423731055,0.2328219113865083,-0.8249188392622577
2024-06-26,-0.0038174375787855164,0.23193312827281676,-0.8255872006645953
2024-06-27,-0.0012653270626195384,0.23163965700889516,-0.8258078898996617
2024-06-28,0.003380480235880545,0.23242271029125988,-0.8252190369142212
2024-07-01,0.0033431469429908776,0.2331997335646518,-0.8246347184717879
2024-07-02,0.0027232091500625747,0.23383478521288723,-0.824157162132527
2024-07-03,0.007703736760938886,0.235636186843718,-0.8228025151982994
2024-07-05,-0.007086529194263685,0.23396634412642503,-0.8240582303474968
2024-07-08,0.005374650845082917,0.23522383153560508,-0.8231126047665486
2024-07-09,0.005746356687481251,0.2365755115730047,-0.8220961467000176
2024-07-10,0.002100163095456496,0.23707235873169905,-0.8217225195927775
2024-07-11,-0.01178363995549785,0.2342787834130041,-0.8238232772340696
2024-07-12,-0.0004629859100628828,0.2341703156372572,-0.8239048445743913
2024-07-15,0.007958906376809228,0.23603405525564203,-0.8225033197189491
2024-07-16,-0.00038821374898502617,0.2359424235901631,-0.8225722263706334
2024-07-17,-0.031149446952777982,0.22859294758263143,-0.8280990033932509
2024-07-18,0.0025263928010782794,0.22917046315978148,-0.8276647139529254
2024-07-19,-0.004032386879540968,0.22824635919095765,-0.8283596364992636
2024-07-22,0.013003772210211295,0.2312144228536869,-0.8261276643102222
2024-07-23,0.008247416841212262,0.2331213445786616,-0.8246936666806334
2024-07-24,-0.024358481925753562,0.2274428625202349,-0.8289638628322633
2024-07-25,-0.006502627078475907,0.22596388640360474,-0.8300760470492081
2024-07-26,0.008853290971913716,0.2279644104390803,-0.828571660850637
2024-07-29,-0.005815766153881347,0.2266386227365592,-0.829568647983278
2024-07-30,-0.012480565288507122,0.2238100446085982,-0.8316957275993312
2024-07-31,0.02057835641778877,0.22841568747643518,-0.8282323022952336
2024-08-01,-0.01623144293883276,0.22470817127882717,-0.8310203398792632
2024-08-02,-0.021078088228438246,0.21997175261896104,-0.8345821080640996
2024-08-05,0.0047578771915370525,0.22101835120352922,-0.8337950700489856
2024-08-06,0.011483781502608379,0.2235564776568173,-0.8318864089487719
2024-08-07,0.0018577254899176249,0.22397178422379657,-0.8315741000454744
2024-08-08,0.018073155692505376,0.22801966115080147,-0.828530112532946
2024-08-09,0.00944251827144417,0.23017274096746643,-0.8269110049875358
2024-08-12,0.008323452647213594,0.2320885728775885,-0.8254703069337957
2024-08-13,-0.0017586764173511862,0.231680404177732,-0.8257772481891188
2024-08-14,0.006377023213405377,0.23315783549326452,-0.8246662256565175
2024-08-15,0.0028740119378279443,0.23382793389587028,-0.8241623142959499
2024-08-16,-0.003337297774425744,0.23304758045248103,-0.8247491370131101
2024-08-19,0.0014730949933194617,0.2333908816764508,-0.8244909758442692
2024-08-20,-0.0016237521738763922,0.23301191272496574,-0.8247759590037771
2024-08-21,0.003243224116246195,0.23376762257968797,-0.824207668168272
2024-08-22,-0.004207414442577548,0.23278406530823917,-0.8249472993641153
2024-08-23,0.0012714842444814564,0.23308004657964493,-0.8247247226133028
2024-08-26,-0.006927282832405787,0.23146543517439744,-0.8259389040332887
2024-08-27,0.0033833176103840235,0.2322485562574182,-0.8253500000620219
2024-08-28,0.00011689046185045987,0.23227570389842322,-0.8253295851428669
2024-08-29,-0.004593367320312599,0.2312087762708336,-0.8261319105182972
2024-08-30,0.006376859346400251,0.23268316211676604,-0.8250231781668449
2024-09-03,-0.024335032313635287,0.2270208098478157,-0.829281244780292
2024-09-04,0.005014470998250148,0.22815919911479685,-0.8284251805333854
2024-09-05,-0.003422286795842449,0.2273783729003163,-0.8290123587725451
2024-09-06,-0.0046399404975634075,0.22632335077962604,-0.8298057312536591
2024-09-09,0.008067258916494685,0.22814915984921394,-0.8284327300215789
2024-09-10,0.002532371000303265,0.22872691816535967,-0.8279982580424844
2024-09-11,0.008755483679255872,0.23072953296436297,-0.8264922995979718
2024-09-12,0.0047385369149837205,0.23182285337369155,-0.8256701269545828
2024-09-13,0.00021386210858089449,0.2318724314979313,-0.8256328444003447
2024-09-16,-0.002557435353785926,0.2312794327440502,-0.8260787771286143
2024-09-17,-0.0009663945097608078,0.23105592557002574,-0.8262468536435281
2024-09-18,-0.0006689570397885571,0.23090135908203083,-0.8263630870339687
2024-09-19,0.007409075818391717,0.2326121247580393,-0.8250765979809318
2024-09-20,0.006997346771068669,0.2342397924581264,-0.8238525982786293
2024-09-23,-0.001509797513409323,0.2338861378019316,-0.8241185451877417
2024-09-24,-0.003294920718402748,0.23311550152074081,-0.8246980606371855
2024-09-25,0.007483135510960087,0.23485993640832595,-0.8233862524695995
2024-09-26,-0.006482545867500091,0.23333744609812082,-0.8245311591887964
2024-09-27,-0.015890888278482545,0.22962950681098915,-0.8273195149344821
2024-09-30,0.006008286302469164,0.23100918663140435,-0.8262820011413592
2024-10-01,-0.00514140569741943,0.22982147468310143,-0.8271751558504353
2024-10-02,0.006378782665123883,0.23128745592188318,-0.8260727437304713
2024-10-03,0.0019278295911974905,0.23173333872348217,-0.8257374416191191
2024-10-04,0.0007680862205882264,0.2319113299078066,-0.8256035929492623
2024-10-07,-0.0013676389401583206,0.2315941589423608,-0.8258421042665686
2024-10-08,0.011623053461803576,0.2342859902331893,-0.8238178577336637
2024-10-09,0.0031063619286705963,0.23501376731367057,-0.8232705722344159
2024-10-10,-0.005263748821289985,0.23377671387298632,-0.8242008315515043
2024-10-11,0.008168872966488272,0.23568640615113784,-0.8227647504768343
2024-10-14,0.006263292929186191,0.23716257915228955,-0.8216546741916932
2024-10-15,0.00373989554308307,0.23804954242504725,-0.8209876813025732
2024-10-16,1.82955802972353e-05,0.2380538976795654,-0.8209844061683222
2024-10-17,-0.0009625566838805914,0.2378247573092301,-0.8211567188246838
2024-10-18,0.00205348325642888,0.2383131264663289,-0.8207894671412654
2024-10-21,0.002636630812085043,0.23894147019849435,-0.8203169551284799
2024-10-22,-0.000455550470473452,0.2388326202993298,-0.8203988098241072
2024-10-23,0.0029662562736480803,0.2395410590576445,-0.8198660666669932
2024-10-24,-0.0012785848349881495,0.23923478549217642,-0.8200963831824196
2024-10-25,-0.005898147060766244,0.2378237435452927,-0.8211574811711735
2024-10-28,0.0015020058691021373,0.23818095620390958,-0.8208888586582475
2024-10-29,0.0044970734054426455,0.23925207344773708,-0.820083382707901
2024-10-30,-0.0011612636540599356,0.23897423871068377,-0.8202923133363238
2024-10-31,1.2354327346094469e-05,0.23897719107665608,-0.8202900931687361
2024-11-01,-0.006045720175568119,0.23753240185106334,-0.8213765689782153
2024-11-04,-0.0027443953226242816,0.23688051903845156,-0.8218667822868226
2024-11-05,0.009762679179193585,0.23919310754962483,-0.8201277248311314
2024-11-06,-0.0025733245952008587,0.23857758604296486,-0.8205905945808182
2024-11-07,0.014694144649199303,0.24208327960233697,-0.817954326826162
2024-11-08,0.02054408923945571,0.2470566601018675,-0.8142143642708218
2024-11-11,-0.009063355374187856,0.24481749779380432,-0.8158982055108548
2024-11-12,5.029481063622808e-05,0.2448298108434963,-0.8158889461459631
2024-11-13,-0.00784696764113806,0.24290863924022146,-0.8173336596279316
2024-11-14,-0.0016168247011344211,0.24251589855217892,-0.817628999079111
2024-11-15,0.004508346570626206,0.24360924427173897,-0.8168068074025276
2024-11-18,-0.005172880444712868,0.2423490827758944,-0.8177544438861196
2024-11-19,0.00983918770529013,0.24473360089153132,-0.8159612956510601
2024-11-20,-0.0009434442991284805,0.24450270837096502,-0.8161349259174971
2024-11-21,0.002906485387948342,0.24521335192015903,-0.8156005247663223
2024-11-22,5.352696808390913e-05,0.24522647744742102,-0.8155906544214968
2024-11-25,-0.004018414223161252,0.24424105588255055,-0.8163316875586533
2024-11-26,0.01188800971352309,0.2471445959273234,-0.8141482368762842
2024-11-27,-0.009609019681516862,0.24476977864087723,-0.8159340901259846
2024-11-29,0.0017059094362240903,0.2451873337159632,-0.8156200903534433
2024-12-02,-0.004513613845010887,0.24408065277188154,-0.8164523100663659
2024-12-03,0.006974459708482252,0.24578298345025906,-0.8151721640983387
2024-12-04,0.011251792118553145,0.24854848248631917,-0.8130925197110512
2024-12-05,0.004275209128736105,0.2496110792275782,-0.8122934511450908
2024-12-06,0.006984296846015704,0.25135443710095795,-0.810982452887947
2024-12-09,-0.026918241737082602,0.24458841760138605,-0.8160704729136596
2024-12-10,-0.0034579754930295567,0.2437426368474416,-0.8167064967107687
2024-12-11,0.008146760301136551,0.24572834968500468,-0.8152132484747158
2024-12-12,-0.0027493537856984347,0.2450527555165448,-0.8157212926295687
2024-12-13,0.0048835749075869924,0.24624948900442045,-0.8148213537582518
2024-12-16,0.014204859536157669,0.24974742840657885,-0.812190917099292
2024-12-17,-0.0030092450537814947,0.2489958771929517,-0.8127560806530663
2024-12-18,-0.015731527957366136,0.24507879158962187,-0.8157017136051193
2024-12-19,0.0026606224377469286,0.24573085372154113,-0.8152113654490988
2024-12-20,0.007815589673112435,0.24765138524425231,-0.8137671333051942
2024-12-23,-0.0028247230051160394,0.24695183867910403,-0.8142931895680557
2024-12-24,0.0033128776759026165,0.24776995991248713,-0.8136779656215126
2024-12-26,-0.0014727863335251105,0.24740504770166996,-0.8139523781673799
2024-12-27,-0.007960652402943896,0.24543554211418322,-0.8154334386151837
2024-12-30,-0.0005080909922151749,0.24531083852606556,-0.8155272152224875
2024-12-31,-0.008990300807066592,0.24310542029648247,-0.8171856810483547
2025-01-02,0.006188872777335987,0.2446099688141782,-0.8160542664864875
2025-01-03,0.006932305629446305,0.24630567987800744,-0.8147790984425392
2025-01-06,0.00011984553554401548,0.24633519851411995,-0.8147569005443981
2025-01-07,-0.0031571096779713643,0.24555749127486604,-0.8153417333264668
2025-01-08,0.009149413253904849,0.24780419824013195,-0.8136522185339208
2025-01-10,-0.0010067471794946022,0.24755472206248677,-0.8138398236373169
2025-01-13,-0.011137884610096732,0.24479748613347024,-0.8159132542006396
2025-01-14,0.014437242046161505,0.24833168669307104,-0.8132555492940441
2025-01-15,0.01658295899312712,0.2524497608701964,-0.8101587737257931
2025-01-16,-0.0006578651721731918,0.2522836829647964,-0.8102836636568016
2025-01-17,0.006643196101507135,0.253959652943942,-0.8090233408308142
2025-01-21,0.00834388161096676,0.25607866222206843,-0.8074298541962486
2025-01-22,0.009156623145129921,0.2584234780275449,-0.8056665619421209
2025-01-23,0.00043044240662846995,0.25853471445135634,-0.805582912589355
2025-01-24,0.0004413510472432763,0.25864881901832815,-0.8054971064042243
2025-01-27,-0.04403826953054318,0.24725837261264233,-0.8140626772568657
2025-01-28,0.017602362006677825,0.2516107039965521,-0.8107897411913885
2025-01-29,0.0037337566434544884,0.2525501571341635,-0.8100832761305521
2025-01-30,0.007160697706967046,0.25435859246524833,-0.8087233398814254
2025-01-31,-0.0019562592317598653,0.25386100112056076,-0.8090975266136026
2025-02-03,0.007870038236623935,0.2558588969061672,-0.8075951168485855
2025-02-04,0.0002761864298004879,0.2559295616614364,-0.8075419772308318
2025-02-05,0.012821969721283924,0.2592110827518408,-0.8050742862902673
2025-02-06,0.020991791822615586,0.26465238783908224,-0.8009824462871978
2025-02-07,0.00023124333881384906,0.2647135869408712,-0.8009364248035947
2025-02-10,-0.006387572211064824,0.2630227097890364,-0.8022079577647545
2025-02-11,-0.00694214176947045,0.2611967688490906,-0.8035810581628247
2025-02-12,-0.0020730548955307424,0.2606552936087312,-0.8039882454117752
2025-02-13,-0.0011883370355305796,0.26034554726982884,-0.8042211734391517
2025-02-14,0.0012232686605159297,0.2606640198187089,-0.8039816833362272
2025-02-18,-0.006131092205363717,0.25906586467857967,-0.805183489709633
2025-02-19,-0.00420917243730283,0.2579754117815286,-0.8060035059950788
2025-02-20,-0.021788984492289127,0.25235438953482897,-0.8102304925945104
2025-02-21,-0.01036398636261051,0.2497389920831451,-0.8121972611813002
2025-02-24,-0.010334413297225276,0.2471580861225254,-0.8141380923026035
2025-02-25,-0.002944373522361273,0.24643036039790875,-0.8146853391824432
2025-02-26,0.023124677489493976,0.25212898300573017,-0.8103999974169623
2025-02-27,-0.007180037152775404,0.25031868754045755,-0.8117613324796749
2025-02-28,0.007105153614013907,0.2520972402678908,-0.8104238678308456
2025-03-03,-0.007840017952774397,0.25012079337834564,-0.8119101481104694
2025-03-04,-0.009952692552042917,0.2476314180209779,-0.8137821485784852
2025-03-05,-0.006094910248344467,0.24612212675346976,-0.8149171296695389
2025-03-06,-0.03609053510506777,0.2372394474977397,-0.821596869498547
2025-03-07,-0.015931094827136196,0.23345996336291583,-0.8244390266880237
2025-03-10,-0.02293225145024369,0.22810620077951277,-0.8284650350728634
2025-03-11,0.018676108803482434,0.23236633700401993,-0.8252614294042827
2025-03-12,0.023307375279970653,0.23778218642300475,-0.8211887319635227
2025-03-13,-0.014136002875433587,0.23442089675200226,-0.8237164085626463
2025-03-14,0.007126748281633379,0.23609155547510852,-0.8224600797802899
2025-03-17,-0.0018704054142162309,0.23564996855149714,-0.8227921514083084
2025-03-18,-0.007171858141309533,0.23395992040604177,-0.8240630609599346
2025-03-19,0.019531870288778317,0.2385295952241855,-0.8206266834875994
2025-03-20,0.002559007547491041,0.23913999425866417,-0.8201676658168257
2025-03-21,0.0021709153320436146,0.23965914693870516,-0.8197772650453502
2025-03-24,0.01504317843658386,0.24326438225006358,-0.8170661422850982
2025-03-25,0.009340358314983152,0.2455365587455522,-0.815357474506099
2025-03-26,-0.019463757004018277,0.24075749483052591,-0.8189513117549204
2025-03-27,-0.012011087335906867,0.23786573553334234,-0.8211259033614835
2025-03-28,-0.004186456939201502,0.2368699208742205,-0.8218747520645991
2025-03-31,0.0018099830694909124,0.2372986514206745,-0.8215523483815872
2025-04-01,0.006717521529692481,0.23889271022055986,-0.8203536224399175
2025-04-02,0.001550558470309384,0.23926312733588753,-0.8200750702275312
2025-04-03,0.011492528571540206,0.24201286566291128,-0.8180072778313888
2025-04-04,-0.010509164193768444,0.2394695127206553,-0.8199198692307297
2025-04-07,0.009936399681456112,0.24184897751057127,-0.8181305210767174
2025-04-08,0.021577022775228678,0.24706735840648267,-0.8142063191878707
2025-04-09,-0.024647957997437867,0.24097765253394174,-0.8187857540287173
2025-04-10,0.024752188921779848,0.2469423769153889,-0.8143003047771183
2025-04-11,-0.006375267147637404,0.24536805329248074,-0.815484189943399
2025-04-14,0.00033969317837036987,0.2454514031463742,-0.8154215111814214
2025-04-15,0.01178213791725011,0.24834334543022732,-0.8132467819696032
2025-04-16,0.0021848110016418317,0.2488859287035078,-0.8128387614842585
2025-04-17,-0.004768635254361852,0.24769908248957767,-0.8137312651644946
2025-04-21,-0.007657550741249038,0.2458023141968529,-0.8151576274530058
2025-04-22,0.0025672972292972982,0.24643336179704536,-0.8146830821421092
2025-04-23,0.0005514557687978793,0.24656925889603257,-0.8145808880587005
2025-04-24,-0.013055204119819426,0.24335024689147225,-0.8170015724128099
2025-04-25,0.001984754413428985,0.24383323736799914,-0.8166383654760057
2025-04-28,0.002058112865654095,0.2443350736909003,-0.8162609865369245
2025-04-29,0.0017711343065459737,0.24476782392220672,-0.8159355600667291
2025-04-30,0.0012032954905749323,0.24506235194097017,-0.8157140761561821
2025-05-01,-0.002173474638751684,0.24452971513411362,-0.8161146169379356
2025-05-02,-0.008081118891945627,0.24255364143350125,-0.8176006165809511
2025-05-05,0.006398391479106819,0.2441055945860757,-0.8164335539202883
2025-05-06,0.008630578583644181,0.24621236710285802,-0.8148492692820771
2025-05-07,-0.0061480777566604505,0.2446986343252582,-0.8159875903712334
2025-05-08,-0.02088548580416566,0.23958798447175933,-0.8198307789403253
2025-05-09,-0.0003509334850878504,0.2395039050253835,-0.8198940063529774
2025-05-12,-0.042665204791236776,0.22928542186917458,-0.8275782654560567
2025-05-13,-0.0018963529381791102,0.22885061578573132,-0.8279052379189651
2025-05-14,0.005861834765179722,0.2301921002813769,-0.8268964468596931
2025-05-15,0.011858114857651784,0.23292174464583756,-0.8248437650442878
2025-05-16,0.0016506218442149836,0.23330621036554264,-0.8245546483367194
2025-05-19,0.007622228238268231,0.23508452355035425,-0.8232173638229987
2025-05-20,0.00021322100052298507,0.23513464850767313,-0.8231796700524379
2025-05-21,0.010308540258748515,0.23755854349804117,-0.8213569105626082
2025-05-22,-0.003772770284024785,0.23666228968441555,-0.822030889901884
2025-05-23,0.012630373527989748,0.23965142280311905,-0.8197830735649009
2025-05-27,-0.014162688403066497,0.23625731437660694,-0.8223354297389596
2025-05-28,0.008631019283442783,0.2382964558128458,-0.8208020034070519
2025-05-29,-0.004738797628969288,0.23716721713304809,-0.8216511864484226
2025-05-30,0.016048295208837094,0.2409733466474576,-0.818788992038401
2025-06-02,0.004515894005614531,0.2420615567390957,-0.817970662333796
2025-06-03,-0.016431715081739528,0.23808407020651656,-0.8209617165468448
2025-06-04,-0.004277964439898048,0.2370655550204669,-0.8217276359568377
2025-06-05,0.003523287467809084,0.2379008051195197,-0.8210995311707479
2025-06-06,-0.010266393939254461,0.2354584217356969,-0.8229361938596662
2025-06-09,-0.01703724016918748,0.23144686005472798,-0.8259528724501496
2025-06-10,-0.019258022837555944,0.2269896511381134,-0.8293046760073156
2025-06-11,0.007935692263712999,0.22879097115659305,-0.8279500904452548
2025-06-12,0.007044013366028755,0.2304025778154468,-0.8267381685827272
2025-06-13,0.005153888234810073,0.23159004695051974,-0.8258451964682441
2025-06-16,-0.011131662130708753,0.22901206479503158,-0.8277838288995996
2025-06-17,0.00831547111963584,0.23091640800588284,-0.8263517703024799
2025-06-18,0.00245769185966785,0.23148392938210266,-0.8259249964619065
2025-06-20,0.0032930015652276397,0.232246206323883,-0.8253517672027886
2025-06-23,0.009603482149588732,0.2344765786206241,-0.8236745360166633
2025-06-24,-0.005759652829867765,0.2331260749310341,-0.8246901094742727
2025-06-25,-0.006207124619183147,0.23167903233195614,-0.8257782798117412
2025-06-26,-0.002360556206162332,0.23113214095434725,-0.82618953997458
2025-06-27,0.0020942637861457876,0.23161619262696231,-0.8258255350224953
2025-06-30,0.009438212257346978,0.23380223541521417,-0.8241816394522278
2025-07-01,-0.03197818514750674,0.2263256642432055,-0.8298039915381555
2025-07-02,-0.009059958655417739,0.2242751630825021,-0.831345960338137
2025-07-03,0.01226028683613047,0.22702484091211353,-0.8292782134358104
2025-07-07,0.012116300195752478,0.22977554203649764,-0.8272096970198435
2025-07-08,-0.02723453458015779,0.22351771209123014,-0.8319155605014725
2025-07-09,-0.0021261750899851627,0.2230424742996113,-0.8322729374497484
2025-07-10,-0.013289457852497659,0.2200783607380898,-0.8345019391782332
2025-07-11,0.0023760787122945135,0.22060128424607628,-0.8341087027589886
2025-07-14,0.022894318351135534,0.22565180027627532,-0.83031073458827
2025-07-15,0.0054012419768098285,0.22687060025207026,-0.8293942018049141
2025-07-16,0.001968082284038334,0.22731710026119553,-0.8290584355559322
2025-07-17,-0.003435400924072031,0.22653617488490085,-0.8296456883643856
2025-07-18,0.010592638078213465,0.2289357905970795,-0.8278411867961664
2025-07-21,0.0020656090540342527,0.2294086824389293,-0.8274855739928807
2025-07-22,-0.02655350818634768,0.22331707711176796,-0.8320664372161238
2025-07-23,-0.005301247003147012,0.22213321812597764,-0.8329566945125597
2025-07-24,0.006564242625434183,0.22359135446492506,-0.8318601817263855
2025-07-25,0.003655663750454296,0.22440872927435748,-0.8312455190877147
2025-07-28,0.0009150867202290696,0.22461408272241992,-0.8310910941032528
2025-07-29,0.01133101586933838,0.22715918845822458,-0.8291771846100641
2025-07-30,0.008062034255613148,0.2289905536170521,-0.8278000052207501
2025-07-31,0.02220771302178029,0.2340759101164782,-0.8239758371543405
2025-08-01,-0.0015114577246057139,0.23372211427398853,-0.8242418902349908
2025-08-04,0.005844851633693487,0.23508818535543316,-0.823214610159996
2025-08-05,-0.0021117073090021203,0.23459174791615806,-0.8235879291598458
2025-08-06,0.009142189126865066,0.23673643004320943,-0.8219751366439632
2025-08-07,-0.006637022829309453,0.23516520495248344,-0.823156691726242
2025-08-08,-0.001201427102901876,0.23488267110159405,-0.8233691560697689
2025-08-11,0.004462419116168202,0.23593081602317445,-0.8225809552153096
2025-08-12,-0.010915969535225058,0.23335540242304467,-0.8245176561031481
2025-08-13,-0.02325050015347414,0.22792977260319364,-0.8285977083668539
2025-08-14,-0.002073049871229575,0.22745726281744919,-0.8289530338654524
2025-08-15,-0.006916066872225845,0.22588415317723026,-0.8301360061215303
2025-08-18,0.002330344677068636,0.22641054111122097,-0.8297401644675699
2025-08-19,-0.008403289850432287,0.22450794770907018,-0.8311709072154359
2025-08-20,0.010318372140176509,0.22682450426195966,-0.8294288658079964
2025-08-21,0.0012140345744092263,0.2270998770524569,-0.829221786553691
2025-08-22,-0.020889816208132326,0.22235580235994162,-0.8327893120449377
2025-08-25,0.004024935637092726,0.2232507701529745,-0.8321162997880845
2025-08-26,0.009712474913504927,0.22541908765750593,-0.83048573356139
2025-08-27,-0.005388534579185612,0.22420440910885497,-0.8313991670477597
2025-08-28,0.008736265246117902,0.22616311829617905,-0.8299262254503725
2025-08-29,-0.01041140743935725,0.223808441923842,-0.8316969328119581
2025-09-02,0.0042635694131662,0.2247626647512369,-0.8309793610025531
2025-09-03,0.008072720341260982,0.22657711088693022,-0.8296149046520255
2025-09-04,0.008230890449717889,0.22844204226505413,-0.8282124835979515
2025-09-05,-0.013868142783896592,0.22527397540507743,-0.8305948574039062
2025-09-08,0.00888416590619358,0.2272753467769239,-0.8290898340117201
2025-09-09,0.011792599952266985,0.22995551402047693,-0.8270743587964446
2025-09-10,0.015992549526593628,0.23363308896736268,-0.8243088369150788
2025-09-11,-0.006090472264233112,0.23221015311899984,-0.8253788790709184
2025-09-12,0.008457978484997575,0.23417418159807835,-0.8239019373870742
2025-09-15,0.009708036624405784,0.23644755312952273,-0.8221923709457409
2025-09-16,-0.01128737813815474,0.2337786801875084,-0.8241993528907251
2025-09-17,0.003412118542796,0.23457636075708657,-0.823599500242888
2025-09-18,-0.001235775373261605,0.23428647706731365,-0.8238174916363189
2025-09-19,0.009530334120404143,0.23651930547365752,-0.8221384134654421
2025-09-22,0.006697213031166397,0.23810332564839812,-0.820947236530359
2025-09-23,0.0012320199435685217,0.23839667369422693,-0.8207266399548133
2025-09-24,-0.01168323850170674,0.23561142849744374,-0.8228211333772235
2025-09-25,0.009926181549149708,0.2379501503117639,-0.8210624237804532
2025-09-26,-0.002079395421422478,0.23745535785867883,-0.8214345057571646
2025-09-29,0.005137795713982199,0.23867535497854725,-0.8205170727261787
2025-09-30,-0.005785167432627088,0.23729457808795465,-0.8215554115117558
2025-10-01,-0.01671279733136511,0.23332872189653886,-0.8245377197540387
2025-10-02,0.0008823136650664944,0.23353459101632065,-0.8243829069864739
2025-10-03,-0.013535486450826919,0.23037358672381983,-0.8267599697694921
2025-10-06,0.004955099066733158,0.23151511066839497,-0.8259015482573762
2025-10-07,0.0026573475113425356,0.2321303267715678,-0.8254389081699093
2025-10-08,-0.0005309040899060488,0.23200708783169355,-0.8255315833675003
2025-10-09,0.004945337067698209,0.23315444108311634,-0.8246687782395851
2025-10-10,0.005818333835717442,0.234511011456618,-0.8236486426595587
2025-10-13,0.0012661871456512877,0.23480794628483803,-0.8234253488377762
2025-10-14,-0.002739129278120235,0.23416477696443394,-0.8239090096345485
2025-10-15,0.006645835887432609,0.23572099764275684,-0.8227387378113242
2025-10-16,-0.01203518508862679,0.2328840518068505,-0.8248721099108085
2025-10-17,-0.003292135178973981,0.23211736602727517,-0.8254486545985906
2025-10-20,-0.002184945905030177,0.2316102021388875,-0.8258300398459429
2025-10-21,-0.011580963722076398,0.22892793279025425,-0.8278470958359626
2025-10-22,-0.005745092766171959,0.22761272057960627,-0.8288361302403509
2025-10-23,0.0014694882010283707,0.22794719478690198,-0.8285846069532967
2025-10-24,0.012731851969250316,0.23084938472773467,-0.8264021715437753
2025-10-27,0.00038786268913295024,0.23093892259087986,-0.8263348394232025
2025-10-28,0.0013827662951515615,0.23125825714927714,-0.8260947010925148
2025-10-29,0.017789883972643562,0.23537231471167855,-0.8230009460027228
2025-10-30,0.0036649747261476777,0.23623494829633174,-0.8223522489432707
2025-10-31,-0.002041847025902382,0.23575259266973866,-0.8227149784754242
2025-11-03,0.013035295627375222,0.23882569741010887,-0.8204040158095458
2025-11-04,-0.011220076622098002,0.23614605478584144,-0.8224190965131838
2025-11-05,0.007007999812109605,0.23780096629341102,-0.821174609574914
2025-11-06,0.004714532875191255,0.23892208676675353,-0.820331531392836
2025-11-07,-0.006047770702005688,0.2374771407703435,-0.8214181250933525
2025-11-10,0.01905154706733595,0.24200144769514606,-0.8180158640981955
2025-11-11,-0.018276019412668692,0.23757862453917566,-0.8213418096987346
2025-11-12,0.0016568614248205023,0.23797225939753652,-0.8210457978349962
2025-11-13,-0.017948032959416868,0.23370112544244265,-0.8242576737536799
2025-11-14,0.005036760948553696,0.23487822214470422,-0.8233725016678344
2025-11-17,0.0031190795234957,0.23561082599791083,-0.8228215864545002
2025-11-18,-0.0030559777636942386,0.23489080455277558,-0.8233630397465019
2025-11-19,0.012680177962846415,0.23786926175634096,-0.8211232516556713
2025-11-20,-0.020726612450863307,0.23293903775394434,-0.8248307606950748
2025-11-21,-0.01950608409431484,0.22839530929466711,-0.8282476266076939
2025-11-24,0.017898452705570295,0.2324832319362518,-0.8251735248754622
2025-11-25,-0.007521131554956615,0.23073469496453777,-0.8264884177941632
2025-11-26,0.006620121333533624,0.2322621866410589,-0.8253397500671872
2025-11-28,0.004903447110334102,0.2334010719889839,-0.8244833127693638
2025-12-01,-0.003835046918037473,0.23250596792718592,-0.8251564274997918
2025-12-02,0.0028726131068386816,0.23317386761807174,-0.8246541695617813
2025-12-03,-0.005805123372283073,0.23182026454935642,-0.8256720737402905
2025-12-04,0.009043364784864437,0.23391669976620003,-0.8240955627109351
2025-12-05,0.002760757115804452,0.23456248695958504,-0.8236099332839877
2025-12-08,0.012944467494169245,0.23759877344738486,-0.821326657799088
2025-12-09,0.0043771264394162224,0.23863877332061426,-0.8205445819889216
2025-12-10,-0.004183287744954449,0.23764047866471116,-0.8212952956398529
2025-12-11,-0.0020976696164125026,0.23714198745298645,-0.8216701590684992
2025-12-12,-0.020172888400643556,0.23235814860499054,-0.8252675870481149
2025-12-15,-0.0002611135354539083,0.23229747674731677,-0.8253132120462192
2025-12-16,0.0017552298844625595,0.2327052122205889,-0.825006596575582
2025-12-17,-0.01930331319280684,0.2282132306274963,-0.8283845490485586
2025-12-18,0.01588946257607338,0.23183941621491672,-0.8256576717631897
2025-12-19,0.022911404182182207,0.23715118278517786,-0.8216632442148935
2025-12-22,0.0017858420796069468,0.23757469734662418,-0.8213447629320718
2025-12-23,0.007411403926360588,0.23933545939134288,-0.8200206768066017
2025-12-24,-0.0005450419194197291,0.239205011533171,-0.8201187730823709
2025-12-26,-0.0015270590737587902,0.2388397313498207,-0.8203934623421344
2025-12-29,-0.0059308009815302945,0.23742322043670275,-0.8214586729719648
2025-12-30,-0.005487157378419228,0.23612044186087544,-0.8224383573319196
